MPDKNC_00008	iAF987.Gmet_0018	35.3	167	107	1	132	298	299	464	3.39e-22	97.1
MPDKNC_00008	iAF987.Gmet_2559	29.6	203	135	3	93	294	329	524	1.45e-21	95.5
MPDKNC_00008	iAF987.Gmet_2714	26.1	207	152	1	98	303	108	314	6.73e-22	94.4
MPDKNC_00008	iAF987.Gmet_1919	32.0	153	103	1	142	294	177	328	1.68e-20	90.9
MPDKNC_00008	iAF987.Gmet_0849	30.5	187	123	4	120	301	490	674	4.86e-19	88.2
MPDKNC_00008	iAF987.Gmet_1991	32.9	149	99	1	149	297	599	746	5.02e-19	88.2
MPDKNC_00008	iAF987.Gmet_3275	25.2	242	173	2	123	356	193	434	4.01e-19	87.8
MPDKNC_00014	iYO844.BSU21900	59.1	159	64	1	4	161	2	160	4.35e-69	206
MPDKNC_00014	iNF517.LLMG_RS05525	57.7	156	66	0	4	159	2	157	1.86e-67	201
MPDKNC_00014	iCN718.ABAYE_RS11095	59.1	159	64	1	2	159	1	159	1.56e-62	189
MPDKNC_00016	iYO844.BSU00090	83.4	488	81	0	1	488	1	488	8.51e-297	809
MPDKNC_00016	iYS854.USA300HOU_RS02065	76.1	489	114	2	1	487	1	488	1.06e-269	740
MPDKNC_00017	iJN1463.PP_4803	32.6	411	215	10	38	448	37	385	4.84e-43	155
MPDKNC_00017	iHN637.CLJU_RS05525	28.5	368	221	8	24	390	38	364	1.69e-37	140
MPDKNC_00018	iYO844.BSU00110	80.1	291	58	0	3	293	4	294	1.85e-163	455
MPDKNC_00018	iYS854.USA300HOU_RS02730	75.2	290	72	0	4	293	6	295	3.35e-150	422
MPDKNC_00019	iYO844.BSU00120	74.9	195	49	0	1	195	1	195	9.71e-104	296
MPDKNC_00020	iHN637.CLJU_RS00085	67.9	427	133	2	1	424	1	426	2.33e-185	521
MPDKNC_00020	iAF987.Gmet_3528	61.2	423	162	2	1	423	1	421	6.92e-184	518
MPDKNC_00020	iCN900.CD630_00140	59.2	424	172	1	1	424	1	423	1.65e-177	501
MPDKNC_00020	iNF517.LLMG_RS03735	57.9	425	176	3	1	424	1	423	1.49e-168	479
MPDKNC_00026	iYO844.BSU00140	69.5	213	65	0	6	218	3	215	6.76e-111	316
MPDKNC_00026	iYS854.USA300HOU_RS02920	66.8	214	71	0	7	220	4	217	1.18e-107	308
MPDKNC_00027	iYO844.BSU00150	56.3	199	86	1	1	199	1	198	1.35e-76	229
MPDKNC_00028	iCHOv1.100760661	21.9	260	151	12	193	410	116	365	1.36e-06	50.1
MPDKNC_00028	iMM1415.81600	21.9	260	151	11	193	410	116	365	2.23e-05	46.2
MPDKNC_00029	iYL1228.KPN_00613	31.3	160	104	2	7	161	32	190	1.32e-16	75.1
MPDKNC_00029	iLJ478.TM0475	25.0	172	124	1	4	170	40	211	5.21e-15	69.7
MPDKNC_00029	iML1515.b0595	27.5	160	110	2	7	161	32	190	6.13e-14	67.8
MPDKNC_00029	iSDY_1059.SDY_0526	27.5	160	110	2	7	161	32	190	6.13e-14	67.8
MPDKNC_00029	iSF_1195.SF0509	27.5	160	110	2	7	161	32	190	6.13e-14	67.8
MPDKNC_00029	iSSON_1240.SSON_0546	27.5	160	110	2	7	161	32	190	6.13e-14	67.8
MPDKNC_00030	iYO844.BSU00180	69.4	157	48	0	1	157	1	157	4.34e-78	228
MPDKNC_00047	iYO844.BSU00270	45.3	483	238	10	9	473	4	478	1.90e-124	370
MPDKNC_00048	iYO844.BSU00280	60.3	209	83	0	2	210	1	209	2.11e-80	238
MPDKNC_00057	iYO844.BSU00380	73.0	664	161	3	4	651	3	664	0.0	984
MPDKNC_00061	iAM_Pv461.PVX_101390	32.4	207	130	4	53	258	277	474	1.45e-21	94.0
MPDKNC_00061	iAM_Pc455.PCYB_147430	32.3	192	120	4	53	243	97	279	2.01e-20	89.4
MPDKNC_00061	iAM_Pb448.PBANKA_146280	30.7	238	147	6	53	289	228	448	8.78e-20	88.6
MPDKNC_00061	iAM_Pf480.PF3D7_1249900	27.3	245	163	5	9	249	352	585	1.57e-19	88.2
MPDKNC_00061	iAM_Pv461.PVX_085660	28.8	219	140	5	24	239	82	287	8.06e-19	85.5
MPDKNC_00065	iYO844.BSU00460	75.0	284	71	0	1	284	1	284	3.81e-157	439
MPDKNC_00066	iCN900.CD630_35170	43.3	252	143	0	1	252	1	252	1.24e-74	229
MPDKNC_00067	iML1515.b1010	32.1	112	75	1	11	121	13	124	9.37e-17	70.5
MPDKNC_00067	iSDY_1059.SDY_0985	32.1	112	75	1	11	121	13	124	9.37e-17	70.5
MPDKNC_00067	iSF_1195.SF1013	31.3	112	76	1	11	121	13	124	4.14e-15	66.2
MPDKNC_00069	iYO844.BSU00500	70.2	457	135	1	1	457	1	456	2.44e-217	605
MPDKNC_00070	iYO844.BSU00510	83.3	318	51	1	1	318	1	316	9.41e-183	506
MPDKNC_00070	iYS854.USA300HOU_RS02560	76.7	318	73	1	3	319	4	321	9.02e-168	468
MPDKNC_00076	iYS854.USA300HOU_RS09315	25.0	452	285	11	2	412	13	451	3.24e-24	105
MPDKNC_00077	iHN637.CLJU_RS20535	44.0	482	265	4	5	484	2	480	4.43e-137	403
MPDKNC_00077	iCN900.CD630_34970	45.3	483	258	5	5	485	4	482	1.53e-132	392
MPDKNC_00082	iHN637.CLJU_RS10465	44.0	75	41	1	5	78	562	636	7.07e-12	61.2
MPDKNC_00087	iSynCJ816.SGL_RS16190	28.2	227	127	11	29	226	9	228	1.15e-07	52.8
MPDKNC_00089	iYO844.BSU00680	86.5	178	24	0	1	178	1	178	2.87e-107	304
MPDKNC_00090	iAT_PLT_636.4905	38.1	218	109	6	194	392	242	452	8.91e-32	131
MPDKNC_00090	iMM1415.18195	38.1	218	109	6	194	392	242	452	8.91e-32	131
MPDKNC_00091	iCN900.CD630_35550	59.8	254	101	1	1	253	1	254	1.12e-108	313
MPDKNC_00091	iAF987.Gmet_1986	58.1	253	106	0	1	253	1	253	1.29e-102	298
MPDKNC_00091	iHN637.CLJU_RS20455	58.0	257	104	1	1	253	1	257	5.65e-100	291
MPDKNC_00097	iYO844.BSU32110	57.2	327	137	2	2	326	4	329	5.57e-136	389
MPDKNC_00098	iAF987.Gmet_0148	45.2	31	17	0	5	35	7	37	5.27e-07	42.0
MPDKNC_00098	iAF987.Gmet_3170	33.3	63	32	2	5	67	7	59	1.08e-06	41.2
MPDKNC_00099	iAF987.Gmet_1991	24.8	238	147	9	192	416	196	414	6.37e-06	48.1
MPDKNC_00100	iAF987.Gmet_2999	30.6	121	82	1	2	120	9	129	8.02e-13	66.2
MPDKNC_00100	iAF987.Gmet_1914	30.2	106	74	0	2	107	3	108	9.71e-13	66.2
MPDKNC_00100	iAF987.Gmet_1706	34.8	115	69	3	1	112	1	112	2.35e-12	64.7
MPDKNC_00100	iAF987.Gmet_0069	32.6	86	56	1	29	112	33	118	8.90e-11	60.1
MPDKNC_00101	iYO844.BSU00730	84.1	308	48	1	1	307	1	308	1.94e-184	509
MPDKNC_00102	iYO844.BSU00740	55.2	455	202	2	8	460	10	464	2.24e-170	487
MPDKNC_00103	iYO844.BSU00750	75.7	189	46	0	15	203	1	189	1.58e-105	301
MPDKNC_00104	iYO844.BSU00760	47.0	270	140	2	1	267	4	273	4.96e-83	251
MPDKNC_00105	iYO844.BSU00770	62.7	271	101	0	3	273	10	280	6.29e-118	339
MPDKNC_00105	iHN637.CLJU_RS03115	56.3	270	118	0	1	270	1	270	6.58e-105	305
MPDKNC_00106	iYO844.BSU00780	65.8	117	40	0	1	117	1	117	5.24e-53	162
MPDKNC_00107	iYO844.BSU00790	53.8	169	70	1	4	172	5	165	1.03e-60	185
MPDKNC_00109	iYS854.USA300HOU_RS02655	74.7	495	123	1	1	493	1	495	3.02e-270	742
MPDKNC_00128	iCHOv1.100754659	30.4	240	147	7	25	248	159	394	6.95e-21	92.8
MPDKNC_00128	iMM1415.12709	29.0	248	146	7	25	251	126	364	3.27e-20	90.5
MPDKNC_00128	iCHOv1.100774847	29.9	184	105	5	89	251	6	186	5.06e-19	84.0
MPDKNC_00128	iCHOv1.100752172	27.9	240	153	7	25	248	160	395	9.84e-18	83.6
MPDKNC_00128	iMM1415.76722	27.5	240	154	7	25	248	160	395	9.84e-18	83.6
MPDKNC_00129	iCN900.CD630_20200	46.2	879	377	12	5	806	5	864	3.02e-247	711
MPDKNC_00133	iYO844.BSU00900	59.4	234	91	3	1	232	1	232	8.14e-85	251
MPDKNC_00134	iYO844.BSU00910	82.8	157	27	0	1	157	1	157	1.09e-93	268
MPDKNC_00135	iYO844.BSU00920	75.4	483	119	0	1	483	1	483	1.75e-266	732
MPDKNC_00136	iYO844.BSU00930	76.8	211	49	0	2	212	3	213	1.07e-117	333
MPDKNC_00137	iYS854.USA300HOU_RS02790	65.5	466	158	2	3	466	2	466	3.05e-225	626
MPDKNC_00148	iSynCJ816.SGL_RS09640	25.2	147	98	4	52	195	120	257	7.61e-09	53.9
MPDKNC_00154	iEK1008.Rv0684	62.3	692	255	4	7	692	10	701	2.97e-306	850
MPDKNC_00154	iSynCJ816.SGL_RS10930	60.1	691	274	2	1	691	1	689	7.43e-302	838
MPDKNC_00155	iSynCJ816.SGL_RS10925	73.3	401	100	3	1	396	1	399	7.15e-213	589
MPDKNC_00177	iYO844.BSU01370	75.8	215	52	0	1	215	1	215	1.17e-121	343
MPDKNC_00178	iSynCJ816.SGL_RS14930	51.6	246	113	3	5	246	32	275	8.66e-85	253
MPDKNC_00178	iSynCJ816.SGL_RS14865	50.8	240	117	1	8	246	11	250	4.16e-79	238
MPDKNC_00186	iYS854.USA300HOU_RS12035	51.5	270	126	1	2	271	5	269	5.55e-91	270
MPDKNC_00186	iCN900.CD630_01000	50.7	276	133	3	1	273	1	276	1.67e-89	266
MPDKNC_00187	iYS854.USA300HOU_RS12030	43.2	273	155	0	1	273	1	273	4.05e-87	261
MPDKNC_00187	iCN900.CD630_01010	46.3	281	146	4	1	279	1	278	5.23e-83	251
MPDKNC_00188	iCN900.CD630_01020	48.5	264	135	1	1	264	1	263	6.85e-78	236
MPDKNC_00188	iYS854.USA300HOU_RS12025	44.3	264	147	0	1	264	1	264	1.86e-75	230
MPDKNC_00189	iYS854.USA300HOU_RS12020	43.2	241	136	1	3	243	2	241	1.04e-67	210
MPDKNC_00189	iNF517.LLMG_RS02350	40.9	247	144	2	1	245	1	247	5.78e-61	192
MPDKNC_00194	iYO844.BSU01530	58.2	237	99	0	1	237	1	237	1.01e-97	284
MPDKNC_00196	iHN637.CLJU_RS11570	29.4	214	123	11	114	311	8	209	1.36e-04	42.7
MPDKNC_00196	iHN637.CLJU_RS02400	26.3	240	142	11	114	330	8	235	4.26e-04	41.2
MPDKNC_00196	iSynCJ816.SGL_RS17655	35.9	64	33	1	114	169	7	70	5.96e-04	40.8
MPDKNC_00199	iMM904.YLR308W	26.7	165	110	4	56	214	120	279	5.51e-07	49.3
MPDKNC_00212	iYO844.BSU40320	71.0	300	83	3	1	300	1	296	1.51e-148	418
MPDKNC_00216	iAF987.Gmet_1888	45.6	226	114	2	18	240	12	231	1.87e-61	194
MPDKNC_00218	iYO844.BSU01770	81.7	447	82	0	2	448	1	447	5.74e-266	728
MPDKNC_00219	iYO844.BSU01780	77.5	600	135	0	1	600	1	600	0.0	917
MPDKNC_00219	iYS854.USA300HOU_RS11625	71.7	601	169	1	1	600	1	601	1.48e-305	840
MPDKNC_00220	iLJ478.TM0846	37.5	104	56	3	32	134	27	122	6.53e-13	61.2
MPDKNC_00225	iCN718.ABAYE_RS16760	22.7	203	141	7	4	201	8	199	2.09e-05	43.5
MPDKNC_00225	iAF692.Mbar_A0742	26.2	107	76	1	3	109	4	107	5.47e-04	39.3
MPDKNC_00227	iAF692.Mbar_A0408	24.5	220	126	8	119	305	16	228	1.85e-08	53.9
MPDKNC_00229	iAF987.Gmet_1919	32.2	118	80	0	4	121	5	122	1.29e-15	74.3
MPDKNC_00229	iAF987.Gmet_1706	36.4	118	71	2	3	118	2	117	3.39e-14	70.1
MPDKNC_00229	iAF987.Gmet_1914	30.6	121	84	0	1	121	1	121	7.07e-14	69.7
MPDKNC_00230	iAF987.Gmet_0043	29.9	241	148	6	233	458	32	266	1.27e-19	91.3
MPDKNC_00236	iML1515.b0376	21.4	370	251	9	7	365	29	369	4.32e-16	78.6
MPDKNC_00239	STM_v1_0.STM1522	34.8	371	229	3	22	388	15	376	2.32e-50	174
MPDKNC_00239	iSbBS512_1146.SbBS512_E1677	34.3	367	226	5	22	383	15	371	6.92e-48	167
MPDKNC_00239	iML1515.b1528	34.3	367	226	5	22	383	15	371	9.67e-48	167
MPDKNC_00239	iSF_1195.SF1566	35.8	349	209	6	22	365	15	353	4.45e-48	167
MPDKNC_00239	iSSON_1240.SSON_1600	34.3	367	226	5	22	383	15	371	9.67e-48	167
MPDKNC_00248	iYO844.BSU02980	65.4	393	136	0	5	397	9	401	1.37e-183	516
MPDKNC_00249	iYO844.BSU02990	63.0	276	102	0	1	276	1	276	2.23e-110	320
MPDKNC_00250	iYO844.BSU03000	53.1	294	134	3	1	293	2	292	3.60e-111	323
MPDKNC_00251	iEK1008.Rv2747	31.1	61	42	0	57	117	62	122	2.84e-04	38.9
MPDKNC_00257	iCN900.CD630_19470	47.9	219	113	1	4	221	10	228	2.75e-66	204
MPDKNC_00257	iYO844.BSU30420	45.3	223	117	2	3	220	1	223	5.13e-62	194
MPDKNC_00258	iAF987.Gmet_1919	41.7	103	59	1	1	102	1	103	1.72e-13	68.2
MPDKNC_00258	iAF987.Gmet_1706	30.1	176	110	5	4	175	2	168	1.32e-12	65.5
MPDKNC_00258	iAF987.Gmet_2999	36.3	113	69	1	5	114	10	122	2.36e-11	62.0
MPDKNC_00259	iAF987.Gmet_0043	25.9	243	165	6	217	447	26	265	2.33e-12	68.6
MPDKNC_00261	iJN1463.PP_0237	39.6	280	163	3	35	312	31	306	1.18e-61	198
MPDKNC_00261	iCN718.ABAYE_RS19040	35.6	312	191	4	3	312	11	314	1.91e-60	195
MPDKNC_00262	iCN718.ABAYE_RS19055	57.1	245	105	0	12	256	21	265	3.57e-100	292
MPDKNC_00262	iJN1463.PP_0239	57.1	252	108	0	3	254	6	257	1.44e-99	291
MPDKNC_00262	iYL1228.KPN_00970	56.0	243	107	0	12	254	14	256	1.27e-97	286
MPDKNC_00262	iML1515.b0934	55.4	251	112	0	4	254	6	256	1.95e-94	278
MPDKNC_00262	iSSON_1240.SSON_0937	55.4	251	112	0	4	254	6	256	1.95e-94	278
MPDKNC_00262	iSDY_1059.SDY_2323	55.0	251	113	0	4	254	6	256	5.57e-94	276
MPDKNC_00262	iPC815.YPO3626	55.5	247	110	0	8	254	11	257	1.70e-93	275
MPDKNC_00263	iJN1463.PP_0240	58.1	227	95	0	19	245	21	247	3.08e-88	262
MPDKNC_00263	iPC815.YPO3627	55.4	240	105	1	11	250	9	246	5.18e-87	259
MPDKNC_00263	iYL1228.KPN_00969	54.3	243	111	0	4	246	1	243	1.53e-85	255
MPDKNC_00263	iSSON_1240.SSON_0936	53.1	243	114	0	4	246	1	243	2.33e-84	252
MPDKNC_00263	iML1515.b0933	53.3	242	113	0	4	245	1	242	3.30e-84	251
MPDKNC_00263	iSF_1195.SF0930	52.3	243	116	0	4	246	1	243	3.80e-83	249
MPDKNC_00264	iYO844.BSU05860	66.3	291	94	1	1	287	1	291	1.53e-145	410
MPDKNC_00265	iHN637.CLJU_RS05705	56.0	216	95	0	1	216	1	216	7.37e-83	245
MPDKNC_00265	iNF517.LLMG_RS04420	52.8	212	100	0	1	212	1	212	1.03e-73	222
MPDKNC_00266	iLJ478.TM0067	42.4	342	188	5	1	336	1	339	1.58e-77	240
MPDKNC_00267	iML1515.b2843	54.7	278	124	1	1	276	1	278	2.11e-114	330
MPDKNC_00267	iYO844.BSU22130	50.4	276	136	1	1	276	1	275	9.35e-103	300
MPDKNC_00269	iML1515.b2842	56.3	247	107	1	5	250	6	252	2.44e-91	269
MPDKNC_00269	iYO844.BSU22140	57.1	247	104	2	5	250	8	253	4.13e-90	266
MPDKNC_00271	iEK1008.Rv2041c	23.3	163	89	5	123	262	147	296	2.51e-04	42.7
MPDKNC_00271	iLJ478.TM1839	22.6	274	172	10	1	261	9	255	9.63e-04	40.8
MPDKNC_00273	iCN900.CD630_25490	33.0	288	191	2	2	287	14	301	1.13e-44	153
MPDKNC_00273	iYO844.BSU28740	35.0	277	177	3	14	288	35	310	1.94e-44	152
MPDKNC_00273	iEK1008.Rv2040c	31.3	291	194	5	1	286	1	290	4.07e-39	138
MPDKNC_00274	iCN900.CD630_34150	31.8	261	177	1	14	273	26	286	2.00e-53	174
MPDKNC_00274	iYO844.BSU06990	33.3	276	179	3	3	273	21	296	7.41e-53	173
MPDKNC_00274	iYO844.BSU28730	34.0	268	174	2	9	273	13	280	8.57e-51	167
MPDKNC_00276	iYO844.BSU35960	25.4	264	176	11	58	308	35	290	1.58e-11	63.9
MPDKNC_00277	STM_v1_0.STM4433	45.6	331	178	1	6	334	7	337	9.92e-100	297
MPDKNC_00278	iYO844.BSU39740	63.7	317	112	1	5	321	4	317	2.54e-141	402
MPDKNC_00279	iYO844.BSU39760	66.5	480	159	1	6	485	4	481	2.02e-236	656
MPDKNC_00280	iYL1228.KPN_04674	58.7	646	260	4	1	639	1	646	1.77e-270	755
MPDKNC_00280	iYO844.BSU39730	56.9	640	265	4	4	639	5	637	2.51e-258	724
MPDKNC_00281	iYL1228.KPN_04677	60.5	301	113	5	2	298	1	299	2.32e-124	357
MPDKNC_00282	iYO844.BSU39750	23.0	265	180	10	7	253	12	270	6.38e-13	66.6
MPDKNC_00285	iAM_Pf480.PF3D7_1017400	27.7	83	58	2	2	82	5	87	7.32e-04	39.3
MPDKNC_00292	iAF987.Gmet_0782	25.9	239	165	6	1	230	479	714	2.85e-11	62.4
MPDKNC_00292	iJN1463.PP_0914	27.7	155	109	2	77	230	520	672	6.88e-11	61.2
MPDKNC_00292	iAF987.Gmet_0700	22.7	238	172	6	2	230	573	807	1.30e-10	60.5
MPDKNC_00292	iPC815.YPO3996	31.1	164	96	5	75	230	556	710	3.09e-10	59.3
MPDKNC_00292	iJN1463.PP_3435	27.0	122	88	1	110	230	377	498	3.03e-09	56.2
MPDKNC_00293	iAF692.Mbar_A0470	23.0	252	161	8	372	621	69	289	1.18e-07	53.5
MPDKNC_00294	iML1515.b3614	32.3	192	128	1	27	218	20	209	8.17e-32	119
MPDKNC_00295	iMM1415.20751	25.8	252	164	9	5	242	12	254	6.01e-12	63.5
MPDKNC_00295	iCHOv1.100767396	26.4	250	165	8	5	242	12	254	2.13e-11	62.0
MPDKNC_00296	iYS854.USA300HOU_RS12590	57.7	430	181	1	3	431	4	433	9.83e-159	455
MPDKNC_00300	iYO844.BSU36590	64.5	482	171	0	1	482	1	482	1.74e-225	628
MPDKNC_00302	iAF987.Gmet_1914	31.1	132	89	2	1	132	1	130	9.86e-13	65.9
MPDKNC_00302	iAF987.Gmet_1919	27.6	116	82	2	4	119	5	118	1.06e-10	59.7
MPDKNC_00303	iEK1008.Rv2936	31.0	310	191	4	9	304	15	315	2.20e-47	161
MPDKNC_00303	iYO844.BSU02750	36.2	243	149	4	1	238	1	242	1.82e-47	159
MPDKNC_00308	iYS854.USA300HOU_RS10305	28.7	275	189	6	7	278	7	277	5.11e-31	117
MPDKNC_00310	iNF517.LLMG_RS11600	49.4	565	282	2	1	562	1	564	9.77e-190	543
MPDKNC_00311	iJN1463.PP_1336	29.6	389	222	14	19	389	35	389	1.15e-30	120
MPDKNC_00311	iML1515.b0089	26.5	396	252	13	1	381	31	402	4.73e-30	119
MPDKNC_00317	iJN1463.PP_3815	24.8	254	174	5	12	258	40	283	3.04e-08	53.5
MPDKNC_00317	STM_v1_0.STM0107	25.1	187	127	4	43	225	41	218	6.20e-07	50.1
MPDKNC_00317	iSbBS512_1146.SbBS512_E0059	25.6	172	115	4	58	225	56	218	1.96e-06	48.5
MPDKNC_00317	iPC815.YPO0521	24.0	217	136	8	60	264	42	241	1.93e-06	48.5
MPDKNC_00318	STM_v1_0.STM2443	28.4	225	127	6	32	233	44	257	1.02e-10	60.5
MPDKNC_00318	iYL1228.KPN_02772	28.4	225	127	6	32	233	44	257	2.52e-10	59.3
MPDKNC_00318	iSDY_1059.SDY_2620	28.4	225	127	6	32	233	44	257	1.14e-09	57.4
MPDKNC_00318	iML1515.b2424	28.0	225	128	6	32	233	44	257	5.12e-09	55.5
MPDKNC_00318	iSbBS512_1146.SbBS512_E2796	28.0	225	128	6	32	233	44	257	5.12e-09	55.5
MPDKNC_00318	iSSON_1240.SSON_2513	28.0	225	128	6	32	233	44	257	5.12e-09	55.5
MPDKNC_00318	STM_v1_0.STM1223	22.1	249	192	2	1	249	5	251	6.16e-09	55.1
MPDKNC_00318	iPC815.YPO3014	25.9	212	132	5	45	233	48	257	6.91e-09	55.1
MPDKNC_00319	iAF987.Gmet_1903	45.9	231	121	1	1	227	3	233	3.68e-64	205
MPDKNC_00319	iSynCJ816.SGL_RS17160	42.0	226	131	0	8	233	10	235	1.25e-61	199
MPDKNC_00319	iJN1463.PP_5168	41.9	272	145	5	1	259	3	274	4.85e-61	197
MPDKNC_00319	iCN718.ABAYE_RS05140	43.7	231	126	2	1	227	3	233	5.18e-60	195
MPDKNC_00319	iEK1008.Rv2397c	41.7	252	136	2	8	259	12	252	6.93e-60	194
MPDKNC_00319	iYL1228.KPN_00886	41.5	258	137	2	1	244	36	293	1.13e-58	192
MPDKNC_00319	iSF_1195.SF0809	38.6	285	161	1	1	271	47	331	1.48e-58	192
MPDKNC_00319	iSSON_1240.SSON_2511	42.6	237	132	2	1	233	3	239	5.56e-59	192
MPDKNC_00319	iCN900.CD630_35300	35.9	304	180	5	1	293	4	303	3.17e-59	192
MPDKNC_00319	iML1515.b0855	38.6	285	161	1	1	271	20	304	1.07e-58	192
MPDKNC_00319	iYL1228.KPN_02770	42.6	237	132	2	1	233	3	239	7.63e-59	192
MPDKNC_00319	iSbBS512_1146.SbBS512_E2794	42.2	237	133	2	1	233	3	239	7.83e-59	192
MPDKNC_00319	iML1515.b2422	42.2	237	133	2	1	233	3	239	1.10e-58	192
MPDKNC_00319	iSDY_1059.SDY_2618	42.2	237	133	2	1	233	3	239	1.10e-58	192
MPDKNC_00319	iJN1463.PP_1722	39.8	261	154	1	1	258	4	264	5.96e-59	191
MPDKNC_00319	iSDY_1059.SDY_0740	38.6	285	161	1	1	271	20	304	2.11e-58	191
MPDKNC_00319	iSSON_1240.SSON_0840	38.6	285	161	1	1	271	47	331	4.13e-58	191
MPDKNC_00319	STM_v1_0.STM0878	38.6	285	161	2	1	271	20	304	2.97e-58	191
MPDKNC_00319	iSbBS512_1146.SbBS512_E2476	38.6	285	161	1	1	271	20	304	4.19e-58	191
MPDKNC_00319	iSynCJ816.SGL_RS10355	41.4	249	138	3	1	241	19	267	3.33e-58	191
MPDKNC_00319	iPC815.YPO3012	39.0	269	153	4	1	258	3	271	2.92e-58	191
MPDKNC_00319	iCN900.CD630_35270	37.8	259	154	2	1	259	4	255	1.76e-58	190
MPDKNC_00319	iYL1228.KPN_01927	35.9	298	183	3	1	295	5	297	2.29e-57	187
MPDKNC_00319	iJN1463.PP_5137	41.5	241	139	1	1	241	10	248	3.40e-57	187
MPDKNC_00319	STM_v1_0.STM2441	40.8	238	135	2	1	233	3	239	4.76e-57	187
MPDKNC_00319	iSSON_1240.SSON_1696	41.1	241	137	1	1	236	5	245	4.55e-57	187
MPDKNC_00319	iML1515.b1441	41.1	241	137	1	1	236	5	245	6.41e-57	186
MPDKNC_00319	iPC815.YPO1332	42.5	228	131	0	1	228	20	247	2.53e-56	186
MPDKNC_00319	iPC815.YPO3712	40.2	229	137	0	3	231	6	234	4.09e-56	185
MPDKNC_00320	iNF517.LLMG_RS09290	23.1	143	88	4	85	206	59	200	4.57e-04	39.7
MPDKNC_00322	iHN637.CLJU_RS18515	30.5	449	300	6	6	447	3	446	1.09e-58	199
MPDKNC_00322	STM_v1_0.STM0154	30.2	483	306	13	3	468	6	474	5.70e-58	198
MPDKNC_00322	iSDY_1059.SDY_0146	30.2	483	306	13	3	468	6	474	5.70e-58	198
MPDKNC_00322	iML1515.b0116	30.2	483	306	13	3	468	6	474	7.97e-58	197
MPDKNC_00322	iSbBS512_1146.SbBS512_E0109	30.2	483	306	13	3	468	6	474	7.97e-58	197
MPDKNC_00322	iSF_1195.SF0113	30.2	483	306	13	3	468	6	474	7.97e-58	197
MPDKNC_00322	iSSON_1240.SSON_0124	30.2	483	306	13	3	468	6	474	7.97e-58	197
MPDKNC_00322	iLB1027_lipid.PHATRDRAFT_26432	31.0	467	290	10	2	447	33	488	2.71e-57	197
MPDKNC_00322	iYL1228.KPN_00120	29.8	467	298	12	3	452	6	459	2.24e-56	194
MPDKNC_00322	iCN900.CD630_07230	28.9	450	305	10	6	447	3	445	3.28e-56	193
MPDKNC_00322	iPC815.YPO3417	29.4	480	314	11	3	468	7	475	2.35e-55	191
MPDKNC_00322	iMM904.YFL018C	31.2	474	287	14	2	447	25	487	7.51e-55	190
MPDKNC_00322	iYO844.BSU24060	29.6	467	303	13	3	449	4	464	6.24e-55	190
MPDKNC_00322	iAF987.Gmet_0177	28.4	465	314	8	2	455	4	460	7.82e-55	189
MPDKNC_00322	iJN1463.PP_3819	33.2	422	261	11	4	416	5	414	1.06e-53	186
MPDKNC_00322	iEK1008.Rv2855	31.0	439	276	9	1	423	1	428	2.50e-52	182
MPDKNC_00322	iYS854.USA300HOU_RS05470	30.0	460	300	11	3	450	9	458	3.01e-52	182
MPDKNC_00322	iNF517.LLMG_RS00390	31.6	465	293	15	3	451	9	464	6.33e-52	182
MPDKNC_00322	iJN1463.PP_5366	29.2	463	307	11	1	449	1	456	1.51e-51	181
MPDKNC_00323	iLB1027_lipid.PHATRDRAFT_48952	25.9	370	221	8	43	361	1	368	3.35e-23	100
MPDKNC_00324	STM_v1_0.STM1502	25.6	172	119	6	2	172	6	169	7.08e-05	41.2
MPDKNC_00325	iCHOv1.100752285	26.3	297	195	7	98	382	203	487	8.86e-13	69.3
MPDKNC_00325	iMM1415.20512	25.5	274	185	8	123	382	230	498	8.28e-11	63.2
MPDKNC_00326	iYO844.BSU04560	65.2	353	116	2	8	353	1	353	5.13e-170	477
MPDKNC_00327	iYO844.BSU04570	53.1	458	206	4	1	456	1	451	2.07e-160	461
MPDKNC_00328	iLB1027_lipid.PHATRDRAFT_41254	30.6	108	59	4	4	100	31	133	2.02e-04	41.2
MPDKNC_00334	iYO844.BSU04620	60.7	117	44	1	1	115	1	117	1.32e-43	138
MPDKNC_00336	iYO844.BSU04640	52.6	378	178	1	5	381	6	383	1.20e-135	392
MPDKNC_00346	iYO844.BSU04740	40.9	198	116	1	1	197	1	198	4.52e-58	181
MPDKNC_00347	iHN637.CLJU_RS10465	33.6	134	66	6	598	720	424	545	2.09e-09	60.5
MPDKNC_00367	iAM_Pv461.PVX_081310	30.3	119	69	4	21	136	39	146	1.16e-05	42.4
MPDKNC_00367	iCHOv1.100757665	28.0	75	54	0	61	135	90	164	1.76e-05	42.0
MPDKNC_00367	iML1515.b1448	31.0	84	52	3	39	116	53	136	3.43e-05	41.2
MPDKNC_00367	iAM_Pb448.PBANKA_020410	29.7	118	71	4	21	136	39	146	5.39e-05	40.4
MPDKNC_00367	iAM_Pc455.PCYB_021480	29.4	119	70	4	21	136	39	146	1.10e-04	39.7
MPDKNC_00367	iAM_Pf480.PF3D7_0109500	29.9	117	72	3	21	136	39	146	1.06e-04	39.7
MPDKNC_00367	iMM1415.69215	31.0	58	40	0	61	118	113	170	1.91e-04	39.3
MPDKNC_00369	iCN900.CD630_04310	26.1	556	302	20	4	534	5	476	1.36e-22	101
MPDKNC_00374	iYS854.USA300HOU_RS09450	29.5	112	73	4	119	226	102	211	3.95e-05	43.1
MPDKNC_00377	iNF517.LLMG_RS11535	61.5	317	122	0	3	319	5	321	2.51e-137	391
MPDKNC_00378	iYS854.USA300HOU_RS11635	23.7	490	320	18	20	481	20	483	2.10e-20	94.4
MPDKNC_00380	iCN900.CD630_25670	44.1	102	57	0	1	102	1	102	1.30e-27	96.7
MPDKNC_00380	iCN900.CD630_30140	44.0	100	56	0	2	101	4	103	3.38e-26	93.2
MPDKNC_00380	iCN900.CD630_02080	45.8	96	52	0	1	96	1	96	1.74e-25	91.3
MPDKNC_00380	iHN637.CLJU_RS12835	45.1	102	56	0	1	102	1	102	3.90e-25	90.5
MPDKNC_00380	iYO844.BSU12010	44.3	97	53	1	1	97	1	96	4.19e-22	89.0
MPDKNC_00380	iYS854.USA300HOU_RS14355	47.9	96	49	1	1	96	1	95	7.81e-22	88.2
MPDKNC_00381	iCN900.CD630_30150	37.2	145	88	2	2	145	1	143	2.37e-27	99.4
MPDKNC_00381	iML1515.b0731	29.5	149	105	0	1	149	20	168	7.14e-23	93.2
MPDKNC_00381	iSSON_1240.SSON_0682	29.5	149	105	0	1	149	20	168	7.14e-23	93.2
MPDKNC_00381	iYO844.BSU12010	35.4	147	94	1	3	149	501	646	1.80e-22	92.0
MPDKNC_00381	iSF_1195.SF0566	29.5	149	105	0	1	149	20	168	3.36e-22	91.3
MPDKNC_00381	iSbBS512_1146.SbBS512_E0650	28.4	148	106	0	2	149	1	148	8.45e-22	90.1
MPDKNC_00382	iYL1228.KPN_02598	36.8	348	198	6	12	351	228	561	7.72e-46	164
MPDKNC_00382	iHN637.CLJU_RS12840	35.4	356	210	6	1	344	1	348	9.01e-44	154
MPDKNC_00383	iML1515.b4085	52.1	213	102	0	4	216	1	213	1.08e-81	243
MPDKNC_00384	iYO844.BSU17890	66.5	663	220	2	8	668	3	665	0.0	889
MPDKNC_00386	iSDY_1059.SDY_3632	25.7	140	97	2	154	286	172	311	1.04e-06	48.9
MPDKNC_00386	iYO844.BSU12930	26.2	145	97	3	141	275	155	299	1.37e-06	48.5
MPDKNC_00386	iML1515.b3477	25.0	140	98	2	154	286	172	311	3.35e-06	47.4
MPDKNC_00386	iSbBS512_1146.SbBS512_E3844	25.0	140	98	2	154	286	172	311	3.35e-06	47.4
MPDKNC_00386	iSSON_1240.SSON_3715	25.0	140	98	2	154	286	172	311	3.35e-06	47.4
MPDKNC_00386	iSF_1195.SF3495	25.0	136	95	2	158	286	176	311	1.43e-05	45.4
MPDKNC_00386	iYS854.USA300HOU_RS04890	29.4	119	82	2	137	254	151	268	1.88e-05	45.1
MPDKNC_00386	iJN1463.PP_0881	33.8	74	43	2	187	254	231	304	3.58e-05	44.3
MPDKNC_00387	iLJ478.TM1221	25.4	181	124	3	53	233	52	221	1.21e-09	57.8
MPDKNC_00387	iEK1008.Rv1282c	24.8	246	161	5	43	288	47	268	5.63e-09	55.8
MPDKNC_00387	iLJ478.TM1065	24.1	237	145	8	58	286	139	348	4.30e-08	53.5
MPDKNC_00387	iYS854.USA300HOU_RS01060	23.7	270	170	7	9	277	126	360	6.00e-08	53.1
MPDKNC_00388	iAF692.Mbar_A3172	35.9	223	135	4	4	221	13	232	8.57e-39	133
MPDKNC_00388	iSynCJ816.SGL_RS14580	34.7	225	137	4	3	217	10	234	8.89e-36	125
MPDKNC_00388	iCN718.ABAYE_RS08575	34.5	220	131	5	4	219	11	221	1.83e-35	124
MPDKNC_00389	iHN637.CLJU_RS02360	31.1	135	78	5	13	135	8	139	2.83e-11	57.4
MPDKNC_00391	iCHOv1.100753544	23.3	326	205	7	6	320	5	296	2.48e-19	86.3
MPDKNC_00394	iNF517.LLMG_RS08890	37.2	78	48	1	41	118	462	538	6.03e-11	57.8
MPDKNC_00394	iEK1008.Rv3116	35.5	93	57	2	29	118	286	378	5.00e-10	55.1
MPDKNC_00397	iCN718.ABAYE_RS09945	29.3	242	128	7	1	237	1	204	9.21e-21	90.5
MPDKNC_00397	iCN900.CD630_27420	28.8	233	122	8	1	221	1	201	1.18e-19	86.7
MPDKNC_00397	iEK1008.Rv0634c	29.0	221	126	6	7	216	23	223	9.33e-18	82.0
MPDKNC_00398	iCHOv1.100753544	24.2	306	189	4	38	336	30	299	4.39e-17	80.1
MPDKNC_00399	iAF692.Mbar_A3635	29.8	208	133	5	6	202	4	209	2.15e-20	87.0
MPDKNC_00400	iJN1463.PP_3581	34.5	779	406	10	14	781	2	687	3.92e-135	416
MPDKNC_00403	iAF692.Mbar_A1361	28.0	400	258	11	2	380	511	901	3.55e-34	134
MPDKNC_00403	iAF692.Mbar_A2092	30.0	247	151	5	1	229	1	243	5.70e-33	123
MPDKNC_00405	iYO844.BSU31750	70.3	481	141	2	5	484	6	485	6.68e-246	680
MPDKNC_00405	iYS854.USA300HOU_RS10390	65.2	485	169	0	4	488	3	487	5.91e-230	640
MPDKNC_00406	iSDY_1059.SDY_1540	63.7	273	99	0	3	275	2	274	2.09e-125	357
MPDKNC_00406	STM_v1_0.STM1310	64.8	273	96	0	3	275	2	274	2.96e-125	357
MPDKNC_00406	iSSON_1240.SSON_1418	64.1	273	98	0	3	275	2	274	2.96e-125	357
MPDKNC_00406	iYL1228.KPN_01228	65.2	273	95	0	3	275	2	274	4.20e-125	357
MPDKNC_00406	iML1515.b1740	64.1	273	98	0	3	275	2	274	1.70e-124	355
MPDKNC_00406	iSbBS512_1146.SbBS512_E1984	63.7	273	99	0	3	275	2	274	6.92e-124	353
MPDKNC_00406	iSF_1195.SF1486	63.4	273	100	0	3	275	2	274	9.82e-124	353
MPDKNC_00406	iNF517.LLMG_RS07415	63.0	273	101	0	3	275	2	274	2.30e-117	337
MPDKNC_00407	iJN1463.PP_0072	37.9	327	191	7	2	320	3	325	1.52e-53	177
MPDKNC_00411	iYO844.BSU06360	83.4	507	84	0	11	517	7	513	0.0	875
MPDKNC_00411	iYS854.USA300HOU_RS02070	73.9	513	133	1	5	517	2	513	5.57e-288	789
MPDKNC_00412	iYO844.BSU06370	67.7	443	139	1	1	443	1	439	4.78e-198	555
MPDKNC_00414	iYO844.BSU13890	69.9	702	195	6	1	690	1	698	0.0	938
MPDKNC_00420	iYO844.BSU06420	79.1	158	33	0	1	158	4	161	2.56e-84	244
MPDKNC_00421	iYO844.BSU06430	50.9	371	174	2	3	369	1	367	4.60e-137	395
MPDKNC_00422	iYO844.BSU06440	86.3	430	59	0	1	430	1	430	6.28e-275	749
MPDKNC_00423	iYO844.BSU06450	64.1	237	85	0	3	239	5	241	4.69e-107	308
MPDKNC_00424	iYO844.BSU06460	65.5	84	29	0	1	84	1	84	4.15e-36	116
MPDKNC_00425	iYO844.BSU06470	73.7	228	59	1	1	228	1	227	5.08e-126	355
MPDKNC_00426	iYO844.BSU06480	77.7	744	164	1	1	744	1	742	0.0	1157
MPDKNC_00427	iYO844.BSU06490	76.5	473	110	1	1	472	1	473	6.27e-269	737
MPDKNC_00428	iYO844.BSU06500	63.3	343	126	0	1	343	1	343	3.64e-157	444
MPDKNC_00428	iNF517.LLMG_RS05020	65.4	324	108	2	3	325	4	324	1.34e-150	427
MPDKNC_00429	iYO844.BSU06510	58.4	185	77	0	2	186	1	185	1.69e-72	217
MPDKNC_00430	iYO844.BSU06520	68.0	509	163	0	3	511	4	512	8.33e-253	699
MPDKNC_00431	iYO844.BSU06530	59.7	417	165	1	1	414	1	417	4.65e-168	477
MPDKNC_00434	iAF987.Gmet_2201	28.2	589	376	11	18	575	11	583	1.77e-60	210
MPDKNC_00439	iYS854.USA300HOU_RS10340	62.8	661	240	3	9	667	7	663	6.78e-288	801
MPDKNC_00441	iYL1228.KPN_04395	52.4	515	235	6	17	525	22	532	2.66e-177	509
MPDKNC_00441	iPC815.YPO3726	51.1	513	245	5	17	525	21	531	2.95e-176	506
MPDKNC_00441	STM_v1_0.STM4183	51.3	513	244	5	17	525	22	532	8.67e-176	505
MPDKNC_00441	iML1515.b4014	50.5	513	248	5	17	525	22	532	1.49e-171	494
MPDKNC_00441	iSbBS512_1146.SbBS512_E4508	50.3	513	249	5	17	525	22	532	6.86e-170	490
MPDKNC_00441	iMM904.YNL117W	49.7	515	245	9	18	523	30	539	8.65e-163	473
MPDKNC_00441	iLB1027_lipid.PHATRDRAFT_54478	49.8	518	246	7	17	522	22	537	2.38e-162	472
MPDKNC_00441	iMM904.YIR031C	48.7	515	250	9	18	523	30	539	7.94e-161	468
MPDKNC_00441	iSSON_1240.SSON_4186	52.2	460	215	4	17	473	22	479	5.48e-161	466
MPDKNC_00442	iEK1008.Rv0467	67.6	417	133	2	11	426	12	427	9.19e-205	571
MPDKNC_00442	iML1515.b4015	65.0	434	141	5	3	426	2	434	4.63e-204	569
MPDKNC_00442	iSDY_1059.SDY_4328	65.0	434	141	5	3	426	2	434	4.63e-204	569
MPDKNC_00442	iJN1463.PP_4116	64.3	440	143	2	1	426	1	440	1.20e-203	568
MPDKNC_00442	iSbBS512_1146.SbBS512_E4509	64.7	434	142	5	3	426	2	434	1.32e-203	568
MPDKNC_00442	iSF_1195.SF4081	65.0	434	141	5	3	426	2	434	1.88e-203	568
MPDKNC_00442	iYL1228.KPN_04396	65.2	434	140	5	3	426	7	439	9.10e-203	566
MPDKNC_00442	STM_v1_0.STM4184	64.7	434	142	5	3	426	2	434	2.17e-202	565
MPDKNC_00442	iPC815.YPO3725	62.8	436	151	5	1	426	1	435	2.21e-195	547
MPDKNC_00442	iSSON_1240.SSON_4187	67.2	369	112	3	3	363	2	369	4.39e-184	516
MPDKNC_00443	iYO844.BSU11190	61.7	345	131	1	1	344	1	345	1.03e-150	427
MPDKNC_00444	iYO844.BSU11200	60.8	403	155	2	7	409	7	406	4.81e-171	484
MPDKNC_00445	iYO844.BSU11210	42.7	239	136	1	3	240	16	254	2.39e-60	190
MPDKNC_00445	iCN900.CD630_20320	46.4	207	107	1	20	222	56	262	4.38e-56	180
MPDKNC_00445	iLJ478.TM1784	43.4	226	122	3	22	241	57	282	9.85e-54	174
MPDKNC_00446	iYO844.BSU11220	58.5	383	157	2	1	381	1	383	3.64e-156	444
MPDKNC_00447	iYO844.BSU11230	55.6	358	150	3	1	354	1	353	7.49e-136	390
MPDKNC_00448	iYO844.BSU11240	56.1	1031	433	10	1	1018	1	1024	0.0	1098
MPDKNC_00449	iYO844.BSU11250	63.7	300	109	0	16	315	11	310	1.05e-129	372
MPDKNC_00453	iYS854.USA300HOU_RS10325	45.3	95	52	0	1	95	1	95	2.89e-26	92.8
MPDKNC_00453	iAF987.Gmet_0076	43.6	94	53	0	3	96	2	95	1.11e-22	83.6
MPDKNC_00454	iYS854.USA300HOU_RS10320	62.5	480	179	1	1	480	1	479	2.78e-214	600
MPDKNC_00454	iNF517.LLMG_RS00935	62.1	485	179	3	1	484	1	481	3.73e-205	577
MPDKNC_00454	iAF987.Gmet_0075	57.6	483	204	1	1	483	1	482	7.05e-193	545
MPDKNC_00455	iYS854.USA300HOU_RS10315	76.7	476	110	1	1	476	1	475	7.90e-268	734
MPDKNC_00464	iYS854.USA300HOU_RS10305	60.9	299	117	0	2	300	3	301	2.73e-133	380
MPDKNC_00468	iAM_Pv461.PVX_085660	26.9	78	56	1	298	374	94	171	9.01e-04	41.2
MPDKNC_00471	iCN900.CD630_13870	40.6	310	174	2	8	317	9	308	7.43e-73	228
MPDKNC_00472	iCN900.CD630_13860	45.8	225	115	2	9	232	9	227	1.52e-62	194
MPDKNC_00472	iYS854.USA300HOU_RS08570	39.8	226	132	2	5	230	3	224	6.92e-56	178
MPDKNC_00473	iYS854.USA300HOU_RS03755	22.5	360	237	12	20	357	11	350	1.08e-13	71.6
MPDKNC_00473	iYO844.BSU26590	21.4	365	269	8	11	360	9	370	8.65e-13	68.9
MPDKNC_00476	iYO844.BSU02750	37.9	219	135	1	21	238	19	237	4.70e-47	156
MPDKNC_00478	iCN900.CD630_10870	28.6	255	156	8	26	265	18	261	8.01e-18	80.5
MPDKNC_00483	iEK1008.Rv3737	24.0	121	87	1	12	127	325	445	8.88e-04	38.1
MPDKNC_00485	iJN1463.PP_4935	29.8	520	355	5	47	561	75	589	3.37e-71	239
MPDKNC_00485	iPC815.YPO1395	27.4	565	404	5	7	567	20	582	3.36e-67	228
MPDKNC_00485	iML1515.b0914	26.7	565	404	4	9	567	22	582	2.45e-66	226
MPDKNC_00485	iSbBS512_1146.SbBS512_E2410	26.7	565	404	4	9	567	22	582	2.45e-66	226
MPDKNC_00485	iSDY_1059.SDY_2344	26.7	565	404	4	9	567	22	582	2.45e-66	226
MPDKNC_00485	iSF_1195.SF0910	26.7	565	404	4	9	567	22	582	2.45e-66	226
MPDKNC_00485	iSSON_1240.SSON_0916	26.7	565	404	4	9	567	22	582	3.41e-66	225
MPDKNC_00485	iAF987.Gmet_2349	29.0	513	356	4	59	565	60	570	3.77e-66	225
MPDKNC_00485	iYL1228.KPN_00941	26.0	562	412	3	9	567	22	582	1.78e-65	223
MPDKNC_00485	STM_v1_0.STM0984	25.6	562	414	3	9	567	22	582	6.73e-64	219
MPDKNC_00485	iCHOv1.100682535	32.0	463	306	7	109	564	171	631	3.15e-60	216
MPDKNC_00486	iAF987.Gmet_2349	35.9	521	331	2	68	586	50	569	1.00e-98	311
MPDKNC_00486	iYL1228.KPN_00941	31.9	573	384	5	21	589	12	582	6.77e-90	288
MPDKNC_00486	iPC815.YPO1395	31.2	570	386	5	21	586	12	579	6.77e-90	288
MPDKNC_00486	iML1515.b0914	32.1	570	381	5	21	586	12	579	1.33e-89	288
MPDKNC_00486	iSbBS512_1146.SbBS512_E2410	32.1	570	381	5	21	586	12	579	1.33e-89	288
MPDKNC_00486	iSDY_1059.SDY_2344	32.1	570	381	5	21	586	12	579	1.33e-89	288
MPDKNC_00486	iSF_1195.SF0910	32.1	570	381	5	21	586	12	579	1.33e-89	288
MPDKNC_00486	iSSON_1240.SSON_0916	32.1	570	381	5	21	586	12	579	1.87e-89	287
MPDKNC_00486	STM_v1_0.STM0984	31.9	570	382	5	21	586	12	579	3.68e-89	286
MPDKNC_00486	iJN1463.PP_4935	34.5	527	335	7	68	589	74	595	2.35e-88	285
MPDKNC_00491	iYO844.BSU27810	72.7	479	131	0	1	479	1	479	1.12e-239	664
MPDKNC_00492	iYO844.BSU04520	54.2	378	168	4	7	382	4	378	2.53e-129	376
MPDKNC_00502	iAF987.Gmet_0923	39.7	156	77	4	4	142	10	165	2.72e-26	103
MPDKNC_00503	iAM_Pb448.PBANKA_091170	35.0	237	134	8	38	259	693	924	1.70e-26	109
MPDKNC_00503	iAM_Pf480.PF3D7_1136900	30.8	234	148	5	38	259	742	973	4.74e-25	105
MPDKNC_00503	iAM_Pv461.PVX_092460	32.5	237	140	8	38	259	876	1107	9.66e-24	101
MPDKNC_00503	iAM_Pc455.PCYB_094280	32.9	237	139	8	38	259	721	952	5.66e-23	99.4
MPDKNC_00504	iHN637.CLJU_RS14690	66.0	147	50	0	10	156	29	175	1.85e-75	223
MPDKNC_00505	iCHOv1.100754706	26.0	420	257	9	3	371	78	494	3.55e-34	134
MPDKNC_00505	iMM1415.15567	26.2	420	256	9	3	371	78	494	4.82e-34	134
MPDKNC_00505	iCHOv1.100752445	25.3	387	240	7	1	340	43	427	1.58e-33	132
MPDKNC_00505	iAT_PLT_636.6532	26.3	411	247	10	3	361	78	484	7.49e-33	130
MPDKNC_00505	iMM1415.14412	25.7	404	246	9	3	354	42	443	2.31e-32	129
MPDKNC_00505	iMM1415.14411	25.8	387	238	8	1	340	47	431	2.50e-32	129
MPDKNC_00505	iMM1415.240332	26.8	411	237	12	2	354	35	439	8.74e-32	127
MPDKNC_00505	iAT_PLT_636.6539	24.5	387	243	7	1	340	33	417	1.44e-31	127
MPDKNC_00505	iCHOv1.100760370	25.6	407	255	10	1	362	41	444	1.50e-30	124
MPDKNC_00505	iMM1415.232333	25.6	407	255	10	1	362	41	444	1.50e-30	124
MPDKNC_00505	iCHOv1.100765478	27.0	371	220	6	3	324	50	418	5.80e-30	122
MPDKNC_00506	iJN1463.PP_0612	26.7	382	243	8	2	366	3	364	6.64e-27	109
MPDKNC_00507	iYO844.BSU33160	29.5	220	129	4	4	219	1	198	2.51e-20	93.2
MPDKNC_00507	iLJ478.TM0124	30.7	225	108	6	1	219	1	183	7.03e-20	88.6
MPDKNC_00507	iSynCJ816.SGL_RS04625	26.5	238	129	8	3	229	22	224	1.86e-18	85.5
MPDKNC_00508	iCN900.CD630_03000	26.2	279	177	13	62	320	44	313	3.92e-14	71.6
MPDKNC_00508	iPC815.YPO3318	25.3	249	171	6	61	297	39	284	1.10e-12	67.4
MPDKNC_00509	iYO844.BSU35920	66.6	290	97	0	6	295	4	293	1.33e-133	380
MPDKNC_00510	iYO844.BSU35930	58.8	131	51	2	1	128	1	131	4.26e-45	142
MPDKNC_00510	STM_v1_0.STM3881	50.4	139	58	2	1	128	1	139	1.60e-39	129
MPDKNC_00511	iYO844.BSU35940	71.4	493	141	0	1	493	1	493	3.32e-253	699
MPDKNC_00512	iYO844.BSU35950	86.7	309	41	0	10	318	14	322	1.81e-174	485
MPDKNC_00513	iYO844.BSU35960	70.3	303	90	0	1	303	1	303	1.00e-150	424
MPDKNC_00517	iYO844.BSU03070	38.7	507	300	4	11	517	12	507	6.41e-114	347
MPDKNC_00518	iML1515.b1398	52.0	435	200	3	3	436	7	433	1.30e-152	439
MPDKNC_00518	iYL1228.KPN_01479	52.1	434	199	3	3	435	7	432	1.09e-151	437
MPDKNC_00518	iAF987.Gmet_1825	51.6	432	202	2	5	435	7	432	8.00e-151	435
MPDKNC_00518	iJN1463.PP_3279	48.4	434	216	2	2	435	11	436	2.73e-142	413
MPDKNC_00518	iAF987.Gmet_1818	49.2	429	212	3	7	435	9	431	2.93e-140	408
MPDKNC_00518	iCN718.ABAYE_RS11930	49.2	435	209	3	1	435	4	426	8.35e-139	404
MPDKNC_00519	iYL1228.KPN_01469	44.9	296	156	2	15	310	7	295	5.52e-89	268
MPDKNC_00519	iML1515.b1388	44.6	296	157	2	15	310	7	295	6.30e-88	265
MPDKNC_00519	iJN1463.PP_3278	44.4	297	157	3	15	310	26	315	8.71e-85	258
MPDKNC_00520	iML1515.b1389	33.3	78	51	1	11	87	9	86	5.21e-06	41.6
MPDKNC_00520	iYL1228.KPN_01470	29.8	84	58	1	5	87	3	86	2.81e-05	39.7
MPDKNC_00521	iJN1463.PP_3276	29.0	262	172	5	14	272	2	252	3.65e-24	97.4
MPDKNC_00521	iML1515.b1390	25.8	256	178	3	18	272	4	248	2.47e-21	89.7
MPDKNC_00522	iJN1463.PP_3275	36.8	152	91	2	8	155	27	177	5.54e-36	122
MPDKNC_00522	iYL1228.KPN_01472	35.7	154	97	2	3	155	13	165	1.27e-34	118
MPDKNC_00522	iML1515.b1391	38.3	149	90	2	8	155	18	165	1.02e-33	116
MPDKNC_00524	iJN1463.PP_2217	49.8	255	126	2	6	259	4	257	1.52e-80	242
MPDKNC_00524	iEK1008.Rv1070c	46.6	251	134	0	6	256	4	254	1.86e-76	232
MPDKNC_00524	iCHOv1.100754654	48.1	243	126	0	15	257	46	288	2.10e-75	230
MPDKNC_00524	iMM1415.93747	47.7	243	127	0	15	257	46	288	2.98e-75	230
MPDKNC_00524	iCN718.ABAYE_RS18690	47.6	250	131	0	8	257	6	255	1.50e-75	229
MPDKNC_00524	iAT_PLT_636.1892	47.1	244	129	0	14	257	45	288	9.64e-74	226
MPDKNC_00525	iJN1463.PP_3283	40.6	261	150	1	2	257	3	263	8.91e-65	202
MPDKNC_00525	iCN718.ABAYE_RS11945	39.1	261	154	2	2	257	3	263	4.06e-63	198
MPDKNC_00525	iYL1228.KPN_01475	40.6	256	143	2	9	257	9	262	4.05e-60	190
MPDKNC_00525	iML1515.b1394	38.3	264	154	2	1	257	1	262	9.15e-59	187
MPDKNC_00526	iYO844.BSU19310	46.2	472	249	2	21	491	22	489	3.87e-141	415
MPDKNC_00526	iYO844.BSU31060	42.5	482	272	3	20	499	4	482	2.90e-131	389
MPDKNC_00526	iMM1415.19378	44.1	483	261	5	12	491	33	509	3.17e-129	385
MPDKNC_00526	iMM904.YER073W	43.9	471	259	2	21	491	46	511	4.77e-129	385
MPDKNC_00526	iMM1415.11668	43.8	482	264	4	13	491	15	492	3.36e-127	379
MPDKNC_00526	iCHOv1.100768367	43.3	485	268	4	17	498	46	526	2.19e-126	378
MPDKNC_00526	iCHOv1.100768654	43.7	481	264	4	14	491	13	489	1.73e-126	377
MPDKNC_00526	iPC815.YPO1166	42.4	479	272	3	21	497	9	485	3.79e-126	376
MPDKNC_00526	iCHOv1.100762089	41.2	481	271	6	19	491	422	898	3.67e-121	376
MPDKNC_00526	iCHOv1.100768227	43.2	474	262	4	21	491	34	503	2.13e-125	375
MPDKNC_00526	iMM1415.11669	42.6	474	265	4	21	491	41	510	5.28e-125	374
MPDKNC_00526	iMM904.YOR374W	42.5	471	267	1	21	491	47	513	5.28e-125	374
MPDKNC_00526	iYS854.USA300HOU_RS14160	41.8	483	278	2	23	503	13	494	5.17e-125	374
MPDKNC_00527	iAF987.Gmet_2269	41.7	278	162	0	3	280	17	294	1.20e-73	227
MPDKNC_00527	iYO844.BSU24160	43.1	281	158	2	1	280	3	282	1.17e-71	222
MPDKNC_00527	iJN1463.PP_3755	41.3	281	163	2	1	280	3	282	5.19e-69	215
MPDKNC_00527	iAF987.Gmet_2072	43.4	281	157	2	1	280	2	281	4.56e-67	210
MPDKNC_00528	iML1515.b1397	60.2	402	156	3	1	399	1	401	2.21e-161	459
MPDKNC_00528	iJN1463.PP_3280	61.3	400	151	3	3	399	8	406	2.14e-160	456
MPDKNC_00528	iAF987.Gmet_2058	60.6	401	154	4	1	399	1	399	4.78e-160	455
MPDKNC_00528	iYL1228.KPN_01478	58.0	402	165	3	1	399	1	401	7.38e-155	442
MPDKNC_00528	iCN718.ABAYE_RS11935	58.2	404	163	4	1	400	1	402	2.18e-154	441
MPDKNC_00528	iCN718.ABAYE_RS08700	55.5	402	175	3	1	399	3	403	9.84e-151	432
MPDKNC_00528	iCN718.ABAYE_RS08895	55.1	403	177	3	1	400	1	402	1.02e-150	432
MPDKNC_00528	iYL1228.KPN_01540	58.2	402	163	4	1	399	2	401	7.46e-150	429
MPDKNC_00528	iJN1463.PP_1377	56.5	402	170	4	1	399	1	400	3.36e-148	425
MPDKNC_00533	iLJ478.TM0800	41.3	312	175	4	3	313	6	310	6.04e-66	209
MPDKNC_00533	iCN900.CD630_11800	38.8	317	178	5	1	311	1	307	2.90e-62	199
MPDKNC_00533	iHN637.CLJU_RS20775	41.2	308	164	6	8	309	10	306	1.55e-59	192
MPDKNC_00535	iML1515.b3750	27.3	231	145	7	16	246	57	264	4.81e-06	47.4
MPDKNC_00535	iYL1228.KPN_04155	26.4	231	147	7	16	246	57	264	2.69e-05	45.1
MPDKNC_00536	iJN1463.PP_5137	34.5	235	133	7	2	235	10	224	2.30e-29	113
MPDKNC_00536	iEK1008.Rv2397c	33.3	210	124	4	20	227	18	213	3.15e-28	110
MPDKNC_00536	iSynCJ816.SGL_RS16580	31.5	222	139	5	4	225	7	215	4.81e-27	109
MPDKNC_00536	iYS854.USA300HOU_RS02325	32.9	234	137	7	1	228	1	220	3.75e-27	107
MPDKNC_00536	iYO844.BSU33830	29.8	228	147	4	1	228	1	215	8.94e-27	106
MPDKNC_00536	iPC815.YPO1332	29.2	236	149	6	1	236	19	236	1.19e-26	106
MPDKNC_00536	iPC815.YPO1073	33.2	232	139	5	1	228	1	220	1.03e-26	105
MPDKNC_00536	iAF692.Mbar_A1305	32.4	207	128	4	22	228	18	212	1.66e-26	105
MPDKNC_00536	iSynCJ816.SGL_RS17160	32.9	225	132	6	4	227	5	211	3.27e-26	104
MPDKNC_00536	iAF987.Gmet_1819	32.4	225	142	5	9	230	3	220	6.83e-27	104
MPDKNC_00536	iCN900.CD630_32150	28.7	230	145	6	1	227	4	217	1.51e-26	103
MPDKNC_00536	iAF987.Gmet_1903	31.1	222	138	7	7	227	8	215	7.35e-26	103
MPDKNC_00536	iYS854.USA300HOU_RS13270	29.3	229	147	5	1	228	1	215	1.62e-25	103
MPDKNC_00536	iYL1228.KPN_00886	28.8	236	150	7	1	236	35	252	1.91e-25	103
MPDKNC_00536	iNF517.LLMG_RS01625	30.9	243	149	8	1	235	1	232	4.97e-26	102
MPDKNC_00536	iJN1463.PP_1722	33.3	207	120	6	25	228	22	213	2.21e-25	102
MPDKNC_00537	iLJ478.TM1724	39.1	253	143	3	3	255	2	243	1.01e-45	153
MPDKNC_00537	iCN718.ABAYE_RS09790	35.0	260	158	4	2	255	3	257	3.34e-44	149
MPDKNC_00540	iYO844.BSU24080	49.1	348	172	2	28	375	11	353	1.76e-115	340
MPDKNC_00541	iAF987.Gmet_2509	46.1	323	174	0	8	330	14	336	4.07e-97	291
MPDKNC_00542	iAF987.Gmet_2510	52.7	315	144	1	12	326	6	315	3.59e-115	335
MPDKNC_00542	iYO844.BSU14590	52.2	322	154	0	10	331	4	325	4.88e-114	333
MPDKNC_00542	iYS854.USA300HOU_RS05460	49.1	322	164	0	10	331	4	325	1.39e-108	319
MPDKNC_00543	iAF987.Gmet_2511	37.9	390	215	11	2	372	4	385	5.40e-74	234
MPDKNC_00543	iJN1463.PP_4403	33.3	420	228	7	3	372	6	423	5.04e-67	217
MPDKNC_00544	iYS854.USA300HOU_RS05470	35.3	468	295	5	1	462	1	466	6.64e-97	299
MPDKNC_00544	iYO844.BSU14610	35.3	470	295	5	1	463	1	468	8.68e-95	294
MPDKNC_00545	iCHOv1.100768220	47.8	362	169	6	25	370	24	381	2.30e-105	315
MPDKNC_00545	iAT_PLT_636.3242	48.0	358	174	6	25	370	24	381	1.31e-104	313
MPDKNC_00545	iMM1415.15445	47.0	362	172	6	25	370	24	381	5.24e-104	311
MPDKNC_00546	iYO844.BSU22620	41.5	359	209	1	6	363	2	360	6.04e-98	295
MPDKNC_00546	iCN900.CD630_22000	39.9	363	210	3	8	369	7	362	1.30e-87	268
MPDKNC_00548	iAT_PLT_636.2184	30.7	274	136	11	49	270	94	365	4.39e-24	101
MPDKNC_00548	iMM1415.14085	29.3	273	141	10	49	270	94	365	2.10e-23	99.4
MPDKNC_00548	iCN718.ABAYE_RS00895	27.2	305	161	14	20	270	72	369	1.81e-21	94.0
MPDKNC_00548	iJN1463.PP_4620	27.0	348	169	15	9	272	34	380	1.75e-21	94.0
MPDKNC_00549	iCHOv1.100762426	23.7	333	209	12	81	380	107	427	3.77e-13	70.1
MPDKNC_00549	iMM1415.15233	24.8	335	207	13	79	380	105	427	6.72e-13	69.3
MPDKNC_00551	iAF692.Mbar_A0576	56.0	293	128	1	1	293	1	292	3.26e-113	328
MPDKNC_00552	iYS854.USA300HOU_RS11060	67.4	556	178	2	1	553	1	556	1.25e-273	756
MPDKNC_00552	iYO844.BSU21870	65.3	554	191	1	1	553	4	557	8.66e-266	736
MPDKNC_00553	iYO844.BSU28310	67.4	574	186	1	1	573	1	574	2.17e-284	785
MPDKNC_00554	iYO844.BSU28300	68.6	172	54	0	1	172	1	172	9.81e-81	236
MPDKNC_00555	iYO844.BSU28290	75.6	344	82	1	1	344	1	342	2.16e-189	525
MPDKNC_00556	iYO844.BSU28280	67.1	501	161	3	1	499	1	499	5.24e-233	650
MPDKNC_00557	iYO844.BSU28270	61.2	369	135	3	1	365	1	365	3.81e-155	440
MPDKNC_00557	iCN900.CD630_09920	56.0	357	155	2	1	356	1	356	2.79e-138	397
MPDKNC_00558	iYO844.BSU28260	66.2	464	157	0	1	464	1	464	1.03e-228	635
MPDKNC_00559	iYO844.BSU28250	56.4	181	77	2	13	193	14	192	1.00e-67	205
MPDKNC_00559	iCN718.ABAYE_RS16695	51.0	192	86	1	10	193	11	202	4.43e-60	186
MPDKNC_00559	iJN1463.PP_1986	49.5	196	91	1	10	197	11	206	1.22e-59	185
MPDKNC_00559	iPC815.YPO0530	51.9	185	87	2	10	193	11	194	7.91e-60	185
MPDKNC_00560	iLJ478.TM0356	50.3	324	152	4	5	323	6	325	1.47e-104	311
MPDKNC_00560	iAF987.Gmet_3072	50.0	328	156	4	1	323	2	326	3.87e-94	285
MPDKNC_00561	iYO844.BSU32260	67.3	431	140	1	1	430	1	431	7.67e-209	582
MPDKNC_00562	iYO844.BSU32250	69.5	351	107	0	3	353	2	352	1.38e-176	493
MPDKNC_00562	iYS854.USA300HOU_RS06755	69.0	352	104	3	3	351	4	353	9.46e-168	471
MPDKNC_00563	iYO844.BSU32240	45.4	295	161	0	8	302	8	302	6.77e-84	254
MPDKNC_00565	iAF987.Gmet_1991	23.9	226	134	12	224	427	203	412	1.97e-04	43.5
MPDKNC_00567	iSF_1195.SF1576	39.1	261	145	5	1	258	1	250	2.25e-57	183
MPDKNC_00567	iSDY_1059.SDY_1625	39.1	261	145	5	1	258	1	250	6.36e-57	182
MPDKNC_00567	iML1515.b1519	38.7	261	146	5	1	258	1	250	5.08e-56	179
MPDKNC_00567	iYL1228.KPN_01646	37.2	258	154	4	1	258	15	264	8.83e-55	177
MPDKNC_00567	iPC815.YPO2509	36.4	258	158	3	1	256	1	254	1.72e-52	171
MPDKNC_00567	iSbBS512_1146.SbBS512_E1690	38.0	250	141	5	12	258	3	241	9.97e-51	166
MPDKNC_00571	iNF517.LLMG_RS06715	27.0	293	192	9	1	280	1	284	1.17e-18	85.5
MPDKNC_00571	iYS854.USA300HOU_RS05500	25.6	258	181	6	30	281	34	286	4.64e-17	80.9
MPDKNC_00571	iHN637.CLJU_RS10665	26.1	306	182	11	2	281	3	290	1.16e-16	79.7
MPDKNC_00571	iML1515.b1123	24.7	295	200	10	1	285	1	283	6.59e-16	77.4
MPDKNC_00571	iSDY_1059.SDY_2029	24.7	295	200	10	1	285	1	283	6.59e-16	77.4
MPDKNC_00571	iSF_1195.SF1125	24.7	295	200	10	1	285	1	283	6.59e-16	77.4
MPDKNC_00572	iYS854.USA300HOU_RS01260	39.7	300	171	6	1	295	1	295	2.27e-59	192
MPDKNC_00572	iCN900.CD630_16820	38.0	305	182	5	2	303	3	303	1.65e-55	182
MPDKNC_00572	iSSON_1240.SSON_2218	36.7	311	185	7	2	307	3	306	3.13e-53	176
MPDKNC_00572	iML1515.b2162	36.7	311	185	7	2	307	3	306	6.20e-53	175
MPDKNC_00572	iSF_1195.SF2247	36.0	311	187	7	2	307	3	306	2.44e-52	174
MPDKNC_00573	iPC815.YPO1333	37.2	231	141	2	33	259	74	304	2.11e-40	142
MPDKNC_00573	iML1515.b1125	35.6	233	141	4	19	243	9	240	3.86e-40	140
MPDKNC_00573	STM_v1_0.STM1225	36.1	233	140	4	19	243	19	250	5.19e-40	140
MPDKNC_00573	iSbBS512_1146.SbBS512_E1303	35.6	233	141	4	19	243	19	250	5.19e-40	140
MPDKNC_00573	iSDY_1059.SDY_2027	35.6	233	141	4	19	243	9	240	3.86e-40	140
MPDKNC_00573	iSF_1195.SF1127	35.6	233	141	4	19	243	9	240	3.86e-40	140
MPDKNC_00573	iSSON_1240.SSON_1143	35.6	233	141	4	19	243	9	240	3.86e-40	140
MPDKNC_00573	iYL1228.KPN_01131	32.6	264	169	4	19	274	19	281	1.05e-38	136
MPDKNC_00573	iCN900.CD630_10250	32.2	267	173	4	14	275	10	273	6.84e-38	134
MPDKNC_00573	iHN637.CLJU_RS10675	32.6	230	153	2	42	270	54	282	3.68e-36	130
MPDKNC_00574	iJN1463.PP_0414	34.8	244	159	0	11	254	23	266	6.19e-41	141
MPDKNC_00574	iJN1463.PP_3816	33.6	250	166	0	1	250	12	261	8.07e-36	128
MPDKNC_00575	iCN900.CD630_35300	50.2	241	120	0	1	241	1	241	3.28e-87	265
MPDKNC_00575	iCN900.CD630_35270	49.0	241	123	0	1	241	1	241	1.31e-86	264
MPDKNC_00575	iHN637.CLJU_RS10680	44.0	318	171	4	2	315	8	322	7.15e-86	263
MPDKNC_00575	iCN900.CD630_10240	44.3	309	165	3	3	311	5	306	4.88e-85	260
MPDKNC_00575	iYS854.USA300HOU_RS05485	48.4	283	142	1	3	285	4	282	1.64e-84	259
MPDKNC_00575	iYL1228.KPN_01132	42.6	331	179	5	3	326	17	343	5.00e-81	251
MPDKNC_00575	iLJ478.TM1376	41.6	315	179	3	5	314	7	321	1.05e-80	250
MPDKNC_00575	iJN1463.PP_0411	40.9	330	191	3	3	328	14	343	9.95e-80	248
MPDKNC_00575	STM_v1_0.STM1226	42.1	328	185	4	3	326	17	343	1.25e-78	245
MPDKNC_00575	iCN718.ABAYE_RS05140	46.5	273	135	4	19	286	18	284	1.70e-78	244
MPDKNC_00575	iLJ478.TM0421	40.8	333	186	6	13	339	13	340	5.71e-78	243
MPDKNC_00576	iHN637.CLJU_RS12870	49.9	571	278	4	1	568	1	566	3.26e-195	558
MPDKNC_00577	iYS854.USA300HOU_RS01685	27.6	250	173	1	11	260	6	247	2.11e-34	125
MPDKNC_00578	iYO844.BSU40060	59.7	506	202	2	1	504	1	506	4.37e-224	627
MPDKNC_00578	iYS854.USA300HOU_RS13575	58.0	510	210	2	3	508	2	511	2.14e-213	600
MPDKNC_00582	iAF987.Gmet_3509	24.0	1073	728	16	1	1037	2	1022	2.26e-66	242
MPDKNC_00584	iSynCJ816.SGL_RS14920	27.9	603	410	11	4	593	6	596	5.01e-63	219
MPDKNC_00591	iAF987.Gmet_0069	27.8	115	81	1	4	116	5	119	4.98e-06	45.8
MPDKNC_00591	iJN1463.PP_1494	29.1	117	76	3	4	116	20	133	5.17e-06	45.8
MPDKNC_00591	iEK1008.Rv0386	36.5	52	33	0	147	198	1025	1076	7.47e-05	42.7
MPDKNC_00595	iEK1008.Rv0958	23.2	203	113	6	67	253	139	314	8.52e-04	40.4
MPDKNC_00602	iCN900.CD630_25660	42.9	147	84	0	1	147	1	147	1.81e-41	135
MPDKNC_00603	iCN900.CD630_25670	62.4	101	38	0	1	101	1	101	3.91e-41	130
MPDKNC_00604	iCN900.CD630_25680	62.3	366	132	1	2	367	6	365	3.66e-156	443
MPDKNC_00605	iCN900.CD630_30850	36.6	861	517	11	5	855	2	843	2.01e-197	586
MPDKNC_00605	iSF_1195.SF0565	36.0	867	534	9	2	863	1	851	2.85e-189	565
MPDKNC_00605	iML1515.b0732	35.9	867	535	9	2	863	1	851	1.25e-187	561
MPDKNC_00606	iYS854.USA300HOU_RS11635	24.2	496	331	14	26	496	26	501	2.78e-27	117
MPDKNC_00607	iCN718.ABAYE_RS03670	29.3	99	62	3	76	174	46	136	4.63e-05	41.2
MPDKNC_00607	iMM904.YFL017C	27.0	89	62	1	72	160	69	154	2.05e-04	39.7
MPDKNC_00610	iML1515.b1415	53.1	473	221	1	3	474	6	478	3.95e-182	518
MPDKNC_00610	iSbBS512_1146.SbBS512_E1635	53.1	473	221	1	3	474	6	478	3.21e-181	515
MPDKNC_00610	iSF_1195.SF1797	52.9	473	222	1	3	474	6	478	9.15e-181	514
MPDKNC_00610	iYL1228.KPN_01501	50.9	470	230	1	6	474	1	470	6.51e-174	496
MPDKNC_00611	iYS854.USA300HOU_RS12625	56.2	137	60	0	3	139	2	138	1.12e-53	165
MPDKNC_00612	iML1515.b1449	48.3	331	164	4	11	335	13	342	8.23e-107	315
MPDKNC_00612	iJN1463.PP_2476	45.1	335	179	2	7	336	9	343	1.69e-103	307
MPDKNC_00613	iPC815.YPO3064	27.5	109	76	1	1	109	2	107	3.01e-08	50.1
MPDKNC_00613	iYL1228.KPN_02814	26.6	109	77	1	1	109	1	106	7.88e-08	48.9
MPDKNC_00613	iML1515.b2480	27.5	102	71	1	8	109	8	106	2.08e-07	47.8
MPDKNC_00613	iSbBS512_1146.SbBS512_E2852	27.5	102	71	1	8	109	8	106	2.08e-07	47.8
MPDKNC_00613	iSDY_1059.SDY_2669	27.5	102	71	1	8	109	8	106	2.08e-07	47.8
MPDKNC_00613	iSF_1195.SF2523	27.5	102	71	1	8	109	8	106	2.08e-07	47.8
MPDKNC_00613	iSSON_1240.SSON_2561	27.5	102	71	1	8	109	8	106	2.08e-07	47.8
MPDKNC_00613	STM_v1_0.STM0402	26.7	165	98	7	11	163	9	162	2.24e-06	45.4
MPDKNC_00614	iAF987.Gmet_1179	33.6	131	77	5	69	199	63	183	2.67e-08	52.0
MPDKNC_00616	iCN900.CD630_22130	60.5	185	73	0	1	185	1	185	5.66e-82	240
MPDKNC_00618	iLJ478.TM0268	28.7	164	116	1	12	175	574	736	3.80e-18	82.0
MPDKNC_00619	iYS854.USA300HOU_RS03935	82.2	163	29	0	3	165	4	166	8.52e-106	299
MPDKNC_00624	iYO844.BSU02090	52.7	260	116	2	17	269	6	265	1.66e-97	286
MPDKNC_00625	iCN900.CD630_36640	26.9	368	264	5	87	451	21	386	1.60e-38	144
MPDKNC_00627	iSynCJ816.SGL_RS14425	29.0	238	125	5	7	235	54	256	5.20e-19	87.4
MPDKNC_00627	iML1515.b1858	28.2	177	123	1	332	504	4	180	1.24e-16	79.7
MPDKNC_00627	iSbBS512_1146.SbBS512_E0954	28.2	177	123	1	332	504	4	180	1.24e-16	79.7
MPDKNC_00627	iSSON_1240.SSON_1283	28.2	177	123	1	332	504	4	180	1.24e-16	79.7
MPDKNC_00627	iSF_1195.SF1867	28.2	177	123	1	332	504	4	180	1.67e-16	79.3
MPDKNC_00627	iYO844.BSU02860	25.5	239	149	4	1	234	1	215	1.58e-16	79.0
MPDKNC_00627	iSDY_1059.SDY_1145	28.2	177	123	1	332	504	4	180	2.26e-16	79.0
MPDKNC_00628	iCHOv1.100763379	43.1	58	33	0	2	59	24	81	3.39e-09	57.4
MPDKNC_00628	iMM904.YMR020W	37.5	96	57	2	2	94	8	103	1.84e-08	55.1
MPDKNC_00629	iCHOv1.100757665	32.3	62	41	1	82	143	84	144	6.73e-04	38.1
MPDKNC_00630	iYS854.USA300HOU_RS10395	51.3	351	166	2	3	353	2	347	8.73e-129	372
MPDKNC_00630	iMM1415.18126	47.5	358	183	3	3	355	133	490	1.74e-109	344
MPDKNC_00630	iMM1415.18125	46.6	354	184	3	7	355	358	711	7.82e-108	344
MPDKNC_00630	iCHOv1.100758127	46.3	354	185	3	7	355	358	711	1.04e-107	343
MPDKNC_00630	iAT_PLT_636.4846	47.5	358	183	3	3	355	123	480	7.67e-109	343
MPDKNC_00630	iMM1415.18127	46.6	358	186	3	3	355	122	479	3.94e-108	342
MPDKNC_00630	iCHOv1.100769961	46.9	358	185	3	3	355	122	479	9.95e-108	340
MPDKNC_00630	iCHOv1.100760062	46.9	358	185	3	3	355	139	496	7.31e-108	340
MPDKNC_00630	iAT_PLT_636.4843	46.3	354	185	3	3	351	139	492	5.41e-108	340
MPDKNC_00634	STM_v1_0.STM0659	27.4	215	132	7	7	199	8	220	9.57e-09	56.2
MPDKNC_00634	iSbBS512_1146.SbBS512_E0599	26.9	219	134	8	2	196	1	217	7.04e-08	53.5
MPDKNC_00634	iML1515.b0650	26.9	219	134	8	2	196	1	217	9.36e-08	53.1
MPDKNC_00634	iSSON_1240.SSON_0604	26.9	219	134	8	2	196	1	217	1.24e-07	52.8
MPDKNC_00637	iAF987.Gmet_0769	40.1	137	81	1	18	153	11	147	9.59e-27	98.2
MPDKNC_00639	iYO844.BSU26590	27.7	148	95	3	42	184	45	185	2.95e-07	52.0
MPDKNC_00641	iAF987.Gmet_0843	30.4	102	63	3	30	130	22	116	2.27e-04	41.6
MPDKNC_00645	iPC815.YPO2908	41.2	396	208	4	1	375	1	392	4.91e-94	286
MPDKNC_00645	iJN1463.PP_0808	43.8	395	202	5	1	379	1	391	5.52e-92	281
MPDKNC_00645	iYL1228.KPN_02877	39.6	394	217	3	1	375	1	392	2.80e-87	269
MPDKNC_00645	iML1515.b2552	39.6	399	210	5	1	375	1	392	2.79e-84	261
MPDKNC_00645	iSbBS512_1146.SbBS512_E2917	39.6	399	210	5	1	375	1	392	2.79e-84	261
MPDKNC_00645	iSSON_1240.SSON_2635	39.6	399	210	5	1	375	1	392	2.79e-84	261
MPDKNC_00645	iSF_1195.SF2599	39.6	399	210	5	1	375	1	392	3.94e-84	261
MPDKNC_00645	iSDY_1059.SDY_2742	39.6	399	210	5	1	375	1	392	5.56e-84	261
MPDKNC_00645	iYS854.USA300HOU_RS01235	39.8	392	212	8	1	380	1	380	5.04e-84	260
MPDKNC_00645	STM_v1_0.STM2556	39.8	394	216	4	1	375	1	392	3.12e-83	259
MPDKNC_00650	iAF987.Gmet_2727	37.3	110	64	2	147	256	291	395	7.04e-13	67.4
MPDKNC_00652	iCN900.CD630_22760	42.3	447	242	8	5	444	4	441	3.93e-105	320
MPDKNC_00652	iIT341.HP0942	40.3	449	260	5	1	445	1	445	2.05e-94	292
MPDKNC_00653	iYO844.BSU03800	65.0	314	110	0	6	319	2	315	2.96e-144	409
MPDKNC_00654	iYO844.BSU03810	61.9	315	119	1	1	315	1	314	3.83e-129	370
MPDKNC_00655	iYO844.BSU03820	66.3	252	85	0	1	252	1	252	8.82e-116	331
MPDKNC_00655	iCN900.CD630_16490	60.6	251	99	0	1	251	1	251	1.24e-103	300
MPDKNC_00656	iYO844.BSU03830	49.7	312	153	2	1	308	1	312	1.19e-102	303
MPDKNC_00657	iML1515.b2166	31.4	299	199	3	60	355	7	302	9.72e-38	137
MPDKNC_00658	iML1515.b2165	62.0	297	112	1	7	302	11	307	7.41e-120	346
MPDKNC_00659	iAF987.Gmet_3085	26.9	268	183	5	345	603	89	352	1.51e-18	90.5
MPDKNC_00660	iYL1228.KPN_00687	26.5	388	250	13	3	372	6	376	2.35e-20	92.0
MPDKNC_00660	iSynCJ816.SGL_RS03280	26.8	339	203	11	4	320	14	329	9.99e-19	87.4
MPDKNC_00660	iJN1463.PP_5197	24.6	419	261	17	1	386	3	399	7.52e-18	84.7
MPDKNC_00661	iSDY_1059.SDY_1625	31.1	106	68	3	160	265	31	131	7.34e-08	52.4
MPDKNC_00661	iSF_1195.SF1576	31.1	106	68	3	160	265	31	131	7.34e-08	52.4
MPDKNC_00661	iYL1228.KPN_01646	23.5	187	107	4	143	329	37	187	1.47e-07	51.6
MPDKNC_00662	iCN718.ABAYE_RS05910	34.8	434	273	6	4	430	2	432	3.23e-80	254
MPDKNC_00663	iCN900.CD630_33570	26.2	126	85	3	51	169	53	177	1.45e-05	43.1
MPDKNC_00663	iAF692.Mbar_A2755	41.3	63	31	2	65	121	42	104	3.29e-05	42.4
MPDKNC_00663	iLJ478.TM0803	28.9	90	57	3	64	149	333	419	4.64e-05	42.4
MPDKNC_00663	iNF517.LLMG_RS04960	37.9	66	35	2	58	117	35	100	2.72e-04	39.7
MPDKNC_00671	iCN900.CD630_00500	57.9	477	196	3	3	475	6	481	1.54e-207	582
MPDKNC_00676	iCN900.CD630_26670	33.7	558	286	15	7	542	5	500	8.41e-81	261
MPDKNC_00676	iYO844.BSU13890	33.3	552	309	17	7	542	6	514	9.74e-76	253
MPDKNC_00676	iYS854.USA300HOU_RS13765	33.2	560	298	15	7	542	6	513	2.13e-75	251
MPDKNC_00676	iYS854.USA300HOU_RS01255	34.2	555	306	16	1	543	1	508	7.65e-77	251
MPDKNC_00676	iYS854.USA300HOU_RS01000	34.0	550	294	16	7	542	6	500	1.00e-73	247
MPDKNC_00676	iYO844.BSU02350	32.5	548	279	17	6	542	5	472	4.01e-71	239
MPDKNC_00676	iCN900.CD630_13360	31.2	557	313	19	8	538	7	519	4.09e-71	236
MPDKNC_00676	iYL1228.KPN_01099	31.7	540	296	13	6	542	5	474	1.26e-71	236
MPDKNC_00676	iSbBS512_1146.SbBS512_E2223	31.7	540	296	13	6	542	5	474	1.26e-71	236
MPDKNC_00676	iML1515.b1101	31.7	540	296	13	6	542	5	474	1.77e-71	236
MPDKNC_00676	iSDY_1059.SDY_2049	31.7	540	296	13	6	542	5	474	1.77e-71	236
MPDKNC_00676	iSF_1195.SF1105	31.4	545	291	14	6	542	5	474	1.77e-71	236
MPDKNC_00676	iSSON_1240.SSON_1121	31.7	540	296	13	6	542	5	474	1.77e-71	236
MPDKNC_00678	iAF987.Gmet_1903	63.7	350	114	3	1	350	1	337	2.30e-145	414
MPDKNC_00679	iAF987.Gmet_1904	67.7	263	85	0	21	283	11	273	9.80e-127	362
MPDKNC_00679	iCN718.ABAYE_RS05145	65.6	273	93	1	15	286	14	286	9.83e-126	360
MPDKNC_00680	iAF987.Gmet_1905	67.2	271	86	1	7	274	5	275	2.85e-127	362
MPDKNC_00680	iCN718.ABAYE_RS05150	60.0	270	105	1	9	275	2	271	3.24e-114	329
MPDKNC_00681	iAF987.Gmet_1906	67.1	307	101	0	37	343	27	333	1.58e-155	439
MPDKNC_00681	iYL1228.KPN_04008	67.3	306	99	1	37	342	22	326	1.19e-155	439
MPDKNC_00681	iML1515.b3917	68.0	306	97	1	37	342	22	326	2.39e-155	438
MPDKNC_00681	iSDY_1059.SDY_3830	68.0	306	97	1	37	342	22	326	2.39e-155	438
MPDKNC_00681	iSSON_1240.SSON_4086	68.0	306	97	1	37	342	22	326	2.39e-155	438
MPDKNC_00681	iSbBS512_1146.SbBS512_E4397	67.6	306	98	1	37	342	22	326	6.84e-155	437
MPDKNC_00681	STM_v1_0.STM4063	67.6	306	98	1	37	342	22	326	2.77e-154	436
MPDKNC_00681	iJN1463.PP_5171	65.5	316	106	3	30	343	25	339	4.28e-147	418
MPDKNC_00681	iCN718.ABAYE_RS05160	59.2	336	121	2	7	342	8	327	2.58e-144	410
MPDKNC_00683	iYO844.BSU13850	60.9	612	235	3	26	634	27	637	1.78e-252	709
MPDKNC_00684	iYS854.USA300HOU_RS03755	22.4	174	130	2	1	173	1	170	5.58e-06	47.8
MPDKNC_00694	iEK1008.Rv2936	34.1	232	145	3	1	226	6	235	2.31e-38	135
MPDKNC_00694	iCHOv1.100761226	33.6	232	144	4	3	227	899	1127	1.43e-35	133
MPDKNC_00694	iMM1415.11303	33.6	232	144	4	3	227	899	1127	1.43e-35	133
MPDKNC_00694	iCN900.CD630_16140	31.8	223	146	2	18	236	40	260	4.16e-37	130
MPDKNC_00694	iYO844.BSU23960	31.8	223	144	3	2	217	1	222	1.38e-35	126
MPDKNC_00694	iYS854.USA300HOU_RS09925	29.1	223	152	2	2	218	3	225	1.58e-34	123
MPDKNC_00694	iNF517.LLMG_RS09720	30.6	222	148	2	3	218	7	228	2.52e-34	123
MPDKNC_00694	iYS854.USA300HOU_RS08305	31.3	230	140	3	2	224	10	228	3.52e-34	123
MPDKNC_00696	iYO844.BSU07920	74.4	351	90	0	1	351	1	351	4.59e-181	504
MPDKNC_00699	iSynCJ816.SGL_RS06890	27.5	120	84	3	10	128	50	167	1.06e-05	44.7
MPDKNC_00707	iJN1463.PP_0897	30.3	512	314	12	14	510	4	487	1.04e-48	175
MPDKNC_00707	iCN718.ABAYE_RS16340	29.4	531	318	15	14	523	5	499	1.02e-47	172
MPDKNC_00709	iAF692.Mbar_A0408	30.4	224	121	7	61	252	8	228	5.88e-18	80.1
MPDKNC_00711	iMM904.YER175C	28.2	170	95	8	16	168	14	173	2.56e-10	59.3
MPDKNC_00713	iNF517.LLMG_RS08890	40.5	79	47	0	8	86	455	533	5.59e-12	59.7
MPDKNC_00714	iEK1008.Rv3116	37.3	102	62	1	86	185	283	384	2.88e-13	66.6
MPDKNC_00714	iSynCJ816.SGL_RS18145	30.8	107	73	1	79	185	55	160	3.62e-12	61.2
MPDKNC_00715	iSynCJ816.SGL_RS08475	35.8	137	77	5	161	294	44	172	2.52e-15	74.3
MPDKNC_00715	iCN718.ABAYE_RS09945	36.7	128	73	4	167	294	52	171	6.27e-15	73.2
MPDKNC_00715	iEK1008.Rv0634c	30.5	190	103	7	140	310	40	219	6.76e-13	67.4
MPDKNC_00718	iMM904.YDR305C	26.2	107	64	3	14	105	10	116	8.29e-04	37.7
MPDKNC_00725	iYO844.BSU02750	35.2	210	131	3	20	224	21	230	3.23e-38	135
MPDKNC_00725	iCN900.CD630_16140	36.7	215	128	4	15	222	33	246	4.42e-35	127
MPDKNC_00728	iML1515.b3697	32.2	267	161	9	12	261	3	266	2.54e-24	98.2
MPDKNC_00731	iHN637.CLJU_RS10530	47.3	459	235	3	1	455	1	456	4.95e-143	417
MPDKNC_00731	iHN637.CLJU_RS02325	46.7	460	236	4	1	455	1	456	1.30e-140	410
MPDKNC_00731	iHN637.CLJU_RS02330	44.1	460	250	3	1	456	1	457	8.98e-131	385
MPDKNC_00732	iYO844.BSU36370	44.1	136	67	3	2	130	5	138	2.06e-32	111
MPDKNC_00732	iYS854.USA300HOU_RS11335	43.4	136	72	4	4	134	10	145	4.38e-30	105
MPDKNC_00733	iYO844.BSU10170	60.9	322	126	0	4	325	2	323	1.83e-143	407
MPDKNC_00734	iYO844.BSU38490	71.1	294	85	0	12	305	17	310	4.98e-148	417
MPDKNC_00738	iCN900.CD630_36320	34.1	129	82	2	51	179	3	128	8.38e-14	67.0
MPDKNC_00745	iJN1463.PP_2492	37.4	393	236	7	1	391	1	385	1.82e-79	249
MPDKNC_00745	iML1515.b3011	38.8	356	205	8	1	351	1	348	4.75e-77	243
MPDKNC_00746	iCN718.ABAYE_RS00870	58.2	146	61	0	1	146	1	146	8.26e-57	174
MPDKNC_00748	iYS854.USA300HOU_RS02885	41.9	365	211	1	21	384	19	383	5.69e-105	314
MPDKNC_00748	iSynCJ816.SGL_RS17805	43.7	373	203	3	20	386	30	401	1.28e-98	298
MPDKNC_00750	iAF987.Gmet_1601	37.1	97	52	1	4	100	3	90	6.16e-12	60.1
MPDKNC_00754	iLJ478.TM0846	23.0	126	91	2	1	124	1	122	2.68e-07	46.2
MPDKNC_00754	iCN900.CD630_24380	25.0	104	77	1	21	124	22	124	1.03e-06	44.7
MPDKNC_00755	iYO844.BSU11330	42.0	312	178	2	9	318	1	311	7.12e-87	263
MPDKNC_00755	iYS854.USA300HOU_RS04875	39.5	314	186	3	9	319	1	313	2.89e-78	241
MPDKNC_00756	iAF987.Gmet_1170	45.5	44	19	1	36	74	13	56	2.48e-04	38.9
MPDKNC_00756	iAF987.Gmet_1790	41.9	43	17	1	50	92	51	85	4.09e-04	38.5
MPDKNC_00764	iML1515.b2251	34.1	91	53	2	40	123	31	121	3.06e-09	52.4
MPDKNC_00764	STM_v1_0.STM2295	33.0	88	52	2	40	120	31	118	2.21e-08	50.1
MPDKNC_00764	iSF_1195.SF2330	33.0	91	54	2	40	123	10	100	2.93e-08	49.3
MPDKNC_00764	iSSON_1240.SSON_2312	33.0	91	54	2	40	123	31	121	4.26e-08	49.3
MPDKNC_00768	STM_v1_0.STM4585	25.3	154	101	4	5	147	4	154	1.09e-04	41.2
MPDKNC_00771	iML1515.b2838	22.4	402	279	10	18	397	15	405	3.77e-16	79.3
MPDKNC_00771	iSSON_1240.SSON_2998	22.4	402	279	10	18	397	15	405	3.77e-16	79.3
MPDKNC_00771	iSDY_1059.SDY_3055	22.4	402	279	10	18	397	15	405	9.08e-16	78.2
MPDKNC_00771	iSF_1195.SF2848	21.9	401	282	10	18	397	15	405	1.63e-15	77.4
MPDKNC_00771	iSbBS512_1146.SbBS512_E3024	22.1	402	280	10	18	397	15	405	3.91e-15	76.3
MPDKNC_00771	iLJ478.TM1517	25.8	380	241	16	28	392	12	365	3.31e-15	76.3
MPDKNC_00771	iYL1228.KPN_03252	24.3	411	244	15	19	390	16	398	6.99e-15	75.5
MPDKNC_00771	STM_v1_0.STM3013	23.8	407	267	13	18	397	15	405	6.99e-15	75.5
MPDKNC_00772	iJN1463.PP_4523	28.3	283	170	9	104	371	27	291	4.81e-29	115
MPDKNC_00772	iCHOv1.100752066	26.4	292	182	10	114	389	73	347	5.14e-26	107
MPDKNC_00772	iCN900.CD630_08910	32.4	275	155	11	114	379	19	271	2.42e-26	107
MPDKNC_00773	iJN1463.PP_2077	26.1	352	228	10	48	371	39	386	2.62e-22	97.4
MPDKNC_00773	iML1515.b2838	27.3	348	223	12	51	370	51	396	1.30e-21	95.5
MPDKNC_00773	iSSON_1240.SSON_2998	27.3	348	223	12	51	370	51	396	1.30e-21	95.5
MPDKNC_00773	iSF_1195.SF2848	27.3	348	223	12	51	370	51	396	1.77e-21	95.1
MPDKNC_00773	iIT341.HP0290	25.8	384	244	12	20	376	13	382	5.28e-21	93.6
MPDKNC_00773	iSbBS512_1146.SbBS512_E3024	27.6	337	214	12	51	359	51	385	8.02e-21	93.2
MPDKNC_00773	iYL1228.KPN_03252	26.6	350	223	10	51	370	51	396	1.47e-20	92.4
MPDKNC_00773	iSDY_1059.SDY_3055	27.3	348	223	13	51	370	51	396	2.68e-20	91.7
MPDKNC_00773	STM_v1_0.STM3013	26.7	348	225	10	51	370	51	396	2.95e-19	88.6
MPDKNC_00775	iYO844.BSU02750	40.0	225	134	1	1	225	1	224	1.24e-50	167
MPDKNC_00777	STM_v1_0.STM1502	29.5	61	43	0	226	286	88	148	2.58e-04	40.8
MPDKNC_00777	iNF517.LLMG_RS04495	26.9	93	65	3	191	281	55	146	8.08e-04	39.3
MPDKNC_00785	iJN1463.PP_4881	51.3	314	146	4	38	349	29	337	3.93e-108	319
MPDKNC_00786	iJN1463.PP_4882	54.0	506	233	0	12	517	15	520	1.97e-178	511
MPDKNC_00787	iPC815.YPO2960	41.5	352	191	5	1	342	1	347	1.12e-84	259
MPDKNC_00787	iSynCJ816.SGL_RS10355	46.4	293	146	3	4	285	19	311	4.05e-78	243
MPDKNC_00791	iYO844.BSU26600	25.8	89	65	1	68	155	54	142	7.36e-06	43.5
MPDKNC_00796	iCN718.ABAYE_RS07975	35.0	374	239	4	14	385	14	385	1.05e-64	211
MPDKNC_00796	iIS312.TCDM_02375	34.7	375	238	4	11	382	19	389	2.67e-59	197
MPDKNC_00796	iMM904.YGL256W	34.2	380	236	6	11	386	12	381	4.09e-59	196
MPDKNC_00796	iSbBS512_1146.SbBS512_E4004	33.9	386	249	3	1	384	1	382	6.36e-58	193
MPDKNC_00796	iYL1228.KPN_03491	37.8	360	212	7	32	385	34	387	2.73e-57	191
MPDKNC_00796	iSF_1195.SF3627	33.7	386	250	3	1	384	1	382	6.84e-57	190
MPDKNC_00799	iSF_1195.SF0538	23.9	238	151	7	6	217	9	242	2.49e-04	41.2
MPDKNC_00800	iAF987.Gmet_2142	33.9	59	39	0	73	131	548	606	1.24e-04	40.8
MPDKNC_00807	iSynCJ816.SGL_RS11425	22.3	197	128	7	55	250	37	209	8.57e-09	54.7
MPDKNC_00807	STM_v1_0.STM0840	31.0	84	58	0	195	278	151	234	3.70e-08	52.8
MPDKNC_00809	iML1515.b2411	31.7	104	64	2	144	246	574	671	5.39e-07	50.8
MPDKNC_00809	iSDY_1059.SDY_2608	31.7	104	64	2	144	246	574	671	5.39e-07	50.8
MPDKNC_00809	iSF_1195.SF2466	31.7	104	64	2	144	246	574	671	5.39e-07	50.8
MPDKNC_00809	iSSON_1240.SSON_2500	31.7	104	64	2	144	246	574	671	5.39e-07	50.8
MPDKNC_00809	iYL1228.KPN_02758	32.6	92	61	1	154	244	578	669	7.15e-07	50.4
MPDKNC_00809	iYS854.USA300HOU_RS10340	41.4	70	40	1	174	242	591	660	9.48e-07	50.1
MPDKNC_00809	STM_v1_0.STM2427	31.0	100	62	2	146	244	576	669	2.22e-06	48.9
MPDKNC_00811	iCHOv1.100757665	29.8	84	57	2	61	144	72	153	5.65e-04	38.1
MPDKNC_00819	iML1515.b0089	23.8	361	229	12	90	409	53	408	1.01e-10	62.8
MPDKNC_00819	iJN1463.PP_1336	25.4	279	176	9	150	398	100	376	2.26e-09	58.5
MPDKNC_00823	iSynCJ816.SGL_RS16080	32.7	52	35	0	20	71	24	75	4.33e-04	38.5
MPDKNC_00824	iYO844.BSU27010	65.0	331	116	0	16	346	19	349	3.75e-157	444
MPDKNC_00824	iEK1008.Rv3045	63.8	326	118	0	21	346	21	346	3.12e-148	421
MPDKNC_00828	iML1515.b0624	34.2	111	72	1	8	117	10	120	1.07e-11	57.4
MPDKNC_00829	iML1515.b0624	33.0	103	58	4	6	101	5	103	1.37e-05	41.2
MPDKNC_00830	iCN900.CD630_26110	25.7	175	102	6	33	184	33	202	1.82e-08	52.8
MPDKNC_00830	iIT341.HP0089	24.0	204	137	5	2	189	5	206	3.35e-08	52.0
MPDKNC_00834	iCN900.CD630_18140	32.9	173	101	7	3	167	4	169	2.26e-18	79.0
MPDKNC_00834	STM_v1_0.STM4585	31.6	193	115	6	1	180	1	189	3.37e-17	75.9
MPDKNC_00835	iML1515.b0459	68.1	182	57	1	1	182	1	181	6.25e-81	238
MPDKNC_00835	iSDY_1059.SDY_0460	68.1	182	57	1	1	182	1	181	6.25e-81	238
MPDKNC_00835	iSSON_1240.SSON_0446	68.1	182	57	1	1	182	1	181	6.25e-81	238
MPDKNC_00835	iYL1228.KPN_00440	61.5	182	69	1	1	182	1	181	4.03e-78	231
MPDKNC_00835	iYO844.BSU40850	58.8	182	74	1	1	182	2	182	2.89e-77	228
MPDKNC_00835	STM_v1_0.STM0472	64.3	182	64	1	1	182	1	181	3.97e-77	228
MPDKNC_00835	iSbBS512_1146.SbBS512_E0391	65.4	182	62	1	1	182	1	181	1.61e-76	226
MPDKNC_00839	iAF692.Mbar_A2583	33.7	190	116	4	15	197	21	207	1.34e-23	92.8
MPDKNC_00839	iAF987.Gmet_0798	32.6	187	123	3	14	197	19	205	1.80e-23	92.4
MPDKNC_00839	iPC815.YPO3831	33.3	195	126	3	2	193	7	200	1.93e-22	89.7
MPDKNC_00840	iJN1463.PP_3530	31.1	74	51	0	98	171	64	137	3.32e-05	42.7
MPDKNC_00841	iYO844.BSU26970	59.5	378	152	1	1	377	1	378	1.67e-168	475
MPDKNC_00843	iYO844.BSU02270	46.0	161	87	0	7	167	5	165	2.24e-43	142
MPDKNC_00844	iNF517.LLMG_RS09290	28.0	157	106	3	4	154	5	160	5.30e-11	58.2
MPDKNC_00847	iNF517.LLMG_RS10755	61.2	49	19	0	10	58	11	59	2.08e-14	62.8
MPDKNC_00851	iYO844.BSU07830	60.6	218	83	2	7	222	5	221	2.05e-92	270
MPDKNC_00851	iYS854.USA300HOU_RS13680	57.7	222	91	2	1	222	1	219	3.41e-89	261
MPDKNC_00873	iHN637.CLJU_RS08795	66.2	459	154	1	1	458	1	459	2.29e-218	608
MPDKNC_00873	iPC815.YPO3854	62.9	456	167	1	4	457	8	463	2.34e-210	588
MPDKNC_00877	iEK1008.Rv0202c	30.3	535	357	7	188	715	191	716	1.61e-59	216
MPDKNC_00878	iAF987.Gmet_1919	26.8	127	91	2	1	127	1	125	1.84e-08	53.1
MPDKNC_00880	iYO844.BSU18800	62.1	261	99	0	39	299	46	306	8.57e-112	325
MPDKNC_00882	iYO844.BSU26640	50.3	344	169	1	1	342	1	344	1.61e-130	376
MPDKNC_00883	iML1515.b2415	35.4	79	51	0	4	82	4	82	1.47e-10	52.0
MPDKNC_00883	STM_v1_0.STM2431	35.4	79	51	0	4	82	4	82	1.47e-10	52.0
MPDKNC_00883	iSbBS512_1146.SbBS512_E2765	35.4	79	51	0	4	82	4	82	1.47e-10	52.0
MPDKNC_00883	iSDY_1059.SDY_2612	35.4	79	51	0	4	82	4	82	1.47e-10	52.0
MPDKNC_00883	iSF_1195.SF2470	35.4	79	51	0	4	82	4	82	1.47e-10	52.0
MPDKNC_00883	iSSON_1240.SSON_2504	35.4	79	51	0	4	82	4	82	1.47e-10	52.0
MPDKNC_00883	iYL1228.KPN_02762	35.4	79	51	0	4	82	4	82	2.95e-10	51.2
MPDKNC_00883	iPC815.YPO2993	34.2	79	52	0	4	82	4	82	5.91e-10	50.4
MPDKNC_00884	iYO844.BSU40850	55.7	183	81	0	1	183	2	184	2.87e-71	213
MPDKNC_00884	iYL1228.KPN_00440	56.0	184	79	2	1	183	1	183	7.84e-65	197
MPDKNC_00884	iML1515.b0459	59.2	184	73	2	1	183	1	183	9.48e-65	196
MPDKNC_00884	iSDY_1059.SDY_0460	59.2	184	73	2	1	183	1	183	9.48e-65	196
MPDKNC_00884	iSSON_1240.SSON_0446	59.2	184	73	2	1	183	1	183	9.48e-65	196
MPDKNC_00884	STM_v1_0.STM0472	58.2	184	75	2	1	183	1	183	3.13e-63	192
MPDKNC_00885	iYL1228.KPN_01116	27.2	162	107	4	77	234	4	158	1.83e-08	54.7
MPDKNC_00891	iAF987.Gmet_1991	23.7	228	159	6	362	582	191	410	1.49e-11	67.0
MPDKNC_00892	iAF987.Gmet_0069	32.3	130	69	3	1	118	1	123	1.12e-11	62.8
MPDKNC_00892	iAF987.Gmet_1706	33.0	112	68	3	5	112	3	111	1.17e-11	62.8
MPDKNC_00892	iAF987.Gmet_1919	31.4	121	81	2	1	119	1	121	1.75e-11	62.4
MPDKNC_00892	iAF987.Gmet_2999	34.9	83	51	1	36	115	41	123	3.70e-10	58.5
MPDKNC_00894	iYO844.BSU38500	60.2	502	198	1	1	500	1	502	1.82e-218	612
MPDKNC_00895	iYO844.BSU38510	69.6	392	112	1	1	385	1	392	2.10e-201	559
MPDKNC_00896	iYO844.BSU38520	71.8	78	22	0	1	78	1	78	2.34e-37	119
MPDKNC_00897	iYO844.BSU38530	55.0	387	174	0	4	390	2	388	9.08e-162	459
MPDKNC_00916	iJN1463.PP_5135	23.7	334	233	9	59	380	5	328	7.39e-20	89.4
MPDKNC_00916	iSynCJ816.SGL_RS03245	26.4	284	195	6	73	344	40	321	2.12e-17	82.4
MPDKNC_00916	iHN637.CLJU_RS10665	23.9	305	210	7	44	333	3	300	6.92e-17	80.9
MPDKNC_00917	iCN900.CD630_10240	45.0	333	164	4	5	331	6	325	5.99e-91	276
MPDKNC_00917	iYS854.USA300HOU_RS05485	43.7	318	172	3	5	322	5	315	1.04e-87	268
MPDKNC_00917	iLJ478.TM1376	42.2	322	179	2	4	318	5	326	3.31e-87	267
MPDKNC_00917	iYL1228.KPN_01132	43.4	357	192	5	10	358	23	377	3.57e-86	265
MPDKNC_00917	iLJ478.TM0421	42.2	358	196	4	9	361	8	359	2.84e-86	265
MPDKNC_00917	iHN637.CLJU_RS10680	45.4	335	177	5	9	340	14	345	1.84e-85	263
MPDKNC_00917	iJN1463.PP_0411	44.8	319	169	4	3	315	13	330	7.11e-85	261
MPDKNC_00917	STM_v1_0.STM1226	41.8	361	202	4	5	358	18	377	3.59e-83	257
MPDKNC_00917	iSSON_1240.SSON_1696	42.4	328	165	2	5	331	5	309	1.47e-83	257
MPDKNC_00917	iML1515.b1441	42.1	328	166	2	5	331	5	309	8.29e-83	255
MPDKNC_00917	iNF517.LLMG_RS06730	44.5	319	156	5	3	313	4	309	1.60e-81	254
MPDKNC_00917	iSbBS512_1146.SbBS512_E1304	42.4	356	197	4	10	358	23	377	4.02e-82	254
MPDKNC_00917	iSDY_1059.SDY_2026	42.4	356	197	4	10	358	23	377	4.02e-82	254
MPDKNC_00917	iSSON_1240.SSON_1144	42.4	356	197	4	10	358	23	377	4.02e-82	254
MPDKNC_00917	iML1515.b1126	42.4	356	197	4	10	358	23	377	5.68e-82	254
MPDKNC_00917	iSF_1195.SF1128	42.4	356	197	4	10	358	23	377	5.68e-82	254
MPDKNC_00917	iSDY_1059.SDY_1733	41.8	328	167	2	5	331	5	309	9.34e-82	252
MPDKNC_00917	iYL1228.KPN_01927	41.9	322	163	2	5	325	5	303	1.87e-81	251
MPDKNC_00917	iJN1463.PP_3817	43.4	297	155	2	3	295	13	300	4.02e-80	249
MPDKNC_00917	iJN1463.PP_1484	40.3	330	169	2	1	325	1	307	1.26e-80	249
MPDKNC_00918	iJN1463.PP_5195	23.4	465	319	9	68	513	53	499	1.19e-23	104
MPDKNC_00918	iSynCJ816.SGL_RS12585	24.3	534	349	11	6	513	12	516	1.71e-23	103
MPDKNC_00918	iJN1463.PP_4882	22.0	473	324	11	68	533	69	503	1.46e-21	97.8
MPDKNC_00918	iHN637.CLJU_RS10675	31.9	257	162	6	31	278	31	283	2.03e-21	94.4
MPDKNC_00921	iAF987.Gmet_0069	29.6	108	72	2	3	107	4	110	4.84e-10	58.5
MPDKNC_00921	iAF987.Gmet_1919	35.1	111	67	3	3	111	4	111	5.90e-09	55.5
MPDKNC_00922	iCHOv1.100765605	34.2	593	356	13	2	583	4	573	2.95e-88	284
MPDKNC_00922	iYS854.USA300HOU_RS03515	46.3	309	158	3	1	309	2	302	2.30e-85	268
MPDKNC_00922	iYL1228.KPN_03495	43.0	351	176	3	1	327	1	351	1.85e-84	267
MPDKNC_00922	iSbBS512_1146.SbBS512_E1359	41.6	353	178	3	1	327	1	351	3.84e-80	256
MPDKNC_00922	iML1515.b1200	41.6	353	178	3	1	327	1	351	3.65e-80	256
MPDKNC_00946	iCHOv1.100773401	34.4	285	176	7	7	285	9	288	8.84e-40	140
MPDKNC_00946	iMM1415.235033	34.9	292	175	8	2	285	4	288	9.91e-40	140
MPDKNC_00946	iMM1415.15485	33.5	278	173	6	1	272	1	272	1.99e-37	135
MPDKNC_00946	iCHOv1.100750866	32.7	284	167	8	1	272	1	272	5.94e-37	133
MPDKNC_00946	iCN718.ABAYE_RS01085	36.9	195	121	2	2	194	5	199	4.78e-37	132
MPDKNC_00950	iCHOv1.100751291	33.2	187	119	4	1	183	48	232	2.08e-28	109
MPDKNC_00950	iLB1027_lipid.PHATRDRAFT_25360	34.3	181	116	3	6	183	58	238	1.41e-25	102
MPDKNC_00950	iJN1463.PP_4862	37.8	188	113	3	5	190	4	189	1.04e-25	101
MPDKNC_00950	iCN718.ABAYE_RS13055	32.2	242	153	5	3	235	13	252	2.23e-25	100
MPDKNC_00950	iMM1415.15487	32.4	182	119	2	4	183	45	224	3.70e-25	100
MPDKNC_00950	iCN718.ABAYE_RS13080	33.1	239	149	5	6	235	17	253	1.19e-24	99.0
MPDKNC_00950	iSynCJ816.SGL_RS12965	29.6	247	168	3	1	245	3	245	8.47e-25	99.0
MPDKNC_00952	iMM1415.15487	38.0	192	109	4	1	187	43	229	5.00e-32	119
MPDKNC_00952	iCHOv1.100751291	34.7	193	116	4	1	187	49	237	6.21e-30	113
MPDKNC_00952	iSynCJ816.SGL_RS12965	30.6	242	166	2	1	240	4	245	2.35e-28	108
MPDKNC_00957	iCN900.CD630_09270	26.4	416	225	19	1	395	1	356	1.23e-23	100
MPDKNC_00980	iYS854.USA300HOU_RS06935	40.6	266	141	7	51	310	72	326	2.67e-59	192
MPDKNC_00982	iAF987.Gmet_0043	25.4	224	157	4	397	611	41	263	8.36e-17	83.6
MPDKNC_00983	iAF987.Gmet_1919	31.6	158	104	3	1	156	1	156	7.24e-17	77.8
MPDKNC_00983	iAF987.Gmet_0069	37.5	128	69	4	1	120	1	125	3.64e-16	75.5
MPDKNC_00989	iCN718.ABAYE_RS19015	25.0	100	73	1	105	202	94	193	4.35e-06	45.8
MPDKNC_00989	iAF692.Mbar_A0192	32.5	80	54	0	106	185	95	174	1.83e-05	43.9
MPDKNC_00998	iCN718.ABAYE_RS18625	29.3	150	89	4	35	173	37	180	1.54e-09	56.2
MPDKNC_01000	iSynCJ816.SGL_RS16080	32.7	98	61	1	12	104	18	115	1.29e-08	54.3
MPDKNC_01004	iCN900.CD630_19470	51.4	218	106	0	2	219	10	227	6.63e-70	213
MPDKNC_01006	iCHOv1.100761226	35.7	235	149	2	7	240	901	1134	1.13e-35	136
MPDKNC_01006	iMM1415.11303	35.7	235	149	2	7	240	901	1134	1.13e-35	136
MPDKNC_01006	iYO844.BSU32750	33.5	236	146	5	7	231	4	239	1.67e-37	136
MPDKNC_01006	iEK1008.Rv2936	28.8	312	202	4	7	305	10	314	3.83e-36	132
MPDKNC_01006	iYO844.BSU23960	35.9	198	123	2	23	216	18	215	2.64e-35	127
MPDKNC_01008	iLJ478.TM1724	33.7	249	156	5	9	256	6	246	1.02e-41	142
MPDKNC_01008	iYO844.BSU15910	33.1	248	160	4	9	256	5	246	1.58e-40	139
MPDKNC_01008	iAF987.Gmet_1601	35.4	246	152	4	9	254	6	244	6.21e-40	138
MPDKNC_01008	iCN900.CD630_11820	35.1	251	155	5	7	256	5	248	9.46e-40	137
MPDKNC_01008	iHN637.CLJU_RS20765	33.7	249	159	3	8	256	6	248	7.18e-39	135
MPDKNC_01008	iYS854.USA300HOU_RS06185	35.0	246	148	4	12	254	6	242	1.98e-37	131
MPDKNC_01008	iYO844.BSU03930	33.3	246	161	2	9	254	8	250	5.98e-37	130
MPDKNC_01009	iJN1463.PP_4219	30.4	1094	707	24	19	1080	1107	2178	1.36e-151	508
MPDKNC_01010	iLJ478.TM1744	45.7	341	179	4	1	339	1	337	5.61e-89	270
MPDKNC_01010	iPC815.YPO1357	41.7	348	181	4	1	341	2	334	8.32e-82	252
MPDKNC_01010	iAF987.Gmet_0270	44.7	331	174	5	1	330	3	325	6.64e-81	249
MPDKNC_01010	iCN900.CD630_25910	40.2	346	199	5	2	344	4	344	2.18e-80	248
MPDKNC_01010	iSDY_1059.SDY_2393	43.1	332	179	4	1	332	1	322	3.52e-79	245
MPDKNC_01010	iSF_1195.SF0825	43.1	332	179	4	1	332	1	322	7.03e-79	244
MPDKNC_01010	iML1515.b0870	43.1	332	179	4	1	332	1	322	9.93e-79	244
MPDKNC_01010	STM_v1_0.STM0934	41.6	341	175	5	1	334	1	324	9.93e-79	244
MPDKNC_01011	iPC815.YPO3924	30.2	358	238	6	50	400	47	399	2.69e-37	142
MPDKNC_01011	iSbBS512_1146.SbBS512_E4446	28.4	415	277	8	50	456	47	449	9.61e-37	140
MPDKNC_01011	iSDY_1059.SDY_3795	30.4	358	237	6	50	400	47	399	9.61e-37	140
MPDKNC_01011	iSF_1195.SF4037	29.2	414	275	9	50	456	47	449	1.82e-36	139
MPDKNC_01011	iML1515.b3960	29.2	414	275	9	50	456	47	449	2.50e-36	139
MPDKNC_01011	iSSON_1240.SSON_4133	30.4	358	237	6	50	400	47	399	3.43e-36	139
MPDKNC_01011	STM_v1_0.STM4123	30.4	358	237	6	50	400	47	399	6.57e-36	138
MPDKNC_01011	iYL1228.KPN_04249	28.6	419	281	9	50	461	47	454	1.22e-35	137
MPDKNC_01011	iSynCJ816.SGL_RS05520	26.6	357	254	6	49	400	48	401	9.62e-33	129
MPDKNC_01012	STM_v1_0.STM2058	25.5	286	186	8	25	297	23	294	2.93e-21	91.3
MPDKNC_01013	iEK1008.Rv0848	42.4	295	169	1	24	318	54	347	5.17e-73	230
MPDKNC_01014	iCHOv1.100765077	22.2	248	173	5	74	305	469	712	3.15e-08	55.5
MPDKNC_01015	iYO844.BSU30790	23.8	453	312	10	34	471	45	479	4.31e-26	110
MPDKNC_01015	iYO844.BSU28560	23.3	460	294	12	16	421	48	502	4.30e-23	102
MPDKNC_01015	iEK1008.Rv1427c	22.1	452	313	12	45	470	92	530	5.23e-23	101
MPDKNC_01016	iYO844.BSU11250	35.7	319	186	6	2	319	12	312	1.64e-56	185
MPDKNC_01016	iAF987.Gmet_0205	37.3	308	169	7	13	316	14	301	4.34e-52	173
MPDKNC_01016	iAF692.Mbar_A3512	32.1	318	193	7	2	316	3	300	6.52e-51	170
MPDKNC_01016	iSynCJ816.SGL_RS16800	33.0	309	188	6	8	316	15	304	1.17e-49	167
MPDKNC_01017	iEK1008.Rv0386	41.8	55	32	0	157	211	1027	1081	7.27e-04	40.0
MPDKNC_01018	iPC815.YPO2830	26.6	169	110	4	6	166	7	169	5.20e-11	58.9
MPDKNC_01019	iCN900.CD630_11820	39.8	246	140	3	7	249	6	246	2.54e-59	187
MPDKNC_01019	iLJ478.TM1724	40.2	249	142	3	5	251	3	246	5.96e-57	181
MPDKNC_01019	iYO844.BSU15910	39.3	242	145	2	8	249	5	244	8.43e-57	181
MPDKNC_01019	iYS854.USA300HOU_RS06185	40.8	245	137	3	8	249	3	242	1.80e-55	177
MPDKNC_01019	iHN637.CLJU_RS17225	39.8	244	145	2	8	251	9	250	8.56e-55	176
MPDKNC_01019	iHN637.CLJU_RS20765	37.7	247	152	2	3	249	2	246	7.26e-53	171
MPDKNC_01020	iNF517.LLMG_RS08955	27.1	299	200	9	2	289	3	294	2.66e-23	97.1
MPDKNC_01020	iPC815.YPO1598	25.6	281	205	4	2	280	3	281	7.33e-23	95.9
MPDKNC_01021	iML1515.b1092	20.5	293	220	6	1	286	1	287	1.70e-10	60.5
MPDKNC_01021	iSbBS512_1146.SbBS512_E2232	20.5	293	220	6	1	286	1	287	1.70e-10	60.5
MPDKNC_01021	iSF_1195.SF1096	21.2	293	218	7	1	286	1	287	1.35e-09	57.8
MPDKNC_01021	iSDY_1059.SDY_2058	20.5	293	220	6	1	286	1	287	2.44e-09	57.0
MPDKNC_01021	iNF517.LLMG_RS08955	19.1	293	221	8	1	286	1	284	1.05e-08	55.1
MPDKNC_01021	iSSON_1240.SSON_1112	20.1	293	221	6	1	286	1	287	1.43e-08	54.7
MPDKNC_01022	iCN900.CD630_11790	41.5	318	182	3	20	335	6	321	1.10e-76	238
MPDKNC_01023	iCN900.CD630_10620	27.0	74	51	1	8	81	4	74	5.25e-04	35.0
MPDKNC_01024	iAF692.Mbar_A3604	35.0	103	64	2	2	103	90	190	2.68e-09	53.5
MPDKNC_01024	iAF692.Mbar_A1501	34.7	98	61	2	7	103	89	184	2.39e-08	50.8
MPDKNC_01024	iCN900.CD630_04460	31.6	95	57	3	7	93	600	694	9.01e-08	50.1
MPDKNC_01026	iJN1463.PP_4219	28.0	2759	1800	59	32	2678	509	3197	5.15e-305	989
MPDKNC_01027	iYO844.BSU15510	52.4	347	162	2	29	374	4	348	3.54e-126	367
MPDKNC_01027	iHN637.CLJU_RS02150	48.8	346	172	3	29	373	4	345	2.20e-113	334
MPDKNC_01028	iYS854.USA300HOU_RS06045	50.9	1047	499	6	6	1042	8	1049	0.0	1013
MPDKNC_01028	iYO844.BSU15520	50.1	1067	500	7	7	1054	9	1062	0.0	1006
MPDKNC_01028	iNF517.LLMG_RS05530	49.1	1057	512	10	6	1043	8	1057	0.0	985
MPDKNC_01028	iCN900.CD630_35880	47.8	1064	533	10	6	1054	8	1064	0.0	957
MPDKNC_01028	iHN637.CLJU_RS02155	46.9	1061	542	8	4	1049	6	1060	0.0	945
MPDKNC_01028	iCN900.CD630_35900	46.7	1047	538	10	6	1037	8	1049	0.0	941
MPDKNC_01028	iHN637.CLJU_RS12420	47.6	1052	538	6	4	1048	6	1051	0.0	937
MPDKNC_01033	iAF987.Gmet_0946	26.4	87	60	3	33	117	36	120	9.05e-04	37.0
MPDKNC_01035	iYL1228.KPN_04585	25.3	198	128	5	40	217	109	306	1.04e-07	51.2
MPDKNC_01035	iML1515.b4192	25.5	200	125	6	40	217	109	306	6.17e-07	48.9
MPDKNC_01035	STM_v1_0.STM4382	25.5	200	125	6	40	217	109	306	6.17e-07	48.9
MPDKNC_01035	iSF_1195.SF4347	25.5	200	125	6	40	217	111	308	6.19e-07	48.9
MPDKNC_01035	iSSON_1240.SSON_4374	25.5	200	125	6	40	217	111	308	6.19e-07	48.9
MPDKNC_01035	iSDY_1059.SDY_4361	25.0	200	126	6	40	217	86	283	1.93e-06	47.4
MPDKNC_01039	iYS854.USA300HOU_RS03005	63.6	461	167	1	1	461	1	460	8.35e-207	579
MPDKNC_01041	iAF987.Gmet_1919	32.3	167	107	3	5	170	4	165	3.49e-19	84.3
MPDKNC_01041	iAF987.Gmet_0069	39.2	120	68	3	5	119	4	123	5.65e-17	77.8
MPDKNC_01041	iAF987.Gmet_2999	36.6	123	73	2	6	123	10	132	1.52e-16	77.0
MPDKNC_01042	iAF987.Gmet_0043	23.8	235	161	6	248	469	39	268	1.55e-08	56.6
MPDKNC_01042	iAF987.Gmet_1991	21.1	227	169	4	245	466	191	412	4.90e-07	52.0
MPDKNC_01045	iML1515.b1798	28.4	204	138	4	3	204	9	206	1.53e-20	85.1
MPDKNC_01045	iAF692.Mbar_A2583	32.1	168	104	4	2	168	5	163	4.03e-19	81.3
MPDKNC_01045	iAF987.Gmet_0798	31.0	171	109	3	3	172	5	167	1.09e-17	77.4
MPDKNC_01048	iJN1463.PP_0881	31.8	110	67	2	99	200	178	287	1.08e-04	42.4
MPDKNC_01048	iJN1463.PP_4148	34.7	75	44	2	131	200	231	305	3.57e-04	40.8
MPDKNC_01055	iML1515.b1337	29.8	453	236	9	15	391	11	457	5.25e-48	169
MPDKNC_01056	iYS854.USA300HOU_RS02335	42.9	275	146	5	1	271	1	268	5.85e-66	206
MPDKNC_01056	iML1515.b0197	41.2	257	144	6	12	263	14	268	1.48e-58	187
MPDKNC_01056	STM_v1_0.STM0245	42.0	257	142	6	12	263	14	268	2.09e-58	187
MPDKNC_01056	iSbBS512_1146.SbBS512_E0191	41.2	257	144	6	12	263	14	268	2.09e-58	187
MPDKNC_01056	iSF_1195.SF0188	41.2	257	144	6	12	263	14	268	2.09e-58	187
MPDKNC_01056	iSSON_1240.SSON_0211	41.2	257	144	6	12	263	14	268	2.09e-58	187
MPDKNC_01057	iYS854.USA300HOU_RS02330	61.3	212	82	0	4	215	7	218	2.73e-83	246
MPDKNC_01057	iCN718.ABAYE_RS07235	57.6	205	87	0	7	211	25	229	9.00e-75	225
MPDKNC_01058	iJN1463.PP_0114	53.4	324	141	3	1	320	1	318	3.20e-110	324
MPDKNC_01058	iSbBS512_1146.SbBS512_E0193	50.6	338	165	1	1	336	1	338	2.38e-109	322
MPDKNC_01058	iSDY_1059.SDY_0218	50.6	338	165	1	1	336	1	338	2.38e-109	322
MPDKNC_01058	iSSON_1240.SSON_0213	50.6	338	165	1	1	336	1	338	2.38e-109	322
MPDKNC_01058	iML1515.b0199	50.3	338	166	1	1	336	1	338	3.37e-109	322
MPDKNC_01058	iSF_1195.SF0190	50.3	338	166	1	1	336	1	338	1.93e-108	320
MPDKNC_01058	iYS854.USA300HOU_RS02325	53.8	305	140	1	1	304	1	305	1.80e-108	320
MPDKNC_01058	iYL1228.KPN_00213	50.0	340	164	2	1	336	1	338	1.56e-107	317
MPDKNC_01058	iPC815.YPO1073	49.7	340	165	2	1	336	1	338	8.89e-107	315
MPDKNC_01058	STM_v1_0.STM0247	49.7	340	165	2	1	336	1	338	2.53e-106	314
MPDKNC_01058	iYO844.BSU32750	45.6	338	184	0	1	338	1	338	8.13e-102	303
MPDKNC_01058	iIT341.HP1576	45.6	338	170	3	1	338	2	325	3.84e-99	295
MPDKNC_01060	iYO844.BSU33320	35.5	299	183	7	4	293	10	307	9.00e-51	169
MPDKNC_01060	iYS854.USA300HOU_RS10890	35.6	289	175	6	10	291	7	291	1.30e-50	169
MPDKNC_01060	iYS854.USA300HOU_RS12365	32.7	294	190	4	1	291	1	289	3.60e-46	157
MPDKNC_01064	iYS854.USA300HOU_RS04360	36.8	174	104	3	4	171	3	176	4.79e-35	120
MPDKNC_01065	iCN718.ABAYE_RS07230	35.0	100	51	2	59	158	50	135	1.83e-06	47.0
MPDKNC_01065	iYL1228.KPN_00227	26.6	128	68	6	27	149	14	120	6.87e-05	42.4
MPDKNC_01065	iEK1008.Rv2581c	25.2	143	91	3	31	158	21	162	6.10e-05	42.4
MPDKNC_01073	iYO844.BSU06240	86.9	343	45	0	1	343	1	343	1.33e-215	592
MPDKNC_01077	iYL1228.KPN_00046	39.3	56	25	1	201	256	5	51	3.70e-06	49.3
MPDKNC_01077	iLB1027_lipid.PHATRDRAFT_47351	25.3	257	154	12	197	433	112	350	9.08e-06	48.5
MPDKNC_01077	iML1515.b0049	39.3	56	25	1	201	256	5	51	1.15e-05	47.8
MPDKNC_01077	iSbBS512_1146.SbBS512_E0043	39.3	56	25	1	201	256	5	51	1.15e-05	47.8
MPDKNC_01077	iSDY_1059.SDY_0074	39.3	56	25	1	201	256	5	51	1.17e-05	47.8
MPDKNC_01077	iSF_1195.SF0046	39.3	56	25	1	201	256	5	51	1.15e-05	47.8
MPDKNC_01077	iSSON_1240.SSON_0057	39.3	56	25	1	201	256	5	51	1.15e-05	47.8
MPDKNC_01077	iPC815.YPO0490	33.9	56	28	1	201	256	5	51	1.21e-05	47.8
MPDKNC_01077	STM_v1_0.STM0088	37.5	56	26	1	201	256	5	51	3.66e-05	46.2
MPDKNC_01077	iCN718.ABAYE_RS03000	28.7	101	52	2	201	301	8	88	1.13e-04	44.7
MPDKNC_01083	iYO844.BSU38830	45.9	486	260	3	1	484	1	485	1.46e-151	440
MPDKNC_01083	iAF987.Gmet_2131	43.5	476	266	3	10	484	7	480	1.42e-134	397
MPDKNC_01085	iAF987.Gmet_0520	25.5	149	101	3	13	152	18	165	1.09e-05	46.2
MPDKNC_01086	iYL1228.KPN_03930	31.3	332	200	4	39	370	8	311	3.25e-50	170
MPDKNC_01086	iPC815.YPO4037	28.9	332	208	4	39	370	26	329	1.42e-44	156
MPDKNC_01086	iSF_1195.SF3610	29.5	332	206	4	39	370	26	329	1.04e-43	154
MPDKNC_01087	iYL1228.KPN_03931	46.8	504	261	5	4	505	3	501	4.86e-147	431
MPDKNC_01087	iML1515.b3567	46.8	504	261	5	4	505	3	501	2.76e-146	429
MPDKNC_01087	iSbBS512_1146.SbBS512_E3955	46.6	504	262	5	4	505	3	501	2.76e-146	429
MPDKNC_01087	iPC815.YPO4036	46.4	504	263	5	4	505	3	501	5.01e-146	428
MPDKNC_01087	iSF_1195.SF3611	46.8	504	261	5	4	505	3	501	1.11e-145	427
MPDKNC_01087	iHN637.CLJU_RS00620	44.3	508	268	6	1	506	1	495	3.45e-138	407
MPDKNC_01087	iYO844.BSU35940	42.9	503	270	8	6	506	3	490	4.83e-131	389
MPDKNC_01088	iPC815.YPO4035	38.6	376	222	2	14	389	27	393	1.19e-72	231
MPDKNC_01088	iML1515.b3568	37.5	376	226	2	14	389	26	392	9.99e-71	226
MPDKNC_01088	iSbBS512_1146.SbBS512_E3954	37.5	376	226	2	14	389	26	392	9.99e-71	226
MPDKNC_01088	iSF_1195.SF3612	37.5	376	226	2	14	389	26	392	9.99e-71	226
MPDKNC_01088	iYL1228.KPN_03932	37.8	376	225	2	14	389	26	392	3.93e-70	225
MPDKNC_01089	iLJ478.TM0114	31.7	243	157	6	58	297	43	279	1.34e-21	93.2
MPDKNC_01089	iCN900.CD630_03000	25.0	284	194	8	32	306	26	299	9.24e-20	87.8
MPDKNC_01091	iAF987.Gmet_1914	27.0	115	82	1	1	115	1	113	4.91e-09	58.2
MPDKNC_01091	iAF987.Gmet_1919	32.9	149	92	5	4	147	5	150	8.34e-09	57.0
MPDKNC_01091	iAF987.Gmet_2999	29.0	138	90	4	4	136	10	144	1.13e-07	53.5
MPDKNC_01092	iPC815.YPO4037	49.7	306	154	0	41	346	26	331	6.77e-102	303
MPDKNC_01092	iSF_1195.SF3610	49.8	305	153	0	41	345	26	330	7.49e-101	300
MPDKNC_01092	iYL1228.KPN_03930	49.2	305	155	0	41	345	8	312	1.67e-100	298
MPDKNC_01092	iML1515.b3566	49.5	305	154	0	41	345	26	330	4.27e-100	298
MPDKNC_01092	iSbBS512_1146.SbBS512_E3956	48.9	305	149	1	41	345	38	335	3.00e-96	288
MPDKNC_01100	iNF517.LLMG_RS03890	31.4	118	76	3	39	151	40	157	1.20e-07	50.8
MPDKNC_01100	iAM_Pf480.PF3D7_1343000	28.3	166	96	7	46	209	55	199	8.11e-07	48.5
MPDKNC_01107	iCN718.ABAYE_RS09790	38.2	251	147	3	6	249	8	257	2.04e-44	150
MPDKNC_01107	iLJ478.TM1724	37.9	256	139	4	1	249	1	243	1.36e-44	150
MPDKNC_01107	iCN900.CD630_26790	37.2	253	151	3	4	249	3	254	2.65e-44	149
MPDKNC_01107	iHN637.CLJU_RS17225	38.2	249	141	3	5	249	8	247	7.33e-42	143
MPDKNC_01107	iHN637.CLJU_RS20765	35.9	248	146	4	6	249	7	245	3.32e-39	136
MPDKNC_01108	iCN900.CD630_21940	31.4	366	223	10	2	345	5	364	3.47e-46	162
MPDKNC_01109	iYO844.BSU17600	72.9	428	116	0	10	437	18	445	1.98e-232	642
MPDKNC_01110	iYO844.BSU17610	56.1	499	214	2	1	495	1	498	1.17e-198	561
MPDKNC_01111	iJN1463.PP_1171	28.1	249	152	8	3	245	8	235	3.27e-14	70.1
MPDKNC_01113	iYO844.BSU28730	26.4	296	192	6	8	294	3	281	7.20e-26	103
MPDKNC_01113	iCN900.CD630_34150	24.5	286	194	5	14	293	17	286	7.62e-23	95.1
MPDKNC_01114	iYO844.BSU30280	28.1	288	199	6	33	318	16	297	1.07e-27	109
MPDKNC_01114	iYO844.BSU28740	26.5	287	203	6	39	323	33	313	3.42e-27	108
MPDKNC_01118	iMM904.YJR153W	25.9	197	124	6	93	281	87	269	9.42e-11	62.8
MPDKNC_01126	iEK1008.Rv3823c	33.2	241	147	5	456	691	793	1024	9.68e-25	110
MPDKNC_01126	iEK1008.Rv0202c	23.4	722	481	20	15	697	9	697	2.48e-23	105
MPDKNC_01127	iYO844.BSU10870	55.4	195	86	1	1	194	18	212	6.62e-68	206
MPDKNC_01128	iCN900.CD630_36640	28.7	376	256	6	108	471	17	392	2.81e-48	170
MPDKNC_01129	iAF987.Gmet_1919	37.1	116	72	1	3	117	5	120	8.15e-16	74.7
MPDKNC_01129	iAF987.Gmet_2999	33.1	154	98	2	3	151	10	163	1.18e-15	74.3
MPDKNC_01130	iAF987.Gmet_0043	27.8	248	166	6	220	455	20	266	5.12e-22	98.6
MPDKNC_01134	iML1515.b2263	35.7	84	54	0	7	90	8	91	1.02e-07	51.2
MPDKNC_01134	iSbBS512_1146.SbBS512_E2642	36.1	83	53	0	7	89	8	90	1.37e-07	50.8
MPDKNC_01135	iYS854.USA300HOU_RS11805	22.1	390	286	10	23	406	15	392	3.64e-07	51.6
MPDKNC_01144	iSynCJ816.SGL_RS02230	27.4	95	68	1	13	106	57	151	7.73e-06	43.5
MPDKNC_01144	iSbBS512_1146.SbBS512_E1312	25.4	126	90	3	22	146	18	140	7.61e-06	43.1
MPDKNC_01144	iYO844.BSU23610	38.6	70	41	2	5	73	43	111	1.43e-05	42.7
MPDKNC_01144	iML1515.b1134	26.8	112	79	2	22	132	18	127	1.45e-05	42.4
MPDKNC_01144	iSDY_1059.SDY_2018	26.8	112	79	2	22	132	18	127	1.45e-05	42.4
MPDKNC_01144	iSF_1195.SF1153	26.8	112	79	2	22	132	18	127	1.45e-05	42.4
MPDKNC_01144	iPC815.YPO0565	36.4	110	62	5	11	117	8	112	1.04e-05	42.4
MPDKNC_01144	iSSON_1240.SSON_1152	26.8	112	79	2	22	132	18	127	1.99e-05	42.0
MPDKNC_01144	iSSON_1240.SSON_2312	37.3	59	34	1	15	70	10	68	1.72e-05	42.0
MPDKNC_01144	iML1515.b2251	37.3	59	34	1	15	70	10	68	3.28e-05	41.2
MPDKNC_01144	iCN900.CD630_12200	29.1	110	70	5	9	116	44	147	6.54e-05	40.8
MPDKNC_01144	STM_v1_0.STM1235	37.3	51	32	0	15	65	11	61	5.20e-05	40.8
MPDKNC_01144	iAF987.Gmet_1790	34.4	96	50	4	34	123	50	138	7.22e-05	40.4
MPDKNC_01144	iSynCJ816.SGL_RS05525	45.2	42	22	1	33	73	40	81	6.77e-05	40.4
MPDKNC_01144	iPC815.YPO2167	40.0	55	32	1	8	61	2	56	5.24e-05	40.4
MPDKNC_01144	iYL1228.KPN_01211	38.7	62	31	2	8	65	7	65	8.27e-05	40.0
MPDKNC_01144	iYS854.USA300HOU_RS08015	28.6	112	77	3	9	118	44	154	1.24e-04	40.0
MPDKNC_01144	iSF_1195.SF2330	40.0	45	27	0	26	70	3	47	8.91e-05	39.7
MPDKNC_01144	iSDY_1059.SDY_0129	29.1	117	79	3	11	126	8	121	1.46e-04	39.3
MPDKNC_01148	iML1515.b0376	22.4	326	214	10	15	313	40	353	7.40e-10	59.3
MPDKNC_01150	iJN1463.PP_0553	29.9	97	65	2	4	98	135	230	3.07e-04	40.8
MPDKNC_01150	iCN718.ABAYE_RS14020	32.7	98	59	3	4	96	82	177	9.52e-04	39.3
MPDKNC_01150	iJN1463.PP_5004	30.4	79	53	1	22	98	48	126	8.57e-04	39.3
MPDKNC_01151	iEK1008.Rv2933	35.3	235	146	4	6	237	1463	1694	1.37e-33	128
MPDKNC_01151	iEK1008.Rv3777	34.3	251	157	4	1	248	4	249	9.22e-34	124
MPDKNC_01165	iAF987.Gmet_0843	21.8	280	174	7	26	297	23	265	3.38e-05	44.3
MPDKNC_01165	iLB1027_lipid.PHATRDRAFT_54974	39.6	48	29	0	79	126	219	266	1.58e-04	42.7
MPDKNC_01165	iEK1008.Rv0646c	26.2	126	67	3	12	114	14	136	2.82e-04	41.6
MPDKNC_01167	iPC815.YPO2167	39.3	61	36	1	176	235	1	61	9.27e-08	50.1
MPDKNC_01167	iAF987.Gmet_1790	39.0	59	35	1	180	237	26	84	4.35e-06	45.8
MPDKNC_01168	iCN718.ABAYE_RS12465	39.5	220	129	4	4	219	3	222	1.38e-46	153
MPDKNC_01169	iNF517.LLMG_RS04495	25.9	174	118	3	14	180	3	172	3.99e-17	74.7
MPDKNC_01171	iYO844.BSU29050	60.5	271	107	0	7	277	10	280	3.95e-125	357
MPDKNC_01171	iYO844.BSU33400	58.2	273	110	2	5	277	8	276	3.91e-117	337
MPDKNC_01173	iSDY_1059.SDY_1625	32.4	105	62	4	47	148	30	128	3.28e-05	43.1
MPDKNC_01173	iSF_1195.SF1576	32.4	105	62	4	47	148	30	128	3.28e-05	43.1
MPDKNC_01173	iML1515.b1519	32.4	105	62	4	47	148	30	128	1.97e-04	40.8
MPDKNC_01173	iAM_Pc455.PCYB_122070	26.3	137	96	2	15	150	18	150	2.00e-04	40.8
MPDKNC_01173	iSbBS512_1146.SbBS512_E1690	32.4	105	62	4	47	148	21	119	1.91e-04	40.8
MPDKNC_01173	iAM_Pv461.PVX_083045	26.9	104	75	1	48	150	53	156	8.97e-04	38.9
MPDKNC_01176	iML1515.b3885	30.0	130	88	2	68	195	59	187	3.35e-10	57.0
MPDKNC_01179	iCN900.CD630_22540	61.9	42	16	0	1	42	1	42	2.24e-12	57.8
MPDKNC_01179	iCN718.ABAYE_RS07190	64.3	42	15	0	1	42	1	42	9.34e-12	56.2
MPDKNC_01179	iHN637.CLJU_RS14520	59.5	42	17	0	1	42	1	42	8.53e-12	56.2
MPDKNC_01180	iHN637.CLJU_RS14520	52.7	167	79	0	1	167	64	230	3.99e-63	194
MPDKNC_01180	iCN718.ABAYE_RS07190	54.4	171	77	1	1	171	64	233	8.17e-63	193
MPDKNC_01180	iCN900.CD630_22540	51.9	158	75	1	1	158	64	220	1.21e-56	177
MPDKNC_01181	iCN900.CD630_22060	49.6	427	215	0	5	431	4	430	9.31e-160	458
MPDKNC_01181	iYS854.USA300HOU_RS10435	51.3	425	205	1	12	434	12	436	4.76e-156	449
MPDKNC_01182	STM_v1_0.STM2276	30.0	110	76	1	44	153	53	161	4.04e-07	49.3
MPDKNC_01182	iML1515.b2232	30.0	110	76	1	44	153	53	161	7.27e-07	48.5
MPDKNC_01182	iSbBS512_1146.SbBS512_E2607	30.0	110	76	1	44	153	53	161	7.27e-07	48.5
MPDKNC_01182	iSDY_1059.SDY_2424	30.0	110	76	1	44	153	53	161	7.27e-07	48.5
MPDKNC_01182	iSF_1195.SF2312	30.0	110	76	1	44	153	53	161	7.27e-07	48.5
MPDKNC_01182	iSSON_1240.SSON_2290	30.0	110	76	1	44	153	53	161	7.27e-07	48.5
MPDKNC_01182	iYL1228.KPN_02641	30.0	110	76	1	44	153	53	161	9.93e-07	48.1
MPDKNC_01182	iCN718.ABAYE_RS19010	31.0	113	72	3	44	153	47	156	1.05e-05	45.1
MPDKNC_01187	iEK1008.Rv0634c	28.3	159	79	9	24	168	32	169	3.76e-06	46.2
MPDKNC_01187	iCN718.ABAYE_RS07230	24.7	186	107	6	40	221	34	190	4.22e-05	43.1
MPDKNC_01188	iYL1228.KPN_00670	27.5	200	128	5	1	189	1	194	1.38e-14	68.9
MPDKNC_01188	iLJ478.TM1374	27.4	208	131	7	1	196	1	200	8.70e-14	66.6
MPDKNC_01188	iCN900.CD630_18140	26.8	198	134	5	5	194	7	201	7.38e-13	64.3
MPDKNC_01188	iSF_1195.SF0643	27.7	184	113	7	1	172	1	176	8.85e-13	63.9
MPDKNC_01188	iML1515.b0638	26.6	184	115	7	1	172	1	176	3.25e-12	62.4
MPDKNC_01189	STM_v1_0.STM3708	29.8	208	102	5	62	228	58	262	6.86e-14	70.9
MPDKNC_01189	iPC815.YPO0060	28.8	208	104	5	62	228	58	262	1.69e-13	69.7
MPDKNC_01189	iML1515.b3616	29.3	208	103	5	62	228	58	262	3.09e-13	68.9
MPDKNC_01189	iSDY_1059.SDY_4049	29.3	208	103	5	62	228	58	262	3.09e-13	68.9
MPDKNC_01189	iSbBS512_1146.SbBS512_E4044	29.3	208	103	5	62	228	58	262	4.16e-13	68.6
MPDKNC_01189	iSF_1195.SF3656	29.3	208	103	5	62	228	58	262	4.16e-13	68.6
MPDKNC_01189	iSSON_1240.SSON_3788	29.3	208	103	5	62	228	58	262	5.62e-13	68.2
MPDKNC_01189	iYL1228.KPN_03961	29.3	208	103	5	62	228	58	262	7.58e-13	67.8
MPDKNC_01191	iYL1228.KPN_03942	59.0	641	245	7	4	635	3	634	1.03e-246	694
MPDKNC_01191	STM_v1_0.STM3685	58.9	640	245	8	4	634	3	633	5.33e-245	690
MPDKNC_01191	iML1515.b3599	58.3	640	249	7	4	634	3	633	1.19e-243	686
MPDKNC_01191	iSbBS512_1146.SbBS512_E4016	58.3	640	249	7	4	634	3	633	1.69e-243	686
MPDKNC_01191	iSSON_1240.SSON_3809	58.3	640	249	7	4	634	3	633	1.69e-243	686
MPDKNC_01191	iSF_1195.SF3633	58.3	640	249	7	4	634	3	633	2.39e-243	686
MPDKNC_01191	iPC815.YPO4068	58.0	636	254	7	7	634	7	637	1.47e-238	674
MPDKNC_01192	iYS854.USA300HOU_RS11635	32.1	499	319	7	1	487	1	491	1.79e-70	243
MPDKNC_01193	iYO844.BSU03990	48.8	361	175	4	4	360	3	357	3.19e-108	322
MPDKNC_01193	iYL1228.KPN_03943	44.9	383	202	4	3	378	2	382	1.21e-107	320
MPDKNC_01193	STM_v1_0.STM3686	44.1	383	205	4	3	378	2	382	1.21e-107	320
MPDKNC_01193	iML1515.b3600	44.4	383	204	4	3	378	2	382	1.38e-106	318
MPDKNC_01193	iSF_1195.SF3634	43.9	383	206	4	3	378	2	382	7.82e-106	316
MPDKNC_01193	iSSON_1240.SSON_3808	43.9	383	206	4	3	378	2	382	7.82e-106	316
MPDKNC_01193	iSbBS512_1146.SbBS512_E4017	43.6	383	207	4	3	378	2	382	6.29e-105	313
MPDKNC_01193	iCN900.CD630_23310	44.1	383	207	4	1	378	1	381	1.04e-103	310
MPDKNC_01193	iPC815.YPO4067	43.6	383	207	4	3	378	2	382	3.06e-101	304
MPDKNC_01193	iYS854.USA300HOU_RS11645	44.0	377	198	5	3	377	2	367	2.70e-100	301
MPDKNC_01198	STM_v1_0.STM3576	35.3	691	413	10	4	680	52	722	1.19e-127	395
MPDKNC_01198	iJN1463.PP_5139	39.1	576	341	6	113	679	166	740	2.94e-126	392
MPDKNC_01198	iML1515.b3469	35.5	691	412	10	4	680	52	722	3.59e-126	391
MPDKNC_01198	iSbBS512_1146.SbBS512_E3853	35.5	691	412	10	4	680	52	722	1.40e-125	389
MPDKNC_01198	iSF_1195.SF3487	35.2	691	414	10	4	680	52	722	1.97e-125	389
MPDKNC_01198	iSSON_1240.SSON_3707	35.2	691	414	10	4	680	52	722	1.97e-125	389
MPDKNC_01198	iPC815.YPO3820	35.2	696	427	10	4	680	86	776	1.69e-124	388
MPDKNC_01198	iSDY_1059.SDY_3620	35.2	691	414	10	4	680	52	722	5.49e-125	388
MPDKNC_01198	iYL1228.KPN_03835	34.6	687	425	8	4	680	53	725	6.63e-124	385
MPDKNC_01198	iYO844.BSU13850	38.2	579	350	5	110	681	53	630	1.12e-121	376
MPDKNC_01198	iCN900.CD630_03130	34.6	702	425	15	2	678	93	785	1.13e-118	373
MPDKNC_01198	iYO844.BSU33490	35.6	703	425	12	2	687	6	697	7.91e-119	371
MPDKNC_01198	iSynCJ816.SGL_RS16085	37.8	601	348	8	111	689	46	642	5.99e-119	369
MPDKNC_01201	iYS854.USA300HOU_RS00270	28.8	111	75	3	62	171	54	161	1.35e-07	48.5
MPDKNC_01201	STM_v1_0.STM1502	27.4	106	73	3	62	166	60	162	4.08e-06	44.7
MPDKNC_01202	iCN900.CD630_19470	47.1	221	114	2	4	222	9	228	5.26e-59	185
MPDKNC_01208	iSF_1195.SF0727	35.4	130	78	3	23	152	18	141	1.11e-13	68.6
MPDKNC_01208	iSbBS512_1146.SbBS512_E2575	34.6	130	79	3	23	152	18	141	3.89e-13	67.0
MPDKNC_01208	iSSON_1240.SSON_0756	34.6	130	79	3	23	152	18	141	3.89e-13	67.0
MPDKNC_01208	iML1515.b0777	34.6	130	79	3	23	152	18	141	1.36e-12	65.5
MPDKNC_01208	iSDY_1059.SDY_0829	35.7	112	68	2	41	152	34	141	4.72e-12	63.9
MPDKNC_01210	iYO844.BSU33500	63.7	801	285	3	5	801	4	802	0.0	965
MPDKNC_01210	iYS854.USA300HOU_RS13880	59.1	802	316	7	3	801	2	794	8.96e-311	870
MPDKNC_01211	iYO844.BSU33510	53.7	67	31	0	1	67	1	67	9.83e-19	71.6
MPDKNC_01211	iYS854.USA300HOU_RS13885	44.1	68	38	0	1	68	1	68	9.16e-17	66.6
MPDKNC_01213	iML1515.b3823	25.9	193	115	7	21	197	20	200	1.17e-06	47.0
MPDKNC_01213	iSbBS512_1146.SbBS512_E4290	25.9	193	115	7	21	197	20	200	1.17e-06	47.0
MPDKNC_01213	iPC815.YPO3832	24.6	195	115	9	21	197	20	200	1.01e-05	44.3
MPDKNC_01213	STM_v1_0.STM3959	24.7	190	121	6	21	197	20	200	1.37e-05	43.9
MPDKNC_01214	STM_v1_0.STM0137	32.8	64	37	2	1	61	1	61	5.36e-04	39.3
MPDKNC_01215	iYS854.USA300HOU_RS03880	47.9	626	320	5	17	637	12	636	1.03e-206	593
MPDKNC_01217	iAF987.Gmet_0843	34.4	61	40	0	216	276	204	264	9.55e-05	42.7
MPDKNC_01218	iYS854.USA300HOU_RS02995	40.9	176	101	1	10	185	10	182	1.88e-39	132
MPDKNC_01219	iYS854.USA300HOU_RS02990	59.4	207	84	0	1	207	1	207	9.83e-85	249
MPDKNC_01224	iJN1463.PP_0920	43.5	214	105	7	8	210	4	212	2.30e-44	155
MPDKNC_01224	iJN1463.PP_3173	31.8	358	199	11	8	345	3	335	5.45e-39	142
MPDKNC_01224	iJN1463.PP_2486	39.7	229	116	6	8	218	6	230	2.46e-38	140
MPDKNC_01225	iHN637.CLJU_RS10635	29.9	167	95	8	28	185	2	155	3.41e-04	42.0
MPDKNC_01228	iAF987.Gmet_1706	37.5	120	70	3	1	118	1	117	2.31e-15	73.2
MPDKNC_01228	iAF987.Gmet_1914	34.9	106	68	1	3	108	4	108	4.90e-13	67.0
MPDKNC_01229	iAF987.Gmet_0043	28.3	233	155	5	203	430	41	266	1.38e-16	81.6
MPDKNC_01232	iNF517.LLMG_RS01990	29.4	136	86	3	127	252	142	277	1.18e-14	72.8
MPDKNC_01234	iML1515.b0914	29.6	567	395	2	7	572	19	582	6.78e-85	275
MPDKNC_01234	iSbBS512_1146.SbBS512_E2410	29.6	567	395	2	7	572	19	582	6.78e-85	275
MPDKNC_01234	iSDY_1059.SDY_2344	29.6	567	395	2	7	572	19	582	6.78e-85	275
MPDKNC_01234	iSF_1195.SF0910	29.5	567	396	2	7	572	19	582	1.87e-84	274
MPDKNC_01234	iSSON_1240.SSON_0916	29.5	567	396	2	7	572	19	582	3.66e-84	273
MPDKNC_01234	STM_v1_0.STM0984	29.3	567	397	2	7	572	19	582	5.14e-84	273
MPDKNC_01234	iJN1463.PP_4935	32.7	507	326	5	63	566	95	589	1.02e-79	262
MPDKNC_01234	iYL1228.KPN_00941	28.5	536	382	1	38	572	47	582	8.95e-80	261
MPDKNC_01234	iPC815.YPO1395	28.2	567	403	2	7	572	19	582	3.43e-79	260
MPDKNC_01234	iAF987.Gmet_2349	29.5	583	387	6	1	571	1	571	5.18e-79	259
MPDKNC_01235	iYL1228.KPN_00941	32.0	575	368	9	15	579	14	575	1.66e-73	245
MPDKNC_01235	iML1515.b0914	31.8	575	369	10	15	579	14	575	2.32e-73	245
MPDKNC_01235	iSbBS512_1146.SbBS512_E2410	31.8	575	369	10	15	579	14	575	2.32e-73	245
MPDKNC_01235	iSDY_1059.SDY_2344	31.8	575	369	10	15	579	14	575	2.32e-73	245
MPDKNC_01235	iSF_1195.SF0910	31.8	575	369	10	15	579	14	575	2.32e-73	245
MPDKNC_01235	STM_v1_0.STM0984	32.2	575	367	10	15	579	14	575	3.23e-73	244
MPDKNC_01235	iSSON_1240.SSON_0916	31.8	575	369	10	15	579	14	575	3.23e-73	244
MPDKNC_01235	iPC815.YPO1395	31.3	576	371	8	15	579	14	575	8.79e-73	243
MPDKNC_01238	iJN1463.PP_3588	23.6	373	275	7	16	386	16	380	6.86e-25	104
MPDKNC_01241	iML1515.b3833	29.5	156	96	5	5	147	29	183	4.47e-07	49.3
MPDKNC_01241	iSbBS512_1146.SbBS512_E4305	29.5	156	96	5	5	147	29	183	4.47e-07	49.3
MPDKNC_01241	iSDY_1059.SDY_3910	29.5	156	96	5	5	147	29	183	4.47e-07	49.3
MPDKNC_01241	iSF_1195.SF3911	29.5	156	96	5	5	147	29	183	4.47e-07	49.3
MPDKNC_01241	iSSON_1240.SSON_4008	29.5	156	96	5	5	147	29	183	4.47e-07	49.3
MPDKNC_01241	STM_v1_0.STM3970	28.2	156	98	5	5	147	29	183	6.52e-06	45.8
MPDKNC_01241	iYL1228.KPN_04329	29.6	125	79	4	31	147	60	183	8.77e-06	45.4
MPDKNC_01241	iYS854.USA300HOU_RS07520	26.7	131	92	2	26	152	41	171	8.33e-06	45.4
MPDKNC_01241	iPC815.YPO3781	29.6	125	79	4	31	147	60	183	8.77e-06	45.4
MPDKNC_01248	iNF517.LLMG_RS09290	26.5	162	114	1	4	160	3	164	6.39e-15	68.9
MPDKNC_01250	iJN1463.PP_3588	23.1	355	253	8	2	343	5	352	4.53e-09	57.4
MPDKNC_01252	iEK1008.Rv2284	25.4	209	127	7	368	558	195	392	1.66e-07	53.5
MPDKNC_01261	iSynCJ816.SGL_RS14875	32.4	111	67	4	3	106	1	110	2.63e-11	57.4
MPDKNC_01263	iSynCJ816.SGL_RS11800	29.7	118	71	4	45	152	95	210	1.03e-09	56.6
MPDKNC_01265	iSDY_1059.SDY_1232	26.2	294	173	9	34	316	26	286	1.09e-19	87.4
MPDKNC_01265	iJN1463.PP_4799	25.0	320	203	9	13	327	21	308	2.28e-19	86.7
MPDKNC_01266	iCN718.ABAYE_RS03670	32.3	124	78	2	13	136	14	131	1.05e-20	81.6
MPDKNC_01267	iAF987.Gmet_1601	37.5	200	123	1	4	201	2	201	1.60e-34	123
MPDKNC_01267	iNF517.LLMG_RS08950	34.1	217	135	3	5	214	3	218	5.62e-30	111
MPDKNC_01272	iCN900.CD630_36320	22.7	154	114	2	6	156	3	154	8.86e-14	65.5
MPDKNC_01275	iYO844.BSU30450	27.5	218	156	2	5	221	2	218	1.15e-25	102
MPDKNC_01275	iCN900.CD630_09000	28.2	216	145	4	5	210	2	217	8.53e-22	93.6
MPDKNC_01276	iYO844.BSU33830	27.7	310	212	7	5	305	1	307	5.65e-34	127
MPDKNC_01276	iML1515.b3201	32.1	221	144	2	6	220	4	224	2.27e-34	125
MPDKNC_01276	iSbBS512_1146.SbBS512_E3569	32.1	221	144	2	6	220	4	224	2.27e-34	125
MPDKNC_01276	iSDY_1059.SDY_3382	32.1	221	144	2	6	220	4	224	2.27e-34	125
MPDKNC_01276	iSF_1195.SF3241	32.1	221	144	2	6	220	4	224	2.27e-34	125
MPDKNC_01276	iSSON_1240.SSON_3349	32.1	221	144	2	6	220	4	224	2.27e-34	125
MPDKNC_01276	iCN900.CD630_16140	35.0	223	142	1	4	223	23	245	4.17e-33	122
MPDKNC_01276	iYO844.BSU02750	34.1	208	133	2	19	222	19	226	2.86e-32	119
MPDKNC_01281	iAM_Pc455.PCYB_051500	30.8	130	72	5	2	116	8	134	3.73e-08	52.8
MPDKNC_01281	iJN1463.PP_1380	27.8	108	77	1	2	108	10	117	2.66e-08	52.8
MPDKNC_01281	iAM_Pv461.PVX_089050	30.8	130	72	5	2	116	347	473	8.70e-08	52.0
MPDKNC_01281	iCN718.ABAYE_RS14020	32.7	98	64	2	13	108	80	177	2.09e-07	50.4
MPDKNC_01284	iNF517.LLMG_RS04495	32.1	106	67	3	59	162	66	168	1.46e-13	64.7
MPDKNC_01287	iCN900.CD630_12120	32.2	143	92	3	39	180	4	142	4.88e-22	86.7
MPDKNC_01290	iCN900.CD630_16150	25.7	148	96	6	87	226	492	633	1.36e-08	54.3
MPDKNC_01291	iJN1463.PP_1700	22.8	263	168	8	30	272	76	323	9.17e-05	44.3
MPDKNC_01293	STM_v1_0.STM2786	34.6	335	205	6	1	331	1	325	1.15e-48	165
MPDKNC_01293	iJN1463.PP_1418	33.2	328	207	5	10	331	5	326	3.26e-48	164
MPDKNC_01294	iJN1463.PP_1417	29.2	120	81	3	30	146	38	156	9.42e-05	40.0
MPDKNC_01295	STM_v1_0.STM2788	44.1	485	268	3	10	491	10	494	1.57e-137	406
MPDKNC_01295	iJN1463.PP_1416	45.4	485	263	1	10	492	10	494	2.01e-135	400
MPDKNC_01298	STM_v1_0.STM4061	30.2	268	185	2	16	283	21	286	3.87e-37	133
MPDKNC_01298	iML1515.b3915	29.9	268	186	2	16	283	21	286	4.31e-35	128
MPDKNC_01298	iSDY_1059.SDY_3832	29.9	268	186	2	16	283	21	286	4.31e-35	128
MPDKNC_01298	iSF_1195.SF3993	29.5	268	187	2	16	283	21	286	6.03e-35	127
MPDKNC_01298	iSSON_1240.SSON_4084	29.5	268	187	2	16	283	21	286	6.03e-35	127
MPDKNC_01298	iSbBS512_1146.SbBS512_E4394	29.9	268	186	2	16	283	21	286	8.44e-35	127
MPDKNC_01298	iYL1228.KPN_04222	30.3	274	185	5	16	287	21	290	1.73e-33	124
MPDKNC_01298	iJN1463.PP_4774	28.5	256	181	2	28	283	36	289	2.84e-32	120
MPDKNC_01300	iAF987.Gmet_0843	27.2	268	185	5	4	266	3	265	8.21e-29	110
MPDKNC_01303	iCN900.CD630_18140	33.5	197	126	3	4	196	5	200	4.07e-27	102
MPDKNC_01307	iCN900.CD630_14890	32.9	234	147	2	3	226	2	235	2.49e-38	137
MPDKNC_01307	iYL1228.KPN_00838	34.1	223	138	4	3	216	2	224	2.39e-35	127
MPDKNC_01307	iCN900.CD630_09000	32.9	246	148	7	3	235	2	243	1.21e-33	126
MPDKNC_01307	iMM1415.11303	28.5	309	203	6	3	295	1889	2195	4.74e-32	125
MPDKNC_01307	iSynCJ816.SGL_RS17160	33.3	213	136	3	1	208	1	212	1.56e-33	125
MPDKNC_01307	STM_v1_0.STM0828	33.9	224	139	4	3	217	2	225	3.58e-34	124
MPDKNC_01309	iML1515.b4093	39.6	96	56	1	46	141	51	144	1.28e-11	58.2
MPDKNC_01317	iYO844.BSU38300	56.3	247	105	2	8	251	13	259	8.47e-87	259
MPDKNC_01318	iYO844.BSU38290	54.8	208	93	1	8	215	9	215	2.39e-74	224
MPDKNC_01320	iSynCJ816.SGL_RS08885	35.9	128	78	3	10	137	245	368	2.27e-16	76.6
MPDKNC_01321	iYO844.BSU31600	54.1	797	357	5	1	793	1	792	2.55e-297	836
MPDKNC_01322	iYO844.BSU31610	53.6	140	65	0	2	141	4	143	1.13e-48	152
MPDKNC_01323	iYO844.BSU31620	52.8	108	51	0	1	108	1	108	4.80e-34	113
MPDKNC_01323	iYS854.USA300HOU_RS04710	58.7	104	43	0	5	108	1	104	6.07e-34	113
MPDKNC_01324	iYO844.BSU31630	50.1	491	244	1	1	490	1	491	7.18e-167	480
MPDKNC_01325	iYO844.BSU31640	39.2	158	96	0	1	158	1	158	1.03e-37	126
MPDKNC_01326	iYO844.BSU31650	53.4	73	34	0	21	93	21	93	1.01e-22	83.6
MPDKNC_01327	iYO844.BSU31660	47.5	101	51	2	9	108	8	107	6.62e-24	89.4
MPDKNC_01327	iYS854.USA300HOU_RS03410	48.0	98	49	2	1	96	8	105	3.88e-23	88.2
MPDKNC_01327	iYS854.USA300HOU_RS04690	42.3	104	59	1	11	113	10	113	4.08e-21	82.0
MPDKNC_01330	iYO844.BSU02400	69.7	446	134	1	8	452	12	457	5.74e-223	620
MPDKNC_01330	iML1515.b0260	63.5	455	166	0	9	463	11	465	2.30e-207	581
MPDKNC_01330	iYL1228.KPN_00309	64.7	445	157	0	7	451	11	455	5.76e-206	577
MPDKNC_01331	iYL1228.KPN_00310	52.4	309	142	2	8	315	5	309	4.76e-108	317
MPDKNC_01331	iML1515.b0261	51.0	308	146	2	6	312	3	306	2.21e-106	312
MPDKNC_01332	iYS854.USA300HOU_RS11385	38.9	54	33	0	8	61	12	65	2.59e-05	39.7
MPDKNC_01332	iYO844.BSU36860	33.3	54	36	0	8	61	12	65	5.06e-05	38.9
MPDKNC_01333	iSynCJ816.SGL_RS12260	24.6	321	203	11	31	322	63	373	5.66e-11	62.8
MPDKNC_01339	iSynCJ816.SGL_RS10130	29.7	300	178	11	4	290	30	309	1.04e-18	85.5
MPDKNC_01341	iYL1228.KPN_04622	25.3	257	163	9	83	318	33	281	4.27e-06	47.4
MPDKNC_01341	iYL1228.KPN_04156	22.3	206	148	5	62	259	29	230	9.92e-05	43.1
MPDKNC_01342	iCN900.CD630_04690	44.5	474	251	7	3	468	1	470	4.54e-128	384
MPDKNC_01343	iYO844.BSU38040	47.7	480	246	3	1	477	1	478	2.13e-170	488
MPDKNC_01344	iYO844.BSU12840	80.7	331	63	1	1	330	1	331	5.10e-185	513
MPDKNC_01357	iSynCJ816.SGL_RS16080	35.5	76	47	1	4	77	7	82	8.10e-09	55.1
MPDKNC_01361	iLB1027_lipid.PHATRDRAFT_9283	31.1	633	357	22	486	1050	2	623	5.37e-73	254
MPDKNC_01361	iMM1415.18126	29.9	602	368	19	488	1049	535	1122	1.11e-64	238
MPDKNC_01361	iAT_PLT_636.4843	30.5	596	352	20	486	1049	539	1104	3.43e-62	230
MPDKNC_01364	iAF987.Gmet_1919	33.3	93	60	1	30	120	30	122	2.16e-06	47.4
MPDKNC_01365	iYO844.BSU02750	68.0	244	78	0	1	244	1	244	9.56e-125	353
MPDKNC_01366	iYO844.BSU02760	36.9	385	241	2	1	384	1	384	1.24e-81	254
MPDKNC_01368	iYS854.USA300HOU_RS13400	57.3	232	98	1	43	274	9	239	3.23e-99	290
MPDKNC_01371	iML1515.b4173	37.1	391	230	4	18	402	20	400	8.42e-74	236
MPDKNC_01371	iJN1463.PP_4893	37.7	408	232	6	3	403	10	402	5.16e-70	227
MPDKNC_01372	iCN900.CD630_22760	48.1	466	222	4	1	465	3	449	7.66e-137	401
MPDKNC_01372	iIT341.HP0942	45.1	457	236	4	3	459	6	447	2.01e-130	384
MPDKNC_01374	iYO844.BSU31930	78.3	369	80	0	1	369	1	369	4.69e-205	567
MPDKNC_01375	iAF692.Mbar_A0036	32.9	79	44	2	2	71	6	84	8.74e-04	39.7
MPDKNC_01387	iAF987.Gmet_0043	24.2	227	164	4	339	558	41	266	2.67e-11	65.9
MPDKNC_01388	iAF987.Gmet_2999	37.9	124	72	3	6	125	10	132	6.11e-16	75.5
MPDKNC_01390	iYO844.BSU02750	33.0	224	141	5	1	215	1	224	1.48e-35	128
MPDKNC_01390	iNF517.LLMG_RS09720	31.8	223	142	3	2	215	7	228	1.62e-34	125
MPDKNC_01390	iMM1415.11303	34.5	223	138	4	1	216	1888	2109	4.20e-31	122
MPDKNC_01390	iCHOv1.100761226	34.1	223	139	4	1	216	1913	2134	1.42e-30	121
MPDKNC_01390	iYO844.BSU30450	31.7	252	148	6	1	237	1	243	3.60e-32	120
MPDKNC_01390	iYO844.BSU32750	30.0	223	143	4	1	210	1	223	1.31e-31	120
MPDKNC_01390	iCN900.CD630_07520	31.3	224	144	3	1	215	1	223	3.02e-32	119
MPDKNC_01390	iCN900.CD630_09000	31.6	225	143	5	1	215	1	224	2.42e-30	117
MPDKNC_01390	iML1515.b4087	31.9	229	139	4	2	215	6	232	1.98e-29	116
MPDKNC_01391	iYS854.USA300HOU_RS01625	46.1	427	222	3	4	426	2	424	1.26e-120	358
MPDKNC_01394	iYO844.BSU03910	60.7	460	176	1	18	472	3	462	4.00e-195	550
MPDKNC_01394	iCN718.ABAYE_RS14730	56.0	468	203	2	8	472	16	483	1.42e-178	508
MPDKNC_01394	iJN1463.PP_0213	56.0	466	204	1	8	472	15	480	1.28e-178	508
MPDKNC_01394	iYL1228.KPN_00256	55.2	469	207	2	7	472	14	482	3.91e-178	507
MPDKNC_01394	iAF987.Gmet_3395	56.9	455	194	1	19	471	28	482	4.50e-175	499
MPDKNC_01394	iML1515.b2661	55.0	469	208	2	7	472	14	482	1.20e-174	498
MPDKNC_01394	iSSON_1240.SSON_2805	55.2	469	207	2	7	472	14	482	1.70e-174	498
MPDKNC_01395	iEK1008.Rv1912c	35.9	234	144	3	1	233	1	229	3.17e-36	132
MPDKNC_01405	iCN900.CD630_24200	25.1	343	212	10	1	307	1	334	1.19e-14	73.9
MPDKNC_01407	iAF987.Gmet_1991	20.9	148	108	5	209	347	203	350	9.30e-04	41.2
MPDKNC_01408	iYO844.BSU07830	64.5	217	77	0	8	224	5	221	2.28e-101	292
MPDKNC_01411	iSynCJ816.SGL_RS04800	38.2	414	251	4	22	432	41	452	2.51e-101	309
MPDKNC_01412	iYO844.BSU28680	73.6	470	124	0	1	470	1	470	4.25e-246	679
MPDKNC_01413	iCN900.CD630_30510	51.3	382	184	1	7	388	4	383	3.74e-135	391
MPDKNC_01414	iCN900.CD630_15850	28.0	275	179	8	1	258	1	273	4.12e-17	79.7
MPDKNC_01414	iMM1415.56174	29.8	242	145	11	10	231	29	265	1.46e-14	72.8
MPDKNC_01416	iCN900.CD630_01350	47.1	102	54	0	5	106	1	102	9.65e-26	92.0
MPDKNC_01417	iYS854.USA300HOU_RS01685	21.8	239	174	1	17	255	14	239	4.74e-16	75.9
MPDKNC_01418	iCN900.CD630_30490	64.6	99	35	0	1	99	1	99	9.61e-43	134
MPDKNC_01419	iCN900.CD630_30480	47.7	449	208	2	1	425	2	447	4.89e-138	402
MPDKNC_01421	iYO844.BSU38560	69.2	439	135	0	1	439	1	439	7.10e-224	620
MPDKNC_01422	iYO844.BSU13180	55.5	755	326	4	2	749	4	755	1.85e-290	815
MPDKNC_01422	iYS854.USA300HOU_RS01890	51.8	758	336	8	2	750	4	741	8.88e-261	739
MPDKNC_01424	iYO844.BSU18450	60.9	1522	568	15	5	1522	6	1504	0.0	1822
MPDKNC_01424	iSynCJ816.SGL_RS04160	60.0	1519	603	4	6	1523	28	1543	0.0	1808
MPDKNC_01425	iYO844.BSU18440	59.6	495	198	2	1	495	1	493	5.36e-221	617
MPDKNC_01425	iSynCJ816.SGL_RS02895	57.3	496	209	3	1	495	1	494	2.00e-216	606
MPDKNC_01426	iPC815.YPO2628	54.6	489	205	3	2	476	4	489	1.98e-180	521
MPDKNC_01426	iYS854.USA300HOU_RS09160	54.1	488	215	5	1	481	1	486	3.96e-170	488
MPDKNC_01428	iSynCJ816.SGL_RS09110	30.1	617	399	13	20	611	32	641	3.60e-79	263
MPDKNC_01429	iSSON_1240.SSON_1662	31.9	204	125	7	36	236	36	228	3.28e-24	97.8
MPDKNC_01429	iYL1228.KPN_01884	30.4	207	130	7	35	238	35	230	3.28e-22	92.4
MPDKNC_01429	iML1515.b1463	30.9	204	127	7	36	236	36	228	6.31e-22	91.7
MPDKNC_01429	STM_v1_0.STM1582	30.7	205	128	7	35	236	35	228	8.76e-22	91.3
MPDKNC_01433	iYO844.BSU12940	27.0	163	106	3	61	222	100	250	6.27e-07	50.1
MPDKNC_01433	iYS854.USA300HOU_RS04895	26.4	144	95	2	61	204	137	269	1.24e-06	49.3
MPDKNC_01433	iML1515.b1485	23.0	204	129	3	61	264	76	251	4.37e-06	47.4
MPDKNC_01433	iSSON_1240.SSON_1639	23.0	204	129	3	61	264	76	251	5.84e-06	47.0
MPDKNC_01435	iYO844.BSU14520	51.9	578	275	3	55	630	1	577	7.42e-201	575
MPDKNC_01439	iAT_PLT_636.197257	47.6	452	233	2	10	457	33	484	3.41e-139	408
MPDKNC_01439	iMM1415.52815	46.5	452	238	2	10	457	33	484	1.62e-134	396
MPDKNC_01439	iCHOv1.100769710	45.4	452	243	2	10	457	33	484	1.85e-133	393
MPDKNC_01440	iYO844.BSU19350	51.8	309	149	0	1	309	1	309	1.13e-98	293
MPDKNC_01441	iML1515.b2223	39.4	432	257	3	1	427	1	432	2.62e-100	306
MPDKNC_01441	iSSON_1240.SSON_2282	39.4	432	257	3	1	427	1	432	1.47e-99	304
MPDKNC_01442	iYS854.USA300HOU_RS03510	50.3	304	151	0	29	332	29	332	1.14e-106	315
MPDKNC_01442	iYO844.BSU33300	44.7	320	171	2	19	334	17	334	3.29e-95	285
MPDKNC_01443	iYS854.USA300HOU_RS03505	46.6	328	168	3	6	332	11	332	1.43e-87	266
MPDKNC_01443	iYO844.BSU33310	44.8	310	170	1	21	329	70	379	1.34e-83	257
MPDKNC_01444	iYO844.BSU33320	36.5	299	181	7	10	301	15	311	1.81e-55	182
MPDKNC_01444	iYS854.USA300HOU_RS12365	34.0	306	192	4	1	304	1	298	1.27e-55	182
MPDKNC_01444	iYS854.USA300HOU_RS10890	34.3	309	192	6	3	307	2	303	3.84e-51	170
MPDKNC_01444	iYO844.BSU39610	35.1	308	187	9	1	297	1	306	3.40e-50	168
MPDKNC_01445	iYS854.USA300HOU_RS03500	65.1	261	91	0	1	261	1	261	4.15e-129	367
MPDKNC_01445	iYO844.BSU33290	62.3	265	100	0	1	265	1	265	1.65e-122	350
MPDKNC_01445	iCN900.CD630_28750	58.5	260	108	0	1	260	1	260	2.39e-115	332
MPDKNC_01446	iYS854.USA300HOU_RS12835	47.8	339	177	0	8	346	3	341	5.60e-115	337
MPDKNC_01450	iYS854.USA300HOU_RS10275	33.5	164	105	2	6	168	2	162	1.41e-21	85.9
MPDKNC_01453	iYS854.USA300HOU_RS01080	59.6	208	84	0	1	208	1	208	8.19e-90	262
MPDKNC_01455	iCN900.CD630_34130	33.0	415	266	7	9	419	5	411	4.67e-64	211
MPDKNC_01459	iYO844.BSU30450	29.4	221	156	0	3	223	1	221	4.04e-32	120
MPDKNC_01462	iYO844.BSU39050	70.6	688	193	5	1	681	1	686	0.0	983
MPDKNC_01466	iJN1463.PP_1167	28.3	180	123	3	195	371	58	234	1.68e-05	47.4
MPDKNC_01468	iYO844.BSU28680	50.5	440	217	1	31	469	29	468	5.50e-149	432
MPDKNC_01468	iAF987.Gmet_3245	45.8	437	237	0	24	460	22	458	2.89e-138	405
MPDKNC_01469	iSynCJ816.SGL_RS04800	31.6	414	267	7	19	423	42	448	1.34e-69	227
MPDKNC_01470	iJN1463.PP_2910	48.7	392	201	0	1	392	1	392	1.57e-133	389
MPDKNC_01470	iML1515.b2660	45.7	396	208	2	1	392	1	393	1.82e-123	363
MPDKNC_01471	iCN900.CD630_20200	48.1	703	280	10	83	707	166	861	1.22e-197	580
MPDKNC_01472	iML1515.b3697	31.6	266	160	6	5	248	3	268	5.90e-26	102
MPDKNC_01472	iML1515.b3826	28.9	263	164	6	6	247	3	263	5.62e-25	99.4
MPDKNC_01472	iSbBS512_1146.SbBS512_E4293	28.9	263	164	6	6	247	3	263	7.83e-25	99.0
MPDKNC_01472	iSDY_1059.SDY_3917	28.9	263	164	6	6	247	3	263	7.83e-25	99.0
MPDKNC_01472	iSF_1195.SF3904	28.5	263	165	6	6	247	3	263	1.09e-24	98.6
MPDKNC_01472	iSSON_1240.SSON_4000	28.9	263	164	6	6	247	3	263	1.09e-24	98.6
MPDKNC_01473	iAF987.Gmet_2349	34.6	567	362	7	16	576	7	570	2.02e-96	305
MPDKNC_01475	iCHOv1.100763471	24.7	279	151	13	2	246	51	304	1.03e-05	46.2
MPDKNC_01475	iMM1415.67883	24.7	279	151	13	2	246	90	343	1.09e-05	46.2
MPDKNC_01475	iYO844.BSU30870	25.3	273	167	10	1	247	1	262	2.13e-04	42.0
MPDKNC_01477	iMM1415.235033	36.0	189	112	4	3	184	7	193	1.27e-22	93.2
MPDKNC_01477	iCHOv1.100773401	34.9	189	114	4	3	184	7	193	1.11e-19	85.1
MPDKNC_01477	iYL1228.KPN_02061	30.7	192	125	3	4	189	5	194	7.03e-20	84.7
MPDKNC_01485	iYO844.BSU08650	80.5	246	46	1	6	249	5	250	2.34e-135	380
MPDKNC_01489	iAF987.Gmet_2349	35.7	585	353	5	1	578	1	569	5.29e-121	369
MPDKNC_01490	iLJ478.TM1064	51.7	329	153	3	7	330	4	331	2.60e-112	329
MPDKNC_01490	iYO844.BSU12950	53.7	328	151	1	7	333	4	331	3.30e-111	326
MPDKNC_01490	iLJ478.TM0058	52.6	329	148	4	7	328	4	331	2.34e-110	324
MPDKNC_01490	iLJ478.TM1749	48.9	319	162	1	7	325	4	321	6.36e-101	300
MPDKNC_01490	STM_v1_0.STM3627	48.7	314	160	1	7	320	3	315	9.93e-101	299
MPDKNC_01491	iLJ478.TM0057	56.5	324	132	3	5	320	3	325	2.05e-128	369
MPDKNC_01491	iLJ478.TM1063	55.4	327	135	5	5	320	3	329	6.57e-123	355
MPDKNC_01492	iYL1228.KPN_03899	41.9	516	271	9	42	537	20	526	1.47e-129	387
MPDKNC_01492	STM_v1_0.STM3630	41.9	513	275	8	42	537	29	535	3.47e-127	382
MPDKNC_01492	iML1515.b3544	42.0	514	273	9	42	537	29	535	5.50e-126	379
MPDKNC_01492	iSDY_1059.SDY_4567	42.0	514	273	9	42	537	29	535	5.50e-126	379
MPDKNC_01492	iSF_1195.SF3579	42.0	514	273	9	42	537	29	535	5.50e-126	379
MPDKNC_01492	iSSON_1240.SSON_3846	41.8	514	274	9	42	537	29	535	2.19e-125	377
MPDKNC_01492	iPC815.YPO4003	40.4	513	283	8	42	537	29	535	9.77e-124	373
MPDKNC_01493	iJN1463.PP_0881	50.1	335	166	1	1	334	1	335	1.91e-104	309
MPDKNC_01493	iYL1228.KPN_03898	49.1	338	168	2	1	334	1	338	3.91e-102	303
MPDKNC_01493	STM_v1_0.STM3629	48.2	338	171	2	1	334	1	338	3.16e-101	301
MPDKNC_01493	iML1515.b3543	47.9	338	172	2	1	334	1	338	2.55e-100	298
MPDKNC_01493	iSDY_1059.SDY_4566	47.9	338	172	2	1	334	1	338	2.55e-100	298
MPDKNC_01493	iSSON_1240.SSON_3847	47.9	338	172	2	1	334	1	338	2.55e-100	298
MPDKNC_01493	iSF_1195.SF3578	47.9	338	172	2	1	334	1	338	3.61e-100	298
MPDKNC_01493	iPC815.YPO4002	48.9	309	154	2	1	305	1	309	2.11e-93	280
MPDKNC_01494	iSbBS512_1146.SbBS512_E2516	50.4	278	137	1	21	297	25	302	1.54e-83	253
MPDKNC_01494	iSSON_1240.SSON_0814	50.4	278	137	1	21	297	25	302	1.54e-83	253
MPDKNC_01494	iML1515.b0832	50.0	278	138	1	21	297	25	302	2.17e-83	253
MPDKNC_01494	iJN1463.PP_0880	49.3	284	138	2	21	298	23	306	2.54e-83	253
MPDKNC_01494	iSDY_1059.SDY_0755	50.0	278	138	1	21	297	25	302	6.17e-83	251
MPDKNC_01494	iYL1228.KPN_00865	48.6	278	142	1	21	297	11	288	2.57e-81	247
MPDKNC_01494	iSF_1195.SF0782	50.2	279	136	3	21	297	25	302	1.83e-79	243
MPDKNC_01494	STM_v1_0.STM0851	48.2	278	143	1	21	297	25	302	1.04e-78	241
MPDKNC_01494	iSSON_1240.SSON_1639	47.5	263	138	0	33	295	30	292	1.48e-74	230
MPDKNC_01496	iYO844.BSU08710	84.0	425	68	0	4	428	3	427	3.39e-266	726
MPDKNC_01498	iJN1463.PP_1235	50.0	146	73	0	1	146	3	148	1.06e-50	159
MPDKNC_01499	iCN900.CD630_33100	31.3	320	207	6	10	324	1	312	2.43e-49	166
MPDKNC_01500	iCHOv1.100751940	42.9	184	94	4	2	178	51	230	2.59e-33	118
MPDKNC_01500	STM_v1_0.STM2050	41.5	171	90	4	1	167	1	165	3.48e-28	107
MPDKNC_01523	iEK1008.Rv2284	26.5	215	112	7	32	201	179	392	7.84e-10	58.2
MPDKNC_01524	iYO844.BSU30280	32.4	299	192	3	15	312	12	301	7.68e-45	154
MPDKNC_01525	iYO844.BSU30290	34.5	278	176	3	2	276	1	275	3.15e-50	166
MPDKNC_01526	iJN1463.PP_1015	24.0	262	163	8	75	313	67	315	1.92e-10	62.0
MPDKNC_01526	iPC815.YPO3714	27.2	309	178	14	53	346	53	329	9.63e-09	56.6
MPDKNC_01526	iYO844.BSU28750	26.9	364	226	17	5	351	9	349	1.37e-08	56.2
MPDKNC_01528	iAF987.Gmet_1919	25.8	120	86	2	4	123	6	122	6.29e-07	51.2
MPDKNC_01528	iAF987.Gmet_1914	27.2	114	80	1	2	115	3	113	1.86e-06	50.1
MPDKNC_01528	iAF987.Gmet_1706	31.1	122	73	5	1	118	1	115	5.56e-06	48.1
MPDKNC_01530	iAF692.Mbar_A1138	30.2	338	202	8	4	338	2	308	6.94e-40	142
MPDKNC_01531	STM_v1_0.STM4425	31.3	192	119	5	4	191	3	185	8.01e-23	97.1
MPDKNC_01531	iYL1228.KPN_04675	34.5	197	116	7	1	193	26	213	1.54e-22	96.7
MPDKNC_01531	iAF692.Mbar_A1138	27.5	247	148	9	4	249	2	218	7.24e-22	94.0
MPDKNC_01534	iYS854.USA300HOU_RS09920	54.3	372	168	2	1	372	6	375	2.99e-150	429
MPDKNC_01537	iYO844.BSU38110	65.3	248	86	0	1	248	1	248	2.49e-111	320
MPDKNC_01543	iSDY_1059.SDY_3663	27.9	111	71	4	53	157	5	112	1.10e-05	45.1
MPDKNC_01543	iML1515.b3412	27.9	111	71	4	53	157	5	112	1.48e-05	44.7
MPDKNC_01543	iSbBS512_1146.SbBS512_E3793	27.9	111	71	4	53	157	5	112	1.48e-05	44.7
MPDKNC_01543	iSF_1195.SF3435	27.9	111	71	4	53	157	5	112	1.52e-05	44.7
MPDKNC_01543	iSSON_1240.SSON_3545	27.9	111	71	4	53	157	5	112	1.48e-05	44.7
MPDKNC_01545	iHN637.CLJU_RS18405	52.2	268	128	0	1	268	1	268	1.72e-95	281
MPDKNC_01545	iCN900.CD630_14950	51.1	264	129	0	3	266	2	265	3.37e-92	273
MPDKNC_01546	iML1515.b0046	41.3	155	89	1	3	157	2	154	1.69e-35	121
MPDKNC_01549	iYO844.BSU03050	62.5	309	115	1	4	311	7	315	4.53e-141	400
MPDKNC_01549	iYS854.USA300HOU_RS01245	60.7	308	119	2	2	308	5	311	1.20e-130	374
MPDKNC_01550	iYO844.BSU26600	30.8	91	53	3	64	152	52	134	1.38e-04	40.0
MPDKNC_01552	iYO844.BSU29990	73.4	429	113	1	1	428	1	429	5.78e-218	605
MPDKNC_01555	iCN900.CD630_15210	53.1	397	184	2	12	408	4	398	2.59e-146	421
MPDKNC_01555	iAF987.Gmet_1182	50.1	399	198	1	12	409	3	401	2.83e-133	388
MPDKNC_01555	iLJ478.TM0478	48.2	396	199	2	13	408	4	393	4.92e-131	382
MPDKNC_01557	iJN1463.PP_3588	25.7	276	197	4	17	292	16	283	1.52e-23	100
MPDKNC_01557	iML1515.b4337	26.2	233	163	2	29	257	27	254	2.34e-21	94.7
MPDKNC_01559	iYL1228.KPN_00919	32.7	550	360	4	12	553	35	582	1.17e-91	292
MPDKNC_01559	iNF517.LLMG_RS09325	32.4	555	365	8	8	559	23	570	2.84e-91	291
MPDKNC_01559	STM_v1_0.STM0957	32.0	550	364	4	12	553	35	582	3.99e-88	283
MPDKNC_01559	iAF987.Gmet_2634	33.3	522	344	3	12	532	35	553	4.59e-85	275
MPDKNC_01559	iML1515.b0887	31.8	538	357	5	12	541	35	570	9.54e-85	274
MPDKNC_01559	iSDY_1059.SDY_2374	31.8	538	357	5	12	541	35	570	9.54e-85	274
MPDKNC_01559	iSSON_1240.SSON_0888	31.6	538	358	5	12	541	35	570	3.68e-84	273
MPDKNC_01559	iSbBS512_1146.SbBS512_E2442	31.4	538	359	5	12	541	35	570	1.01e-83	271
MPDKNC_01559	iSF_1195.SF0846	31.6	538	358	5	12	541	35	570	1.42e-83	271
MPDKNC_01560	iSF_1195.SF0845	31.9	571	377	5	1	559	1	571	9.45e-75	248
MPDKNC_01560	iSSON_1240.SSON_0887	31.9	571	377	5	1	559	1	571	5.04e-74	246
MPDKNC_01560	iSDY_1059.SDY_2375	31.9	571	377	5	1	559	1	571	7.05e-74	245
MPDKNC_01560	iML1515.b0886	31.7	571	378	5	1	559	1	571	1.38e-73	244
MPDKNC_01560	iSbBS512_1146.SbBS512_E2443	31.9	577	369	8	1	559	1	571	3.75e-73	243
MPDKNC_01560	STM_v1_0.STM0956	31.4	574	376	8	1	559	1	571	1.06e-71	239
MPDKNC_01560	iYL1228.KPN_00918	30.6	572	383	7	1	559	1	571	4.28e-69	233
MPDKNC_01561	iSynCJ816.SGL_RS08770	32.7	202	129	3	1	201	1	196	2.59e-27	102
MPDKNC_01566	iAF987.Gmet_1991	24.8	165	108	4	198	350	190	350	3.36e-05	45.8
MPDKNC_01567	iJN1463.PP_0416	23.6	220	137	6	5	201	16	227	1.17e-09	56.2
MPDKNC_01567	iSDY_1059.SDY_2887	23.8	181	129	5	2	176	5	182	3.60e-09	53.9
MPDKNC_01567	iSF_1195.SF2717	24.3	181	128	5	2	176	5	182	4.95e-09	53.5
MPDKNC_01567	iPC815.YPO0156	23.0	217	149	4	5	205	10	224	1.06e-08	53.1
MPDKNC_01567	iML1515.b2690	24.0	183	126	4	2	176	5	182	9.34e-09	52.8
MPDKNC_01567	iSSON_1240.SSON_2834	24.0	183	126	4	2	176	5	182	9.34e-09	52.8
MPDKNC_01569	iYO844.BSU29050	59.3	280	110	1	1	276	1	280	1.21e-123	353
MPDKNC_01569	iYO844.BSU33400	57.2	276	118	0	1	276	1	276	1.64e-120	345
MPDKNC_01570	iNF517.LLMG_RS12010	39.4	289	165	4	9	294	2	283	2.49e-62	198
MPDKNC_01572	iJN1463.PP_5215	32.9	82	53	1	72	151	25	106	1.07e-05	42.0
MPDKNC_01572	iMM904.YLR043C	34.8	69	44	1	72	139	21	89	1.85e-05	41.2
MPDKNC_01572	iYS854.USA300HOU_RS05725	33.8	74	47	1	74	145	22	95	2.62e-05	40.8
MPDKNC_01574	iCN900.CD630_04870	29.7	290	174	13	229	510	5	272	2.89e-22	96.3
MPDKNC_01574	iMM904.YLR351C	28.1	303	173	12	225	507	8	285	1.77e-21	94.4
MPDKNC_01574	iCN900.CD630_27370	29.6	257	158	10	250	503	27	263	7.41e-21	92.0
MPDKNC_01575	iYO844.BSU09310	65.0	580	203	0	1	580	1	580	1.34e-275	763
MPDKNC_01577	iAF987.Gmet_1914	29.6	115	79	1	1	115	1	113	7.23e-11	60.5
MPDKNC_01578	iYS854.USA300HOU_RS02940	28.3	159	88	5	5	146	5	154	2.42e-12	62.0
MPDKNC_01578	iML1515.b3713	33.6	140	85	5	1	132	5	144	1.25e-11	60.1
MPDKNC_01585	iYO844.BSU09530	27.7	303	184	8	13	290	14	306	1.96e-26	105
MPDKNC_01587	iCN900.CD630_19790	54.8	325	136	4	3	318	14	336	3.84e-128	369
MPDKNC_01589	iCN900.CD630_19800	34.5	235	154	0	3	237	8	242	7.58e-58	184
MPDKNC_01590	iAF987.Gmet_1899	43.1	225	122	2	19	240	27	248	2.53e-59	188
MPDKNC_01590	iJN1463.PP_0209	43.2	220	122	1	19	235	30	249	5.59e-57	182
MPDKNC_01590	iCN900.CD630_19780	42.9	238	116	5	6	237	18	241	1.68e-55	177
MPDKNC_01595	iCN718.ABAYE_RS16630	40.3	419	223	10	2	403	5	413	7.22e-82	257
MPDKNC_01595	iPC815.YPO0254	38.9	411	230	8	2	398	5	408	8.27e-80	252
MPDKNC_01595	iJN1463.PP_0137	39.5	415	221	9	2	398	5	407	1.30e-79	252
MPDKNC_01595	iYL1228.KPN_04480	38.3	423	228	10	2	404	6	415	6.93e-78	247
MPDKNC_01595	iYO844.BSU10220	37.7	406	236	5	2	399	5	401	3.09e-77	245
MPDKNC_01595	STM_v1_0.STM4283	37.0	422	237	9	1	404	4	414	1.62e-75	241
MPDKNC_01595	iSbBS512_1146.SbBS512_E4598	37.5	424	230	10	2	404	5	414	3.29e-75	240
MPDKNC_01595	iSSON_1240.SSON_4258	37.5	424	230	10	2	404	5	414	3.29e-75	240
MPDKNC_01595	iML1515.b4077	37.5	424	230	10	2	404	5	414	4.63e-75	240
MPDKNC_01595	iSF_1195.SF4137	37.3	424	231	10	2	404	5	414	5.07e-74	237
MPDKNC_01597	iJN1463.PP_4946	54.6	476	207	3	12	481	60	532	3.99e-182	520
MPDKNC_01597	STM_v1_0.STM1125	53.7	486	217	2	1	480	1	484	1.45e-182	520
MPDKNC_01597	iSDY_1059.SDY_0990	52.7	486	222	2	1	480	1	484	2.05e-182	520
MPDKNC_01597	iML1515.b1015	52.7	486	222	2	1	480	1	484	2.90e-182	519
MPDKNC_01597	iYL1228.KPN_01042	52.5	486	223	2	1	480	1	484	2.36e-181	517
MPDKNC_01597	iYO844.BSU03220	52.8	475	219	3	18	489	1	473	3.50e-181	515
MPDKNC_01597	iSbBS512_1146.SbBS512_E2302	52.3	486	224	2	1	480	1	484	1.91e-180	514
MPDKNC_01597	iSSON_1240.SSON_1035	52.3	486	224	2	1	480	1	484	1.09e-179	513
MPDKNC_01597	iCN718.ABAYE_RS10745	54.5	483	209	3	7	481	7	486	4.13e-178	508
MPDKNC_01597	iYO844.BSU06660	50.6	488	238	2	4	488	2	489	7.75e-175	500
MPDKNC_01597	iHN637.CLJU_RS10075	50.8	484	234	3	7	487	5	487	1.56e-171	491
MPDKNC_01597	iIT341.HP0055	54.2	461	209	1	9	467	12	472	1.65e-167	481
MPDKNC_01597	iYS854.USA300HOU_RS10330	48.3	495	243	5	2	484	13	506	3.00e-164	474
MPDKNC_01600	iYL1228.KPN_00941	29.3	525	368	3	50	573	57	579	5.09e-73	244
MPDKNC_01600	iML1515.b0914	29.0	525	370	3	50	573	57	579	7.32e-72	241
MPDKNC_01600	iSbBS512_1146.SbBS512_E2410	29.0	525	370	3	50	573	57	579	7.32e-72	241
MPDKNC_01600	iSDY_1059.SDY_2344	29.0	525	370	3	50	573	57	579	7.32e-72	241
MPDKNC_01600	STM_v1_0.STM0984	30.2	486	336	3	89	573	96	579	1.02e-71	240
MPDKNC_01600	iSF_1195.SF0910	28.8	525	371	3	50	573	57	579	1.99e-71	239
MPDKNC_01600	iSSON_1240.SSON_0916	28.6	525	372	3	50	573	57	579	7.53e-71	238
MPDKNC_01600	iPC815.YPO1395	29.3	482	336	5	89	568	96	574	1.53e-68	232
MPDKNC_01600	iJN1463.PP_4935	30.9	482	314	6	93	566	115	585	8.74e-68	230
MPDKNC_01600	iCHOv1.100682535	32.2	485	313	9	91	566	147	624	2.49e-64	228
MPDKNC_01600	iMM1415.18670	31.8	485	315	9	91	566	144	621	5.11e-63	224
MPDKNC_01600	iAF987.Gmet_2349	30.7	502	338	5	76	573	74	569	9.15e-66	224
MPDKNC_01601	iPC815.YPO3144	38.5	509	309	3	155	663	71	575	2.81e-104	329
MPDKNC_01603	iYO844.BSU03610	54.6	269	116	4	1	265	1	267	3.94e-98	288
MPDKNC_01604	iYO844.BSU03600	64.1	217	77	1	3	218	18	234	9.49e-88	258
MPDKNC_01605	iYO844.BSU03590	64.2	243	87	0	1	243	1	243	6.08e-115	328
MPDKNC_01606	iYS854.USA300HOU_RS09890	68.2	459	143	1	1	456	1	459	8.14e-229	634
MPDKNC_01606	iYO844.BSU33040	69.0	458	139	1	1	455	1	458	1.61e-226	629
MPDKNC_01606	iIT341.HP1325	63.4	459	164	1	1	455	1	459	1.18e-207	581
MPDKNC_01608	iYS854.USA300HOU_RS01090	64.8	364	128	0	1	364	1	364	5.96e-165	465
MPDKNC_01617	iAF692.Mbar_A3203	23.7	236	148	11	146	373	94	305	1.58e-05	46.2
MPDKNC_01620	iML1515.b3697	23.0	278	194	7	2	271	1	266	3.09e-12	65.1
MPDKNC_01621	iYO844.BSU09840	69.5	495	149	2	1	494	1	494	1.91e-249	690
MPDKNC_01622	iEK1008.Rv1058	44.1	531	286	7	1	527	5	528	4.06e-148	436
MPDKNC_01623	iEK1008.Rv1142c	33.7	252	166	1	12	263	17	267	8.41e-37	130
MPDKNC_01623	iAF987.Gmet_2224	35.5	262	156	5	8	262	5	260	1.05e-35	127
MPDKNC_01623	iEK1008.Rv1141c	30.2	252	175	1	12	263	17	267	1.56e-32	119
MPDKNC_01639	iYO844.BSU10010	60.2	171	67	1	1	171	1	170	8.03e-60	183
MPDKNC_01640	iML1515.b1103	40.4	104	57	2	3	103	4	105	1.20e-16	70.5
MPDKNC_01641	iYO844.BSU02750	33.7	205	133	2	19	221	21	224	2.53e-35	125
MPDKNC_01641	iCN900.CD630_16140	31.6	225	152	1	19	243	40	262	3.92e-35	125
MPDKNC_01647	iEK1008.Rv3592	34.9	63	40	1	66	127	4	66	1.20e-06	44.7
MPDKNC_01648	iYO844.BSU10120	76.5	340	80	0	2	341	5	344	3.76e-197	545
MPDKNC_01648	iYS854.USA300HOU_RS09795	69.7	340	102	1	5	343	6	345	1.04e-178	498
MPDKNC_01649	iYO844.BSU10130	78.9	308	65	0	1	308	1	308	1.09e-186	515
MPDKNC_01650	iYO844.BSU10140	52.2	464	214	3	6	461	5	468	2.83e-175	499
MPDKNC_01655	iYS854.USA300HOU_RS05100	56.9	327	141	0	1	327	1	327	1.16e-141	403
MPDKNC_01656	iYO844.BSU10270	60.2	512	200	1	1	512	1	508	1.00e-229	641
MPDKNC_01657	iYO844.BSU18220	51.6	250	121	0	8	257	10	259	2.64e-84	252
MPDKNC_01660	iYS854.USA300HOU_RS11010	25.8	349	217	13	69	403	5	325	7.25e-13	68.9
MPDKNC_01661	iAF692.Mbar_A2079	33.3	57	38	0	4	60	1	57	9.40e-04	38.1
MPDKNC_01662	iAF692.Mbar_A2616	29.6	213	144	4	13	221	19	229	9.86e-22	91.3
MPDKNC_01662	iSbBS512_1146.SbBS512_E3194	29.6	233	148	6	10	231	12	239	4.36e-20	85.5
MPDKNC_01662	iSDY_1059.SDY_2877	29.6	233	148	6	10	231	12	239	4.36e-20	85.5
MPDKNC_01662	iSSON_1240.SSON_2826	29.6	233	148	6	10	231	12	239	4.36e-20	85.5
MPDKNC_01662	iML1515.b2682	29.6	233	148	6	10	231	12	239	6.06e-20	85.1
MPDKNC_01662	iSF_1195.SF2709	29.2	233	149	6	10	231	12	239	1.63e-19	84.0
MPDKNC_01683	STM_v1_0.STM1101	41.9	217	115	5	83	298	218	424	1.07e-44	156
MPDKNC_01683	iYL1228.KPN_04788	40.7	221	118	5	79	298	37	245	3.03e-44	150
MPDKNC_01683	iSF_1195.SF4384	41.3	218	118	4	82	298	216	424	4.38e-42	149
MPDKNC_01683	iSbBS512_1146.SbBS512_E4890	42.1	209	111	4	91	298	225	424	6.11e-42	149
MPDKNC_01683	iSSON_1240.SSON_4499	42.1	209	111	4	91	298	225	424	6.11e-42	149
MPDKNC_01683	iCHOv1.100766004	43.7	206	102	6	88	289	14	209	4.51e-41	141
MPDKNC_01686	iYO844.BSU10790	66.9	613	201	1	1	613	1	611	0.0	883
MPDKNC_01687	iYS854.USA300HOU_RS13900	34.2	500	310	10	5	490	3	497	1.36e-84	270
MPDKNC_01688	iYS854.USA300HOU_RS13900	32.5	498	298	15	1	469	1	489	5.11e-73	239
MPDKNC_01689	iSynCJ816.SGL_RS08445	39.6	278	146	5	4	263	17	290	2.55e-54	177
MPDKNC_01690	iLJ478.TM0402	50.2	430	194	6	3	419	4	426	5.71e-130	382
MPDKNC_01690	iAF692.Mbar_A3175	44.8	455	213	7	2	419	8	461	1.20e-118	355
MPDKNC_01690	iSynCJ816.SGL_RS15695	46.3	410	196	7	28	419	83	486	1.39e-115	348
MPDKNC_01692	iML1515.b1985	26.5	437	304	5	15	440	48	478	2.64e-33	130
MPDKNC_01693	iSynCJ816.SGL_RS08250	38.1	475	262	10	122	572	19	485	3.19e-109	336
MPDKNC_01694	iYO844.BSU34160	46.0	426	218	4	1	423	3	419	7.02e-131	383
MPDKNC_01695	iYO844.BSU34150	64.0	417	149	1	9	425	2	417	1.18e-198	555
MPDKNC_01696	iYO844.BSU34140	58.1	279	116	1	1	278	5	283	3.69e-107	311
MPDKNC_01696	iYS854.USA300HOU_RS01105	57.4	277	118	0	2	278	3	279	8.65e-105	305
MPDKNC_01697	iSynCJ816.SGL_RS08250	32.2	401	215	16	63	423	69	452	7.76e-49	175
MPDKNC_01697	iLJ478.TM1835	31.5	368	221	15	63	422	63	407	1.29e-43	160
MPDKNC_01699	iML1515.b3003	50.2	267	131	2	18	282	24	290	2.05e-81	247
MPDKNC_01700	iNF517.LLMG_RS08890	40.8	444	258	4	1	443	1	440	1.43e-106	326
MPDKNC_01700	iYS854.USA300HOU_RS04815	35.3	442	279	4	4	444	3	438	2.56e-97	298
MPDKNC_01703	iYS854.USA300HOU_RS07285	30.0	277	189	1	5	281	6	277	6.49e-37	132
MPDKNC_01706	iSbBS512_1146.SbBS512_E0687	29.1	275	176	7	5	267	4	271	3.39e-27	105
MPDKNC_01706	iML1515.b0766	29.1	275	176	7	5	267	4	271	6.60e-27	105
MPDKNC_01706	iSF_1195.SF0538	29.1	275	176	7	5	267	4	271	6.60e-27	105
MPDKNC_01706	iML1515.b3697	27.6	275	175	7	6	267	5	268	3.35e-26	103
MPDKNC_01708	iYS854.USA300HOU_RS04825	69.3	101	31	0	1	101	1	101	5.65e-49	150
MPDKNC_01710	iAF987.Gmet_3133	35.1	262	163	5	11	269	8	265	8.48e-40	139
MPDKNC_01710	iEK1008.Rv2136c	33.7	261	170	2	8	266	5	264	8.41e-38	134
MPDKNC_01710	iHN637.CLJU_RS07805	31.2	263	163	5	6	263	3	252	2.58e-36	129
MPDKNC_01710	iYL1228.KPN_03461	32.1	262	167	6	11	266	12	268	9.06e-36	128
MPDKNC_01712	iCN900.CD630_20200	59.0	846	342	3	1	844	1	843	0.0	948
MPDKNC_01717	iYO844.BSU11330	78.5	312	65	1	1	310	1	312	3.69e-181	501
MPDKNC_01718	iYO844.BSU11340	75.5	412	100	1	1	412	1	411	3.75e-237	652
MPDKNC_01721	iYS854.USA300HOU_RS04940	64.6	328	115	1	1	327	1	328	8.84e-157	441
MPDKNC_01723	iYS854.USA300HOU_RS04910	41.3	554	309	5	1	553	1	539	2.31e-145	429
MPDKNC_01724	iYS854.USA300HOU_RS04890	56.0	307	134	1	3	309	3	308	1.86e-116	337
MPDKNC_01725	iYS854.USA300HOU_RS04895	57.7	317	134	0	25	341	40	356	6.69e-139	397
MPDKNC_01726	iYS854.USA300HOU_RS04900	72.2	353	98	0	2	354	3	355	4.23e-185	515
MPDKNC_01727	iYS854.USA300HOU_RS04905	68.5	302	92	1	3	304	5	303	2.57e-149	421
MPDKNC_01730	iPC815.YPO3070	24.5	110	82	1	2	110	4	113	3.47e-09	50.8
MPDKNC_01732	iYO844.BSU37240	44.9	477	253	5	24	496	30	500	3.21e-144	422
MPDKNC_01732	iCN900.CD630_01920	42.6	477	250	3	43	496	21	496	8.62e-138	406
MPDKNC_01732	iYO844.BSU36590	41.4	474	267	4	34	496	9	482	6.03e-129	383
MPDKNC_01739	iAF987.Gmet_3262	51.2	127	61	1	76	202	128	253	2.39e-39	135
MPDKNC_01740	iYS854.USA300HOU_RS04975	42.1	183	102	4	6	186	6	186	4.08e-34	119
MPDKNC_01742	iYS854.USA300HOU_RS04985	69.4	206	63	0	1	206	1	206	3.79e-100	288
MPDKNC_01743	iYO844.BSU11610	76.4	263	62	0	3	265	1	263	6.80e-150	419
MPDKNC_01743	iYS854.USA300HOU_RS04990	69.7	264	79	1	3	265	1	264	1.70e-139	392
MPDKNC_01744	iNF517.LLMG_RS01970	42.1	292	164	3	6	292	1	292	1.42e-69	217
MPDKNC_01745	STM_v1_0.STM0088	26.4	148	83	3	28	160	36	172	1.99e-04	41.2
MPDKNC_01745	iML1515.b0049	26.1	142	79	3	28	154	36	166	4.78e-04	40.0
MPDKNC_01745	iSbBS512_1146.SbBS512_E0043	26.1	142	79	3	28	154	36	166	4.78e-04	40.0
MPDKNC_01745	iSF_1195.SF0046	26.1	142	79	3	28	154	36	166	4.78e-04	40.0
MPDKNC_01745	iSSON_1240.SSON_0057	26.1	142	79	3	28	154	36	166	4.78e-04	40.0
MPDKNC_01745	iSDY_1059.SDY_0074	30.1	103	61	2	28	130	36	127	6.44e-04	39.7
MPDKNC_01745	iPC815.YPO0490	22.8	237	115	6	28	208	36	260	8.77e-04	39.3
MPDKNC_01746	iYS854.USA300HOU_RS05000	53.6	448	208	0	19	466	14	461	1.89e-164	471
MPDKNC_01747	iYO844.BSU11640	63.8	613	219	3	4	615	3	613	1.35e-259	725
MPDKNC_01749	iYO844.BSU11720	78.9	256	53	1	1	256	1	255	2.28e-144	404
MPDKNC_01760	iCN900.CD630_27420	26.9	145	90	4	24	167	22	151	2.63e-06	47.0
MPDKNC_01762	iCN718.ABAYE_RS03670	39.8	123	71	1	30	152	19	138	6.07e-25	92.8
MPDKNC_01765	iAF692.Mbar_A3455	26.6	154	90	4	19	162	31	171	2.48e-06	45.4
MPDKNC_01768	iJN1463.PP_1167	32.0	122	82	1	209	330	61	181	1.40e-06	50.8
MPDKNC_01768	iSynCJ816.SGL_RS10910	27.9	122	85	1	209	330	73	191	1.92e-06	50.4
MPDKNC_01772	iEK1008.Rv3556c	53.1	386	168	4	12	386	3	386	4.90e-133	385
MPDKNC_01773	iML1515.b0651	28.6	304	203	9	4	301	5	300	1.29e-29	114
MPDKNC_01773	iSbBS512_1146.SbBS512_E0598	28.6	304	203	9	4	301	5	300	2.49e-29	113
MPDKNC_01773	iSF_1195.SF0630	28.3	304	204	9	4	301	5	300	3.46e-29	113
MPDKNC_01773	iSSON_1240.SSON_0605	28.3	304	204	9	4	301	5	300	3.46e-29	113
MPDKNC_01773	iJN1463.PP_2460	25.8	291	200	7	3	282	13	298	8.17e-29	112
MPDKNC_01773	STM_v1_0.STM0661	28.0	304	205	9	4	301	5	300	6.69e-29	112
MPDKNC_01774	iYL1228.KPN_03043	24.4	127	94	1	142	266	49	175	1.10e-04	42.7
MPDKNC_01775	iYO844.BSU23860	69.9	469	141	0	1	469	1	469	5.52e-244	674
MPDKNC_01775	iYS854.USA300HOU_RS08075	64.5	468	163	3	4	470	3	468	7.55e-218	607
MPDKNC_01778	iIT341.HP0680	38.9	736	379	10	50	733	53	769	7.23e-155	469
MPDKNC_01779	iSynCJ816.SGL_RS18250	30.6	327	217	4	24	345	23	344	6.00e-59	193
MPDKNC_01779	iIT341.HP0364	29.6	318	219	3	21	337	22	335	5.65e-55	182
MPDKNC_01784	iYS854.USA300HOU_RS05045	42.8	488	277	2	1	487	1	487	1.97e-142	417
MPDKNC_01784	iYO844.BSU15180	43.4	461	255	3	22	479	23	480	5.14e-132	391
MPDKNC_01785	iYO844.BSU32180	61.3	406	154	2	1	405	1	404	1.22e-162	462
MPDKNC_01786	iEK1008.Rv0684	28.4	483	307	10	4	457	5	477	3.98e-49	179
MPDKNC_01786	iSynCJ816.SGL_RS10930	26.9	480	295	11	13	457	11	469	1.13e-44	167
MPDKNC_01786	iSynCJ816.SGL_RS17200	26.8	474	312	10	13	460	9	473	3.56e-43	162
MPDKNC_01787	iYL1228.KPN_02455	28.0	236	161	5	73	303	360	591	3.35e-24	102
MPDKNC_01788	iYO844.BSU09680	39.9	439	261	2	14	449	12	450	2.36e-97	300
MPDKNC_01790	iAF987.Gmet_3509	25.4	1044	727	19	2	1013	4	1027	9.84e-81	284
MPDKNC_01790	iJN1463.PP_2410	26.9	1062	692	24	2	1008	4	1036	4.73e-79	279
MPDKNC_01790	iJN1463.PP_0043	27.2	1066	684	28	2	1008	4	1036	5.85e-78	276
MPDKNC_01790	iJN1463.PP_3426	26.4	1073	714	21	1	1022	1	1048	1.33e-76	272
MPDKNC_01797	iYO844.BSU13500	66.7	450	149	1	1	450	1	449	2.71e-208	582
MPDKNC_01800	iSynCJ816.SGL_RS14820	27.3	227	151	5	78	295	89	310	2.25e-15	78.6
MPDKNC_01802	iAF987.Gmet_3085	23.0	274	189	7	238	496	190	456	1.03e-04	45.4
MPDKNC_01805	iYO844.BSU13550	62.1	343	130	0	1	343	1	343	2.13e-148	422
MPDKNC_01806	iYO844.BSU13560	57.2	390	165	2	1	389	1	389	7.53e-154	439
MPDKNC_01807	iYS854.USA300HOU_RS10950	36.4	261	164	2	1	259	1	261	4.09e-63	198
MPDKNC_01808	iYO844.BSU13580	69.0	387	120	0	4	390	3	389	5.18e-198	551
MPDKNC_01809	iYO844.BSU13590	59.2	402	157	3	1	396	1	401	1.72e-161	459
MPDKNC_01810	iYO844.BSU13600	53.4	221	96	4	1	216	1	219	5.84e-80	238
MPDKNC_01811	iYO844.BSU13610	63.5	200	72	1	4	202	5	204	3.38e-87	255
MPDKNC_01812	iYO844.BSU13620	69.6	171	51	1	1	170	1	171	5.55e-83	242
MPDKNC_01816	iAF987.Gmet_3509	24.5	1036	734	17	17	1014	8	1033	2.71e-77	274
MPDKNC_01816	iJN1463.PP_0043	24.8	1050	710	19	16	1004	7	1037	6.54e-69	249
MPDKNC_01820	iAF987.Gmet_1601	37.9	240	141	5	3	235	6	244	9.08e-42	142
MPDKNC_01820	iCN900.CD630_25770	34.6	240	150	4	2	234	3	242	7.67e-40	137
MPDKNC_01820	iML1515.b1093	34.9	238	148	3	3	235	6	241	1.05e-39	137
MPDKNC_01820	iSbBS512_1146.SbBS512_E2231	34.9	238	148	3	3	235	6	241	1.05e-39	137
MPDKNC_01820	iSF_1195.SF1097	34.9	238	148	3	3	235	6	241	1.05e-39	137
MPDKNC_01820	iSSON_1240.SSON_1113	34.9	238	148	3	3	235	6	241	1.05e-39	137
MPDKNC_01820	iSDY_1059.SDY_2057	34.9	238	148	3	3	235	6	241	1.48e-39	136
MPDKNC_01820	iLJ478.TM1724	32.6	242	156	4	1	235	3	244	1.56e-39	136
MPDKNC_01820	iYL1228.KPN_01091	33.6	238	151	3	3	235	6	241	1.16e-38	134
MPDKNC_01820	iCN900.CD630_11820	30.8	240	159	3	3	235	7	246	7.30e-38	132
MPDKNC_01820	STM_v1_0.STM1195	33.6	238	151	3	3	235	6	241	6.43e-38	132
MPDKNC_01820	iPC815.YPO2539	34.6	243	149	4	2	235	9	250	1.17e-37	132
MPDKNC_01820	iYS854.USA300HOU_RS06185	30.6	242	161	3	1	235	1	242	5.01e-37	130
MPDKNC_01820	iAF987.Gmet_1531	32.9	240	154	4	3	236	7	245	1.13e-36	129
MPDKNC_01821	iEK1008.Rv0958	25.2	159	84	5	98	250	180	309	3.68e-04	41.6
MPDKNC_01825	iYO844.BSU13900	72.7	88	24	0	1	88	1	88	9.88e-39	123
MPDKNC_01825	iYS854.USA300HOU_RS05395	69.8	86	26	0	1	86	1	86	8.12e-38	121
MPDKNC_01825	iNF517.LLMG_RS00670	69.3	88	27	0	1	88	1	88	2.71e-36	117
MPDKNC_01826	iYO844.BSU13910	75.9	564	136	0	5	568	4	567	2.36e-306	840
MPDKNC_01826	iYS854.USA300HOU_RS05400	68.8	567	176	1	1	566	1	567	4.00e-277	766
MPDKNC_01828	iYO844.BSU14000	62.5	381	140	3	1	380	1	379	1.67e-166	471
MPDKNC_01829	iYO844.BSU08000	46.5	318	167	2	1	316	1	317	3.15e-98	292
MPDKNC_01830	iYS854.USA300HOU_RS03845	69.8	215	64	1	1	214	5	219	3.49e-116	330
MPDKNC_01831	iYO844.BSU13730	62.0	142	52	1	1	140	4	145	1.13e-66	198
MPDKNC_01831	iYS854.USA300HOU_RS03840	58.0	138	56	1	1	138	1	136	1.74e-61	185
MPDKNC_01832	iYS854.USA300HOU_RS03835	61.3	240	90	2	1	240	1	237	4.93e-106	305
MPDKNC_01834	iAF987.Gmet_0069	29.0	124	79	3	175	297	3	118	1.11e-08	55.1
MPDKNC_01834	iAF987.Gmet_2999	32.5	126	74	4	177	301	10	125	2.35e-07	51.2
MPDKNC_01838	iCHOv1.100753128	40.0	245	145	2	11	254	61	304	6.08e-51	169
MPDKNC_01838	iCN718.ABAYE_RS02940	40.3	243	141	4	11	252	15	254	2.26e-49	164
MPDKNC_01843	iYS854.USA300HOU_RS05405	31.2	77	51	2	1	77	1	75	1.29e-08	46.6
MPDKNC_01845	iAF692.Mbar_A2079	25.9	116	81	3	24	139	75	185	8.51e-05	40.4
MPDKNC_01847	iYO844.BSU14180	85.2	236	35	0	1	236	1	236	8.67e-108	310
MPDKNC_01848	iYO844.BSU14190	65.6	360	124	0	9	368	9	368	9.07e-178	498
MPDKNC_01851	iYO844.BSU02750	35.8	215	137	1	15	228	19	233	1.77e-44	151
MPDKNC_01851	iCN900.CD630_16140	32.1	209	142	0	14	222	37	245	1.43e-40	142
MPDKNC_01858	iML1515.b0808	30.8	214	145	1	52	262	503	716	1.64e-26	108
MPDKNC_01859	iAF987.Gmet_2349	34.8	575	368	4	1	573	1	570	2.63e-108	336
MPDKNC_01859	iYL1228.KPN_00941	32.3	572	383	3	3	573	12	580	2.83e-99	313
MPDKNC_01859	iSF_1195.SF0910	31.8	572	386	3	3	573	12	580	1.97e-95	303
MPDKNC_01859	iSSON_1240.SSON_0916	31.8	572	386	3	3	573	12	580	2.77e-95	302
MPDKNC_01860	iAF987.Gmet_2349	32.7	568	379	3	33	600	6	570	2.51e-96	305
MPDKNC_01860	iPC815.YPO1395	31.3	576	388	5	28	600	10	580	9.76e-85	275
MPDKNC_01861	iYS854.USA300HOU_RS05410	58.4	442	178	3	1	436	1	442	6.48e-180	509
MPDKNC_01862	iYS854.USA300HOU_RS05415	58.3	333	138	1	6	337	6	338	1.88e-133	383
MPDKNC_01863	iYO844.BSU14510	75.5	220	54	0	1	220	1	220	2.04e-117	333
MPDKNC_01863	iYS854.USA300HOU_RS05420	71.9	217	61	0	1	217	1	217	2.68e-108	310
MPDKNC_01866	iSbBS512_1146.SbBS512_E0687	28.2	266	169	8	2	248	3	265	1.40e-22	93.2
MPDKNC_01866	iSF_1195.SF0538	28.2	266	169	8	2	248	3	265	1.40e-22	93.2
MPDKNC_01866	iML1515.b0766	28.2	266	169	8	2	248	3	265	5.21e-22	91.7
MPDKNC_01866	iSDY_1059.SDY_3917	28.9	270	172	8	1	255	1	265	2.35e-19	84.3
MPDKNC_01866	iSF_1195.SF3904	29.3	270	171	8	1	255	1	265	2.35e-19	84.3
MPDKNC_01866	iML1515.b3826	28.1	270	174	8	1	255	1	265	3.25e-19	84.0
MPDKNC_01866	iSbBS512_1146.SbBS512_E4293	28.9	270	172	8	1	255	1	265	3.25e-19	84.0
MPDKNC_01867	iNF517.LLMG_RS02790	48.7	187	82	2	1	173	16	202	5.71e-55	172
MPDKNC_01869	iYS854.USA300HOU_RS05455	78.8	364	77	0	8	371	7	370	2.97e-203	562
MPDKNC_01869	iYO844.BSU14580	76.0	371	89	0	1	371	1	371	5.08e-202	559
MPDKNC_01870	iYO844.BSU14590	90.2	325	32	0	1	325	1	325	3.53e-209	573
MPDKNC_01871	iYO844.BSU14600	75.2	451	85	3	1	433	1	442	1.13e-229	635
MPDKNC_01871	iYS854.USA300HOU_RS05465	74.5	436	100	4	1	432	1	429	8.04e-220	609
MPDKNC_01872	iYO844.BSU14610	79.1	469	97	1	1	468	1	469	1.36e-274	751
MPDKNC_01872	iYS854.USA300HOU_RS05470	77.1	468	107	0	1	468	1	468	7.75e-262	719
MPDKNC_01875	iAF692.Mbar_A0408	29.8	131	80	2	90	208	18	148	1.22e-11	62.8
MPDKNC_01877	iYO844.BSU14630	75.7	489	118	1	1	488	1	489	5.62e-275	754
MPDKNC_01878	iCN718.ABAYE_RS11680	43.4	318	169	8	5	315	3	316	5.57e-69	217
MPDKNC_01882	iYO844.BSU14670	60.2	261	104	0	1	261	1	261	4.32e-117	335
MPDKNC_01884	iEK1008.Rv0684	24.9	489	255	10	7	395	13	489	3.18e-31	129
MPDKNC_01884	iSynCJ816.SGL_RS17200	25.2	489	250	13	8	395	9	482	7.43e-31	127
MPDKNC_01884	iSynCJ816.SGL_RS10930	22.9	677	301	14	7	476	10	672	3.11e-30	125
MPDKNC_01892	iYO844.BSU14830	61.5	301	115	1	8	307	9	309	2.22e-129	370
MPDKNC_01894	iML1515.b0089	33.4	377	236	5	6	379	41	405	1.06e-55	188
MPDKNC_01895	iYO844.BSU14860	75.7	1146	277	1	2	1147	4	1148	0.0	1788
MPDKNC_01896	iYO844.BSU14870	54.8	299	131	3	1	296	1	298	8.71e-105	307
MPDKNC_01897	iYO844.BSU14880	65.0	303	103	1	1	300	1	303	9.93e-138	391
MPDKNC_01898	iYO844.BSU14890	65.9	352	116	4	8	357	5	354	4.88e-160	452
MPDKNC_01899	iYO844.BSU14900	75.6	623	150	2	1	623	2	622	0.0	975
MPDKNC_01900	iYO844.BSU14910	74.6	209	51	1	1	209	1	207	7.46e-107	305
MPDKNC_01901	iYO844.BSU14920	55.9	102	44	1	9	109	8	109	2.02e-34	114
MPDKNC_01903	iYS854.USA300HOU_RS05575	64.7	153	54	0	1	153	1	153	1.20e-67	201
MPDKNC_01908	iML1515.b0597	29.9	77	52	2	54	129	33	108	2.27e-04	38.9
MPDKNC_01916	iCN718.ABAYE_RS13845	33.5	155	97	3	1	155	5	153	1.02e-18	79.0
MPDKNC_01917	iYO844.BSU15020	67.5	160	52	0	1	160	1	160	1.90e-75	222
MPDKNC_01917	iYS854.USA300HOU_RS05615	64.7	156	55	0	4	159	5	160	6.11e-67	200
MPDKNC_01919	iMM904.YML059C	33.1	181	111	2	6	178	1371	1549	5.90e-24	100
MPDKNC_01924	iYO844.BSU28540	29.7	232	156	5	25	252	23	251	4.77e-26	102
MPDKNC_01924	iYO844.BSU18220	33.5	182	114	4	1	178	1	179	1.42e-23	95.5
MPDKNC_01924	iYL1228.KPN_01475	30.2	262	166	7	1	252	1	255	5.54e-23	94.0
MPDKNC_01927	iYO844.BSU24340	51.3	448	212	5	1	445	1	445	1.60e-141	412
MPDKNC_01927	iAF987.Gmet_3292	49.1	444	224	2	1	443	1	443	2.25e-134	401
MPDKNC_01927	iCN900.CD630_19380	47.6	445	230	3	1	444	1	443	6.02e-137	400
MPDKNC_01927	iCHOv1.100771229	47.6	445	231	2	2	445	45	488	7.08e-133	399
MPDKNC_01927	iMM1415.72039	47.4	445	232	2	2	445	45	488	1.41e-132	398
MPDKNC_01927	iAT_PLT_636.56922	48.3	445	228	2	2	445	49	492	3.50e-132	397
MPDKNC_01927	iCN718.ABAYE_RS11585	47.1	444	233	2	1	443	1	443	1.23e-132	397
MPDKNC_01927	iHN637.CLJU_RS20745	47.6	445	230	3	1	444	1	443	2.27e-135	396
MPDKNC_01927	iMM1415.110821	48.8	443	224	2	4	444	61	502	1.90e-131	395
MPDKNC_01927	iNF517.LLMG_RS08930	48.0	444	228	3	1	442	1	443	9.54e-134	392
MPDKNC_01927	iJN1463.PP_4067	46.0	446	236	3	5	446	9	453	1.51e-130	391
MPDKNC_01927	iAT_PLT_636.5095	47.9	443	228	2	4	444	65	506	1.86e-129	390
MPDKNC_01927	iCHOv1.100765530	48.1	443	227	2	4	444	60	501	9.09e-129	389
MPDKNC_01927	iCN718.ABAYE_RS02960	46.5	445	233	4	4	446	5	446	3.00e-129	387
MPDKNC_01927	iAF692.Mbar_A1587	47.9	447	225	6	1	444	1	442	4.20e-131	387
MPDKNC_01927	iSSON_1240.SSON_3397	46.6	451	237	4	1	450	1	448	1.16e-130	384
MPDKNC_01927	iML1515.b3256	46.3	451	238	4	1	450	1	448	4.67e-130	383
MPDKNC_01927	iSbBS512_1146.SbBS512_E3288	46.3	451	238	4	1	450	1	448	4.67e-130	383
MPDKNC_01927	iSDY_1059.SDY_3433	46.3	451	238	4	1	450	1	448	4.67e-130	383
MPDKNC_01927	iJN1463.PP_0558	46.0	450	239	4	2	450	5	451	2.83e-129	381
MPDKNC_01927	iYL1228.KPN_03665	46.3	451	238	4	1	450	1	448	3.75e-129	380
MPDKNC_01927	STM_v1_0.STM3380	46.3	451	238	4	1	450	1	448	5.31e-129	380
MPDKNC_01927	iSF_1195.SF3294	45.9	451	240	4	1	450	1	448	4.27e-128	378
MPDKNC_01927	iAF987.Gmet_0984	44.7	443	243	2	1	443	1	441	1.10e-127	377
MPDKNC_01927	iPC815.YPO3658	46.1	451	239	4	1	450	1	448	1.21e-127	377
MPDKNC_01927	iYS854.USA300HOU_RS08155	46.7	443	232	4	3	443	2	442	5.18e-127	375
MPDKNC_01927	iCN718.ABAYE_RS08035	45.1	450	242	5	1	449	1	446	2.44e-126	374
MPDKNC_01927	iYO844.BSU14860	44.8	453	232	8	2	442	6	452	7.99e-119	373
MPDKNC_01928	iAF987.Gmet_0816	39.7	68	41	0	2	69	1080	1147	2.39e-10	53.9
MPDKNC_01928	iLB1027_lipid.PHATRDRAFT_49339	36.8	68	43	0	3	70	1197	1264	1.15e-09	52.0
MPDKNC_01928	iYO844.BSU14860	38.8	67	41	0	4	70	1080	1146	2.14e-09	51.2
MPDKNC_01928	iJN1463.PP_5346	38.8	67	41	0	4	70	535	601	2.10e-09	51.2
MPDKNC_01928	iMM904.YGL062W	42.6	68	39	0	4	71	1103	1170	2.14e-09	51.2
MPDKNC_01928	STM_v1_0.STM0055	36.4	66	42	0	4	69	525	590	1.38e-08	48.9
MPDKNC_01928	STM_v1_0.STM3352	36.4	66	42	0	4	69	525	590	1.38e-08	48.9
MPDKNC_01929	iYO844.BSU18210	71.9	502	139	2	11	511	11	511	2.84e-260	718
MPDKNC_01930	iYO844.BSU15110	36.2	287	174	6	1	282	1	283	4.98e-50	167
MPDKNC_01932	iYS854.USA300HOU_RS05915	34.8	528	338	4	12	537	12	535	3.44e-99	310
MPDKNC_01934	iNF517.LLMG_RS08455	63.9	310	108	3	2	309	3	310	2.72e-132	378
MPDKNC_01936	iYS854.USA300HOU_RS05935	41.9	714	404	7	3	714	7	711	7.61e-190	556
MPDKNC_01937	iAF987.Gmet_0406	34.0	644	388	11	21	637	21	654	2.26e-103	327
MPDKNC_01938	iYO844.BSU15180	56.7	478	205	1	2	479	5	480	4.54e-186	528
MPDKNC_01940	iYO844.BSU15190	75.9	324	78	0	1	324	1	324	2.58e-176	490
MPDKNC_01941	iYO844.BSU15200	57.6	439	185	1	13	450	13	451	7.87e-177	502
MPDKNC_01941	iNF517.LLMG_RS04655	56.8	451	192	3	1	450	1	449	8.01e-169	481
MPDKNC_01941	iYS854.USA300HOU_RS05945	54.8	436	193	4	9	444	9	440	3.73e-157	452
MPDKNC_01942	iJN1463.PP_1336	38.2	361	220	1	9	366	22	382	8.58e-75	236
MPDKNC_01942	iML1515.b0089	37.5	355	217	2	9	360	45	397	1.52e-71	228
MPDKNC_01944	iHN637.CLJU_RS05215	26.8	198	137	5	8	203	5	196	4.59e-11	60.5
MPDKNC_01954	iCN900.CD630_26230	46.9	224	115	2	3	222	7	230	1.92e-67	207
MPDKNC_01959	iYS854.USA300HOU_RS05995	63.7	920	324	5	1	916	1	914	0.0	1212
MPDKNC_01959	iNF517.LLMG_RS10255	60.0	925	367	2	1	922	1	925	0.0	1159
MPDKNC_01961	STM_v1_0.STM0047	32.9	152	97	2	6	153	15	165	4.63e-21	84.0
MPDKNC_01962	iYS854.USA300HOU_RS06015	64.0	297	106	1	1	296	1	297	1.20e-136	388
MPDKNC_01963	iCN900.CD630_25950	63.1	179	64	1	1	179	1	177	2.73e-74	220
MPDKNC_01963	iAF987.Gmet_1768	64.2	162	56	1	3	164	4	163	2.54e-70	210
MPDKNC_01963	iHN637.CLJU_RS05275	58.7	179	71	2	1	179	1	176	2.32e-68	205
MPDKNC_01964	iYO844.BSU15480	67.3	431	140	1	3	432	2	432	3.37e-196	550
MPDKNC_01965	iYO844.BSU15490	59.2	292	115	3	1	290	1	290	3.90e-111	323
MPDKNC_01965	iYS854.USA300HOU_RS06030	56.1	289	122	3	1	285	1	288	7.26e-104	305
MPDKNC_01966	iYO844.BSU15500	68.9	424	132	0	1	424	1	424	4.87e-214	594
MPDKNC_01967	iYO844.BSU15510	68.5	352	109	1	1	352	1	350	6.09e-183	510
MPDKNC_01968	iYO844.BSU15520	79.0	1056	222	0	1	1056	1	1056	0.0	1654
MPDKNC_01968	iYS854.USA300HOU_RS06045	72.6	1053	287	1	1	1053	1	1052	0.0	1523
MPDKNC_01969	iYO844.BSU15530	55.0	251	109	3	9	257	8	256	4.47e-89	264
MPDKNC_01970	iYO844.BSU15540	73.6	307	81	0	4	310	2	308	3.92e-167	466
MPDKNC_01971	iYS854.USA300HOU_RS06050	52.2	224	107	0	4	227	5	228	7.08e-77	231
MPDKNC_01971	iYO844.BSU15550	55.4	233	99	3	2	229	4	236	1.90e-76	230
MPDKNC_01971	iNF517.LLMG_RS05620	50.4	232	109	3	2	227	4	235	2.68e-68	209
MPDKNC_01972	iYO844.BSU15560	59.5	210	83	1	1	208	7	216	2.96e-85	251
MPDKNC_01972	iYS854.USA300HOU_RS06055	62.8	199	74	0	1	199	1	199	9.01e-84	246
MPDKNC_01974	iYO844.BSU15650	69.8	892	267	1	1	892	1	890	0.0	1211
MPDKNC_01977	iYO844.BSU15680	78.4	204	44	0	1	204	1	204	3.00e-111	316
MPDKNC_01979	iYO844.BSU15700	64.9	390	135	2	3	390	5	394	1.71e-175	494
MPDKNC_01981	iYO844.BSU15720	58.1	155	65	0	1	155	1	155	2.35e-59	181
MPDKNC_01982	iYO844.BSU15730	67.5	317	101	1	1	317	1	315	9.25e-157	440
MPDKNC_01983	iAM_Pc455.PCYB_061470	33.9	56	37	0	221	276	131	186	2.28e-04	43.1
MPDKNC_01983	iAM_Pv461.PVX_001880	33.9	56	37	0	221	276	166	221	3.15e-04	42.7
MPDKNC_01984	iYS854.USA300HOU_RS06125	38.1	239	147	1	1	239	2	239	4.59e-56	179
MPDKNC_01985	iYS854.USA300HOU_RS06130	36.0	694	392	12	2	676	1	661	3.16e-120	373
MPDKNC_01987	iYS854.USA300HOU_RS06135	46.8	293	154	1	1	293	1	291	9.02e-89	266
MPDKNC_01988	iYO844.BSU15790	65.4	214	73	1	1	213	1	214	1.01e-98	285
MPDKNC_01988	iAF987.Gmet_0067	59.2	213	87	0	1	213	1	213	1.02e-87	258
MPDKNC_01989	iYS854.USA300HOU_RS06145	43.4	189	103	3	27	213	25	211	2.68e-43	144
MPDKNC_01994	iYS854.USA300HOU_RS06160	57.6	552	228	3	3	553	2	548	1.66e-214	605
MPDKNC_01995	iYO844.BSU15850	70.9	220	64	0	1	220	1	220	1.20e-111	318
MPDKNC_01996	iYO844.BSU15860	83.7	295	48	0	1	295	1	295	5.62e-163	454
MPDKNC_01998	iYS854.USA300HOU_RS06170	47.1	187	96	2	1	187	6	189	5.42e-45	147
MPDKNC_01999	iYS854.USA300HOU_RS06175	57.9	330	135	2	1	329	2	328	1.43e-131	377
MPDKNC_02000	iYO844.BSU15900	63.9	313	113	0	1	313	1	313	4.99e-137	390
MPDKNC_02001	iYO844.BSU15910	75.1	245	61	0	3	247	2	246	2.68e-128	362
MPDKNC_02001	iYS854.USA300HOU_RS06185	67.8	242	78	0	6	247	3	244	6.16e-115	328
MPDKNC_02002	iYS854.USA300HOU_RS06195	67.1	73	24	0	3	75	2	74	2.95e-26	91.3
MPDKNC_02002	iHN637.CLJU_RS06285	55.4	74	33	0	4	77	2	75	1.99e-24	86.7
MPDKNC_02002	iPC815.YPO1600	61.8	76	29	0	1	76	1	76	1.18e-23	84.7
MPDKNC_02002	iJN1463.PP_1915	56.6	76	33	0	1	76	1	76	6.81e-23	82.8
MPDKNC_02014	iCN900.CD630_32740	37.6	85	51	2	121	204	2	85	1.56e-06	48.9
MPDKNC_02018	iYO844.BSU16090	84.9	385	58	0	1	385	1	385	4.89e-235	644
MPDKNC_02018	iYS854.USA300HOU_RS06265	79.2	385	80	0	1	385	1	385	1.69e-215	595
MPDKNC_02019	iYO844.BSU16100	87.7	300	37	0	1	300	1	300	1.27e-194	535
MPDKNC_02019	iYS854.USA300HOU_RS06270	82.6	299	52	0	1	299	1	299	1.48e-182	504
MPDKNC_02032	iCN900.CD630_02510	57.3	412	172	2	20	431	27	434	3.83e-159	456
MPDKNC_02041	iAF987.Gmet_1919	33.6	119	78	1	1	119	1	118	4.93e-13	63.5
MPDKNC_02041	iAF987.Gmet_1914	28.8	104	73	1	3	106	2	104	8.02e-11	57.4
MPDKNC_02049	iHN637.CLJU_RS02400	25.9	228	150	8	22	238	6	225	2.00e-07	50.8
MPDKNC_02049	iAF692.Mbar_A0171	25.7	241	160	8	22	251	6	238	4.88e-07	49.7
MPDKNC_02049	iHN637.CLJU_RS11570	24.4	234	158	8	22	244	6	231	9.25e-06	45.8
MPDKNC_02050	iAF987.Gmet_0069	34.5	110	67	2	5	111	4	111	4.75e-09	56.6
MPDKNC_02050	iAF987.Gmet_2999	37.4	107	60	5	5	108	9	111	5.73e-08	53.5
MPDKNC_02051	iAF987.Gmet_0043	25.9	112	75	3	434	545	163	266	7.59e-04	42.4
MPDKNC_02060	iYO844.BSU16510	84.6	240	37	0	1	240	1	240	6.79e-142	396
MPDKNC_02060	iYS854.USA300HOU_RS06340	76.6	235	55	0	3	237	4	238	1.15e-126	358
MPDKNC_02062	iYO844.BSU16530	65.4	260	88	1	1	258	1	260	7.39e-124	352
MPDKNC_02063	iYO844.BSU16540	58.9	263	106	2	1	262	4	265	7.42e-102	297
MPDKNC_02064	iYO844.BSU16550	66.8	380	124	1	1	378	1	380	2.79e-176	495
MPDKNC_02066	iYS854.USA300HOU_RS06365	58.4	558	230	2	1	558	1	556	9.93e-237	663
MPDKNC_02066	iNF517.LLMG_RS12095	50.3	616	254	5	1	565	1	615	4.59e-210	597
MPDKNC_02072	iML1515.b3590	32.0	247	154	10	221	458	2	243	5.69e-18	87.8
MPDKNC_02072	iSynCJ816.SGL_RS10925	33.3	246	126	9	213	427	7	245	4.92e-16	80.5
MPDKNC_02072	iCN900.CD630_24930	30.9	217	133	9	221	427	5	214	2.66e-15	79.3
MPDKNC_02075	iYS854.USA300HOU_RS06405	47.7	302	152	5	2	298	3	303	1.70e-89	268
MPDKNC_02075	iNF517.LLMG_RS07220	41.9	327	160	4	1	299	5	329	6.58e-82	250
MPDKNC_02076	iYO844.BSU16670	51.9	314	151	0	1	314	1	314	3.38e-115	335
MPDKNC_02078	iHN637.CLJU_RS10465	33.9	121	78	2	577	696	432	551	9.72e-11	64.7
MPDKNC_02079	iAF692.Mbar_A0408	25.1	227	132	6	121	311	6	230	2.21e-14	71.2
MPDKNC_02079	iMM904.YLR307W	27.1	155	102	2	151	294	126	280	1.11e-13	70.1
MPDKNC_02080	iAM_Pv461.PVX_087035	25.9	409	267	10	34	411	35	438	2.93e-41	152
MPDKNC_02080	iAM_Pf480.PF3D7_0933600	25.2	416	281	9	34	425	61	470	7.07e-40	148
MPDKNC_02080	iAM_Pc455.PCYB_074100	25.7	421	265	11	34	411	17	432	9.09e-39	145
MPDKNC_02080	iAM_Pb448.PBANKA_083440	25.7	421	274	12	34	425	55	465	8.22e-38	142
MPDKNC_02082	iYO844.BSU16730	64.2	296	106	0	1	296	1	296	6.00e-134	381
MPDKNC_02083	iYO844.BSU16740	74.7	194	49	0	2	195	3	196	2.45e-105	300
MPDKNC_02084	iYO844.BSU16750	76.9	342	79	0	6	347	5	346	1.38e-187	521
MPDKNC_02085	iYO844.BSU16760	65.9	402	137	0	1	402	1	402	6.89e-180	506
MPDKNC_02086	iYO844.BSU16770	66.7	288	95	1	1	287	1	288	2.84e-139	394
MPDKNC_02093	iML1515.b2149	38.3	493	298	3	2	493	11	498	4.85e-112	341
MPDKNC_02093	iSF_1195.SF2234	38.3	493	298	3	2	493	11	498	4.85e-112	341
MPDKNC_02093	iSSON_1240.SSON_2205	38.3	493	298	3	2	493	11	498	4.85e-112	341
MPDKNC_02093	STM_v1_0.STM2189	37.9	493	300	3	2	493	11	498	1.52e-110	337
MPDKNC_02093	iNF517.LLMG_RS04060	38.4	498	298	3	5	501	3	492	1.58e-109	334
MPDKNC_02093	iPC815.YPO1508	37.7	493	301	3	2	493	11	498	2.40e-109	334
MPDKNC_02093	iLJ478.TM0115	36.9	507	304	5	4	501	14	513	5.12e-109	333
MPDKNC_02093	iYL1228.KPN_02587	37.5	488	299	3	7	493	1	483	8.59e-109	332
MPDKNC_02093	iYO844.BSU35940	36.7	498	307	3	5	501	3	493	1.82e-108	331
MPDKNC_02093	iHN637.CLJU_RS00620	38.0	492	297	3	4	493	5	490	1.36e-106	327
MPDKNC_02093	iCN900.CD630_03010	35.1	499	317	3	4	501	5	497	2.95e-103	318
MPDKNC_02093	iLJ478.TM0956	36.9	496	309	4	2	493	10	505	7.41e-103	318
MPDKNC_02094	iYL1228.KPN_04624	26.6	319	204	11	19	330	25	320	5.75e-14	71.6
MPDKNC_02094	iSbBS512_1146.SbBS512_E4854	25.9	297	191	10	40	330	47	320	6.19e-13	68.6
MPDKNC_02094	iSSON_1240.SSON_4411	26.3	300	186	10	40	330	47	320	2.02e-12	67.0
MPDKNC_02094	iML1515.b4230	25.9	297	191	10	40	330	47	320	2.71e-12	66.6
MPDKNC_02094	iSF_1195.SF4261	25.6	297	192	10	40	330	47	320	4.89e-12	65.9
MPDKNC_02094	iML1515.b4086	26.2	286	177	11	39	311	33	297	6.02e-12	65.5
MPDKNC_02095	iYO844.BSU35950	25.2	151	110	2	122	272	140	287	1.81e-06	48.5
MPDKNC_02095	iLJ478.TM0112	30.8	104	70	1	122	225	133	234	2.37e-06	48.1
MPDKNC_02095	iYL1228.KPN_02586	35.3	102	57	2	159	256	188	284	5.95e-06	47.0
MPDKNC_02095	iCN900.CD630_15880	23.7	241	151	7	31	259	46	265	7.51e-06	46.6
MPDKNC_02097	iAM_Pb448.PBANKA_083440	30.3	155	103	2	60	209	72	226	5.55e-12	67.0
MPDKNC_02097	iAM_Pc455.PCYB_074100	25.6	160	114	2	60	214	43	202	1.21e-10	62.8
MPDKNC_02097	iAM_Pv461.PVX_087035	27.2	162	109	3	60	214	61	220	3.82e-10	61.2
MPDKNC_02098	iYS854.USA300HOU_RS06450	39.1	233	139	2	4	235	3	233	2.99e-50	163
MPDKNC_02098	iCN900.CD630_25770	38.2	241	140	4	2	234	4	243	6.52e-49	160
MPDKNC_02102	iYO844.BSU16920	68.9	190	59	0	2	191	3	192	1.53e-89	260
MPDKNC_02103	iML1515.b2700	34.9	152	97	2	260	410	11	161	1.08e-21	90.9
MPDKNC_02109	iAF692.Mbar_A2214	33.1	580	366	12	4	571	2	571	7.33e-101	317
MPDKNC_02109	iLJ478.TM1164	32.4	580	359	10	5	577	4	557	9.33e-97	305
MPDKNC_02110	iAF692.Mbar_A2215	42.6	277	156	2	1	277	1	274	2.90e-76	233
MPDKNC_02110	iLJ478.TM1165	39.7	262	155	1	15	276	13	271	7.77e-68	212
MPDKNC_02115	iEK1008.Rv1334	35.6	101	60	3	2	97	30	130	1.69e-13	62.0
MPDKNC_02116	iYO844.BSU35550	34.3	134	80	3	3	129	8	140	2.16e-18	80.9
MPDKNC_02117	iLJ478.TM0509	40.9	298	173	3	5	299	4	301	4.58e-74	229
MPDKNC_02118	iYS854.USA300HOU_RS02960	25.2	159	104	5	164	320	315	460	6.73e-05	44.3
MPDKNC_02118	iYS854.USA300HOU_RS07460	28.4	81	58	0	260	340	277	357	7.80e-05	43.9
MPDKNC_02119	iYO844.BSU35550	30.7	205	129	6	3	200	6	204	1.59e-18	81.3
MPDKNC_02121	iEK1008.Rv3032	24.4	409	261	12	10	397	12	393	7.45e-19	87.4
MPDKNC_02122	iAF692.Mbar_A0052	37.6	330	197	5	1	327	1	324	1.88e-64	208
MPDKNC_02122	iHN637.CLJU_RS16795	34.4	358	223	7	1	356	1	348	1.44e-60	198
MPDKNC_02123	iCN718.ABAYE_RS18875	33.8	302	182	5	4	287	283	584	4.60e-45	162
MPDKNC_02123	iJN1463.PP_1805	35.7	294	155	7	5	265	322	614	4.75e-42	154
MPDKNC_02124	iAF987.Gmet_2472	32.1	218	136	6	3	215	2	212	2.81e-19	84.7
MPDKNC_02125	iJN1463.PP_1800	33.7	252	143	9	2	238	6	248	1.66e-26	105
MPDKNC_02126	iCHOv1.100761752	26.3	240	151	7	5	221	93	329	5.77e-17	80.5
MPDKNC_02126	iCHOv1.100767525	29.5	237	143	8	5	220	99	332	1.02e-16	79.7
MPDKNC_02126	iCHOv1.100768523	26.3	262	162	8	5	240	47	303	2.41e-16	78.6
MPDKNC_02126	iCHOv1.100759781	27.9	233	149	7	5	219	99	330	4.58e-16	77.8
MPDKNC_02126	iCHOv1.100773797	29.0	262	156	11	5	240	157	414	3.91e-15	75.1
MPDKNC_02126	iCHOv1.100753226	27.0	248	142	6	5	220	184	424	5.35e-15	74.7
MPDKNC_02126	iCHOv1.100764829	27.7	238	151	8	2	220	74	309	4.77e-15	74.7
MPDKNC_02134	iJN1463.PP_5182	37.3	415	242	8	28	435	36	439	1.59e-85	268
MPDKNC_02134	iJN1463.PP_2180	37.9	417	236	11	28	435	36	438	3.38e-84	265
MPDKNC_02141	iSSON_1240.SSON_4482	32.1	237	155	6	272	507	1	232	4.02e-29	116
MPDKNC_02147	iJN1463.PP_1308	32.4	207	108	9	70	273	70	247	7.59e-14	72.4
MPDKNC_02148	iSynCJ816.SGL_RS16080	31.1	74	45	2	18	85	8	81	1.00e-04	40.4
MPDKNC_02149	iYO844.BSU17460	86.3	444	61	0	1	444	1	444	6.36e-295	800
MPDKNC_02152	iYO844.BSU01580	66.2	468	157	1	4	470	6	473	1.01e-207	583
MPDKNC_02158	iYO844.BSU17890	70.6	666	196	0	3	668	2	667	0.0	978
MPDKNC_02166	iJN1463.PP_4935	31.6	478	322	5	92	567	115	589	1.05e-69	235
MPDKNC_02166	iPC815.YPO1395	31.4	523	345	7	52	566	59	575	1.86e-69	234
MPDKNC_02166	iML1515.b0914	29.8	523	361	5	52	570	59	579	3.69e-68	231
MPDKNC_02166	iSbBS512_1146.SbBS512_E2410	29.8	523	361	5	52	570	59	579	3.69e-68	231
MPDKNC_02166	iSDY_1059.SDY_2344	29.8	523	361	5	52	570	59	579	3.69e-68	231
MPDKNC_02166	iSF_1195.SF0910	29.8	523	361	5	52	570	59	579	3.69e-68	231
MPDKNC_02166	iSSON_1240.SSON_0916	29.8	523	361	5	52	570	59	579	5.15e-68	230
MPDKNC_02166	STM_v1_0.STM0984	29.1	523	365	5	52	570	59	579	9.99e-68	229
MPDKNC_02166	iYL1228.KPN_00941	28.7	523	367	5	52	570	59	579	2.70e-67	228
MPDKNC_02166	iAF987.Gmet_2349	29.5	525	355	6	52	567	48	566	4.22e-66	225
MPDKNC_02166	iMM1415.18670	28.9	539	345	9	46	563	100	621	9.38e-62	221
MPDKNC_02166	iCHOv1.100682535	28.9	539	345	9	46	563	103	624	3.15e-61	219
MPDKNC_02167	iPC815.YPO3144	41.1	569	329	3	18	586	13	575	5.67e-138	414
MPDKNC_02170	iAF987.Gmet_1919	31.6	117	75	2	4	118	5	118	8.74e-10	54.3
MPDKNC_02170	iAF987.Gmet_1706	35.8	123	67	6	4	119	3	120	1.58e-09	53.5
MPDKNC_02173	iAF987.Gmet_0043	24.0	254	170	7	197	432	25	273	7.52e-08	54.3
MPDKNC_02178	iYS854.USA300HOU_RS11500	33.1	260	168	2	5	258	3	262	4.02e-43	147
MPDKNC_02182	iYS854.USA300HOU_RS11270	33.9	354	211	5	51	388	135	481	3.31e-60	202
MPDKNC_02182	iYO844.BSU37240	35.3	334	207	5	51	376	143	475	7.37e-60	201
MPDKNC_02182	iYO844.BSU37190	32.7	367	238	4	21	382	17	379	3.98e-59	197
MPDKNC_02182	iYO844.BSU36590	31.9	354	214	7	51	386	123	467	3.96e-58	196
MPDKNC_02182	iCN900.CD630_01920	34.3	350	204	6	16	353	112	447	6.23e-54	186
MPDKNC_02182	iCN900.CD630_34040	32.8	329	207	6	51	366	129	456	1.18e-52	182
MPDKNC_02187	iJN1463.PP_1311	49.5	333	165	1	1	330	1	333	6.35e-116	342
MPDKNC_02188	iYO844.BSU26970	58.2	378	157	1	1	377	1	378	1.99e-162	459
MPDKNC_02189	iYO844.BSU11870	62.7	373	139	0	1	373	1	373	3.31e-173	486
MPDKNC_02190	iYO844.BSU11880	66.8	383	126	1	4	385	3	385	4.56e-183	513
MPDKNC_02191	iYO844.BSU11010	58.5	609	248	4	4	609	3	609	1.70e-251	704
MPDKNC_02192	iSynCJ816.SGL_RS14710	39.8	1193	644	17	14	1146	16	1194	4.06e-278	814
MPDKNC_02192	iEK1008.Rv2124c	39.3	1197	647	19	10	1147	17	1192	5.20e-259	765
MPDKNC_02192	iCN718.ABAYE_RS14075	38.7	1194	665	24	10	1147	11	1193	1.62e-254	754
MPDKNC_02192	iYL1228.KPN_04399	38.6	1194	668	20	8	1147	10	1192	3.84e-252	748
MPDKNC_02192	iSF_1195.SF4085	37.6	1196	675	21	9	1147	11	1192	1.14e-247	737
MPDKNC_02192	iSSON_1240.SSON_4190	38.1	1196	669	23	9	1147	11	1192	2.26e-247	736
MPDKNC_02196	iPC815.YPO2381	27.4	135	76	6	11	135	5	127	1.17e-04	41.2
MPDKNC_02196	iYL1228.KPN_01990	27.2	136	77	7	11	136	5	128	5.43e-04	39.3
MPDKNC_02201	iAF987.Gmet_3020	40.9	115	60	3	13	123	11	121	1.18e-13	65.9
MPDKNC_02201	iYS854.USA300HOU_RS06885	33.9	171	87	6	7	157	4	168	9.40e-12	60.8
MPDKNC_02202	iLJ478.TM1400	29.9	241	161	5	195	427	13	253	6.50e-25	106
MPDKNC_02202	iCN900.CD630_07400	28.7	355	231	11	193	526	7	360	6.31e-23	100
MPDKNC_02203	iYS854.USA300HOU_RS03880	37.1	626	382	6	1	618	1	622	3.36e-141	424
MPDKNC_02205	iYO844.BSU31150	58.4	262	105	1	6	263	6	267	1.18e-102	300
MPDKNC_02205	iYS854.USA300HOU_RS03695	55.9	270	108	1	6	264	6	275	9.16e-96	283
MPDKNC_02208	iIT341.HP1071	37.9	190	111	2	6	188	8	197	2.03e-35	125
MPDKNC_02208	iAF987.Gmet_1264	35.9	209	128	2	6	208	18	226	1.14e-32	118
MPDKNC_02208	iHN637.CLJU_RS01425	40.1	167	94	3	4	167	3	166	2.61e-32	115
MPDKNC_02209	iJN1463.PP_2556	25.9	401	249	10	10	365	20	417	7.70e-25	105
MPDKNC_02213	iAM_Pb448.PBANKA_091170	35.6	233	125	8	146	356	695	924	1.89e-29	120
MPDKNC_02213	iAM_Pf480.PF3D7_0507500	31.7	252	125	4	152	356	368	619	8.10e-29	118
MPDKNC_02213	iAM_Pc455.PCYB_094280	36.2	257	138	9	146	380	723	975	2.04e-28	117
MPDKNC_02213	iAM_Pf480.PF3D7_1136900	35.4	257	140	9	146	380	744	996	3.81e-28	116
MPDKNC_02213	iAM_Pv461.PVX_092460	35.8	257	139	9	146	380	878	1130	5.20e-28	116
MPDKNC_02218	iSynCJ816.SGL_RS08770	31.0	203	127	7	8	207	2	194	1.35e-20	85.1
MPDKNC_02222	iAM_Pc455.PCYB_113330	31.5	184	114	5	570	745	340	519	8.81e-19	92.4
MPDKNC_02225	iYO844.BSU35550	30.5	259	149	10	2	242	5	250	1.33e-26	103
MPDKNC_02226	iYS854.USA300HOU_RS02960	26.7	172	123	3	197	366	291	461	2.04e-14	74.3
MPDKNC_02226	iEK1008.Rv2188c	28.5	179	118	4	221	390	196	373	3.55e-12	67.0
MPDKNC_02230	iYO844.BSU03070	25.4	409	297	6	15	419	14	418	5.39e-35	136
MPDKNC_02231	iYO844.BSU17410	43.8	219	117	4	1	217	1	215	1.18e-48	167
MPDKNC_02232	iSynCJ816.SGL_RS01940	27.8	205	123	7	30	216	25	222	9.11e-06	45.4
MPDKNC_02234	iCHOv1.100753207	32.5	486	301	13	13	486	33	503	5.96e-72	236
MPDKNC_02240	iYO844.BSU09540	48.7	193	90	4	1	185	1	192	5.34e-58	180
MPDKNC_02244	iYO844.BSU10140	32.8	457	296	5	2	451	6	458	1.43e-86	272
MPDKNC_02245	iYL1228.KPN_00537	30.7	374	234	4	14	371	26	390	3.97e-49	173
MPDKNC_02245	iML1515.b0576	30.6	382	240	6	14	380	27	398	5.53e-49	172
MPDKNC_02245	iSF_1195.SF0482	30.6	382	240	6	14	380	27	398	5.53e-49	172
MPDKNC_02245	iSSON_1240.SSON_0527	31.4	382	237	7	14	380	27	398	7.71e-49	172
MPDKNC_02245	iCN718.ABAYE_RS05610	30.4	382	248	6	2	371	6	381	1.52e-48	171
MPDKNC_02245	iYO844.BSU37760	30.5	380	252	4	14	381	16	395	1.89e-48	171
MPDKNC_02245	iJN1463.PP_4495	33.1	381	236	6	14	375	19	399	2.73e-48	171
MPDKNC_02245	iML1515.b0260	27.9	383	255	4	14	380	18	395	4.80e-48	170
MPDKNC_02245	iML1515.b0112	30.5	370	240	4	14	371	19	383	5.50e-48	170
MPDKNC_02245	iYL1228.KPN_00309	28.2	383	254	4	14	380	20	397	6.93e-48	170
MPDKNC_02245	STM_v1_0.STM0568	30.4	382	241	7	14	380	31	402	6.30e-48	170
MPDKNC_02245	iSSON_1240.SSON_0120	30.5	370	240	4	14	371	19	383	5.50e-48	170
MPDKNC_02245	iSF_1195.SF0109	30.5	370	240	4	14	371	19	383	7.65e-48	169
MPDKNC_02245	iSbBS512_1146.SbBS512_E0470	30.6	382	240	6	14	380	27	398	1.09e-47	169
MPDKNC_02245	iSbBS512_1146.SbBS512_E0105	30.0	370	242	3	14	371	18	382	1.45e-47	169
MPDKNC_02245	iSDY_1059.SDY_0489	30.1	382	242	6	14	380	27	398	1.51e-47	169
MPDKNC_02245	iSDY_1059.SDY_0142	30.3	370	241	4	14	371	19	383	2.06e-47	168
MPDKNC_02245	iCN718.ABAYE_RS04155	29.9	384	247	7	4	371	6	383	1.34e-45	163
MPDKNC_02245	iYO844.BSU39390	31.6	380	248	5	14	381	19	398	2.88e-45	163
MPDKNC_02245	iYL1228.KPN_00116	29.7	370	243	4	14	371	18	382	3.94e-45	162
MPDKNC_02245	iYO844.BSU06310	27.3	377	266	2	4	372	6	382	9.61e-45	161
MPDKNC_02245	iML1515.b0402	28.3	375	260	2	10	375	11	385	3.99e-44	159
MPDKNC_02245	STM_v1_0.STM0150	29.4	381	251	5	14	382	19	393	5.54e-44	159
MPDKNC_02245	iYO844.BSU30530	28.1	367	255	3	14	371	16	382	3.16e-43	157
MPDKNC_02245	iML1515.b1453	27.8	378	260	4	15	381	35	410	5.75e-43	157
MPDKNC_02245	iSbBS512_1146.SbBS512_E1725	27.8	378	260	4	15	381	35	410	5.75e-43	157
MPDKNC_02245	iSSON_1240.SSON_1680	27.8	378	260	4	15	381	52	427	7.46e-43	157
MPDKNC_02245	STM_v1_0.STM1584	27.8	378	260	4	15	381	35	410	1.48e-42	156
MPDKNC_02246	iYO844.BSU26590	27.2	394	265	11	21	408	21	398	6.78e-20	90.5
MPDKNC_02249	iHN637.CLJU_RS00920	44.9	1040	543	12	2	1025	3	1028	0.0	936
MPDKNC_02251	iYS854.USA300HOU_RS10305	39.9	293	173	2	2	291	3	295	1.46e-69	218
MPDKNC_02256	iAF987.Gmet_3476	34.5	119	73	4	1	117	10	125	3.93e-10	61.6
MPDKNC_02256	iAF987.Gmet_1914	29.4	109	74	1	2	110	3	108	9.11e-09	57.4
MPDKNC_02257	iEK1008.Rv2041c	25.1	343	233	7	90	415	80	415	1.26e-17	84.3
MPDKNC_02258	iYO844.BSU28740	28.5	326	204	14	6	319	5	313	4.61e-21	91.3
MPDKNC_02258	iYO844.BSU30280	26.4	284	200	6	23	303	10	287	4.01e-21	91.3
MPDKNC_02259	iYO844.BSU34590	30.4	247	146	5	53	292	50	277	6.52e-26	103
MPDKNC_02259	iYO844.BSU28730	28.0	271	173	4	27	292	27	280	9.59e-25	100
MPDKNC_02259	iEK1008.Rv2039c	26.8	276	180	6	19	291	22	278	6.63e-23	95.1
MPDKNC_02261	iMM904.YIL162W	32.4	487	275	19	15	460	28	501	2.36e-65	219
MPDKNC_02262	iAF692.Mbar_A1507	30.4	527	329	14	1	502	5	518	1.19e-63	216
MPDKNC_02264	iYO844.BSU22110	36.5	315	196	4	1	313	3	315	2.53e-64	205
MPDKNC_02265	iHN637.CLJU_RS06680	44.5	182	98	1	1	179	5	186	6.13e-47	153
MPDKNC_02265	iHN637.CLJU_RS05705	37.0	200	123	1	1	197	4	203	1.21e-42	142
MPDKNC_02265	iLJ478.TM0066	42.6	195	103	2	11	203	11	198	7.72e-43	142
MPDKNC_02266	iYL1228.KPN_04095	62.0	382	145	0	1	382	1	382	1.37e-174	491
MPDKNC_02266	STM_v1_0.STM3828	61.0	382	149	0	1	382	1	382	9.11e-173	486
MPDKNC_02266	iML1515.b4478	61.0	382	149	0	1	382	1	382	1.29e-172	486
MPDKNC_02267	iML1515.b4476	44.9	445	239	3	5	448	3	442	9.01e-129	379
MPDKNC_02267	iSDY_1059.SDY_3587	44.9	445	239	3	5	448	3	442	9.01e-129	379
MPDKNC_02267	iSSON_1240.SSON_3678	44.9	445	239	3	5	448	3	442	1.28e-128	379
MPDKNC_02267	iSbBS512_1146.SbBS512_E3889	44.9	445	239	3	5	448	3	442	1.81e-128	379
MPDKNC_02267	STM_v1_0.STM3541	45.1	446	239	3	4	448	2	442	2.56e-128	378
MPDKNC_02267	iSF_1195.SF3458	44.6	426	231	2	23	448	1	421	1.91e-125	370
MPDKNC_02267	iYL1228.KPN_03800	44.4	421	229	2	28	448	2	417	8.71e-123	363
MPDKNC_02268	iYO844.BSU14880	49.1	277	140	1	22	298	29	304	4.07e-80	244
MPDKNC_02270	iNF517.LLMG_RS09290	54.7	190	85	1	1	189	1	190	8.99e-65	198
MPDKNC_02274	iJN1463.PP_4029	31.4	121	66	4	11	124	146	256	1.78e-08	51.6
MPDKNC_02276	iYO844.BSU09440	57.5	360	153	0	1	360	1	360	3.63e-146	417
MPDKNC_02283	iCHOv1.100764540	24.7	235	151	7	2	213	6	237	1.38e-11	62.0
MPDKNC_02283	iYL1228.KPN_04830	29.0	124	86	2	77	199	81	203	5.20e-11	60.1
MPDKNC_02283	iSF_1195.SF4405	30.4	125	84	3	78	200	81	204	9.75e-11	59.3
MPDKNC_02283	iPC815.YPO2295	26.2	206	137	6	5	201	6	205	9.64e-11	59.3
MPDKNC_02283	iSSON_1240.SSON_4524	30.4	125	84	3	78	200	81	204	1.33e-10	58.9
MPDKNC_02283	iSDY_1059.SDY_4633	31.3	112	75	2	90	200	94	204	2.50e-10	58.2
MPDKNC_02283	iML1515.b4374	31.3	112	75	2	90	200	94	204	4.67e-10	57.4
MPDKNC_02283	iSbBS512_1146.SbBS512_E4917	30.7	127	81	4	78	200	81	204	6.38e-10	57.0
MPDKNC_02284	iLB1027_lipid.PHATRDRAFT_16944	32.3	431	263	14	9	418	3	425	3.03e-56	191
MPDKNC_02289	iYO844.BSU12920	66.4	274	92	0	1	274	1	274	2.64e-130	370
MPDKNC_02290	iYO844.BSU12930	76.4	301	71	0	2	302	7	307	1.89e-160	449
MPDKNC_02291	iYO844.BSU12940	80.5	303	59	0	13	315	18	320	1.35e-177	493
MPDKNC_02292	iYO844.BSU12950	72.1	330	92	0	1	330	1	330	2.22e-169	474
MPDKNC_02293	iYO844.BSU12960	64.5	543	189	2	1	540	7	548	1.40e-263	729
MPDKNC_02294	iJN1463.PP_4799	36.6	295	175	4	14	304	23	309	5.71e-60	193
MPDKNC_02295	iYL1228.KPN_01875	29.6	362	247	6	1	357	22	380	6.90e-47	164
MPDKNC_02295	iJN1463.PP_3715	28.3	360	251	5	2	356	3	360	4.64e-46	161
MPDKNC_02296	iML1515.b1655	40.0	115	64	4	187	297	150	263	2.12e-15	74.3
MPDKNC_02297	iML1515.b1247	55.4	323	135	2	6	320	11	332	1.12e-115	337
MPDKNC_02297	iSbBS512_1146.SbBS512_E1416	55.4	323	135	2	6	320	11	332	1.12e-115	337
MPDKNC_02297	iSF_1195.SF1248	55.4	323	135	2	6	320	11	332	1.12e-115	337
MPDKNC_02297	iSDY_1059.SDY_1305	55.4	323	135	2	6	320	11	332	2.25e-115	337
MPDKNC_02297	STM_v1_0.STM1742	54.8	323	137	2	6	320	11	332	3.19e-115	336
MPDKNC_02297	iYL1228.KPN_02193	54.8	323	137	2	6	320	11	332	3.66e-114	333
MPDKNC_02297	iYS854.USA300HOU_RS04905	62.9	267	98	1	3	268	4	270	3.64e-114	333
MPDKNC_02297	iSSON_1240.SSON_1933	55.1	323	136	2	6	320	11	332	1.48e-113	332
MPDKNC_02297	iLJ478.TM0057	52.0	327	141	6	5	318	2	325	8.35e-109	320
MPDKNC_02297	iLJ478.TM1750	52.7	315	142	5	6	318	13	322	3.43e-108	318
MPDKNC_02297	iLJ478.TM1063	53.2	331	137	5	6	320	3	331	5.26e-108	318
MPDKNC_02299	iML1515.b1661	30.4	168	95	7	2	160	111	265	4.83e-09	55.5
MPDKNC_02299	iSDY_1059.SDY_1887	30.4	168	95	7	2	160	111	265	4.83e-09	55.5
MPDKNC_02299	iSSON_1240.SSON_1495	30.4	168	95	7	2	160	111	265	4.83e-09	55.5
MPDKNC_02299	iSbBS512_1146.SbBS512_E1859	30.2	169	94	8	2	160	111	265	6.51e-09	55.1
MPDKNC_02299	iSF_1195.SF1689	29.8	168	96	7	2	160	111	265	1.59e-08	53.9
MPDKNC_02299	iSynCJ816.SGL_RS15350	26.3	175	103	6	10	164	10	178	1.71e-08	53.5
MPDKNC_02299	iML1515.b1430	56.8	37	16	0	57	93	29	65	2.87e-08	52.0
MPDKNC_02300	iYO844.BSU32130	86.2	325	45	0	2	326	1	325	1.61e-206	567
MPDKNC_02300	iIT341.HP0854	78.3	327	71	0	1	327	1	327	2.02e-184	511
MPDKNC_02303	iCN900.CD630_16140	28.8	226	146	2	19	231	40	263	4.18e-33	120
MPDKNC_02303	iYO844.BSU02750	27.5	204	134	3	19	208	21	224	1.00e-28	108
MPDKNC_02308	iYO844.BSU17410	27.9	190	118	5	9	195	4	177	9.36e-09	55.5
MPDKNC_02308	iYO844.BSU35620	24.3	185	129	4	9	193	322	495	3.90e-08	54.7
MPDKNC_02310	iYS854.USA300HOU_RS01080	61.6	211	78	1	1	211	1	208	2.39e-92	268
MPDKNC_02315	iNF517.LLMG_RS01845	31.4	711	447	22	2	690	22	713	2.27e-95	310
MPDKNC_02319	iJN1463.PP_4803	30.5	423	238	11	14	434	17	385	9.83e-42	151
MPDKNC_02319	iYL1228.KPN_00871	33.6	360	200	9	30	387	35	357	9.13e-39	144
MPDKNC_02319	STM_v1_0.STM0863	33.6	357	198	9	30	384	35	354	6.45e-38	141
MPDKNC_02319	iSbBS512_1146.SbBS512_E2506	34.0	371	202	10	20	384	21	354	1.24e-37	140
MPDKNC_02319	iML1515.b0839	33.7	371	203	10	20	384	21	354	3.28e-37	139
MPDKNC_02319	iSDY_1059.SDY_0841	33.4	371	204	10	20	384	21	354	2.30e-36	137
MPDKNC_02323	iYS854.USA300HOU_RS06535	47.5	160	84	0	1	160	21	180	4.81e-51	161
MPDKNC_02324	iYO844.BSU09280	72.3	264	73	0	1	264	1	264	2.34e-143	403
MPDKNC_02325	iYO844.BSU09290	82.3	496	88	0	1	496	1	496	2.92e-315	856
MPDKNC_02326	iYO844.BSU09300	64.9	550	193	0	3	552	6	555	3.08e-267	739
MPDKNC_02326	iYS854.USA300HOU_RS06550	64.8	548	189	3	1	546	1	546	1.14e-260	723
MPDKNC_02327	iCHOv1.100773401	34.7	202	125	4	4	202	6	203	1.24e-27	108
MPDKNC_02327	iML1515.b0493	29.9	274	169	6	3	274	15	267	5.63e-27	105
MPDKNC_02327	iMM1415.15485	33.3	258	158	6	1	249	1	253	7.64e-26	103
MPDKNC_02327	iMM1415.235033	33.3	189	121	3	3	188	5	191	9.72e-26	103
MPDKNC_02327	iCHOv1.100750866	32.7	263	153	6	1	249	1	253	1.70e-25	102
MPDKNC_02327	iMM904.YMR226C	33.7	190	121	3	4	188	14	203	2.08e-25	101
MPDKNC_02329	iYS854.USA300HOU_RS08170	31.1	367	234	6	1	363	1	352	2.63e-58	192
MPDKNC_02331	iYS854.USA300HOU_RS02895	24.1	212	147	4	20	218	75	285	3.50e-16	75.1
MPDKNC_02334	iSynCJ816.SGL_RS14865	34.6	240	155	2	8	246	12	250	4.23e-46	154
MPDKNC_02334	iSynCJ816.SGL_RS16015	32.9	252	162	3	1	246	22	272	5.84e-45	151
MPDKNC_02334	iSynCJ816.SGL_RS14930	35.8	246	155	3	3	246	31	275	3.79e-44	149
MPDKNC_02336	iYS854.USA300HOU_RS02340	39.3	61	37	0	17	77	17	77	2.41e-06	47.8
MPDKNC_02338	iYO844.BSU30070	64.2	506	179	2	1	504	2	507	1.19e-232	649
MPDKNC_02340	iAF987.Gmet_3262	35.4	82	40	3	60	136	142	215	2.04e-04	40.8
MPDKNC_02344	iYO844.BSU18000	75.5	902	220	1	2	903	8	908	0.0	1398
MPDKNC_02344	iYS854.USA300HOU_RS06870	74.6	901	227	2	1	901	1	899	0.0	1343
MPDKNC_02345	iJN1463.PP_1235	25.6	121	76	3	65	171	11	131	8.41e-08	49.3
MPDKNC_02345	iPC815.YPO3868	30.5	95	44	4	86	180	24	96	1.77e-06	44.7
MPDKNC_02349	iYS854.USA300HOU_RS06875	51.6	128	62	0	8	135	8	135	4.78e-50	156
MPDKNC_02352	iAF987.Gmet_3529	30.1	266	170	8	59	320	27	280	3.97e-25	104
MPDKNC_02353	iYS854.USA300HOU_RS06885	44.6	202	104	1	1	194	1	202	1.44e-48	156
MPDKNC_02354	iYS854.USA300HOU_RS02060	24.8	416	283	13	9	414	9	404	1.45e-15	77.8
MPDKNC_02354	iJN1463.PP_4643	25.3	419	293	10	8	418	28	434	7.90e-14	72.8
MPDKNC_02354	iHN637.CLJU_RS11730	24.6	423	290	13	8	419	26	430	1.63e-13	71.6
MPDKNC_02354	iCN718.ABAYE_RS00700	25.6	360	223	14	44	381	61	397	2.72e-13	70.9
MPDKNC_02358	iYO844.BSU18120	60.4	470	178	5	2	471	3	464	2.87e-191	540
MPDKNC_02358	iCN900.CD630_16960	60.5	474	176	5	1	464	1	473	3.10e-190	538
MPDKNC_02358	iYO844.BSU02420	58.4	464	189	3	2	464	3	463	3.24e-186	528
MPDKNC_02359	iCN900.CD630_36640	26.7	363	262	4	82	441	30	391	1.45e-41	152
MPDKNC_02366	iSynCJ816.SGL_RS05525	33.6	128	71	5	9	132	10	127	3.37e-14	65.5
MPDKNC_02371	iYO844.BSU03070	23.6	407	305	4	16	421	14	415	4.78e-27	114
MPDKNC_02375	iNF517.LLMG_RS01845	31.4	663	425	17	2	646	37	687	3.61e-97	315
MPDKNC_02376	iYO844.BSU39780	62.8	309	112	2	4	310	3	310	7.97e-138	392
MPDKNC_02378	iYO844.BSU03070	24.5	319	235	3	16	334	13	325	8.89e-27	112
MPDKNC_02381	iJN1463.PP_3844	40.2	343	185	6	1	326	5	344	1.66e-66	214
MPDKNC_02388	iYO844.BSU03930	78.5	261	56	0	1	261	1	261	4.66e-150	419
MPDKNC_02389	iMM1415.235033	34.3	207	125	3	4	201	6	210	2.20e-28	110
MPDKNC_02389	iCHOv1.100773401	34.3	207	125	3	4	201	6	210	3.90e-28	109
MPDKNC_02389	iMM904.YMR226C	36.0	214	121	6	1	199	11	223	6.21e-28	107
MPDKNC_02389	iCN718.ABAYE_RS01085	35.8	190	114	3	3	184	6	195	2.88e-27	106
MPDKNC_02389	iML1515.b0493	30.6	196	134	2	4	198	16	210	2.46e-27	106
MPDKNC_02389	iCHOv1.100750866	33.5	209	119	4	6	196	6	212	2.01e-25	102
MPDKNC_02389	iMM1415.15485	32.5	209	121	5	6	196	6	212	1.21e-24	100
MPDKNC_02389	iNF517.LLMG_RS08260	31.7	249	161	5	3	247	2	245	7.09e-25	99.4
MPDKNC_02390	iYO844.BSU07830	29.1	206	135	5	13	207	15	220	5.40e-18	78.6
MPDKNC_02390	iSDY_1059.SDY_0491	28.8	215	131	6	5	202	2	211	5.03e-18	78.6
MPDKNC_02390	iJN1463.PP_2432	27.2	213	141	5	5	204	2	213	9.77e-18	77.8
MPDKNC_02390	iSSON_1240.SSON_0529	28.8	215	131	6	5	202	2	211	1.90e-17	77.0
MPDKNC_02390	iSynCJ816.SGL_RS08770	26.1	188	131	4	5	192	2	181	1.97e-17	76.6
MPDKNC_02390	iML1515.b0578	28.5	214	133	5	5	202	2	211	5.12e-17	75.9
MPDKNC_02390	iSbBS512_1146.SbBS512_E0472	27.6	214	135	5	5	202	2	211	5.12e-17	75.9
MPDKNC_02390	iIS312.TCDM_07055	26.6	218	132	4	9	200	89	304	1.12e-14	70.9
MPDKNC_02393	iSynCJ816.SGL_RS09095	64.6	726	246	5	15	736	8	726	0.0	969
MPDKNC_02393	iJN1463.PP_3668	63.7	739	228	8	36	737	16	751	0.0	942
MPDKNC_02394	iAF692.Mbar_A0408	32.1	237	118	7	35	236	4	232	3.90e-24	96.3
MPDKNC_02397	iAF692.Mbar_A1138	29.4	177	119	3	4	175	2	177	7.47e-16	76.3
MPDKNC_02397	iYO844.BSU39700	30.5	187	117	7	4	178	3	188	8.21e-15	73.6
MPDKNC_02398	iMM904.YNR012W	29.8	151	90	5	19	161	58	200	3.42e-06	46.6
MPDKNC_02399	iML1515.b3697	27.4	292	174	9	6	286	4	268	1.59e-14	71.6
MPDKNC_02399	iML1515.b3826	24.0	288	178	11	6	280	3	262	2.50e-13	68.2
MPDKNC_02399	iSF_1195.SF3904	24.0	288	178	11	6	280	3	262	2.50e-13	68.2
MPDKNC_02399	iSbBS512_1146.SbBS512_E4293	24.0	288	178	11	6	280	3	262	3.41e-13	67.8
MPDKNC_02399	iSDY_1059.SDY_3917	24.0	288	178	11	6	280	3	262	3.41e-13	67.8
MPDKNC_02399	iSSON_1240.SSON_4000	24.0	288	178	11	6	280	3	262	4.64e-13	67.4
MPDKNC_02403	iEK1008.Rv2781c	34.3	318	191	3	13	321	11	319	1.10e-47	164
MPDKNC_02404	STM_v1_0.STM1522	25.9	324	240	0	4	327	14	337	2.06e-31	122
MPDKNC_02404	iYL1228.KPN_01628	26.2	325	238	2	4	327	14	337	1.38e-29	117
MPDKNC_02404	iML1515.b1528	25.8	325	239	2	4	327	14	337	6.50e-29	115
MPDKNC_02404	iSbBS512_1146.SbBS512_E1677	25.8	325	239	2	4	327	14	337	6.50e-29	115
MPDKNC_02404	iSSON_1240.SSON_1600	25.8	325	239	2	4	327	14	337	6.50e-29	115
MPDKNC_02404	iJN1463.PP_2428	26.0	331	236	5	2	327	26	352	1.05e-28	115
MPDKNC_02404	iSF_1195.SF1566	25.5	325	240	2	4	327	14	337	5.40e-29	115
MPDKNC_02407	iSynCJ816.SGL_RS12955	31.4	121	78	3	7	122	3	123	5.20e-11	55.8
MPDKNC_02407	iCN718.ABAYE_RS05715	28.6	119	80	3	9	122	5	123	4.36e-09	50.8
MPDKNC_02408	iEK1008.Rv3089	35.0	497	302	9	20	512	19	498	1.18e-86	275
MPDKNC_02408	iEK1008.Rv0166	34.8	488	301	8	28	508	49	526	2.33e-81	263
MPDKNC_02408	iYO844.BSU18250	31.3	543	329	12	1	509	5	537	5.56e-76	249
MPDKNC_02409	iYO844.BSU22060	69.8	431	128	1	7	435	7	437	3.60e-209	583
MPDKNC_02409	iYO844.BSU32440	68.0	413	132	0	4	416	6	418	7.42e-195	546
MPDKNC_02410	iYO844.BSU22070	65.4	188	65	0	1	188	1	188	4.13e-81	239
MPDKNC_02412	iYO844.BSU15630	43.1	137	78	0	1	137	1	137	9.76e-32	112
MPDKNC_02413	iYO844.BSU15620	49.6	240	113	3	1	232	1	240	2.67e-77	234
MPDKNC_02414	iYO844.BSU15610	65.8	257	86	2	1	255	1	257	6.25e-120	342
MPDKNC_02416	iSynCJ816.SGL_RS14775	40.2	498	282	9	14	501	3	494	3.43e-118	357
MPDKNC_02417	iYO844.BSU15600	62.8	191	71	0	3	193	5	195	9.16e-86	251
MPDKNC_02418	iYO844.BSU15590	69.4	376	115	0	1	376	1	376	1.26e-195	544
MPDKNC_02419	iYO844.BSU15580	63.7	355	126	2	2	354	1	354	7.75e-136	390
MPDKNC_02420	iYO844.BSU15570	66.4	232	78	0	17	248	1	232	2.28e-124	352
MPDKNC_02422	iAF987.Gmet_1531	43.9	244	128	2	6	247	7	243	1.29e-64	201
MPDKNC_02422	iYS854.USA300HOU_RS06185	45.1	244	123	4	8	247	5	241	6.31e-64	199
MPDKNC_02422	iHN637.CLJU_RS20765	45.0	249	122	4	5	247	6	245	2.86e-63	197
MPDKNC_02422	iCN900.CD630_11820	42.3	246	131	3	6	247	7	245	2.70e-61	192
MPDKNC_02422	iLJ478.TM1724	41.7	247	130	5	6	247	6	243	4.93e-61	192
MPDKNC_02422	iML1515.b1093	41.7	247	127	5	6	247	6	240	1.86e-60	190
MPDKNC_02422	iSbBS512_1146.SbBS512_E2231	41.7	247	127	5	6	247	6	240	1.86e-60	190
MPDKNC_02422	iSF_1195.SF1097	41.7	247	127	5	6	247	6	240	1.86e-60	190
MPDKNC_02422	iSSON_1240.SSON_1113	41.7	247	127	5	6	247	6	240	1.86e-60	190
MPDKNC_02422	iYL1228.KPN_01091	41.2	245	131	4	6	247	6	240	3.73e-60	189
MPDKNC_02422	iSDY_1059.SDY_2057	42.1	247	126	5	6	247	6	240	3.73e-60	189
MPDKNC_02422	iYO844.BSU15910	42.3	246	131	3	6	247	5	243	1.12e-59	188
MPDKNC_02422	iAF987.Gmet_1601	43.7	245	128	4	6	247	6	243	1.12e-59	188
MPDKNC_02422	iCN718.ABAYE_RS14915	38.3	248	144	3	1	247	1	240	1.36e-57	183
MPDKNC_02422	STM_v1_0.STM1195	40.9	247	129	5	6	247	6	240	1.36e-57	183
MPDKNC_02422	iSynCJ816.SGL_RS07245	43.7	247	124	6	6	247	7	243	4.20e-57	182
MPDKNC_02423	iYO844.BSU21770	67.0	412	136	0	11	422	11	422	2.72e-206	574
MPDKNC_02425	iYO844.BSU11710	55.3	262	115	1	3	264	5	264	3.34e-93	275
MPDKNC_02426	iYS854.USA300HOU_RS12325	41.1	331	186	5	1	328	1	325	2.18e-78	243
MPDKNC_02427	iAF987.Gmet_2934	55.5	247	110	0	8	254	14	260	1.30e-88	263
MPDKNC_02427	iJN1463.PP_5104	53.9	254	109	2	9	254	17	270	3.89e-85	254
MPDKNC_02428	iAF987.Gmet_2933	52.9	68	28	2	1	67	1	65	6.39e-14	59.3
MPDKNC_02428	iJN1463.PP_5105	43.3	67	37	1	1	67	27	92	2.30e-11	53.5
MPDKNC_02429	iYO844.BSU11670	34.2	365	231	3	1	362	1	359	1.71e-61	201
MPDKNC_02430	iYO844.BSU38290	38.2	152	87	3	53	200	68	216	3.95e-24	94.7
MPDKNC_02431	iYO844.BSU11650	61.9	231	88	0	1	231	1	231	3.27e-102	295
MPDKNC_02432	iAF987.Gmet_0043	26.9	108	74	2	18	120	291	398	2.52e-04	40.8
MPDKNC_02432	iAF987.Gmet_1919	24.5	94	69	1	33	124	32	125	2.15e-04	40.8
MPDKNC_02437	iPC815.YPO2816	38.3	300	182	1	6	302	9	308	5.40e-62	198
MPDKNC_02442	iSDY_1059.SDY_0027	64.0	261	93	1	7	267	2	261	5.66e-117	335
MPDKNC_02442	iML1515.b0120	64.0	261	93	1	7	267	2	261	1.14e-116	335
MPDKNC_02442	STM_v1_0.STM0165	64.0	264	88	2	7	267	2	261	1.14e-116	335
MPDKNC_02442	iSbBS512_1146.SbBS512_E0113	64.0	261	93	1	7	267	2	261	1.14e-116	335
MPDKNC_02442	iSF_1195.SF0117	64.0	261	93	1	7	267	2	261	1.14e-116	335
MPDKNC_02442	iSSON_1240.SSON_0128	64.0	261	93	1	7	267	2	261	1.14e-116	335
MPDKNC_02442	iYL1228.KPN_00126	64.5	259	91	1	9	267	1	258	4.83e-115	330
MPDKNC_02442	iPC815.YPO3412	63.1	260	95	1	8	267	3	261	7.60e-115	330
MPDKNC_02447	iML1515.b4374	37.2	121	73	3	140	258	103	222	1.77e-18	81.3
MPDKNC_02447	iSbBS512_1146.SbBS512_E4917	37.2	121	73	3	140	258	103	222	6.54e-18	79.7
MPDKNC_02447	iSDY_1059.SDY_4633	36.4	121	74	3	140	258	103	222	1.74e-17	78.6
MPDKNC_02447	iSSON_1240.SSON_4524	36.4	121	74	3	140	258	103	222	1.74e-17	78.6
MPDKNC_02447	iSF_1195.SF4405	35.5	121	75	3	140	258	103	222	1.22e-16	76.3
MPDKNC_02449	iLB1027_lipid.PHATRDRAFT_47351	29.3	167	82	9	11	163	110	254	1.87e-06	48.9
MPDKNC_02453	iCN900.CD630_33570	29.1	141	87	4	44	174	43	180	5.95e-10	55.5
MPDKNC_02454	iYO844.BSU13960	62.3	281	106	0	6	286	5	285	6.86e-126	360
MPDKNC_02456	iAF987.Gmet_2999	38.3	128	75	2	6	129	10	137	7.80e-20	86.3
MPDKNC_02456	iAF987.Gmet_1919	32.9	149	99	1	6	153	5	153	1.71e-18	82.4
MPDKNC_02457	iAF987.Gmet_0043	23.7	257	180	6	221	463	12	266	6.03e-12	67.4
MPDKNC_02466	iAF987.Gmet_0923	41.4	152	78	2	4	148	10	157	3.01e-34	119
MPDKNC_02466	iSynCJ816.SGL_RS15280	35.1	148	92	1	1	148	10	153	2.54e-30	109
MPDKNC_02467	iYO844.BSU13130	54.2	413	189	0	8	420	2	414	1.38e-148	427
MPDKNC_02467	iLJ478.TM0293	52.6	407	193	0	14	420	8	414	8.46e-145	418
MPDKNC_02467	iHN637.CLJU_RS02950	52.1	411	197	0	10	420	7	417	7.98e-136	395
MPDKNC_02468	iYO844.BSU18470	63.8	365	129	2	6	368	8	371	6.24e-160	452
MPDKNC_02469	iYO844.BSU18480	56.3	256	112	0	1	256	27	282	8.60e-89	265
MPDKNC_02473	iYS854.USA300HOU_RS06935	46.5	254	136	0	53	306	71	324	2.07e-78	241
MPDKNC_02475	iYO844.BSU33160	37.4	479	259	6	2	479	1	439	2.70e-97	300
MPDKNC_02476	iYO844.BSU33170	55.6	349	154	1	1	349	1	348	1.64e-124	361
MPDKNC_02477	iYO844.BSU33180	46.9	318	163	3	1	316	1	314	4.38e-93	278
MPDKNC_02479	iYO844.BSU21690	63.2	174	64	0	1	174	1	174	6.15e-79	232
MPDKNC_02479	iYS854.USA300HOU_RS07280	56.9	167	72	0	8	174	6	172	1.01e-70	211
MPDKNC_02479	iCN900.CD630_21660	57.1	168	72	0	7	174	6	173	6.68e-68	209
MPDKNC_02480	iYS854.USA300HOU_RS13915	41.9	496	285	2	1	495	1	494	9.61e-136	401
MPDKNC_02481	iYS854.USA300HOU_RS13910	32.3	359	222	10	14	358	22	373	2.76e-46	161
MPDKNC_02482	iYS854.USA300HOU_RS13920	27.3	139	98	2	9	145	15	152	3.35e-12	60.8
MPDKNC_02483	iCN900.CD630_24200	29.1	234	139	7	1	215	1	226	1.78e-17	82.4
MPDKNC_02485	iYO844.BSU06370	55.3	436	186	1	1	427	1	436	3.28e-158	453
MPDKNC_02488	iCN900.CD630_04310	24.1	532	313	13	2	511	5	467	1.35e-24	106
MPDKNC_02489	iYS854.USA300HOU_RS07595	34.8	431	233	10	6	394	4	428	1.60e-71	239
MPDKNC_02499	iHN637.CLJU_RS07045	34.7	251	147	7	35	271	73	320	8.89e-33	125
MPDKNC_02499	iHN637.CLJU_RS05525	31.3	259	166	5	32	283	49	302	9.20e-32	124
MPDKNC_02499	iJN1463.PP_4803	30.9	278	173	6	20	288	22	289	9.27e-31	120
MPDKNC_02506	iCHOv1.100774679	30.1	123	75	4	128	244	18	135	4.12e-06	46.2
MPDKNC_02507	iYO844.BSU18250	65.9	534	182	0	3	536	4	537	1.44e-267	740
MPDKNC_02507	iAF987.Gmet_2692	60.3	536	213	0	7	542	8	543	9.98e-245	682
MPDKNC_02510	iYO844.BSU19360	74.9	419	96	6	1	412	1	417	1.23e-191	536
MPDKNC_02511	iYO844.BSU19370	59.8	950	373	3	1	949	1	942	0.0	1194
MPDKNC_02514	iAF987.Gmet_1914	32.0	125	82	2	1	122	1	125	1.65e-13	68.6
MPDKNC_02514	iAF987.Gmet_1706	37.3	118	69	2	3	117	2	117	5.22e-13	66.6
MPDKNC_02514	iAF987.Gmet_0069	31.9	119	72	3	2	113	3	119	5.84e-12	63.5
MPDKNC_02520	STM_v1_0.STM4585	30.8	208	125	5	1	189	1	208	7.23e-22	88.2
MPDKNC_02520	iCN900.CD630_18140	25.9	197	132	2	6	188	7	203	1.08e-19	82.4
MPDKNC_02520	iYL1228.KPN_04850	30.1	209	125	4	1	189	1	208	1.57e-19	82.0
MPDKNC_02524	iSynCJ816.SGL_RS05525	29.7	148	93	5	18	163	4	142	1.99e-11	58.5
MPDKNC_02524	iAF987.Gmet_0988	25.4	126	85	3	38	163	27	143	4.02e-11	57.8
MPDKNC_02527	iML1515.b0543	29.2	96	66	1	5	98	4	99	1.55e-07	45.8
MPDKNC_02528	iML1515.b0543	31.5	92	63	0	13	104	14	105	1.59e-11	55.8
MPDKNC_02532	iML1515.b1601	24.0	313	215	6	36	344	29	322	5.24e-13	68.9
MPDKNC_02534	iYO844.BSU03070	63.3	504	178	2	4	500	7	510	1.99e-222	622
MPDKNC_02539	iAF987.Gmet_0068	36.2	174	90	3	28	201	36	188	6.82e-23	90.9
MPDKNC_02543	iML1515.b1448	43.4	53	27	2	206	256	87	138	7.95e-05	42.0
MPDKNC_02545	iAF692.Mbar_A0543	34.1	534	335	8	10	532	16	543	1.68e-97	310
MPDKNC_02545	iMM904.YGR264C	32.7	551	345	13	2	532	197	741	3.17e-90	292
MPDKNC_02547	iHN637.CLJU_RS07905	42.2	230	132	1	15	244	13	241	2.99e-66	206
MPDKNC_02547	iAF987.Gmet_2477	45.0	240	126	2	17	253	15	251	5.39e-66	206
MPDKNC_02547	iNF517.LLMG_RS05285	42.6	251	139	3	8	255	2	250	1.51e-64	201
MPDKNC_02547	iYS854.USA300HOU_RS06990	41.1	231	132	1	19	249	3	229	6.34e-61	192
MPDKNC_02548	iNF517.LLMG_RS05280	66.5	394	131	1	1	393	1	394	1.15e-196	548
MPDKNC_02548	iYS854.USA300HOU_RS06985	64.8	389	137	0	5	393	8	396	2.96e-188	527
MPDKNC_02548	iHN637.CLJU_RS07900	63.2	386	141	1	10	394	3	388	1.17e-184	517
MPDKNC_02548	iAF987.Gmet_2482	64.6	390	137	1	6	394	4	393	5.68e-184	516
MPDKNC_02548	iYO844.BSU22640	59.9	392	157	0	2	393	1	392	4.52e-177	498
MPDKNC_02549	iLJ478.TM0139	45.6	206	107	4	1	202	1	205	6.18e-46	150
MPDKNC_02549	iJN1463.PP_1995	44.8	201	105	4	5	201	7	205	3.26e-43	143
MPDKNC_02549	iAF987.Gmet_2492	41.1	202	116	3	1	200	1	201	1.48e-40	136
MPDKNC_02550	iNF517.LLMG_RS05265	43.9	262	126	5	5	256	9	259	5.74e-61	192
MPDKNC_02550	iYS854.USA300HOU_RS06975	45.1	226	121	3	33	257	35	258	6.63e-56	179
MPDKNC_02550	iSynCJ816.SGL_RS16890	46.7	212	106	3	47	252	81	291	2.24e-53	174
MPDKNC_02550	iAF987.Gmet_2494	49.5	198	99	1	47	244	60	256	1.99e-53	173
MPDKNC_02551	iNF517.LLMG_RS05245	47.9	311	162	0	1	311	19	329	1.46e-93	281
MPDKNC_02552	iHN637.CLJU_RS07880	56.5	186	81	0	1	186	1	186	3.42e-74	222
MPDKNC_02552	iYO844.BSU00750	55.0	191	85	1	1	191	1	190	8.46e-71	213
MPDKNC_02552	iPC815.YPO0169	54.5	189	83	1	1	186	1	189	4.15e-68	206
MPDKNC_02552	iAF987.Gmet_2496	52.4	187	88	1	1	187	1	186	1.57e-67	204
MPDKNC_02552	iYL1228.KPN_03746	54.3	186	84	1	1	186	1	185	2.41e-66	201
MPDKNC_02552	STM_v1_0.STM3469	54.3	186	84	1	1	186	1	185	4.85e-66	201
MPDKNC_02552	iSynCJ816.SGL_RS13880	52.0	196	86	3	1	189	1	195	1.30e-65	200
MPDKNC_02553	iHN637.CLJU_RS07875	47.5	474	234	6	21	484	7	475	5.64e-139	408
MPDKNC_02553	iNF517.LLMG_RS05235	43.9	456	244	6	37	484	3	454	1.99e-123	367
MPDKNC_02554	iSynCJ816.SGL_RS16540	25.3	498	335	13	3	480	8	488	1.00e-30	124
MPDKNC_02555	STM_v1_0.STM3382	49.9	461	229	2	6	465	6	465	1.42e-152	442
MPDKNC_02555	iPC815.YPO3657	48.8	469	238	2	1	468	1	468	1.46e-152	442
MPDKNC_02555	iML1515.b3258	49.0	461	233	2	6	465	6	465	9.22e-151	438
MPDKNC_02555	iSbBS512_1146.SbBS512_E3641	49.0	461	233	2	6	465	6	465	9.22e-151	438
MPDKNC_02555	iSSON_1240.SSON_3399	49.0	461	233	2	6	465	8	467	9.85e-151	438
MPDKNC_02555	iSF_1195.SF3296	48.8	461	234	2	6	465	6	465	1.31e-150	437
MPDKNC_02555	iSDY_1059.SDY_3435	49.0	461	233	2	6	465	8	467	1.98e-150	437
MPDKNC_02555	iYL1228.KPN_03667	49.6	460	230	2	6	464	7	465	7.69e-150	436
MPDKNC_02557	iYS854.USA300HOU_RS07240	35.9	198	122	3	9	206	4	196	2.01e-26	100
MPDKNC_02560	iCN900.CD630_25900	32.8	287	173	8	7	289	5	275	4.92e-38	136
MPDKNC_02560	iHN637.CLJU_RS05285	31.6	288	172	8	7	288	5	273	7.48e-35	127
MPDKNC_02560	iYO844.BSU32170	29.8	275	176	9	6	274	7	270	2.73e-33	124
MPDKNC_02562	iYO844.BSU29990	36.2	428	261	6	7	422	1	428	1.11e-78	249
MPDKNC_02562	iJN1463.PP_4284	35.8	430	261	4	5	424	23	447	4.94e-78	248
MPDKNC_02562	iNF517.LLMG_RS09575	35.3	470	253	7	8	428	5	472	1.44e-76	245
MPDKNC_02562	iAF987.Gmet_2715	34.8	425	270	3	1	418	1	425	3.55e-74	238
MPDKNC_02562	iJN1463.PP_4653	33.7	424	274	3	5	422	3	425	1.03e-71	231
MPDKNC_02562	iSF_1195.SF3746	32.6	426	280	3	5	424	16	440	8.87e-70	227
MPDKNC_02563	iYO844.BSU23250	70.7	150	44	0	6	155	5	154	1.95e-72	214
MPDKNC_02563	iYS854.USA300HOU_RS09385	70.2	151	45	0	5	155	3	153	5.57e-72	213
MPDKNC_02563	iHN637.CLJU_RS10825	66.0	150	51	0	3	152	2	151	2.96e-69	206
MPDKNC_02563	iCN900.CD630_16970	61.3	150	58	0	5	154	3	152	3.44e-68	203
MPDKNC_02563	iNF517.LLMG_RS07695	63.3	147	54	0	5	151	4	150	5.58e-65	195
MPDKNC_02564	iYO844.BSU23260	68.3	398	125	1	1	397	1	398	1.42e-191	535
MPDKNC_02565	iYO844.BSU23270	51.6	215	104	0	1	215	1	215	2.21e-79	236
MPDKNC_02566	iYO844.BSU23280	53.4	354	165	0	6	359	5	358	3.45e-129	374
MPDKNC_02570	iYL1228.KPN_00103	34.5	84	48	3	12	88	9	92	1.86e-06	43.9
MPDKNC_02573	iHN637.CLJU_RS07805	39.4	249	142	3	1	242	1	247	8.95e-48	159
MPDKNC_02574	iNF517.LLMG_RS09290	33.5	197	121	3	9	196	5	200	3.93e-32	115
MPDKNC_02575	iYL1228.KPN_00792	24.3	391	241	18	9	361	17	390	2.25e-06	48.9
MPDKNC_02575	iYO844.BSU36640	44.9	69	33	2	306	371	390	456	4.50e-05	45.1
MPDKNC_02575	iSynCJ816.SGL_RS04480	41.5	53	29	1	323	375	410	460	4.50e-05	45.1
MPDKNC_02575	iIT341.HP0072	43.9	57	30	1	319	375	406	460	5.95e-05	44.7
MPDKNC_02575	iLB1027_lipid.PHATRDRAFT_29702	45.3	53	27	1	323	375	721	771	6.72e-05	44.7
MPDKNC_02575	iJN1463.PP_2845	50.0	46	21	1	323	368	408	451	5.94e-05	44.7
MPDKNC_02579	iHN637.CLJU_RS04600	57.9	335	138	2	3	336	2	334	5.96e-131	378
MPDKNC_02579	iYS854.USA300HOU_RS07245	52.6	348	165	0	4	351	3	350	6.87e-128	370
MPDKNC_02580	iYS854.USA300HOU_RS13915	30.7	502	325	9	1	487	1	494	2.03e-75	245
MPDKNC_02581	iML1515.b1022	34.0	147	87	5	24	168	69	207	1.04e-12	68.6
MPDKNC_02581	iAF987.Gmet_0885	33.3	117	71	2	32	145	2	114	6.36e-11	62.4
MPDKNC_02584	iML1515.b1985	20.5	439	318	7	19	440	47	471	7.27e-17	82.4
MPDKNC_02585	iCN900.CD630_25770	34.0	253	148	7	3	248	2	242	1.02e-34	124
MPDKNC_02585	iYL1228.KPN_01091	34.0	244	152	4	5	248	6	240	1.07e-33	122
MPDKNC_02585	STM_v1_0.STM1195	34.4	244	151	4	5	248	6	240	1.51e-33	121
MPDKNC_02585	iML1515.b1093	34.0	244	152	4	5	248	6	240	4.17e-33	120
MPDKNC_02585	iSbBS512_1146.SbBS512_E2231	34.0	244	152	4	5	248	6	240	4.17e-33	120
MPDKNC_02585	iSF_1195.SF1097	34.0	244	152	4	5	248	6	240	4.17e-33	120
MPDKNC_02585	iSSON_1240.SSON_1113	34.0	244	152	4	5	248	6	240	4.17e-33	120
MPDKNC_02585	iSDY_1059.SDY_2057	34.0	244	152	4	5	248	6	240	8.22e-33	119
MPDKNC_02585	iYO844.BSU15910	29.7	249	168	5	1	248	1	243	1.38e-30	114
MPDKNC_02585	iAF987.Gmet_1531	32.1	252	156	6	5	252	7	247	2.91e-30	113
MPDKNC_02589	iYO844.BSU03070	34.6	489	302	3	12	500	14	484	4.81e-97	303
MPDKNC_02591	iML1515.b4352	26.3	319	202	10	5	298	6	316	1.06e-23	98.2
MPDKNC_02595	iSynCJ816.SGL_RS16185	32.7	202	123	7	65	263	107	298	4.54e-19	84.7
MPDKNC_02596	iYO844.BSU19630	74.1	228	59	0	2	229	1	228	1.67e-125	354
MPDKNC_02605	iYO844.BSU19690	76.7	460	107	0	4	463	1	460	7.88e-274	749
MPDKNC_02606	iAF692.Mbar_A0671	33.6	292	170	1	7	274	24	315	6.81e-46	156
MPDKNC_02607	iYO844.BSU19710	56.3	400	175	0	18	417	22	421	1.11e-167	477
MPDKNC_02608	iYO844.BSU38980	50.0	210	105	0	8	217	5	214	3.85e-69	210
MPDKNC_02608	iML1515.b2222	49.8	205	100	1	8	212	4	205	2.53e-67	206
MPDKNC_02608	iSSON_1240.SSON_2281	49.8	205	100	1	8	212	4	205	2.53e-67	206
MPDKNC_02608	iAF987.Gmet_3297	49.3	209	106	0	8	216	5	213	6.22e-66	202
MPDKNC_02608	iIT341.HP0692	49.5	206	103	1	7	212	1	205	1.25e-65	201
MPDKNC_02608	iCN900.CD630_26780	47.5	202	105	1	7	208	6	206	3.16e-64	198
MPDKNC_02608	iIS312.TCDM_01578	47.6	210	110	0	1	210	268	477	8.94e-60	194
MPDKNC_02608	iMM1415.67041	45.6	217	114	3	4	217	298	513	6.69e-58	190
MPDKNC_02609	iML1515.b2221	47.9	217	112	1	5	221	2	217	2.13e-67	206
MPDKNC_02609	iSSON_1240.SSON_2280	47.9	217	112	1	5	221	2	217	2.13e-67	206
MPDKNC_02610	iAF987.Gmet_1580	35.0	417	255	10	21	427	38	448	5.41e-73	236
MPDKNC_02610	iAF692.Mbar_A2386	36.2	423	239	11	15	429	70	469	1.88e-70	229
MPDKNC_02613	iYS854.USA300HOU_RS07270	50.0	164	82	0	1	164	1	164	1.07e-55	172
MPDKNC_02613	iYL1228.KPN_02764	47.8	161	83	1	3	163	8	167	6.86e-50	157
MPDKNC_02613	STM_v1_0.STM2433	47.8	161	83	1	3	163	8	167	6.86e-50	157
MPDKNC_02614	iYO844.BSU21680	66.4	140	46	1	2	141	4	142	1.54e-67	200
MPDKNC_02614	iAF987.Gmet_0222	62.9	140	51	1	2	140	7	146	2.18e-59	185
MPDKNC_02614	iCN900.CD630_21660	60.6	142	55	1	1	141	178	319	2.45e-57	180
MPDKNC_02615	iYO844.BSU21690	71.7	173	49	0	4	176	2	174	4.29e-94	270
MPDKNC_02616	iSDY_1059.SDY_4431	34.5	258	153	7	78	326	81	331	3.03e-36	133
MPDKNC_02616	iSbBS512_1146.SbBS512_E4693	34.5	258	153	7	78	326	94	344	5.49e-36	133
MPDKNC_02616	iSF_1195.SF4320	34.5	258	153	7	78	326	105	355	6.80e-36	133
MPDKNC_02616	iSSON_1240.SSON_4346	34.5	258	153	7	78	326	81	331	4.22e-36	133
MPDKNC_02616	iML1515.b4161	34.1	258	154	7	78	326	94	344	7.65e-36	132
MPDKNC_02616	iPC815.YPO0365	35.2	247	143	7	78	314	93	332	1.50e-34	129
MPDKNC_02616	iYL1228.KPN_04558	31.5	260	169	5	78	331	94	350	8.26e-34	127
MPDKNC_02616	STM_v1_0.STM4349	33.7	258	155	7	78	326	102	352	1.75e-33	126
MPDKNC_02616	iJN1463.PP_4903	30.3	310	190	10	19	311	31	331	9.54e-33	124
MPDKNC_02622	iYS854.USA300HOU_RS07285	43.4	274	154	1	1	274	1	273	3.13e-75	230
MPDKNC_02625	iYO844.BSU21810	52.2	161	76	1	1	161	1	160	4.31e-59	181
MPDKNC_02626	iYO844.BSU21820	79.5	264	54	0	1	264	1	264	5.07e-167	462
MPDKNC_02627	iAF987.Gmet_1170	31.0	129	72	5	3	127	2	117	9.89e-08	48.1
MPDKNC_02627	iML1515.b2251	28.2	110	69	4	30	131	31	138	2.03e-07	47.4
MPDKNC_02627	iSF_1195.SF2330	28.2	110	69	4	30	131	10	117	1.42e-07	47.4
MPDKNC_02627	iSSON_1240.SSON_2312	28.2	110	69	4	30	131	31	138	2.03e-07	47.4
MPDKNC_02627	iSynCJ816.SGL_RS05525	41.5	53	30	1	21	72	31	83	1.15e-06	45.4
MPDKNC_02627	STM_v1_0.STM0137	40.4	57	30	1	10	62	7	63	1.23e-06	45.1
MPDKNC_02627	iML1515.b0099	38.9	54	29	1	10	59	7	60	1.65e-06	44.7
MPDKNC_02627	iSbBS512_1146.SbBS512_E0093	38.9	54	29	1	10	59	7	60	1.65e-06	44.7
MPDKNC_02627	iSDY_1059.SDY_0129	38.9	54	29	1	10	59	7	60	1.74e-06	44.7
MPDKNC_02627	iSF_1195.SF0096	38.9	54	29	1	10	59	7	60	1.65e-06	44.7
MPDKNC_02627	iSSON_1240.SSON_0107	38.9	54	29	1	10	59	7	60	1.65e-06	44.7
MPDKNC_02627	iYL1228.KPN_00103	39.3	61	33	1	10	66	7	67	2.33e-06	44.3
MPDKNC_02632	iYO844.BSU35940	20.9	560	316	15	9	526	8	482	5.40e-20	93.2
MPDKNC_02632	STM_v1_0.STM0828	29.3	249	123	7	3	233	1	214	4.53e-21	92.4
MPDKNC_02632	iSDY_1059.SDY_0787	29.7	236	139	6	3	233	1	214	8.34e-21	91.7
MPDKNC_02632	iCN900.CD630_04310	29.1	237	118	7	9	233	272	470	2.95e-19	90.9
MPDKNC_02632	iML1515.b0809	29.2	236	140	6	3	233	1	214	3.82e-20	89.7
MPDKNC_02632	iSbBS512_1146.SbBS512_E2539	29.2	236	140	6	3	233	1	214	3.82e-20	89.7
MPDKNC_02632	iSSON_1240.SSON_0789	29.2	236	140	6	3	233	1	214	3.82e-20	89.7
MPDKNC_02632	iSynCJ816.SGL_RS09035	28.5	249	123	4	3	233	1	212	3.27e-20	89.4
MPDKNC_02632	iYL1228.KPN_00838	27.7	249	127	6	3	233	1	214	7.03e-20	89.0
MPDKNC_02632	iSF_1195.SF0760	28.5	249	125	6	3	233	1	214	1.75e-19	87.8
MPDKNC_02632	iML1515.b2180	21.0	542	329	17	16	517	22	504	1.85e-17	85.5
MPDKNC_02632	iCN900.CD630_07520	26.3	240	142	4	3	233	1	214	1.47e-18	85.1
MPDKNC_02632	iJN1463.PP_3597	28.5	235	143	4	3	233	20	233	2.13e-18	85.1
MPDKNC_02632	iCN900.CD630_17760	25.7	245	132	4	3	231	1	211	1.93e-18	84.3
MPDKNC_02634	iYS854.USA300HOU_RS07285	32.4	272	173	5	6	270	7	274	1.75e-36	130
MPDKNC_02636	iNF517.LLMG_RS08030	64.9	556	194	1	7	562	1	555	2.59e-261	725
MPDKNC_02636	iYS854.USA300HOU_RS09195	63.4	554	200	2	9	562	5	555	9.65e-252	701
MPDKNC_02636	iHN637.CLJU_RS18540	58.6	556	228	2	8	562	4	558	3.11e-234	656
MPDKNC_02636	iCN900.CD630_07180	58.8	556	227	2	8	562	4	558	5.09e-233	653
MPDKNC_02637	iYS854.USA300HOU_RS07520	35.7	115	67	3	32	141	38	150	5.99e-12	62.8
MPDKNC_02640	iYO844.BSU30740	56.7	282	122	0	1	282	1	282	1.47e-105	308
MPDKNC_02641	iYO844.BSU30750	57.0	300	128	1	3	302	6	304	1.77e-106	321
MPDKNC_02642	iYO844.BSU30760	63.4	243	88	1	1	242	1	243	3.13e-111	319
MPDKNC_02643	iYO844.BSU30770	53.1	303	140	2	6	307	5	306	3.08e-109	319
MPDKNC_02651	iJN1463.PP_5118	39.8	269	154	6	12	273	14	281	6.55e-62	196
MPDKNC_02656	iEK1008.Rv0533c	24.7	287	188	11	79	353	61	331	7.29e-06	47.0
MPDKNC_02656	iNF517.LLMG_RS08965	22.1	303	205	10	60	349	32	316	1.26e-05	46.2
MPDKNC_02657	iJN1463.PP_0103	32.9	70	47	0	87	156	172	241	6.46e-07	47.4
MPDKNC_02658	iYO844.BSU14900	23.9	410	262	13	50	437	66	447	5.66e-19	90.1
MPDKNC_02658	iYO844.BSU38160	23.5	451	286	15	50	475	95	511	2.20e-16	82.0
MPDKNC_02658	iJN1463.PP_0104	23.9	469	289	16	1	437	23	455	3.05e-16	81.3
MPDKNC_02668	iYS854.USA300HOU_RS07595	22.4	362	243	14	56	414	11	337	6.51e-05	45.8
MPDKNC_02676	iYS854.USA300HOU_RS07420	42.2	659	336	18	27	658	29	669	3.93e-155	473
MPDKNC_02680	iYS854.USA300HOU_RS07440	77.7	430	96	0	1	430	1	430	2.88e-254	696
MPDKNC_02681	iYO844.BSU22370	71.9	391	110	0	5	395	3	393	3.48e-207	574
MPDKNC_02685	iYO844.BSU22410	72.2	126	35	0	1	126	1	126	3.38e-64	191
MPDKNC_02686	iYO844.BSU22420	55.8	283	123	2	1	282	1	282	7.02e-108	314
MPDKNC_02687	iYO844.BSU22430	62.3	276	104	0	1	276	1	276	2.71e-120	345
MPDKNC_02688	iYO844.BSU22440	57.5	325	137	1	1	325	1	324	1.20e-135	387
MPDKNC_02690	iYS854.USA300HOU_RS07460	56.9	371	160	0	3	373	1	371	1.25e-155	442
MPDKNC_02691	iJN1463.PP_2515	27.9	204	115	6	3	182	15	210	1.64e-09	56.2
MPDKNC_02691	iEK1008.Rv1082	30.6	157	76	7	7	132	3	157	2.19e-08	53.1
MPDKNC_02692	iYO844.BSU22480	64.9	134	47	0	1	134	1	134	1.02e-62	187
MPDKNC_02692	iHN637.CLJU_RS03595	66.7	120	40	0	1	120	1	120	4.87e-58	175
MPDKNC_02693	iYO844.BSU22490	65.5	264	82	2	2	256	4	267	5.58e-121	345
MPDKNC_02694	iSF_1195.SF2796	48.6	37	19	0	63	99	190	226	6.35e-04	37.4
MPDKNC_02699	iYO844.BSU22540	73.5	253	63	3	1	252	1	250	9.56e-140	392
MPDKNC_02700	iYO844.BSU22550	94.2	224	13	0	1	224	1	224	4.70e-159	438
MPDKNC_02701	iYO844.BSU22560	62.3	162	59	2	3	164	4	163	8.17e-71	211
MPDKNC_02706	iYO844.BSU22600	62.7	416	154	1	14	428	9	424	2.13e-185	522
MPDKNC_02707	iYO844.BSU22610	52.9	365	172	0	1	365	4	368	2.22e-140	403
MPDKNC_02708	iYO844.BSU22620	59.7	360	145	0	1	360	1	360	1.78e-158	448
MPDKNC_02709	iYO844.BSU22690	54.2	118	54	0	1	118	2	119	7.27e-44	139
MPDKNC_02710	iYO844.BSU22700	45.3	351	191	1	1	351	1	350	1.55e-101	303
MPDKNC_02711	iYO844.BSU22710	76.7	390	89	1	1	388	1	390	1.02e-217	600
MPDKNC_02713	iYO844.BSU22730	70.9	148	43	0	1	148	2	149	2.10e-75	221
MPDKNC_02714	iYO844.BSU22740	64.7	320	113	0	1	320	29	348	5.50e-145	412
MPDKNC_02715	iYO844.BSU22750	74.2	233	60	0	1	233	1	233	2.80e-128	361
MPDKNC_02716	iYO844.BSU22760	39.1	151	88	2	35	182	33	182	7.89e-24	96.7
MPDKNC_02718	iYO844.BSU22780	83.4	187	31	0	1	187	1	187	4.83e-112	317
MPDKNC_02723	iYO844.BSU22830	71.2	337	97	0	5	341	2	338	2.03e-161	454
MPDKNC_02724	iAF987.Gmet_2444	39.2	125	70	3	177	301	23	141	2.40e-12	68.6
MPDKNC_02729	iYO844.BSU22870	55.0	351	153	2	16	363	1	349	3.48e-131	379
MPDKNC_02730	iHN637.CLJU_RS10465	39.5	337	198	4	14	345	301	636	4.95e-75	244
MPDKNC_02731	iCN900.CD630_18170	37.5	176	109	1	1	175	1	176	8.71e-35	121
MPDKNC_02731	iSynCJ816.SGL_RS12400	36.8	190	110	2	9	189	32	220	4.94e-34	120
MPDKNC_02732	iYO844.BSU22890	67.9	218	70	0	2	219	4	221	7.37e-93	271
MPDKNC_02736	iHN637.CLJU_RS19935	48.3	116	58	1	155	268	55	170	2.38e-33	119
MPDKNC_02738	iYS854.USA300HOU_RS07575	52.0	321	153	1	3	323	2	321	1.28e-116	339
MPDKNC_02738	iNF517.LLMG_RS09135	55.5	308	135	2	3	310	2	307	1.82e-116	338
MPDKNC_02739	iYS854.USA300HOU_RS07580	61.9	323	121	2	1	321	1	323	1.22e-146	415
MPDKNC_02740	iYO844.BSU22960	86.4	427	52	2	1	421	1	427	2.99e-276	751
MPDKNC_02745	iYL1228.KPN_03409	25.5	110	76	1	19	128	349	452	1.46e-05	44.7
MPDKNC_02748	STM_v1_0.STM1731	42.2	192	95	4	1	176	1	192	1.89e-34	122
MPDKNC_02751	iYS854.USA300HOU_RS09450	26.3	179	106	7	19	184	43	208	1.88e-04	40.4
MPDKNC_02752	iYS854.USA300HOU_RS07595	37.1	447	254	7	7	451	6	427	7.55e-91	284
MPDKNC_02754	iAF987.Gmet_0148	29.9	67	39	2	1	67	1	59	3.92e-06	40.0
MPDKNC_02755	iYS854.USA300HOU_RS07610	44.1	179	93	2	7	181	5	180	7.13e-43	141
MPDKNC_02756	iML1515.b1856	40.0	110	60	2	48	157	304	407	9.20e-17	79.3
MPDKNC_02756	iAF987.Gmet_3012	41.0	117	60	3	35	142	18	134	1.04e-16	76.3
MPDKNC_02759	iAF987.Gmet_0043	26.0	231	162	5	363	587	39	266	1.77e-16	82.4
MPDKNC_02760	iAF987.Gmet_2999	35.0	157	90	3	1	145	4	160	3.93e-17	79.0
MPDKNC_02760	iAF987.Gmet_1706	36.1	119	71	2	5	120	1	117	1.16e-14	71.6
MPDKNC_02763	iPC815.YPO3064	27.0	148	92	4	38	170	5	151	3.60e-10	55.5
MPDKNC_02763	iML1515.b2480	26.0	146	92	4	38	168	4	148	2.54e-09	53.1
MPDKNC_02763	iSbBS512_1146.SbBS512_E2852	26.0	146	92	4	38	168	4	148	2.54e-09	53.1
MPDKNC_02763	iSDY_1059.SDY_2669	26.0	146	92	4	38	168	4	148	2.54e-09	53.1
MPDKNC_02763	iSF_1195.SF2523	26.0	146	92	4	38	168	4	148	2.54e-09	53.1
MPDKNC_02763	iSSON_1240.SSON_2561	26.0	146	92	4	38	168	4	148	2.54e-09	53.1
MPDKNC_02763	iYL1228.KPN_02814	26.0	146	92	4	38	168	4	148	4.88e-09	52.4
MPDKNC_02764	iYS854.USA300HOU_RS07985	61.8	238	91	0	1	238	5	242	4.09e-98	286
MPDKNC_02767	iHN637.CLJU_RS05525	34.3	344	203	10	32	361	49	383	1.39e-49	171
MPDKNC_02767	iJN1463.PP_4803	34.1	337	196	12	29	351	31	355	1.13e-45	160
MPDKNC_02772	iYO844.BSU23380	67.8	432	139	0	1	432	1	432	2.85e-220	611
MPDKNC_02780	iHN637.CLJU_RS05525	43.7	389	207	4	2	380	9	395	3.50e-98	297
MPDKNC_02781	iYO844.BSU39400	76.6	432	99	2	1	432	3	432	2.99e-225	623
MPDKNC_02781	iHN637.CLJU_RS08925	74.1	432	110	2	1	432	3	432	5.44e-221	612
MPDKNC_02781	iYS854.USA300HOU_RS11530	70.4	432	126	2	1	432	3	432	4.59e-208	580
MPDKNC_02782	iYO844.BSU23490	72.1	265	74	0	4	268	3	267	2.12e-137	387
MPDKNC_02782	iCN900.CD630_12240	65.1	269	94	0	3	271	2	270	1.06e-125	358
MPDKNC_02783	iYO844.BSU23500	74.7	395	99	1	1	395	1	394	1.72e-221	610
MPDKNC_02788	iYO844.BSU23610	61.7	180	69	0	1	180	1	180	7.86e-76	224
MPDKNC_02790	iYO844.BSU09530	31.6	294	172	7	1	272	1	287	1.98e-36	132
MPDKNC_02790	iYO844.BSU39780	30.2	321	185	10	1	295	1	308	6.76e-36	130
MPDKNC_02790	iML1515.b1771	29.3	321	200	9	1	295	1	320	1.33e-35	130
MPDKNC_02792	iAF987.Gmet_3297	71.8	209	59	0	7	215	5	213	5.86e-107	306
MPDKNC_02792	iCN718.ABAYE_RS09815	67.3	202	66	0	7	208	5	206	5.44e-97	281
MPDKNC_02792	iYO844.BSU38980	66.5	209	70	0	7	215	5	213	1.21e-96	280
MPDKNC_02792	iIT341.HP0692	65.5	206	70	1	6	211	1	205	1.04e-95	277
MPDKNC_02793	iAF987.Gmet_3296	74.4	227	57	1	4	229	3	229	4.92e-120	340
MPDKNC_02793	iYO844.BSU38990	68.0	228	72	1	1	227	1	228	1.23e-108	311
MPDKNC_02794	iJN1463.PP_4636	66.2	390	132	0	3	392	2	391	3.27e-181	508
MPDKNC_02794	iCN900.CD630_26760	61.7	389	149	0	4	392	3	391	7.66e-168	474
MPDKNC_02794	iML1515.b2224	64.7	388	135	2	6	392	5	391	3.85e-166	470
MPDKNC_02794	iSSON_1240.SSON_2283	64.4	388	136	2	6	392	5	391	4.45e-165	468
MPDKNC_02794	iYS854.USA300HOU_RS01880	61.2	389	150	1	4	392	3	390	2.01e-163	463
MPDKNC_02794	iCN900.CD630_10590	60.9	389	151	1	4	392	3	390	2.50e-161	458
MPDKNC_02795	iYO844.BSU18230	44.1	290	161	1	1	289	1	290	1.44e-82	250
MPDKNC_02795	iAF987.Gmet_3293	43.4	286	161	1	1	285	1	286	1.32e-77	238
MPDKNC_02795	iMM1415.15356	44.1	288	160	1	3	289	29	316	8.63e-77	236
MPDKNC_02795	iCN718.ABAYE_RS11590	43.1	288	163	1	7	293	5	292	1.83e-75	232
MPDKNC_02795	iJN1463.PP_3540	40.9	286	168	1	1	285	1	286	9.15e-73	225
MPDKNC_02798	iPC815.YPO2295	32.1	224	148	2	4	227	3	222	3.67e-37	129
MPDKNC_02805	iCN718.ABAYE_RS13105	35.4	243	135	6	8	233	7	244	4.57e-31	116
MPDKNC_02805	iCN718.ABAYE_RS01085	31.0	239	152	3	8	233	7	245	1.65e-28	109
MPDKNC_02805	iMM904.YMR226C	34.8	233	142	6	8	232	14	244	2.72e-27	105
MPDKNC_02805	iSynCJ816.SGL_RS12965	32.8	256	154	6	8	256	6	250	2.31e-27	105
MPDKNC_02808	iYO844.BSU23800	42.5	259	144	2	1	255	12	269	1.88e-57	184
MPDKNC_02808	iYO844.BSU18480	37.4	262	160	1	1	258	27	288	9.06e-57	183
MPDKNC_02809	iJN1463.PP_1478	48.6	352	159	6	5	336	4	353	5.15e-108	319
MPDKNC_02812	iYO844.BSU23850	67.5	492	157	2	1	492	1	489	2.64e-247	684
MPDKNC_02812	iYS854.USA300HOU_RS08045	62.2	481	181	1	10	490	11	490	2.00e-224	626
MPDKNC_02817	iCN900.CD630_07080	31.0	174	97	8	5	167	11	172	5.23e-12	66.6
MPDKNC_02817	iCN718.ABAYE_RS06480	29.6	169	94	6	11	167	18	173	2.21e-11	64.7
MPDKNC_02818	iLJ478.TM0716	64.1	515	185	0	1	515	1	515	2.10e-238	663
MPDKNC_02818	iYO844.BSU23920	62.2	511	187	2	5	515	3	507	1.88e-232	648
MPDKNC_02819	iAF987.Gmet_3253	56.2	130	57	0	1	130	2	131	1.31e-47	149
MPDKNC_02822	iYO844.BSU23960	67.5	240	76	1	1	238	1	240	7.57e-108	310
MPDKNC_02822	iCN900.CD630_07520	63.3	240	86	2	1	238	1	240	3.38e-104	301
MPDKNC_02822	iYO844.BSU27430	59.2	240	96	1	1	238	1	240	2.04e-96	281
MPDKNC_02822	iNF517.LLMG_RS09720	62.3	239	88	1	2	238	7	245	1.38e-95	279
MPDKNC_02822	iNF517.LLMG_RS09915	58.3	240	98	1	1	238	5	244	1.25e-95	279
MPDKNC_02823	iYO844.BSU23970	67.6	219	71	0	1	219	1	219	2.24e-97	282
MPDKNC_02824	iYO844.BSU23980	55.4	258	110	3	1	257	1	254	6.37e-89	263
MPDKNC_02826	iML1515.b2918	49.8	279	140	0	27	305	16	294	7.23e-92	277
MPDKNC_02826	iMM1415.109136	43.5	331	177	1	18	338	83	413	1.08e-86	266
MPDKNC_02826	iCHOv1.100772148	43.5	331	177	1	18	338	88	418	3.52e-86	265
MPDKNC_02827	iAT_PLT_636.4594	65.2	709	239	4	5	711	41	743	0.0	907
MPDKNC_02827	iMM1415.17850	64.9	713	242	4	5	715	39	745	0.0	907
MPDKNC_02827	iCHOv1.100765277	64.8	713	243	4	5	715	39	745	0.0	906
MPDKNC_02827	iEK1008.Rv1493	64.1	697	236	3	30	713	52	747	1.11e-310	864
MPDKNC_02827	iML1515.b2917	63.2	671	242	2	28	694	27	696	2.41e-298	832
MPDKNC_02827	iSSON_1240.SSON_3068	63.2	669	241	2	30	694	29	696	2.78e-297	829
MPDKNC_02827	iSF_1195.SF2902	63.2	669	241	2	30	694	29	696	7.94e-297	828
MPDKNC_02828	iEK1008.Rv1492	33.2	346	217	6	183	517	215	557	3.11e-46	171
MPDKNC_02829	iAM_Pc455.PCYB_103410	29.5	295	166	12	222	491	323	600	1.47e-15	81.6
MPDKNC_02829	iAM_Pb448.PBANKA_110710	23.9	444	265	17	123	519	168	585	2.81e-14	77.4
MPDKNC_02829	iAM_Pf480.PF3D7_0507500	27.2	294	171	10	224	491	366	642	4.27e-14	77.0
MPDKNC_02830	iYO844.BSU24030	71.7	434	105	5	1	426	1	424	1.03e-207	578
MPDKNC_02831	iYO844.BSU24040	89.9	327	33	0	1	327	1	327	4.41e-220	601
MPDKNC_02832	iYO844.BSU24050	79.3	329	68	0	1	329	1	329	4.28e-197	543
MPDKNC_02833	iYO844.BSU24060	76.7	473	110	0	1	473	1	473	1.28e-263	724
MPDKNC_02834	iYO844.BSU24070	73.9	352	92	0	7	358	9	360	5.25e-190	528
MPDKNC_02835	iYO844.BSU24080	87.1	364	47	0	1	364	1	364	1.14e-236	646
MPDKNC_02836	iYO844.BSU24090	59.7	300	116	1	1	300	1	295	4.63e-113	328
MPDKNC_02837	iAF987.Gmet_3085	26.7	191	126	4	103	282	83	270	8.68e-09	58.5
MPDKNC_02839	iNF517.LLMG_RS00415	37.8	246	137	7	2	237	37	276	1.29e-40	140
MPDKNC_02839	iYO844.BSU02130	36.6	254	128	8	3	231	39	284	1.69e-35	127
MPDKNC_02840	iAF987.Gmet_1706	33.3	117	72	4	4	118	1	113	3.28e-08	53.1
MPDKNC_02840	iAF987.Gmet_0069	28.7	115	80	1	6	118	5	119	1.87e-07	50.8
MPDKNC_02840	iAF987.Gmet_1919	31.3	96	57	1	28	114	16	111	2.75e-07	50.4
MPDKNC_02844	iJN1463.PP_1259	55.9	522	226	3	3	522	2	521	2.27e-224	629
MPDKNC_02846	iYO844.BSU24270	79.9	626	126	0	1	626	1	626	0.0	1033
MPDKNC_02847	iYO844.BSU24280	56.4	291	121	2	8	292	6	296	5.11e-109	317
MPDKNC_02850	iYO844.BSU24310	50.0	280	139	1	1	279	1	280	7.40e-98	288
MPDKNC_02850	iAF987.Gmet_1162	48.2	278	142	2	1	277	1	277	9.01e-87	260
MPDKNC_02854	iYO844.BSU24340	81.6	450	83	0	1	450	1	450	6.72e-277	755
MPDKNC_02855	iYO844.BSU24350	65.2	161	53	2	1	160	1	159	7.94e-55	169
MPDKNC_02865	iYS854.USA300HOU_RS08170	49.6	353	177	1	1	353	1	352	1.29e-124	362
MPDKNC_02866	iJN1463.PP_2407	58.0	138	57	1	1	138	1	137	7.12e-51	159
MPDKNC_02866	iCN718.ABAYE_RS08045	51.1	139	68	0	1	139	1	139	1.17e-47	150
MPDKNC_02866	iJN1463.PP_0560	54.0	137	63	0	4	140	3	139	6.72e-47	149
MPDKNC_02866	iAF987.Gmet_0981	53.9	141	62	2	5	144	3	141	6.12e-45	144
MPDKNC_02866	iSynCJ816.SGL_RS06095	50.7	144	70	1	5	148	7	149	9.22e-45	143
MPDKNC_02870	iJN1463.PP_2998	33.1	326	194	8	1	323	1	305	2.41e-43	151
MPDKNC_02871	iCN718.ABAYE_RS09025	30.1	93	64	1	30	121	24	116	1.12e-08	53.9
MPDKNC_02873	iAF987.Gmet_1297	29.8	704	332	15	122	805	34	595	2.11e-75	260
MPDKNC_02874	iYS854.USA300HOU_RS08185	62.5	275	102	1	4	278	3	276	4.88e-125	357
MPDKNC_02875	iSynCJ816.SGL_RS18145	42.9	77	44	0	43	119	78	154	2.20e-12	60.1
MPDKNC_02876	iYS854.USA300HOU_RS08195	68.2	484	154	0	1	484	1	484	5.70e-251	693
MPDKNC_02876	iHN637.CLJU_RS11880	62.2	484	183	0	3	486	2	485	1.23e-227	634
MPDKNC_02877	iYS854.USA300HOU_RS08200	60.8	446	173	2	1	445	1	445	4.37e-192	540
MPDKNC_02878	iHN637.CLJU_RS11895	56.7	365	156	2	1	364	1	364	2.09e-147	421
MPDKNC_02878	iCN900.CD630_16570	51.8	369	173	4	1	367	1	366	7.61e-130	391
MPDKNC_02879	iAM_Pc455.PCYB_113330	27.3	194	127	3	44	223	324	517	3.37e-11	66.2
MPDKNC_02882	iAF987.Gmet_0977	39.5	167	97	3	1	164	12	177	9.56e-34	117
MPDKNC_02890	iSynCJ816.SGL_RS06015	24.9	297	188	6	43	309	73	364	7.17e-17	80.5
MPDKNC_02890	iJN1463.PP_4843	23.9	305	196	6	38	312	56	354	3.26e-16	78.2
MPDKNC_02891	iJN1463.PP_4842	33.4	296	176	7	10	290	205	494	6.05e-33	125
MPDKNC_02892	iLJ478.TM1139	44.1	236	127	4	3	234	5	239	2.72e-57	181
MPDKNC_02892	iAF987.Gmet_1819	39.9	238	135	2	3	232	1	238	1.13e-52	170
MPDKNC_02892	iJN1463.PP_1137	38.4	232	141	2	3	232	1	232	3.41e-51	166
MPDKNC_02893	iLJ478.TM1138	36.2	268	147	3	4	247	11	278	1.00e-44	151
MPDKNC_02893	iYL1228.KPN_03817	36.9	249	152	2	4	247	5	253	1.84e-44	150
MPDKNC_02893	iML1515.b3455	36.9	249	152	2	4	247	5	253	1.45e-43	147
MPDKNC_02893	iSbBS512_1146.SbBS512_E3867	36.9	249	152	2	4	247	5	253	1.45e-43	147
MPDKNC_02893	iSF_1195.SF3473	36.9	249	152	2	4	247	5	253	1.45e-43	147
MPDKNC_02893	STM_v1_0.STM3561	36.5	249	153	2	4	247	5	253	4.05e-43	146
MPDKNC_02893	iSDY_1059.SDY_3604	36.5	249	153	2	4	247	5	253	4.05e-43	146
MPDKNC_02893	iSSON_1240.SSON_3693	36.5	249	153	2	4	247	5	253	8.05e-43	145
MPDKNC_02893	iPC815.YPO3805	36.1	252	150	3	4	247	6	254	1.25e-41	142
MPDKNC_02893	iJN1463.PP_4844	36.2	246	152	3	3	247	43	284	1.61e-39	138
MPDKNC_02893	iAF987.Gmet_1820	35.3	249	155	3	4	247	1	248	9.42e-40	137
MPDKNC_02893	iJN1463.PP_1138	35.2	250	155	4	4	247	5	253	2.99e-39	136
MPDKNC_02894	iAF987.Gmet_1823	29.1	261	167	9	35	290	28	275	4.66e-18	84.7
MPDKNC_02896	iCN900.CD630_11790	27.9	305	203	7	33	332	35	327	2.10e-27	109
MPDKNC_02896	iAF987.Gmet_3272	24.6	301	215	6	33	330	34	325	8.91e-24	99.4
MPDKNC_02897	iJN1463.PP_4552	42.9	133	75	1	6	138	14	145	9.41e-35	117
MPDKNC_02898	iEK1008.Rv3089	38.0	468	278	6	28	487	30	493	5.10e-102	314
MPDKNC_02898	iYO844.BSU30790	37.5	483	287	7	7	487	8	477	5.24e-97	301
MPDKNC_02898	iYO844.BSU10270	37.2	484	277	7	28	487	27	507	2.24e-96	300
MPDKNC_02901	iCN718.ABAYE_RS09790	41.9	155	89	1	1	155	34	187	8.34e-35	122
MPDKNC_02901	iYO844.BSU15910	43.9	157	87	1	12	168	43	198	9.10e-34	119
MPDKNC_02901	iHN637.CLJU_RS20765	41.5	159	88	3	7	163	40	195	5.83e-32	114
MPDKNC_02901	iCN900.CD630_26790	39.1	151	91	1	5	155	35	184	1.03e-31	114
MPDKNC_02901	iYS854.USA300HOU_RS06185	41.5	164	95	1	7	170	36	198	2.94e-31	112
MPDKNC_02904	iJN1463.PP_1645	29.1	110	78	0	1	110	1	110	4.46e-08	47.8
MPDKNC_02904	iPC815.YPO3070	26.8	112	79	3	1	110	1	111	1.82e-06	43.5
MPDKNC_02906	iEK1008.Rv2581c	41.7	216	115	5	6	210	6	221	3.57e-45	149
MPDKNC_02912	iCN900.CD630_24200	26.4	329	198	12	5	299	2	320	1.66e-16	79.3
MPDKNC_02914	iYO844.BSU24850	57.3	316	132	2	1	316	1	313	1.54e-130	374
MPDKNC_02921	iYS854.USA300HOU_RS08275	34.4	151	93	3	28	177	29	174	6.90e-24	92.4
MPDKNC_02921	iML1515.b2912	32.1	162	106	2	25	182	18	179	2.42e-21	85.9
MPDKNC_02921	iAF987.Gmet_1179	31.9	185	119	4	2	183	3	183	2.84e-21	85.9
MPDKNC_02921	iSbBS512_1146.SbBS512_E3332	32.1	162	106	2	25	182	84	245	9.04e-21	85.9
MPDKNC_02921	iSDY_1059.SDY_3170	32.1	162	106	2	25	182	18	179	2.42e-21	85.9
MPDKNC_02921	iSF_1195.SF2897	32.1	162	106	2	25	182	18	179	2.42e-21	85.9
MPDKNC_02921	iSSON_1240.SSON_3064	32.1	162	106	2	25	182	18	179	2.42e-21	85.9
MPDKNC_02924	iAF987.Gmet_3178	40.9	237	136	2	1	234	1	236	3.56e-56	195
MPDKNC_02924	iSynCJ816.SGL_RS17400	39.5	233	138	2	1	230	1	233	2.01e-52	184
MPDKNC_02925	iEK1008.Rv3032	34.4	392	231	10	350	719	3	390	9.61e-52	185
MPDKNC_02929	iCN900.CD630_32860	29.3	191	129	3	21	207	347	535	2.34e-09	56.2
MPDKNC_02930	iYO844.BSU24950	71.5	260	71	1	1	257	1	260	1.37e-136	384
MPDKNC_02931	iYO844.BSU24960	69.6	263	80	0	5	267	6	268	3.72e-132	374
MPDKNC_02932	iYO844.BSU24970	72.7	293	80	0	1	293	1	293	2.34e-148	417
MPDKNC_02933	iYO844.BSU24980	74.8	302	75	1	7	307	8	309	3.84e-149	420
MPDKNC_02934	iYO844.BSU24990	72.9	299	75	2	1	294	1	298	3.97e-149	419
MPDKNC_02935	iNF517.LLMG_RS01845	31.8	694	440	17	15	689	34	713	1.76e-106	340
MPDKNC_02937	iYO844.BSU25020	84.7	202	31	0	1	202	1	202	1.15e-130	365
MPDKNC_02939	iCN900.CD630_17290	41.1	540	309	4	7	542	2	536	3.65e-129	387
MPDKNC_02939	iCN900.CD630_32860	40.0	547	301	5	7	539	2	535	1.11e-119	363
MPDKNC_02941	iJN1463.PP_3588	29.7	165	113	2	10	174	17	178	6.26e-10	60.1
MPDKNC_02943	iYO844.BSU25070	92.9	368	26	0	1	368	3	370	1.58e-234	642
MPDKNC_02948	iYS854.USA300HOU_RS08300	56.4	275	119	1	1	275	1	274	1.05e-99	293
MPDKNC_02949	iYS854.USA300HOU_RS08305	50.0	256	124	2	1	253	1	255	4.75e-87	259
MPDKNC_02955	iYO844.BSU25160	78.5	311	67	0	1	311	1	311	1.55e-178	495
MPDKNC_02956	iSynCJ816.SGL_RS05525	36.4	110	60	4	25	132	25	126	5.54e-10	54.3
MPDKNC_02956	iCN718.ABAYE_RS13345	33.3	117	64	5	19	131	121	227	8.52e-09	52.4
MPDKNC_02956	iAF987.Gmet_0988	30.6	121	74	3	32	151	36	147	5.82e-09	51.6
MPDKNC_02959	iYO844.BSU22540	42.6	61	32	2	60	117	189	249	1.72e-08	50.4
MPDKNC_02960	iYO844.BSU18260	62.8	376	139	1	1	375	1	376	1.83e-171	483
MPDKNC_02966	iYS854.USA300HOU_RS13270	26.3	114	73	2	84	197	258	360	4.63e-04	40.0
MPDKNC_02967	iYS854.USA300HOU_RS08350	75.2	459	110	3	3	457	5	463	2.40e-268	734
MPDKNC_02970	iSynCJ816.SGL_RS05125	23.1	182	132	4	10	187	21	198	1.24e-04	43.1
MPDKNC_02970	iCN900.CD630_32740	25.5	157	104	6	10	163	4	150	2.94e-04	42.0
MPDKNC_02970	iHN637.CLJU_RS10635	25.2	159	110	6	11	168	5	155	6.68e-04	40.8
MPDKNC_02971	iYO844.BSU25300	76.5	132	31	0	1	132	1	132	9.35e-72	210
MPDKNC_02972	iYO844.BSU25310	46.7	122	65	0	1	122	1	122	1.40e-29	103
MPDKNC_02984	iYO844.BSU25420	37.5	301	188	0	82	382	1	301	1.61e-61	200
MPDKNC_02986	iYO844.BSU39420	69.8	212	64	0	5	216	3	214	1.73e-96	280
MPDKNC_02986	iHN637.CLJU_RS08910	68.1	210	67	0	5	214	3	212	4.22e-95	276
MPDKNC_02986	iNF517.LLMG_RS05390	64.5	220	77	1	4	223	2	220	1.32e-90	265
MPDKNC_02986	iYS854.USA300HOU_RS11540	65.6	218	74	1	6	223	4	220	1.25e-88	260
MPDKNC_02986	iYS854.USA300HOU_RS00730	66.0	215	72	1	9	223	7	220	5.07e-88	258
MPDKNC_02987	iYS854.USA300HOU_RS08055	56.7	554	233	4	1	553	1	548	2.58e-238	666
MPDKNC_02988	iLJ478.TM1269	27.1	203	126	9	144	341	54	239	1.91e-05	46.2
MPDKNC_02988	iNF517.LLMG_RS07160	27.3	165	102	8	153	310	15	168	1.47e-04	43.5
MPDKNC_02992	STM_v1_0.STM0659	35.0	489	292	11	5	483	8	480	1.93e-81	266
MPDKNC_02992	iML1515.b0650	35.1	470	263	10	5	456	8	453	1.06e-78	259
MPDKNC_02992	iSSON_1240.SSON_0604	35.1	470	263	10	5	456	8	453	1.49e-78	258
MPDKNC_02992	iSbBS512_1146.SbBS512_E0599	34.9	470	264	10	5	456	8	453	7.95e-78	256
MPDKNC_02995	iYO844.BSU25500	58.8	376	150	2	3	373	2	377	2.27e-156	444
MPDKNC_02996	iSynCJ816.SGL_RS17200	24.0	499	237	12	11	386	6	485	1.44e-22	102
MPDKNC_02996	iEK1008.Rv0684	24.2	504	242	14	1	381	1	487	5.98e-22	100
MPDKNC_03005	iYO844.BSU25580	67.0	185	61	0	1	185	1	185	8.13e-92	265
MPDKNC_03006	iLB1027_lipid.PHATRDRAFT_26293	37.7	61	34	1	167	227	66	122	7.37e-06	44.3
MPDKNC_03007	iCHOv1.100769585	44.7	76	34	3	8	81	34	103	1.11e-08	54.3
MPDKNC_03007	iMM1415.14711	42.1	76	36	3	8	81	34	103	1.62e-07	50.8
MPDKNC_03010	iYO844.BSU25640	51.1	186	91	0	4	189	3	188	1.05e-71	214
MPDKNC_03012	iYO844.BSU25660	46.6	277	148	0	1	277	1	277	3.96e-87	261
MPDKNC_03014	iML1515.b0675	42.0	50	29	0	99	148	172	221	5.22e-06	45.1
MPDKNC_03016	iYO844.BSU02290	45.2	252	137	1	5	255	9	260	2.17e-66	206
MPDKNC_03017	iHN637.CLJU_RS01425	41.5	171	89	3	15	178	3	169	2.88e-34	118
MPDKNC_03017	iYO844.BSU02270	47.3	129	66	2	22	148	8	136	1.40e-30	109
MPDKNC_03028	iYO844.BSU27250	74.2	376	97	0	1	376	1	376	1.47e-200	556
MPDKNC_03029	iYO844.BSU27260	61.8	306	117	0	1	306	1	306	1.97e-137	390
MPDKNC_03030	iYO844.BSU27270	65.2	230	80	0	1	230	1	230	2.35e-107	308
MPDKNC_03034	iAF987.Gmet_0928	25.5	596	369	20	2	554	15	578	2.82e-28	119
MPDKNC_03036	iYO844.BSU27330	82.9	211	36	0	1	211	1	211	2.65e-129	362
MPDKNC_03037	iCN718.ABAYE_RS12870	28.4	176	105	5	35	207	34	191	4.27e-15	70.5
MPDKNC_03038	iCN900.CD630_12260	38.6	347	180	7	74	411	9	331	1.29e-64	211
MPDKNC_03042	iYS854.USA300HOU_RS08615	58.8	878	356	4	1	874	1	876	0.0	1015
MPDKNC_03043	iSynCJ816.SGL_RS13900	24.5	306	215	6	47	343	62	360	2.04e-13	70.5
MPDKNC_03048	iAF692.Mbar_A2320	24.4	217	113	11	11	215	37	214	4.56e-04	41.2
MPDKNC_03049	iYS854.USA300HOU_RS08635	49.9	371	185	1	4	374	3	372	1.32e-114	338
MPDKNC_03049	iCN900.CD630_12790	47.5	379	193	5	3	378	5	380	1.05e-112	334
MPDKNC_03056	iCN900.CD630_16140	37.5	208	122	3	12	212	28	234	3.95e-39	138
MPDKNC_03056	iYO844.BSU02750	31.4	229	140	6	6	229	10	226	2.36e-35	127
MPDKNC_03057	iYO844.BSU30450	28.6	217	153	1	3	217	1	217	9.15e-33	120
MPDKNC_03060	iAF692.Mbar_A1238	36.7	139	87	1	4	142	8	145	4.48e-20	85.9
MPDKNC_03060	iSDY_1059.SDY_0761	32.2	146	98	1	15	160	24	168	1.69e-18	81.6
MPDKNC_03060	iSDY_1059.SDY_3734	33.8	133	87	1	12	144	12	143	2.19e-18	81.3
MPDKNC_03060	iSF_1195.SF4064	33.8	133	87	1	12	144	18	149	2.41e-18	81.3
MPDKNC_03060	iSF_1195.SF0776	32.2	146	98	1	15	160	24	168	2.33e-18	81.3
MPDKNC_03060	iML1515.b0826	31.5	146	99	1	15	160	24	168	3.23e-18	80.9
MPDKNC_03060	iML1515.b3992	33.8	133	87	1	12	144	18	149	3.33e-18	80.9
MPDKNC_03060	iAF987.Gmet_1043	34.3	140	89	2	3	142	49	185	5.07e-18	80.9
MPDKNC_03060	STM_v1_0.STM4162	32.7	147	93	3	3	144	4	149	3.39e-18	80.9
MPDKNC_03060	iSbBS512_1146.SbBS512_E2522	31.5	146	99	1	15	160	24	168	3.23e-18	80.9
MPDKNC_03060	iSSON_1240.SSON_4165	33.8	133	87	1	12	144	12	143	4.20e-18	80.5
MPDKNC_03060	iSSON_1240.SSON_0808	31.5	146	99	1	15	160	24	168	1.64e-17	79.0
MPDKNC_03060	iPC815.YPO3741	32.9	143	84	2	12	143	24	165	7.48e-17	77.4
MPDKNC_03061	iCN900.CD630_16550	36.1	515	288	9	2	478	38	549	4.84e-96	301
MPDKNC_03064	iYS854.USA300HOU_RS08675	66.4	586	196	1	1	585	1	586	1.20e-293	809
MPDKNC_03065	iYS854.USA300HOU_RS08680	60.3	418	165	1	3	419	2	419	2.27e-188	529
MPDKNC_03067	iYS854.USA300HOU_RS08685	33.3	258	151	6	270	519	46	290	1.40e-32	125
MPDKNC_03067	iYO844.BSU35620	37.9	190	113	2	333	518	307	495	8.15e-30	122
MPDKNC_03069	iYO844.BSU27600	82.0	735	126	3	1	730	1	734	0.0	1179
MPDKNC_03070	iYO844.BSU27610	87.6	170	21	0	1	170	1	170	7.23e-107	302
MPDKNC_03075	iYS854.USA300HOU_RS09315	23.2	371	258	10	3	351	6	371	1.18e-10	63.5
MPDKNC_03079	iYS854.USA300HOU_RS08720	77.8	379	84	0	1	379	1	379	1.82e-229	629
MPDKNC_03080	iYS854.USA300HOU_RS08725	68.5	340	107	0	1	340	1	340	8.35e-172	480
MPDKNC_03089	iYO844.BSU27850	68.5	365	112	1	1	362	1	365	4.38e-182	508
MPDKNC_03090	iYO844.BSU27860	53.4	279	130	0	1	279	1	279	6.17e-102	299
MPDKNC_03091	iYO844.BSU27870	45.6	502	262	5	1	494	1	499	8.57e-136	403
MPDKNC_03092	iCN900.CD630_12790	33.9	372	231	5	3	361	7	376	2.35e-59	196
MPDKNC_03092	iML1515.b2530	31.6	377	239	5	3	365	6	377	7.85e-54	182
MPDKNC_03092	iSbBS512_1146.SbBS512_E2905	31.6	377	239	5	3	365	6	377	7.85e-54	182
MPDKNC_03092	iSDY_1059.SDY_2726	31.6	377	239	5	3	365	14	385	9.45e-54	182
MPDKNC_03092	iSF_1195.SF2577	31.6	377	239	5	3	365	6	377	7.85e-54	182
MPDKNC_03092	iSSON_1240.SSON_2612	31.6	377	239	5	3	365	14	385	9.45e-54	182
MPDKNC_03092	iYL1228.KPN_02862	31.6	370	237	5	3	358	6	373	1.10e-53	182
MPDKNC_03092	STM_v1_0.STM2543	31.0	368	238	4	3	356	6	371	6.32e-52	177
MPDKNC_03094	iYO844.BSU27900	54.9	286	123	4	50	330	1	285	3.39e-102	301
MPDKNC_03095	iYO844.BSU27910	66.4	146	49	0	6	151	2	147	4.09e-64	192
MPDKNC_03096	iAF987.Gmet_2444	27.9	172	100	8	161	325	24	178	5.96e-05	45.1
MPDKNC_03096	iCN900.CD630_32740	24.6	167	105	8	158	320	1	150	1.36e-04	43.9
MPDKNC_03096	iAF692.Mbar_A1452	24.4	197	124	9	161	348	8	188	1.81e-04	43.5
MPDKNC_03096	iSSON_1240.SSON_3540	23.8	172	109	8	161	324	6	163	1.88e-04	43.5
MPDKNC_03096	STM_v1_0.STM3506	23.8	172	109	8	161	324	6	163	2.48e-04	43.1
MPDKNC_03096	iSbBS512_1146.SbBS512_E3790	23.8	172	109	8	161	324	6	163	2.49e-04	43.1
MPDKNC_03096	iSDY_1059.SDY_3667	23.8	172	109	8	161	324	6	163	2.49e-04	43.1
MPDKNC_03096	iSF_1195.SF3428	23.8	172	109	8	161	324	6	163	2.49e-04	43.1
MPDKNC_03096	iYL1228.KPN_03779	23.8	172	109	8	161	324	6	163	3.28e-04	42.7
MPDKNC_03096	iPC815.YPO0132	23.2	168	107	8	161	320	6	159	7.51e-04	41.6
MPDKNC_03104	iHN637.CLJU_RS18545	26.9	216	115	5	9	190	8	214	3.65e-08	52.8
MPDKNC_03108	iML1515.b0650	25.3	178	114	4	7	167	8	183	2.84e-06	48.5
MPDKNC_03108	iSbBS512_1146.SbBS512_E0599	25.3	178	114	4	7	167	8	183	2.84e-06	48.5
MPDKNC_03108	iSSON_1240.SSON_0604	25.3	178	114	4	7	167	8	183	2.84e-06	48.5
MPDKNC_03108	STM_v1_0.STM0659	22.5	218	145	6	4	199	5	220	4.80e-05	44.7
MPDKNC_03110	iJN1463.PP_0936	47.6	187	95	2	1	185	1	186	4.05e-44	145
MPDKNC_03110	iML1515.b3248	45.7	175	94	1	1	174	1	175	2.82e-40	135
MPDKNC_03123	iAF987.Gmet_1298	33.1	263	165	6	305	565	91	344	3.64e-37	140
MPDKNC_03124	iYO844.BSU28080	49.1	424	208	5	4	421	5	426	5.03e-136	397
MPDKNC_03125	iYS854.USA300HOU_RS08810	69.8	875	263	1	6	879	1	875	0.0	1310
MPDKNC_03130	iCN718.ABAYE_RS03640	42.8	201	114	1	15	214	4	204	5.44e-55	174
MPDKNC_03130	iMM904.YBL064C	46.4	192	95	3	15	198	50	241	1.01e-52	170
MPDKNC_03131	iYO844.BSU28120	85.0	427	64	0	1	427	1	427	3.76e-273	744
MPDKNC_03132	iYO844.BSU28130	73.8	320	84	0	6	325	5	324	7.98e-176	489
MPDKNC_03133	iYO844.BSU28140	34.0	247	160	3	6	251	6	250	2.21e-38	134
MPDKNC_03133	iAF987.Gmet_3235	32.1	262	166	4	5	259	255	511	6.27e-33	125
MPDKNC_03134	iYO844.BSU28150	73.2	310	83	0	1	310	2	311	8.15e-160	447
MPDKNC_03136	iYO844.BSU28170	66.7	421	140	0	1	421	1	421	2.83e-202	566
MPDKNC_03138	iYO844.BSU23960	62.1	240	91	0	5	244	1	240	4.92e-103	298
MPDKNC_03138	iCN900.CD630_07520	58.3	240	100	0	5	244	1	240	4.92e-103	298
MPDKNC_03138	iYS854.USA300HOU_RS09925	59.6	240	97	0	5	244	3	242	2.02e-100	291
MPDKNC_03138	iYO844.BSU27430	57.5	240	102	0	5	244	1	240	4.07e-100	291
MPDKNC_03138	iNF517.LLMG_RS09915	58.2	244	102	0	1	244	1	244	2.23e-95	279
MPDKNC_03138	iYO844.BSU03590	57.4	244	100	1	5	244	1	244	7.04e-95	278
MPDKNC_03138	iNF517.LLMG_RS09720	57.7	239	101	0	6	244	7	245	1.64e-93	274
MPDKNC_03139	iYS854.USA300HOU_RS09930	43.4	205	113	1	14	215	281	485	3.80e-47	161
MPDKNC_03139	iCN900.CD630_07510	43.6	211	110	2	14	215	15	225	4.19e-45	149
MPDKNC_03140	iML1515.b1920	33.6	217	138	3	44	254	49	265	4.95e-37	131
MPDKNC_03140	iJN1463.PP_0227	36.2	224	124	5	44	254	46	263	4.71e-37	131
MPDKNC_03140	STM_v1_0.STM1954	34.1	217	137	3	44	254	49	265	6.95e-37	130
MPDKNC_03144	iCN900.CD630_20200	24.6	342	175	12	71	393	573	850	3.59e-05	45.8
MPDKNC_03151	iYS854.USA300HOU_RS05760	51.6	188	87	2	3	190	2	185	6.97e-59	182
MPDKNC_03151	iSbBS512_1146.SbBS512_E3386	49.0	192	95	2	5	194	4	194	1.29e-54	172
MPDKNC_03151	iSF_1195.SF2945	49.0	192	95	2	5	194	4	194	1.29e-54	172
MPDKNC_03151	iSSON_1240.SSON_3108	49.0	192	95	2	5	194	4	194	1.29e-54	172
MPDKNC_03151	iAF987.Gmet_1875	45.8	192	104	0	4	195	3	194	1.77e-54	171
MPDKNC_03151	STM_v1_0.STM3103	48.4	192	96	2	5	194	4	194	7.34e-54	170
MPDKNC_03151	iPC815.YPO0945	47.4	194	99	2	5	196	4	196	2.09e-53	169
MPDKNC_03151	iML1515.b2954	47.9	192	97	2	5	194	4	194	2.96e-53	168
MPDKNC_03151	iSDY_1059.SDY_3118	48.4	192	96	2	5	194	4	194	5.93e-53	167
MPDKNC_03151	iYL1228.KPN_03388	47.4	192	98	2	5	194	4	194	9.62e-52	164
MPDKNC_03152	iCN900.CD630_33080	60.3	242	94	2	3	244	5	244	6.44e-91	275
MPDKNC_03154	iYO844.BSU28390	60.4	255	100	1	3	256	4	258	6.09e-107	310
MPDKNC_03158	iYO844.BSU28430	86.0	250	35	0	3	252	4	253	4.99e-169	466
MPDKNC_03158	iYS854.USA300HOU_RS05750	75.4	252	62	0	3	254	20	271	6.41e-151	421
MPDKNC_03159	iYO844.BSU28440	87.3	583	74	0	1	583	1	583	0.0	1044
MPDKNC_03159	iYS854.USA300HOU_RS05745	81.2	586	109	1	1	585	1	586	0.0	966
MPDKNC_03160	iYO844.BSU28450	72.8	202	55	0	1	202	1	202	1.05e-108	309
MPDKNC_03162	iYO844.BSU28470	70.6	402	117	1	1	402	1	401	1.79e-191	536
MPDKNC_03166	iYS854.USA300HOU_RS05725	63.1	103	38	0	1	103	1	103	1.71e-44	139
MPDKNC_03167	iCN900.CD630_10560	38.8	325	192	4	5	322	4	328	2.65e-72	226
MPDKNC_03167	iAF987.Gmet_2066	40.5	328	186	5	3	322	109	435	2.26e-70	225
MPDKNC_03167	iAF987.Gmet_2257	40.8	333	187	6	3	326	109	440	7.64e-70	223
MPDKNC_03167	iAF987.Gmet_0684	39.8	329	190	5	3	324	112	439	1.10e-69	223
MPDKNC_03167	iHN637.CLJU_RS19400	38.1	328	195	5	3	322	7	334	1.67e-70	222
MPDKNC_03168	iAF987.Gmet_2153	39.3	262	149	6	1	257	1	257	2.21e-43	147
MPDKNC_03168	iAF987.Gmet_3300	35.5	262	159	5	1	257	1	257	6.82e-42	143
MPDKNC_03168	iAF987.Gmet_1713	39.5	263	147	7	1	257	1	257	1.35e-41	142
MPDKNC_03168	iAF987.Gmet_2263	37.8	262	153	6	1	257	1	257	2.68e-41	142
MPDKNC_03168	iJN1463.PP_4202	35.0	260	155	5	1	257	1	249	2.12e-41	142
MPDKNC_03168	iLB1027_lipid.PHATRDRAFT_17860	34.1	261	160	5	1	257	1	253	7.23e-40	138
MPDKNC_03169	iYO844.BSU28540	57.2	257	109	1	1	256	1	257	1.12e-94	278
MPDKNC_03171	iYO844.BSU28560	62.1	552	206	2	3	554	5	553	1.15e-259	721
MPDKNC_03174	iYS854.USA300HOU_RS05715	55.5	569	245	5	10	576	3	565	6.08e-214	606
MPDKNC_03179	iYS854.USA300HOU_RS05695	50.1	804	395	5	1	802	1	800	3.48e-269	764
MPDKNC_03180	iYS854.USA300HOU_RS05690	67.2	344	113	0	2	345	4	347	2.38e-170	477
MPDKNC_03183	iLJ478.TM0475	28.4	176	121	2	2	172	38	213	7.15e-16	72.0
MPDKNC_03192	iYS854.USA300HOU_RS08915	72.3	632	172	2	3	633	2	631	0.0	939
MPDKNC_03198	iYO844.BSU29010	87.3	126	16	0	1	126	1	126	8.84e-80	230
MPDKNC_03199	iYO844.BSU29020	74.5	337	86	0	3	339	4	340	1.79e-189	525
MPDKNC_03200	iYO844.BSU29060	57.7	196	83	0	1	196	1	196	1.33e-74	223
MPDKNC_03206	iAF987.Gmet_0043	31.2	231	150	6	362	585	39	267	7.63e-25	108
MPDKNC_03207	iAF987.Gmet_2999	38.5	117	70	1	4	118	9	125	1.90e-19	85.5
MPDKNC_03207	iAF987.Gmet_1706	39.3	117	67	2	5	119	3	117	9.10e-19	83.2
MPDKNC_03207	iAF987.Gmet_0069	34.1	123	77	2	1	119	1	123	1.34e-16	77.0
MPDKNC_03208	iJN1463.PP_4552	26.9	145	105	1	14	158	10	153	9.61e-16	69.7
MPDKNC_03209	iYO844.BSU29120	84.7	307	47	0	6	312	5	311	5.83e-188	519
MPDKNC_03210	iYO844.BSU29130	89.3	422	45	0	1	422	1	422	3.41e-279	759
MPDKNC_03211	iYO844.BSU29140	75.7	371	90	0	1	371	1	371	9.45e-210	579
MPDKNC_03213	iML1515.b1601	22.2	325	216	10	35	355	36	327	3.22e-04	42.0
MPDKNC_03215	iYO844.BSU29180	77.5	586	131	1	1	586	1	585	9.25e-318	870
MPDKNC_03216	iYO844.BSU29190	77.4	319	72	0	1	319	1	319	3.22e-179	497
MPDKNC_03217	iYO844.BSU29200	75.9	324	78	0	1	324	1	324	2.14e-178	496
MPDKNC_03218	iYO844.BSU29210	69.9	289	85	1	1	289	1	287	4.37e-146	411
MPDKNC_03220	iYO844.BSU29220	85.1	409	61	0	1	409	1	409	6.81e-248	679
MPDKNC_03224	iHN637.CLJU_RS06465	28.8	299	201	7	3	292	4	299	2.75e-34	127
MPDKNC_03226	iHN637.CLJU_RS05135	28.3	205	120	6	94	296	159	338	1.60e-12	68.9
MPDKNC_03228	iYO844.BSU31930	72.7	362	97	1	1	362	1	360	4.99e-183	511
MPDKNC_03228	iYS854.USA300HOU_RS09065	67.1	371	121	1	1	370	1	371	1.03e-178	500
MPDKNC_03232	iYO844.BSU29440	70.8	456	133	0	1	456	1	456	1.14e-238	659
MPDKNC_03233	iYO844.BSU29450	76.4	394	93	0	3	396	4	397	2.15e-231	636
MPDKNC_03236	iYO844.BSU29470	81.5	389	72	0	4	392	3	391	9.86e-238	652
MPDKNC_03238	iMM1415.11757	28.5	130	81	4	24	142	70	198	9.71e-08	49.7
MPDKNC_03238	iAT_PLT_636.10935	27.7	130	82	4	24	142	69	197	3.34e-07	48.1
MPDKNC_03238	iPC815.YPO3064	33.3	108	66	4	16	120	3	107	5.37e-07	46.6
MPDKNC_03242	iAF987.Gmet_1750	40.6	219	114	3	56	274	38	240	2.08e-47	161
MPDKNC_03243	iYS854.USA300HOU_RS04990	32.0	241	155	4	31	265	26	263	1.89e-43	148
MPDKNC_03243	iNF517.LLMG_RS01965	39.7	229	128	7	43	265	46	270	6.60e-42	144
MPDKNC_03243	iYO844.BSU11610	34.4	241	148	6	31	265	26	262	3.54e-39	137
MPDKNC_03245	iCHOv1.100754101	37.7	53	30	1	23	72	43	95	8.35e-04	41.6
MPDKNC_03246	iYS854.USA300HOU_RS14140	58.2	522	217	1	1	522	1	521	8.79e-228	637
MPDKNC_03248	iCN900.CD630_07540	43.3	390	219	2	1	388	1	390	1.33e-109	327
MPDKNC_03249	iCN900.CD630_07530	41.9	382	218	4	2	381	3	382	7.96e-99	298
MPDKNC_03249	iCN900.CD630_12790	43.4	376	210	3	2	375	6	380	1.78e-95	290
MPDKNC_03250	iYO844.BSU29600	55.8	441	191	4	3	441	2	440	5.09e-160	459
MPDKNC_03252	iYO844.BSU29620	50.0	252	124	1	1	250	1	252	1.18e-86	258
MPDKNC_03252	iCN900.CD630_07370	44.1	254	142	0	4	257	2	255	1.15e-79	240
MPDKNC_03254	iJN1463.PP_1877	59.6	141	55	1	15	155	13	151	3.36e-52	163
MPDKNC_03254	iML1515.b1832	52.0	148	69	1	11	158	2	147	6.94e-48	152
MPDKNC_03255	iJN1463.PP_1308	49.1	385	195	1	7	390	10	394	3.20e-131	382
MPDKNC_03255	iAF692.Mbar_A3023	46.3	393	202	3	6	393	6	394	1.42e-118	349
MPDKNC_03256	iAF987.Gmet_1298	30.2	225	143	4	379	591	122	344	2.61e-24	104
MPDKNC_03256	iSDY_1059.SDY_1629	38.4	159	89	3	444	593	306	464	1.63e-22	100
MPDKNC_03256	iAF987.Gmet_2721	35.3	190	106	6	419	593	478	665	3.98e-21	97.4
MPDKNC_03256	iML1515.b1341	35.9	192	96	6	415	592	230	408	1.48e-21	97.1
MPDKNC_03256	iAF987.Gmet_0069	35.5	172	100	3	432	593	133	303	1.95e-21	95.1
MPDKNC_03256	iAF987.Gmet_2425	32.6	187	113	4	415	591	161	344	4.57e-21	94.7
MPDKNC_03256	iPC815.YPO0425	34.5	168	96	3	434	591	213	376	9.44e-21	94.4
MPDKNC_03260	iYS854.USA300HOU_RS09175	65.5	417	142	2	3	419	5	419	1.35e-205	572
MPDKNC_03261	iHN637.CLJU_RS16730	28.6	738	415	22	43	745	19	679	1.39e-64	233
MPDKNC_03262	iYO844.BSU29680	76.2	572	136	0	1	572	1	572	0.0	920
MPDKNC_03262	iYS854.USA300HOU_RS09200	70.8	571	164	2	1	571	1	568	1.91e-309	848
MPDKNC_03263	iYO844.BSU29690	68.6	210	66	0	1	210	1	210	6.66e-111	315
MPDKNC_03264	iYO844.BSU29700	49.8	209	104	1	1	209	1	208	3.34e-68	207
MPDKNC_03265	iYO844.BSU29710	67.4	380	124	0	10	389	1	380	1.85e-197	550
MPDKNC_03269	iYL1228.KPN_04156	22.1	303	191	9	35	315	4	283	2.27e-08	54.3
MPDKNC_03269	STM_v1_0.STM3884	21.9	301	192	9	35	314	4	282	1.30e-07	52.0
MPDKNC_03269	iML1515.b3751	22.6	252	173	8	35	277	4	242	4.18e-07	50.4
MPDKNC_03269	iYO844.BSU35960	24.5	241	147	10	57	281	34	255	1.03e-06	49.3
MPDKNC_03270	iYO844.BSU29750	80.9	350	67	0	1	350	1	350	3.65e-200	553
MPDKNC_03277	iYO844.BSU29790	71.2	431	124	0	1	431	1	431	1.60e-230	637
MPDKNC_03280	iYS854.USA300HOU_RS09255	57.3	199	82	2	1	199	1	196	3.74e-77	229
MPDKNC_03282	iAF692.Mbar_A2310	36.9	65	40	1	23	86	8	72	6.08e-10	51.2
MPDKNC_03282	iPC815.YPO3868	38.7	75	45	1	13	86	18	92	9.40e-10	51.2
MPDKNC_03282	iML1515.b3781	39.1	69	41	1	13	80	18	86	2.68e-09	50.1
MPDKNC_03282	iYL1228.KPN_04282	39.1	69	41	1	13	80	18	86	2.68e-09	50.1
MPDKNC_03282	STM_v1_0.STM3915	39.1	69	41	1	13	80	18	86	2.68e-09	50.1
MPDKNC_03282	iSbBS512_1146.SbBS512_E4140	39.1	69	41	1	13	80	18	86	2.68e-09	50.1
MPDKNC_03282	iSDY_1059.SDY_3968	39.1	69	41	1	13	80	36	104	3.79e-09	50.1
MPDKNC_03282	iSF_1195.SF3854	39.1	69	41	1	13	80	36	104	3.79e-09	50.1
MPDKNC_03282	iSSON_1240.SSON_3952	39.1	69	41	1	13	80	36	104	3.79e-09	50.1
MPDKNC_03282	iYS854.USA300HOU_RS05725	25.6	82	60	1	6	86	7	88	6.77e-09	48.9
MPDKNC_03282	iIT341.HP0824	28.3	99	68	2	6	103	8	104	1.97e-08	47.8
MPDKNC_03282	iJN1463.PP_5215	33.8	68	44	1	13	79	19	86	2.09e-08	47.8
MPDKNC_03282	iIT341.HP1458	28.8	104	72	2	1	103	1	103	3.74e-08	47.0
MPDKNC_03283	iCN900.CD630_22560	52.9	344	153	2	2	341	11	349	7.70e-102	303
MPDKNC_03286	iYS854.USA300HOU_RS03930	47.9	495	247	6	10	497	11	501	7.82e-151	439
MPDKNC_03288	iYL1228.KPN_04849	35.5	166	94	6	8	165	8	168	5.25e-21	84.3
MPDKNC_03288	STM_v1_0.STM4584	36.7	166	92	5	8	165	8	168	2.89e-20	82.4
MPDKNC_03288	iML1515.b4394	36.7	166	92	5	8	165	8	168	1.67e-18	77.8
MPDKNC_03288	iSDY_1059.SDY_4655	35.5	166	94	5	8	165	11	171	1.78e-18	77.8
MPDKNC_03288	iSSON_1240.SSON_4544	35.5	166	94	5	8	165	11	171	5.24e-18	76.6
MPDKNC_03294	iLJ478.TM1845	38.1	637	362	16	95	709	210	836	7.52e-129	402
MPDKNC_03295	iEK1008.Rv2252	28.2	248	162	6	64	310	75	307	1.18e-24	100
MPDKNC_03298	iYO844.BSU00730	61.0	310	116	3	1	309	2	307	4.23e-120	347
MPDKNC_03298	iYS854.USA300HOU_RS02630	56.0	309	131	3	2	309	4	308	8.13e-111	323
MPDKNC_03300	iYS854.USA300HOU_RS09295	53.0	281	132	0	1	281	1	281	2.03e-103	302
MPDKNC_03301	iYS854.USA300HOU_RS09300	45.9	468	249	3	5	468	2	469	1.37e-149	434
MPDKNC_03303	iCN900.CD630_04050	64.5	234	82	1	2	234	6	239	4.79e-104	300
MPDKNC_03304	iYS854.USA300HOU_RS09315	43.5	550	294	6	2	537	4	550	3.44e-141	418
MPDKNC_03305	iAF692.Mbar_A3422	50.0	48	24	0	1	48	1	48	2.00e-05	46.2
MPDKNC_03305	iNF517.LLMG_RS07275	23.6	284	155	11	5	238	59	330	3.94e-05	45.4
MPDKNC_03305	iAF692.Mbar_A1604	28.0	161	93	5	5	162	2	142	3.42e-05	45.4
MPDKNC_03305	iLJ478.TM0869	26.5	166	68	7	1	166	14	125	2.87e-05	45.4
MPDKNC_03305	iEK1008.Rv2713	35.9	78	38	3	3	76	2	71	6.67e-05	44.7
MPDKNC_03305	iAF987.Gmet_1896	35.5	62	33	1	3	64	2	56	1.52e-04	43.5
MPDKNC_03305	iJN1463.PP_4187	45.1	51	26	1	1	51	1	49	2.73e-04	42.7
MPDKNC_03305	iJN1463.PP_0325	44.2	43	24	0	1	43	167	209	3.37e-04	42.7
MPDKNC_03305	iAM_Pf480.PF3D7_1232200	36.5	85	42	3	2	86	22	94	3.71e-04	42.4
MPDKNC_03305	iAM_Pv461.PVX_100555	36.5	85	42	3	2	86	22	94	3.71e-04	42.4
MPDKNC_03305	iYS854.USA300HOU_RS08115	25.6	168	104	7	2	166	3	152	3.59e-04	42.4
MPDKNC_03305	iEK1008.Rv0248c	26.7	240	126	13	2	193	6	243	5.30e-04	42.0
MPDKNC_03305	iEK1008.Rv3537	33.3	60	35	1	5	64	6	60	5.08e-04	42.0
MPDKNC_03305	iAM_Pb448.PBANKA_082470	39.0	77	41	3	5	79	143	215	5.29e-04	42.0
MPDKNC_03307	iNF517.LLMG_RS08890	37.0	81	49	1	11	91	455	533	6.58e-11	57.0
MPDKNC_03308	iYS854.USA300HOU_RS09335	74.2	803	207	0	1	803	1	803	0.0	1286
MPDKNC_03308	iNF517.LLMG_RS08750	67.8	836	226	6	1	802	1	827	0.0	1167
MPDKNC_03309	iCN900.CD630_26790	63.6	258	94	0	1	258	1	258	1.09e-121	347
MPDKNC_03309	iCN718.ABAYE_RS09790	62.4	258	97	0	1	258	4	261	9.74e-114	327
MPDKNC_03310	iJN1463.PP_3074	34.6	454	242	12	8	421	7	445	3.77e-64	213
MPDKNC_03316	iIT341.HP0665	30.2	86	59	1	143	227	156	241	5.20e-04	41.2
MPDKNC_03316	iCN900.CD630_02970	26.6	109	68	4	136	238	145	247	5.75e-04	40.8
MPDKNC_03321	iCHOv1.100767455	28.4	243	167	5	4	242	45	284	1.11e-19	86.3
MPDKNC_03322	iML1515.b1400	35.6	149	96	0	10	158	11	159	3.38e-19	80.1
MPDKNC_03323	iYO844.BSU30550	88.4	398	46	0	1	398	1	398	3.36e-256	699
MPDKNC_03324	iYO844.BSU30560	74.1	528	136	1	1	528	1	527	2.04e-287	788
MPDKNC_03326	iYS854.USA300HOU_RS12210	52.7	281	132	1	1	280	4	284	4.69e-98	289
MPDKNC_03327	iYO844.BSU03930	78.2	261	57	0	1	261	1	261	3.28e-150	419
MPDKNC_03329	iHN637.CLJU_RS12040	40.1	182	98	3	5	180	4	180	3.26e-31	111
MPDKNC_03330	iYO844.BSU33180	43.8	317	164	7	1	308	1	312	4.94e-82	250
MPDKNC_03336	iHN637.CLJU_RS13075	26.4	140	94	3	131	262	130	268	2.66e-07	51.2
MPDKNC_03337	iYO844.BSU08830	40.0	235	133	2	20	254	19	245	2.83e-55	177
MPDKNC_03337	iJN1463.PP_0209	40.3	196	117	0	19	214	26	221	3.14e-52	171
MPDKNC_03337	iAF987.Gmet_1899	42.9	196	110	2	21	215	25	219	8.23e-51	166
MPDKNC_03337	iSynCJ816.SGL_RS05565	35.2	227	147	0	4	230	3	229	8.71e-51	166
MPDKNC_03337	iYL1228.KPN_00312	41.2	194	114	0	22	215	16	209	9.03e-51	166
MPDKNC_03337	iAF987.Gmet_0997	40.1	252	143	3	4	252	27	273	2.42e-50	166
MPDKNC_03337	iML1515.b0366	40.6	207	122	1	9	215	4	209	3.59e-50	164
MPDKNC_03337	iSSON_1240.SSON_0344	40.6	207	122	1	9	215	4	209	3.59e-50	164
MPDKNC_03337	iCN900.CD630_19780	41.0	222	111	4	4	221	16	221	3.82e-50	164
MPDKNC_03337	iSbBS512_1146.SbBS512_E0279	40.6	207	122	1	9	215	4	209	7.16e-50	164
MPDKNC_03337	iSF_1195.SF0252	40.1	207	123	1	9	215	4	209	4.02e-49	162
MPDKNC_03337	iSDY_1059.SDY_0504	40.1	207	123	1	9	215	4	209	1.59e-48	160
MPDKNC_03338	iCN900.CD630_19040	43.4	249	141	0	12	260	13	261	1.99e-66	207
MPDKNC_03339	STM_v1_0.STM0137	41.4	58	28	1	28	79	7	64	7.31e-05	40.0
MPDKNC_03339	iYL1228.KPN_00103	40.7	54	28	1	29	78	10	63	1.89e-04	38.9
MPDKNC_03339	iAF987.Gmet_0988	26.5	98	69	1	28	122	27	124	3.28e-04	38.5
MPDKNC_03339	iML1515.b0099	42.3	52	25	1	28	74	8	59	3.55e-04	38.1
MPDKNC_03339	iSbBS512_1146.SbBS512_E0093	42.3	52	25	1	28	74	8	59	3.55e-04	38.1
MPDKNC_03339	iSDY_1059.SDY_0129	42.3	52	25	1	28	74	8	59	3.69e-04	38.1
MPDKNC_03339	iSF_1195.SF0096	42.3	52	25	1	28	74	8	59	3.55e-04	38.1
MPDKNC_03339	iSSON_1240.SSON_0107	42.3	52	25	1	28	74	8	59	3.55e-04	38.1
MPDKNC_03346	iIT341.HP0105	46.6	148	74	1	3	150	2	144	1.12e-39	130
MPDKNC_03346	iYS854.USA300HOU_RS11520	39.9	148	84	1	3	150	5	147	3.53e-37	124
MPDKNC_03348	iYS854.USA300HOU_RS13005	42.8	318	169	7	11	324	13	321	2.81e-55	187
MPDKNC_03349	iYO844.BSU30710	68.6	443	139	0	1	443	1	443	1.05e-230	638
MPDKNC_03350	iYO844.BSU30720	61.2	343	130	3	2	342	5	346	1.30e-146	417
MPDKNC_03353	iAF987.Gmet_1601	30.8	260	157	5	1	254	1	243	6.64e-22	90.9
MPDKNC_03353	iYL1228.KPN_02061	29.2	271	151	8	7	256	4	254	5.73e-21	88.6
MPDKNC_03353	iCN718.ABAYE_RS09965	30.5	269	154	7	5	256	7	259	1.67e-20	87.4
MPDKNC_03353	iCN900.CD630_11820	27.0	259	167	5	4	256	5	247	5.03e-20	85.9
MPDKNC_03353	iLB1027_lipid.PHATRDRAFT_13073	30.1	259	160	8	3	254	4	248	1.04e-19	85.1
MPDKNC_03353	iCN718.ABAYE_RS14915	29.4	262	155	7	1	254	1	240	6.32e-19	82.8
MPDKNC_03353	iYO844.BSU15910	26.7	255	165	6	8	256	7	245	9.05e-19	82.4
MPDKNC_03354	iSSON_1240.SSON_2312	46.0	50	24	1	10	56	10	59	1.49e-05	42.0
MPDKNC_03354	iML1515.b2251	46.0	50	24	1	10	56	10	59	2.06e-05	41.6
MPDKNC_03354	iPC815.YPO2167	30.9	68	45	1	9	74	7	74	8.75e-05	39.7
MPDKNC_03354	STM_v1_0.STM2295	44.0	50	25	1	10	56	10	59	1.42e-04	39.3
MPDKNC_03354	iML1515.b0099	56.4	39	17	0	32	70	35	73	1.69e-04	38.9
MPDKNC_03354	iSDY_1059.SDY_0129	56.4	39	17	0	32	70	35	73	1.76e-04	38.9
MPDKNC_03354	iSF_1195.SF0096	56.4	39	17	0	32	70	35	73	1.69e-04	38.9
MPDKNC_03354	iSSON_1240.SSON_0107	56.4	39	17	0	32	70	35	73	1.69e-04	38.9
MPDKNC_03354	iYL1228.KPN_00103	51.3	39	19	0	32	70	35	73	2.37e-04	38.5
MPDKNC_03354	iSbBS512_1146.SbBS512_E0093	70.4	27	8	0	32	58	35	61	2.34e-04	38.5
MPDKNC_03355	iYO844.BSU30780	47.4	367	193	0	2	368	3	369	1.63e-120	352
MPDKNC_03356	iYO844.BSU30790	51.5	482	228	4	45	523	1	479	1.16e-158	460
MPDKNC_03357	iYO844.BSU30800	85.9	269	38	0	4	272	3	271	2.26e-176	486
MPDKNC_03357	iYS854.USA300HOU_RS05200	81.7	268	49	0	5	272	6	273	9.25e-165	457
MPDKNC_03357	iNF517.LLMG_RS09170	77.6	277	55	2	3	272	4	280	1.04e-158	442
MPDKNC_03358	iSF_1195.SF2342	27.0	248	169	4	17	264	15	250	3.48e-18	81.3
MPDKNC_03358	iML1515.b2263	27.0	248	169	4	17	264	15	250	9.16e-18	80.1
MPDKNC_03358	iSDY_1059.SDY_2459	27.0	248	169	4	17	264	15	250	3.31e-17	78.6
MPDKNC_03358	iSbBS512_1146.SbBS512_E2642	26.6	248	170	4	17	264	15	250	1.64e-16	76.6
MPDKNC_03358	iSSON_1240.SSON_2324	26.2	248	171	4	17	264	15	250	5.90e-16	75.1
MPDKNC_03359	iYO844.BSU30820	48.2	570	283	5	8	566	6	574	2.67e-183	528
MPDKNC_03360	iYO844.BSU30830	40.9	470	271	4	1	466	2	468	2.56e-123	367
MPDKNC_03362	iYO844.BSU30940	63.7	794	288	0	1	794	1	794	0.0	1060
MPDKNC_03363	iYO844.BSU30950	57.1	476	199	3	1	471	1	476	1.38e-195	552
MPDKNC_03364	iYO844.BSU30960	52.8	341	161	0	2	342	3	343	5.66e-130	374
MPDKNC_03365	iYO844.BSU30970	75.9	369	89	0	5	373	4	372	2.99e-195	543
MPDKNC_03366	iYO844.BSU30980	59.1	621	245	3	6	619	1	619	9.47e-285	790
MPDKNC_03391	iML1515.b1448	28.9	121	79	3	11	129	9	124	1.18e-06	45.8
MPDKNC_03393	iCN900.CD630_32700	43.1	137	73	2	10	146	11	142	4.00e-23	92.8
MPDKNC_03394	iCN900.CD630_32700	46.5	129	64	3	19	147	12	135	2.48e-28	106
MPDKNC_03395	iYO844.BSU14400	68.0	634	188	6	1	621	1	632	3.77e-277	771
MPDKNC_03395	iHN637.CLJU_RS10110	59.7	628	244	2	1	620	1	627	3.77e-247	694
MPDKNC_03396	iYO844.BSU14390	55.5	301	134	0	1	301	1	301	2.25e-107	314
MPDKNC_03398	iYS854.USA300HOU_RS03880	46.5	636	334	6	13	645	4	636	4.97e-198	572
MPDKNC_03399	iML1515.b3697	33.2	271	175	2	1	267	1	269	1.85e-46	156
MPDKNC_03401	iYO844.BSU35010	47.3	383	199	2	13	394	12	392	1.32e-118	350
MPDKNC_03402	iYO844.BSU35020	53.8	240	111	0	1	240	1	240	3.79e-90	266
MPDKNC_03402	iCN900.CD630_10110	49.8	237	119	0	1	237	1	237	1.05e-81	244
MPDKNC_03406	iMM904.YIL162W	27.1	502	315	17	27	490	28	516	9.72e-48	176
MPDKNC_03406	iLJ478.TM1414	29.3	499	268	22	25	506	1	431	1.97e-42	159
MPDKNC_03409	iAF987.Gmet_1919	33.9	109	68	2	8	114	8	114	7.31e-08	52.0
MPDKNC_03412	iYS854.USA300HOU_RS04740	39.9	353	203	6	16	365	15	361	1.96e-81	253
MPDKNC_03419	iYO844.BSU31322	39.8	329	181	3	7	327	9	328	5.65e-79	243
MPDKNC_03421	iYO844.BSU10790	43.6	614	333	4	1	603	1	612	1.69e-193	556
MPDKNC_03421	iHN637.CLJU_RS13170	44.3	612	330	3	1	602	1	611	5.57e-189	545
MPDKNC_03422	iYO844.BSU31350	81.5	448	83	0	1	448	1	448	1.94e-278	759
MPDKNC_03423	iJN1463.PP_2492	41.4	365	208	5	1	364	1	360	8.71e-89	273
MPDKNC_03423	iML1515.b3011	38.6	391	232	6	1	388	1	386	2.61e-88	271
MPDKNC_03425	iYS854.USA300HOU_RS10435	48.3	458	235	1	8	463	1	458	4.44e-154	445
MPDKNC_03425	iCN900.CD630_22060	46.8	453	238	2	11	463	3	452	5.23e-149	432
MPDKNC_03426	iYO844.BSU22960	80.0	415	80	1	3	414	13	427	1.45e-249	684
MPDKNC_03426	iYO844.BSU37790	79.9	412	83	0	3	414	13	424	2.38e-245	673
MPDKNC_03426	iYS854.USA300HOU_RS04750	78.9	413	87	0	1	413	1	413	7.78e-244	669
MPDKNC_03427	iYO844.BSU40340	80.5	395	77	0	1	395	4	398	1.36e-243	667
MPDKNC_03427	iYS854.USA300HOU_RS04745	74.9	394	99	0	1	394	1	394	1.35e-221	611
MPDKNC_03428	iYO844.BSU37780	72.8	511	139	0	2	512	3	513	4.15e-278	764
MPDKNC_03430	iYO844.BSU38630	52.8	477	215	2	6	472	35	511	3.94e-180	515
MPDKNC_03430	iYO844.BSU08820	50.8	480	233	3	1	478	1	479	2.53e-170	488
MPDKNC_03432	iCN718.ABAYE_RS07685	72.1	506	138	1	1	506	1	503	9.20e-277	759
MPDKNC_03432	iEK1008.Rv0458	70.5	505	149	0	2	506	3	507	3.20e-271	746
MPDKNC_03432	iJN1463.PP_0545	69.4	506	155	0	1	506	1	506	2.93e-269	741
MPDKNC_03432	STM_v1_0.STM3680	69.5	501	153	0	6	506	12	512	4.45e-263	725
MPDKNC_03432	iSF_1195.SF3626	69.1	501	155	0	6	506	42	542	2.19e-261	722
MPDKNC_03432	iSbBS512_1146.SbBS512_E4003	69.1	501	155	0	6	506	12	512	1.48e-261	721
MPDKNC_03432	iML1515.b3588	68.9	501	156	0	6	506	12	512	1.71e-260	719
MPDKNC_03432	iJN1463.PP_2680	67.6	506	164	0	1	506	1	506	2.77e-260	718
MPDKNC_03432	iYL1228.KPN_02991	66.4	506	170	0	1	506	1	506	3.89e-253	700
MPDKNC_03433	iHN637.CLJU_RS10465	39.7	78	47	0	4	81	559	636	1.49e-11	60.1
MPDKNC_03435	iCHOv1.100752445	27.4	369	213	10	6	324	48	411	7.73e-32	127
MPDKNC_03435	iAT_PLT_636.6539	27.1	369	214	11	6	324	38	401	4.53e-31	125
MPDKNC_03435	iMM1415.14411	27.4	369	213	12	6	324	52	415	8.84e-31	124
MPDKNC_03435	iCHOv1.100761450	24.5	502	281	11	3	421	184	670	4.23e-30	123
MPDKNC_03435	iMM1415.104245	24.7	502	280	11	3	421	207	693	4.33e-30	123
MPDKNC_03435	iMM1415.243616	25.7	366	222	7	7	324	48	411	3.24e-29	120
MPDKNC_03435	iCHOv1.100754706	26.6	372	216	8	4	324	79	444	4.42e-29	119
MPDKNC_03435	iAT_PLT_636.6532	27.1	373	213	8	4	324	79	444	8.03e-29	119
MPDKNC_03435	iMM1415.15567	27.2	372	214	9	4	324	79	444	1.08e-28	118
MPDKNC_03435	iMM1415.14412	26.7	371	216	9	4	324	43	407	2.50e-28	117
MPDKNC_03435	iCHOv1.100765478	26.8	369	213	10	4	320	51	414	4.84e-28	116
MPDKNC_03435	iCHOv1.100760370	25.6	407	249	10	4	362	44	444	1.06e-27	115
MPDKNC_03435	iAT_PLT_636.6535	26.9	390	212	9	4	333	52	428	1.19e-27	115
MPDKNC_03435	iMM1415.232333	25.6	407	249	10	4	362	44	444	1.06e-27	115
MPDKNC_03435	iMM1415.102857	26.9	390	212	9	4	333	52	428	1.21e-27	115
MPDKNC_03437	iYO844.BSU31400	67.2	381	125	0	5	385	2	382	2.21e-188	526
MPDKNC_03439	iJN1463.PP_0553	28.7	247	154	6	30	271	136	365	1.85e-24	100
MPDKNC_03440	iCN900.CD630_27330	44.0	386	212	3	3	386	4	387	4.64e-124	363
MPDKNC_03440	iCN900.CD630_26960	44.4	387	210	5	3	384	5	391	5.70e-114	337
MPDKNC_03441	iAF692.Mbar_A2345	52.1	144	68	1	28	170	35	178	5.90e-44	143
MPDKNC_03446	iAF987.Gmet_1671	30.6	582	332	14	57	615	49	581	1.44e-67	232
MPDKNC_03446	iAF987.Gmet_0354	27.1	745	384	19	8	616	34	755	3.52e-63	223
MPDKNC_03449	iYO844.BSU31600	61.2	801	307	2	1	801	1	797	0.0	967
MPDKNC_03450	iYO844.BSU31610	64.0	136	49	0	2	137	5	140	6.37e-55	168
MPDKNC_03451	iYO844.BSU31620	70.9	110	32	0	1	110	1	110	4.50e-51	156
MPDKNC_03452	iYO844.BSU31630	57.1	492	209	2	3	493	3	493	1.99e-186	530
MPDKNC_03452	iYS854.USA300HOU_RS04705	54.6	491	221	1	3	491	5	495	1.03e-177	508
MPDKNC_03453	iYO844.BSU31640	61.4	158	61	0	1	158	1	158	2.08e-61	186
MPDKNC_03454	iYO844.BSU31650	64.9	94	33	0	1	94	1	94	7.91e-34	111
MPDKNC_03455	iYO844.BSU31660	57.0	107	46	0	1	107	1	107	6.85e-38	124
MPDKNC_03456	iSynCJ816.SGL_RS08770	31.3	198	129	3	6	203	5	195	4.11e-31	112
MPDKNC_03459	iML1515.b1686	41.7	120	69	1	4	123	17	135	3.50e-28	100
MPDKNC_03462	iCN900.CD630_13000	37.1	445	276	3	51	494	41	482	9.13e-93	290
MPDKNC_03462	iSynCJ816.SGL_RS09430	36.3	485	291	8	15	493	15	487	2.43e-84	268
MPDKNC_03462	iJN1463.PP_0980	34.4	482	313	3	1	480	1	481	8.39e-83	265
MPDKNC_03464	iYO844.BSU33180	30.3	264	168	8	2	259	59	312	3.16e-28	109
MPDKNC_03467	iYO844.BSU32100	67.4	405	131	1	1	405	3	406	1.44e-202	563
MPDKNC_03468	iYO844.BSU32110	75.3	332	81	1	1	332	1	331	8.95e-188	520
MPDKNC_03469	iLB1027_lipid.PHATRDRAFT_42659	29.1	151	87	6	51	191	110	250	1.16e-08	53.5
MPDKNC_03471	iYS854.USA300HOU_RS04660	60.3	116	46	0	5	120	4	119	1.25e-44	140
MPDKNC_03473	iYO844.BSU32200	69.6	355	108	0	1	355	1	355	3.57e-187	520
MPDKNC_03475	iYS854.USA300HOU_RS04640	78.2	78	17	0	2	79	3	80	8.01e-41	128
MPDKNC_03476	iYS854.USA300HOU_RS04605	48.6	313	161	0	5	317	4	316	4.19e-103	304
MPDKNC_03482	iYS854.USA300HOU_RS04600	56.7	252	108	1	1	251	1	252	1.84e-100	293
MPDKNC_03488	iYS854.USA300HOU_RS04580	80.2	298	59	0	2	299	3	300	2.49e-176	489
MPDKNC_03491	iCHOv1.100765478	30.3	525	313	14	4	485	51	565	1.94e-60	209
MPDKNC_03491	iMM1415.240332	30.8	506	294	13	3	464	36	529	7.85e-60	207
MPDKNC_03491	iMM1415.13162	28.1	538	333	15	1	497	57	581	2.98e-59	206
MPDKNC_03491	iCHOv1.100752445	30.1	534	320	14	1	492	43	565	4.51e-59	205
MPDKNC_03491	iMM1415.14411	30.1	534	320	14	1	492	47	569	6.69e-59	205
MPDKNC_03491	iCHOv1.100773003	27.0	533	341	13	4	497	56	579	1.48e-58	204
MPDKNC_03491	iCHOv1.100760370	29.0	520	322	15	1	486	41	547	2.10e-58	203
MPDKNC_03491	iMM1415.232333	29.0	520	322	15	1	486	41	547	2.10e-58	203
MPDKNC_03491	iAT_PLT_636.6539	30.3	534	319	15	1	492	33	555	3.77e-58	202
MPDKNC_03491	iMM1415.20538	26.6	533	343	12	4	497	178	701	4.38e-57	202
MPDKNC_03491	iMM1415.14412	29.9	522	316	14	4	485	43	554	1.90e-57	201
MPDKNC_03491	iMM1415.104245	28.8	559	320	15	4	495	208	755	4.72e-56	200
MPDKNC_03491	iCHOv1.100761450	29.1	560	317	17	4	495	185	732	5.23e-56	199
MPDKNC_03491	iAT_PLT_636.11254	27.5	553	321	15	2	485	34	575	5.68e-56	197
MPDKNC_03491	iCHOv1.100751194	27.5	549	320	15	3	485	83	619	3.86e-55	196
MPDKNC_03491	iMM1415.243616	28.9	544	330	15	1	500	42	572	2.29e-55	195
MPDKNC_03491	iMM1415.56774	27.5	550	321	15	2	485	34	571	3.75e-55	195
MPDKNC_03491	iAT_PLT_636.6534	28.7	547	297	15	3	468	117	651	8.01e-54	193
MPDKNC_03491	iAT_PLT_636.6535	30.2	547	312	17	13	500	61	596	6.62e-54	191
MPDKNC_03491	iMM1415.15567	28.5	481	299	10	4	445	79	553	6.15e-54	191
MPDKNC_03491	iCHOv1.100754706	28.5	481	299	10	4	445	79	553	2.24e-53	190
MPDKNC_03492	iCN900.CD630_16550	34.3	540	309	16	5	513	42	566	3.48e-79	258
MPDKNC_03493	iAF987.Gmet_3275	32.4	290	185	5	73	359	155	436	2.00e-42	153
MPDKNC_03494	iYS854.USA300HOU_RS04575	41.0	446	245	6	7	448	5	436	3.39e-111	334
MPDKNC_03497	iYS854.USA300HOU_RS04535	84.9	465	70	0	1	465	1	465	1.79e-291	793
MPDKNC_03498	iYS854.USA300HOU_RS04530	74.1	139	36	0	1	139	1	139	5.36e-74	217
MPDKNC_03499	iYS854.USA300HOU_RS04525	64.0	408	146	1	2	409	10	416	9.61e-195	544
MPDKNC_03500	iYS854.USA300HOU_RS04520	56.5	430	186	1	7	436	6	434	4.82e-168	478
MPDKNC_03501	iYS854.USA300HOU_RS04515	79.4	248	51	0	4	251	3	250	8.33e-142	397
MPDKNC_03502	iCN900.CD630_19930	31.9	94	61	2	7	100	2	92	1.54e-13	61.6
MPDKNC_03503	iYS854.USA300HOU_RS04415	54.8	259	114	2	17	274	17	273	3.73e-94	278
MPDKNC_03503	iYO844.BSU32730	49.5	277	135	4	1	275	1	274	5.42e-84	252
MPDKNC_03504	iYO844.BSU32740	66.2	222	75	0	1	222	1	222	1.52e-94	275
MPDKNC_03505	iYO844.BSU32750	67.8	338	104	2	1	333	1	338	1.38e-159	449
MPDKNC_03507	iMM904.YLR043C	33.8	71	45	2	17	86	18	87	1.40e-07	45.4
MPDKNC_03507	iMM904.YGR209C	25.7	74	55	0	13	86	15	88	1.10e-06	43.1
MPDKNC_03507	iYS854.USA300HOU_RS05725	29.7	74	51	1	29	101	29	102	1.54e-06	42.7
MPDKNC_03507	iML1515.b2582	24.7	89	65	2	8	94	43	131	5.21e-06	42.0
MPDKNC_03507	iSbBS512_1146.SbBS512_E2954	24.7	89	65	2	8	94	43	131	5.21e-06	42.0
MPDKNC_03507	iSDY_1059.SDY_2825	24.7	89	65	2	8	94	43	131	5.21e-06	42.0
MPDKNC_03507	iSF_1195.SF2644	24.7	89	65	2	8	94	43	131	5.21e-06	42.0
MPDKNC_03507	iSSON_1240.SSON_2708	24.7	89	65	2	8	94	43	131	5.21e-06	42.0
MPDKNC_03510	iYS854.USA300HOU_RS04375	70.6	126	37	0	1	126	1	126	1.22e-59	179
MPDKNC_03511	iJN1463.PP_1645	30.5	105	71	1	3	107	4	106	2.21e-10	53.5
MPDKNC_03511	iPC815.YPO3070	29.2	106	72	2	3	107	4	107	1.24e-09	51.6
MPDKNC_03512	iYO844.BSU32820	75.4	594	146	0	1	594	1	594	0.0	895
MPDKNC_03513	iYO844.BSU32830	82.1	390	70	0	1	390	1	390	9.56e-229	629
MPDKNC_03514	iYO844.BSU32840	69.3	795	237	3	1	794	1	789	0.0	1071
MPDKNC_03517	iYO844.BSU03200	57.7	300	127	0	6	305	4	303	3.46e-124	357
MPDKNC_03526	iSynCJ816.SGL_RS01940	59.4	256	104	0	5	260	10	265	4.25e-113	326
MPDKNC_03527	iYO844.BSU08460	63.8	320	116	0	32	351	24	343	7.17e-138	395
MPDKNC_03528	iYO844.BSU08450	58.4	327	135	1	3	329	5	330	9.78e-128	368
MPDKNC_03529	iYO844.BSU08440	55.6	322	135	3	1	314	1	322	1.17e-118	344
MPDKNC_03533	iAM_Pf480.PF3D7_1457200	29.2	96	68	0	4	99	5	100	3.11e-13	60.1
MPDKNC_03533	iMM904.YLR043C	31.2	93	64	0	5	97	6	98	4.29e-13	59.7
MPDKNC_03533	iAM_Pv461.PVX_117605	28.1	96	69	0	4	99	5	100	8.76e-13	58.9
MPDKNC_03533	iAM_Pc455.PCYB_125790	28.1	96	69	0	4	99	5	100	1.24e-12	58.5
MPDKNC_03533	iMM904.YGR209C	28.4	95	67	1	4	97	5	99	3.49e-12	57.4
MPDKNC_03533	iML1515.b3781	34.1	91	57	2	12	101	16	104	5.52e-12	57.0
MPDKNC_03533	STM_v1_0.STM3915	34.1	91	57	2	12	101	16	104	5.52e-12	57.0
MPDKNC_03533	iSbBS512_1146.SbBS512_E4140	34.1	91	57	2	12	101	16	104	5.52e-12	57.0
MPDKNC_03533	iSDY_1059.SDY_3968	34.1	91	57	2	12	101	34	122	8.12e-12	57.0
MPDKNC_03533	iSF_1195.SF3854	34.1	91	57	2	12	101	34	122	8.12e-12	57.0
MPDKNC_03533	iSSON_1240.SSON_3952	34.1	91	57	2	12	101	34	122	8.12e-12	57.0
MPDKNC_03533	iAM_Pb448.PBANKA_132090	30.0	90	63	0	10	99	11	100	1.39e-11	55.8
MPDKNC_03533	iYL1228.KPN_04282	37.8	82	48	2	21	101	25	104	2.19e-11	55.5
MPDKNC_03533	iMM904.YCR083W	25.8	93	69	0	4	96	30	122	8.92e-11	54.3
MPDKNC_03533	iPC815.YPO3868	33.0	91	58	2	12	101	16	104	6.02e-11	54.3
MPDKNC_03535	iSynCJ816.SGL_RS17085	25.7	265	186	7	23	279	6	267	7.44e-17	80.1
MPDKNC_03536	iJN1463.PP_2795	42.4	524	285	7	2	515	17	533	5.88e-129	386
MPDKNC_03536	iJN1463.PP_3553	42.7	525	287	9	2	516	15	535	2.60e-125	377
MPDKNC_03539	iCN900.CD630_18070	25.5	102	67	2	1	93	1	102	5.21e-04	38.9
MPDKNC_03539	iCN900.CD630_31890	29.6	98	62	2	3	93	5	102	4.58e-04	38.9
MPDKNC_03543	iCHOv1.100689391	33.1	124	67	5	93	206	135	252	1.44e-06	49.7
MPDKNC_03545	iYS854.USA300HOU_RS13675	40.0	245	146	1	1	245	1	244	4.51e-62	196
MPDKNC_03549	iYO844.BSU26590	19.9	141	112	1	10	150	12	151	3.12e-05	45.4
MPDKNC_03549	iYO844.BSU06230	30.9	97	67	0	37	133	43	139	7.48e-04	41.2
MPDKNC_03552	iJN1463.PP_0072	33.1	308	201	4	19	324	20	324	2.96e-35	130
MPDKNC_03554	iYS854.USA300HOU_RS14320	24.0	204	114	8	142	313	214	408	2.13e-08	54.7
MPDKNC_03556	iAF692.Mbar_A3244	24.1	191	139	2	9	199	14	198	1.06e-10	58.5
MPDKNC_03558	iML1515.b1678	31.6	193	97	6	3	162	42	232	8.96e-13	64.3
MPDKNC_03558	STM_v1_0.STM1375	31.1	193	98	6	3	162	42	232	1.48e-11	60.8
MPDKNC_03559	iYO844.BSU28470	44.8	404	192	9	1	381	1	396	3.83e-95	290
MPDKNC_03560	iHN637.CLJU_RS04950	39.9	318	190	1	1	317	1	318	3.59e-75	240
MPDKNC_03560	iYO844.BSU32260	40.1	319	190	1	1	318	1	319	5.69e-74	237
MPDKNC_03560	iYS854.USA300HOU_RS06750	41.3	317	185	1	1	316	1	317	7.96e-72	231
MPDKNC_03560	iHN637.CLJU_RS03520	35.4	390	239	5	5	388	3	385	6.32e-71	228
MPDKNC_03560	iCN900.CD630_15800	37.8	336	200	3	2	335	3	331	4.60e-68	221
MPDKNC_03560	iCN718.ABAYE_RS17565	39.1	317	192	1	1	317	1	316	1.03e-66	218
MPDKNC_03560	iCN900.CD630_11660	34.7	369	224	4	4	362	1	362	6.33e-67	218
MPDKNC_03560	iJN1463.PP_1470	38.8	327	199	1	1	327	1	326	2.10e-66	217
MPDKNC_03560	iAF987.Gmet_1629	35.8	377	224	3	1	365	1	371	4.35e-66	216
MPDKNC_03566	iCHOv1.100765125	31.6	117	65	7	3	113	141	248	5.98e-05	43.5
MPDKNC_03568	iMM904.YMR226C	34.4	195	120	6	2	190	14	206	3.18e-20	86.7
MPDKNC_03569	iYL1228.KPN_00862	49.8	600	266	8	4	570	12	609	2.77e-178	517
MPDKNC_03569	iSbBS512_1146.SbBS512_E2519	48.9	607	270	9	3	572	11	614	8.20e-176	511
MPDKNC_03569	iML1515.b0829	48.9	607	270	9	3	572	11	614	1.16e-175	510
MPDKNC_03569	iSDY_1059.SDY_0758	49.0	606	269	9	4	572	1	603	1.63e-175	509
MPDKNC_03569	iSSON_1240.SSON_0811	49.0	606	269	9	4	572	1	603	1.63e-175	509
MPDKNC_03569	STM_v1_0.STM0848	48.8	607	273	8	4	574	12	616	1.87e-174	507
MPDKNC_03569	iYS854.USA300HOU_RS01050	50.5	533	255	2	1	530	1	527	9.83e-175	504
MPDKNC_03569	iSF_1195.SF0779	48.5	606	272	8	4	572	1	603	2.11e-173	504
MPDKNC_03570	iYS854.USA300HOU_RS01055	45.4	465	228	4	16	479	51	490	6.83e-129	382
MPDKNC_03571	iYS854.USA300HOU_RS01060	46.5	376	197	4	126	500	14	386	3.97e-106	321
MPDKNC_03574	iJN1463.PP_0953	26.5	215	146	2	5	207	4	218	5.74e-25	99.8
MPDKNC_03574	iYO844.BSU02750	28.3	212	134	5	4	199	1	210	2.39e-24	98.2
MPDKNC_03574	iML1515.b3201	27.7	213	142	3	5	205	4	216	5.86e-23	94.4
MPDKNC_03574	iSbBS512_1146.SbBS512_E3569	27.7	213	142	3	5	205	4	216	5.86e-23	94.4
MPDKNC_03574	iSDY_1059.SDY_3382	27.7	213	142	3	5	205	4	216	5.86e-23	94.4
MPDKNC_03574	iSF_1195.SF3241	27.7	213	142	3	5	205	4	216	5.86e-23	94.4
MPDKNC_03574	iSSON_1240.SSON_3349	27.7	213	142	3	5	205	4	216	5.86e-23	94.4
MPDKNC_03574	iIT341.HP0888	27.5	247	156	6	3	232	1	241	2.02e-21	90.5
MPDKNC_03574	iIT341.HP1171	27.2	228	152	3	1	215	1	227	1.78e-21	90.5
MPDKNC_03574	iLJ478.TM0115	27.5	218	138	2	4	201	14	231	2.05e-20	90.5
MPDKNC_03574	iML1515.b3749	25.9	228	148	2	1	210	1	225	2.65e-20	90.1
MPDKNC_03575	iCN900.CD630_36320	29.7	128	86	2	17	140	24	151	7.67e-14	65.5
MPDKNC_03577	iML1515.b0543	42.4	99	57	0	3	101	4	102	5.86e-19	75.5
MPDKNC_03578	iYO844.BSU23610	36.0	100	56	3	9	101	47	145	4.28e-10	54.7
MPDKNC_03578	iAF987.Gmet_1790	31.3	99	63	2	29	127	50	143	2.79e-09	52.0
MPDKNC_03578	iAF987.Gmet_0048	34.0	100	59	3	7	101	39	136	7.10e-09	51.2
MPDKNC_03578	iCN900.CD630_12200	32.7	101	61	4	7	101	43	142	1.05e-08	50.8
MPDKNC_03582	iCHOv1.100761937	23.9	88	67	0	21	108	82	169	3.82e-05	44.3
MPDKNC_03594	iYS854.USA300HOU_RS01080	51.2	211	100	1	1	211	1	208	1.76e-75	226
MPDKNC_03595	iYO844.BSU03930	82.4	261	46	0	1	261	1	261	1.08e-155	433
MPDKNC_03596	iYS854.USA300HOU_RS12210	49.1	285	143	2	1	284	4	287	1.06e-84	255
MPDKNC_03597	iYO844.BSU40040	66.4	375	124	1	1	373	1	375	6.63e-172	484
MPDKNC_03598	iCN900.CD630_17370	49.6	403	203	0	9	411	7	409	4.07e-117	347
MPDKNC_03600	iYS854.USA300HOU_RS09315	36.9	445	267	6	2	433	4	447	1.26e-90	288
MPDKNC_03602	iCHOv1.100761164	40.3	72	36	3	37	103	137	206	1.71e-05	46.6
MPDKNC_03602	iMM1415.20518	38.9	72	37	3	37	103	137	206	4.00e-05	45.4
MPDKNC_03606	iCHOv1.100757890	31.2	189	118	3	35	212	333	520	2.55e-28	110
MPDKNC_03606	iMM1415.18451	30.9	188	120	2	35	212	333	520	1.24e-27	108
MPDKNC_03606	iLB1027_lipid.PHATRDRAFT_13557	29.6	203	113	3	37	209	14	216	5.62e-29	107
MPDKNC_03606	iCHOv1.100760683	29.8	208	116	3	35	212	399	606	1.43e-24	100
MPDKNC_03606	iMM1415.18452	29.8	208	116	3	35	212	336	543	1.29e-24	100
MPDKNC_03608	iSynCJ816.SGL_RS08885	47.2	352	181	3	23	371	21	370	5.64e-109	323
MPDKNC_03609	iCN900.CD630_15930	43.4	198	94	1	9	188	6	203	1.80e-49	159
MPDKNC_03609	iHN637.CLJU_RS19470	44.8	194	89	1	11	186	8	201	1.99e-48	156
MPDKNC_03610	iHN637.CLJU_RS19475	64.9	673	228	4	27	691	6	678	8.34e-291	810
MPDKNC_03610	iCN900.CD630_15920	64.5	673	231	4	27	691	4	676	2.40e-287	801
MPDKNC_03610	iSynCJ816.SGL_RS08870	60.4	664	256	5	34	692	28	689	3.98e-260	733
MPDKNC_03611	iCN900.CD630_15910	54.3	554	248	3	7	555	9	562	2.05e-197	563
MPDKNC_03611	iHN637.CLJU_RS19480	51.1	550	265	2	10	555	8	557	1.18e-184	530
MPDKNC_03614	iYS854.USA300HOU_RS02285	37.6	117	73	0	3	119	4	120	1.22e-20	80.1
MPDKNC_03615	iAF987.Gmet_0771	37.9	203	118	4	21	216	1	202	3.73e-36	125
MPDKNC_03615	iML1515.b1004	43.2	176	88	5	22	192	3	171	4.92e-32	115
MPDKNC_03618	iYS854.USA300HOU_RS03900	55.0	320	129	4	1	309	1	316	2.54e-115	335
MPDKNC_03618	iYO844.BSU33830	50.5	307	143	4	1	304	1	301	1.96e-102	305
MPDKNC_03619	iYS854.USA300HOU_RS03905	56.7	504	217	1	1	504	1	503	5.54e-192	545
MPDKNC_03619	iNF517.LLMG_RS08550	54.6	507	220	5	1	504	1	500	3.42e-177	507
MPDKNC_03622	iYO844.BSU35550	29.8	121	77	4	357	474	5	120	4.49e-06	48.5
MPDKNC_03622	iSbBS512_1146.SbBS512_E4050	29.2	106	73	1	355	460	3	106	9.03e-06	48.1
MPDKNC_03622	iSSON_1240.SSON_3782	29.2	106	73	1	355	460	3	106	9.03e-06	48.1
MPDKNC_03623	iAF692.Mbar_A0232	46.9	239	118	4	36	273	35	265	1.49e-70	218
MPDKNC_03623	iHN637.CLJU_RS02740	39.0	295	159	4	1	277	1	292	4.06e-65	205
MPDKNC_03623	iHN637.CLJU_RS02625	37.8	294	162	4	1	276	1	291	7.51e-63	199
MPDKNC_03623	iAF987.Gmet_2472	40.2	276	154	3	3	273	2	271	9.66e-63	198
MPDKNC_03624	iAF987.Gmet_2473	52.4	336	144	4	2	321	6	341	5.69e-120	349
MPDKNC_03624	iSynCJ816.SGL_RS15130	52.0	342	143	6	1	322	1	341	5.44e-119	346
MPDKNC_03624	iAF692.Mbar_A0231	52.3	321	146	6	6	324	3	318	7.95e-118	342
MPDKNC_03624	iHN637.CLJU_RS02730	49.5	329	150	3	5	317	3	331	2.58e-114	334
MPDKNC_03624	iHN637.CLJU_RS02615	49.2	329	151	3	5	317	3	331	7.34e-114	333
MPDKNC_03624	iPC815.YPO3862	50.6	344	145	5	6	327	4	344	3.38e-113	332
MPDKNC_03624	STM_v1_0.STM3922	50.0	344	147	5	6	327	4	344	4.79e-113	331
MPDKNC_03624	iJN1463.PP_1785	48.7	351	149	5	6	325	2	352	9.72e-113	331
MPDKNC_03624	iYL1228.KPN_02491	48.8	342	153	3	6	325	3	344	1.07e-111	328
MPDKNC_03624	iYL1228.KPN_04288	49.6	349	151	5	1	327	1	346	3.35e-111	327
MPDKNC_03624	iYL1228.KPN_02497	48.8	342	153	4	6	325	3	344	4.30e-111	326
MPDKNC_03624	iSF_1195.SF2104	47.1	357	154	5	6	327	3	359	1.54e-110	325
MPDKNC_03624	iSF_1195.SF3862	49.4	344	149	4	6	327	4	344	7.23e-110	323
MPDKNC_03624	iSSON_1240.SSON_3960	49.4	344	149	5	6	327	4	344	1.45e-109	322
MPDKNC_03624	STM_v1_0.STM2097	48.2	340	146	5	6	317	3	340	2.50e-109	322
MPDKNC_03624	iSbBS512_1146.SbBS512_E1192	48.2	338	149	4	6	317	3	340	1.01e-108	320
MPDKNC_03624	iSDY_1059.SDY_2204	48.2	338	149	4	6	317	3	340	1.43e-108	320
MPDKNC_03624	iML1515.b2041	48.2	338	149	4	6	317	3	340	2.02e-108	320
MPDKNC_03624	iML1515.b3788	49.1	344	150	5	6	327	4	344	2.36e-108	319
MPDKNC_03625	iJN1463.PP_1782	54.7	181	79	3	1	179	1	180	2.34e-64	195
MPDKNC_03625	iSF_1195.SF2101	52.2	180	84	2	1	179	1	179	2.27e-64	195
MPDKNC_03625	iSynCJ816.SGL_RS12335	54.1	183	79	5	1	180	1	181	8.92e-62	189
MPDKNC_03625	iYL1228.KPN_02488	55.0	160	70	2	1	159	1	159	3.13e-60	185
MPDKNC_03625	iYL1228.KPN_02494	54.4	160	71	2	1	159	1	159	1.27e-59	183
MPDKNC_03625	STM_v1_0.STM2094	53.1	179	81	3	1	177	2	179	1.23e-59	183
MPDKNC_03625	iSbBS512_1146.SbBS512_E1195	52.0	173	80	3	1	171	1	172	3.73e-59	182
MPDKNC_03625	iML1515.b2038	54.6	174	74	4	1	171	1	172	1.06e-58	181
MPDKNC_03626	iSbBS512_1146.SbBS512_E1194	59.9	284	110	2	2	281	5	288	7.17e-124	355
MPDKNC_03626	iSDY_1059.SDY_2206	59.9	284	110	2	2	281	5	288	1.02e-123	354
MPDKNC_03626	iSF_1195.SF2102	60.2	284	109	2	2	281	5	288	8.30e-123	352
MPDKNC_03626	iML1515.b2039	59.9	284	110	2	2	281	5	288	1.41e-121	349
MPDKNC_03626	iNF517.LLMG_RS01090	58.2	287	116	1	1	283	1	287	4.98e-121	347
MPDKNC_03626	STM_v1_0.STM2095	58.5	284	114	2	2	281	5	288	6.39e-120	345
MPDKNC_03626	iJN1463.PP_1783	58.0	281	114	1	2	278	4	284	9.63e-115	332
MPDKNC_03626	iML1515.b3789	55.8	285	122	1	1	281	1	285	9.06e-113	327
MPDKNC_03626	iSbBS512_1146.SbBS512_E4132	55.8	285	122	1	1	281	1	285	9.06e-113	327
MPDKNC_03626	iSF_1195.SF3863	55.8	285	122	1	1	281	1	285	9.06e-113	327
MPDKNC_03626	iSDY_1059.SDY_3959	55.4	285	123	1	1	281	1	285	1.05e-111	324
MPDKNC_03626	iSSON_1240.SSON_3961	55.4	285	123	1	1	281	1	285	1.05e-111	324
MPDKNC_03626	iYL1228.KPN_04289	54.8	283	124	1	1	279	2	284	2.51e-110	320
MPDKNC_03628	iSynCJ816.SGL_RS04385	56.5	432	185	2	41	469	18	449	1.83e-189	536
MPDKNC_03628	iEK1008.Rv3432c	56.7	439	178	5	40	471	12	445	2.24e-171	490
MPDKNC_03629	iLJ478.TM1169	38.0	258	135	6	1	257	1	234	4.33e-48	159
MPDKNC_03630	iSbBS512_1146.SbBS512_E2516	25.0	260	152	7	53	304	78	302	5.30e-10	59.3
MPDKNC_03630	iSDY_1059.SDY_0755	25.0	260	152	7	53	304	78	302	5.30e-10	59.3
MPDKNC_03630	iSSON_1240.SSON_0814	25.0	260	152	7	53	304	78	302	5.30e-10	59.3
MPDKNC_03630	iML1515.b0832	25.0	260	152	7	53	304	78	302	7.11e-10	58.9
MPDKNC_03630	iSF_1195.SF0782	24.6	264	148	7	53	304	78	302	9.54e-10	58.5
MPDKNC_03630	iSbBS512_1146.SbBS512_E1748	22.1	249	163	4	53	301	70	287	7.08e-09	55.8
MPDKNC_03630	iSSON_1240.SSON_1639	22.1	289	192	5	13	301	36	291	3.12e-08	53.9
MPDKNC_03630	STM_v1_0.STM0851	23.5	264	151	7	53	304	78	302	4.28e-08	53.5
MPDKNC_03632	iYS854.USA300HOU_RS00270	26.2	103	75	1	69	171	58	159	7.20e-08	49.3
MPDKNC_03632	iPC815.YPO2830	34.8	89	57	1	74	162	69	156	8.78e-08	49.3
MPDKNC_03632	iML1515.b1584	29.2	113	78	2	58	170	54	164	6.25e-07	47.0
MPDKNC_03632	STM_v1_0.STM1502	27.6	116	82	2	58	173	54	167	3.03e-06	45.1
MPDKNC_03633	STM_v1_0.STM0772	58.6	232	96	0	3	234	5	236	1.72e-100	292
MPDKNC_03633	iSDY_1059.SDY_0702	57.8	232	98	0	3	234	5	236	4.00e-99	289
MPDKNC_03633	iYL1228.KPN_00768	58.2	232	97	0	3	234	5	236	2.30e-98	287
MPDKNC_03633	iML1515.b0755	57.3	232	99	0	3	234	5	236	6.55e-98	286
MPDKNC_03633	iSbBS512_1146.SbBS512_E0676	57.3	232	99	0	3	234	5	236	6.55e-98	286
MPDKNC_03633	iSF_1195.SF0549	57.3	232	99	0	3	234	5	236	6.55e-98	286
MPDKNC_03633	iSSON_1240.SSON_0707	57.3	232	99	0	3	234	5	236	6.55e-98	286
MPDKNC_03633	iAF987.Gmet_1653	59.6	230	93	0	1	230	1	230	8.40e-98	285
MPDKNC_03633	iPC815.YPO1133	56.5	232	101	0	3	234	5	236	1.24e-95	280
MPDKNC_03634	iYO844.BSU04340	54.5	565	255	2	1	564	1	564	3.47e-226	637
MPDKNC_03637	iPC815.YPO2830	25.9	112	82	1	57	168	39	149	6.78e-04	38.5
MPDKNC_03638	iML1515.b0349	29.2	120	79	5	48	162	17	135	7.05e-04	40.4
MPDKNC_03642	iYO844.BSU26650	67.1	301	96	1	1	301	1	298	5.69e-145	410
MPDKNC_03645	iYS854.USA300HOU_RS14570	27.4	537	337	16	4	503	6	526	4.10e-51	183
MPDKNC_03645	iYS854.USA300HOU_RS05360	27.6	497	311	10	4	492	2	457	4.14e-49	176
MPDKNC_03645	iCN900.CD630_04310	26.3	513	325	9	4	501	5	479	3.24e-47	171
MPDKNC_03646	iYS854.USA300HOU_RS12025	23.5	170	119	3	65	223	77	246	7.22e-06	46.2
MPDKNC_03648	iYO844.BSU07840	32.5	80	52	2	532	610	1275	1353	7.26e-04	42.7
MPDKNC_03656	iYO844.BSU33900	86.3	430	59	0	1	430	1	430	1.14e-267	730
MPDKNC_03657	iYO844.BSU33910	78.9	511	108	0	1	511	1	511	3.48e-303	827
MPDKNC_03658	iYO844.BSU33920	74.2	248	64	0	1	248	1	248	4.49e-135	380
MPDKNC_03658	iYS854.USA300HOU_RS04195	68.4	253	76	2	1	250	1	252	3.88e-122	347
MPDKNC_03659	iYO844.BSU33930	82.5	394	69	0	1	394	1	394	1.89e-234	643
MPDKNC_03660	iYO844.BSU33940	85.7	335	48	0	1	335	1	335	2.96e-206	567
MPDKNC_03661	iHN637.CLJU_RS11915	22.6	257	186	5	92	338	66	319	1.99e-09	57.8
MPDKNC_03664	iYS854.USA300HOU_RS00270	25.5	106	79	0	70	175	58	163	1.07e-07	48.9
MPDKNC_03668	iAF987.Gmet_0069	39.8	123	70	3	1	119	1	123	3.54e-17	78.6
MPDKNC_03668	iAF987.Gmet_2999	34.2	117	75	1	4	118	9	125	6.23e-16	75.5
MPDKNC_03669	iAF987.Gmet_0690	31.8	154	103	2	1	152	4	157	3.14e-21	86.3
MPDKNC_03669	STM_v1_0.STM0865	33.1	157	100	2	1	152	5	161	3.42e-21	86.3
MPDKNC_03669	iML1515.b0841	30.6	157	107	2	1	156	5	160	1.28e-19	82.0
MPDKNC_03669	iPC815.YPO1324	33.5	167	105	4	1	162	1	166	1.28e-19	82.0
MPDKNC_03669	iSbBS512_1146.SbBS512_E2504	29.9	157	108	2	1	156	5	160	4.91e-19	80.5
MPDKNC_03669	iSDY_1059.SDY_0843	29.9	157	108	2	1	156	5	160	4.91e-19	80.5
MPDKNC_03669	iSF_1195.SF0794	29.9	157	108	2	1	156	5	160	4.91e-19	80.5
MPDKNC_03669	iSSON_1240.SSON_0826	29.9	157	108	2	1	156	5	160	4.91e-19	80.5
MPDKNC_03670	iNF517.LLMG_RS09290	25.4	209	136	5	11	207	1	201	1.27e-11	61.2
MPDKNC_03671	iAF692.Mbar_A0408	29.7	219	121	6	39	228	15	229	1.44e-24	97.1
MPDKNC_03672	iYO844.BSU21920	25.3	356	243	8	2	345	5	349	2.46e-33	127
MPDKNC_03672	iCN900.CD630_00190	27.0	408	250	12	2	370	3	401	3.37e-33	127
MPDKNC_03672	iHN637.CLJU_RS01055	27.1	347	239	6	3	339	2	344	2.60e-31	122
MPDKNC_03672	iCN900.CD630_13440	25.6	387	247	12	2	369	5	369	7.16e-31	120
MPDKNC_03673	iNF517.LLMG_RS09290	25.0	172	121	2	30	193	29	200	1.76e-09	55.1
MPDKNC_03677	iML1515.b3003	45.4	293	157	3	1	290	1	293	6.86e-73	225
MPDKNC_03678	iJN1463.PP_1014	31.5	362	232	7	44	397	42	395	3.19e-47	166
MPDKNC_03678	iML1515.b3880	29.4	330	225	4	49	371	40	368	2.21e-46	164
MPDKNC_03679	iAF987.Gmet_3085	39.1	128	77	1	13	139	327	454	2.87e-23	98.6
MPDKNC_03681	iHN637.CLJU_RS19845	34.8	115	68	2	42	152	39	150	5.62e-12	62.4
MPDKNC_03709	iLJ478.TM1374	28.0	150	91	5	4	138	2	149	4.93e-10	56.2
MPDKNC_03710	iJN1463.PP_2416	31.7	189	90	4	10	161	17	203	3.64e-17	81.3
MPDKNC_03710	iCN900.CD630_15870	20.5	536	277	16	1	465	1	458	4.70e-15	77.4
MPDKNC_03710	iJN1463.PP_5179	30.6	196	99	4	2	162	20	213	3.59e-15	77.0
MPDKNC_03710	iYL1228.KPN_04623	22.7	533	265	14	2	465	7	461	8.33e-15	76.6
MPDKNC_03710	iYS854.USA300HOU_RS09925	28.2	206	111	6	4	172	3	208	1.33e-15	76.3
MPDKNC_03710	iCN900.CD630_21720	27.6	214	115	6	4	177	1	214	2.72e-15	75.5
MPDKNC_03710	iLJ478.TM0124	29.3	184	117	5	292	465	2	182	2.35e-15	75.5
MPDKNC_03710	iYO844.BSU27430	29.3	215	114	7	4	180	1	215	3.28e-15	75.1
MPDKNC_03710	iAF692.Mbar_A1219	28.7	209	102	6	15	181	15	218	2.98e-14	74.7
MPDKNC_03710	iHN637.CLJU_RS00620	20.6	510	255	14	2	442	3	431	6.00e-14	73.9
MPDKNC_03710	iLJ478.TM0078	28.6	217	117	5	3	181	2	218	1.01e-14	73.9
MPDKNC_03710	iYO844.BSU23960	28.6	220	119	6	4	186	1	219	1.06e-14	73.6
MPDKNC_03713	iYS854.USA300HOU_RS00270	29.6	108	76	0	72	179	56	163	1.78e-12	62.0
MPDKNC_03713	iPC815.YPO2830	27.4	113	82	0	72	184	62	174	3.19e-10	56.2
MPDKNC_03714	iAF987.Gmet_0043	25.9	367	253	9	583	937	39	398	2.37e-26	114
MPDKNC_03715	iAF987.Gmet_1914	28.7	115	80	1	1	115	1	113	1.07e-12	62.8
MPDKNC_03717	iYS854.USA300HOU_RS14480	27.9	283	152	8	56	334	41	275	9.29e-19	87.8
MPDKNC_03719	iAF987.Gmet_0069	35.0	223	130	4	177	384	79	301	3.93e-34	130
MPDKNC_03720	iYS854.USA300HOU_RS05395	55.4	74	33	0	12	85	12	85	1.05e-23	85.5
MPDKNC_03720	iNF517.LLMG_RS00670	48.2	85	44	0	1	85	1	85	6.06e-23	83.6
MPDKNC_03720	iYO844.BSU13900	44.7	85	47	0	1	85	1	85	4.95e-22	81.3
MPDKNC_03722	iAF692.Mbar_A1631	22.8	224	136	7	7	206	1	211	5.58e-05	43.9
MPDKNC_03724	iML1515.b1759	29.9	117	71	3	11	123	14	123	1.54e-06	44.7
MPDKNC_03724	iJN1463.PP_4029	30.3	109	66	3	8	113	148	249	3.62e-05	42.0
MPDKNC_03724	iSDY_1059.SDY_1516	28.2	117	73	3	11	123	14	123	1.51e-05	42.0
MPDKNC_03724	iAF987.Gmet_0988	31.3	80	51	1	12	91	33	108	2.52e-05	41.6
MPDKNC_03724	STM_v1_0.STM1301	48.9	47	19	2	11	53	15	60	5.71e-05	40.4
MPDKNC_03730	iYO844.BSU34790	84.7	313	48	0	1	313	1	313	1.30e-197	543
MPDKNC_03732	iYO844.BSU34860	69.7	198	60	0	10	207	9	206	7.06e-98	282
MPDKNC_03733	iYO844.BSU34870	76.6	252	59	0	1	252	1	252	1.63e-134	379
MPDKNC_03734	iYO844.BSU34880	66.0	241	78	2	2	239	3	242	4.25e-107	308
MPDKNC_03735	iYO844.BSU34890	59.6	203	81	1	1	203	1	202	1.63e-81	241
MPDKNC_03736	iYO844.BSU34900	82.9	193	33	0	3	195	2	194	5.90e-118	332
MPDKNC_03737	iYO844.BSU34910	66.6	419	140	0	1	419	3	421	1.30e-189	532
MPDKNC_03738	iYO844.BSU34920	82.8	203	35	0	3	205	5	207	8.79e-116	328
MPDKNC_03739	iAF987.Gmet_3259	30.2	401	257	8	1	385	1	394	1.44e-45	162
MPDKNC_03740	iYO844.BSU40850	49.0	51	26	0	107	157	131	181	4.34e-10	55.8
MPDKNC_03740	iNF517.LLMG_RS08595	32.9	85	52	2	78	157	73	157	4.18e-10	55.5
MPDKNC_03740	iYS854.USA300HOU_RS07115	37.6	85	50	1	81	165	144	225	1.08e-09	55.5
MPDKNC_03740	iYS854.USA300HOU_RS13870	40.0	55	33	0	103	157	127	181	7.28e-10	55.5
MPDKNC_03740	iLJ478.TM0666	28.0	132	88	2	51	178	78	206	8.43e-09	52.8
MPDKNC_03740	iYL1228.KPN_00440	49.0	51	26	0	107	157	130	180	8.35e-09	52.4
MPDKNC_03741	iYS854.USA300HOU_RS03000	28.6	217	144	3	3	211	2	215	3.18e-24	95.1
MPDKNC_03741	iYL1228.KPN_03756	29.4	238	142	2	1	212	4	241	5.15e-23	92.8
MPDKNC_03741	STM_v1_0.STM3482	35.9	128	82	0	85	212	113	240	1.45e-20	86.3
MPDKNC_03743	STM_v1_0.STM3002	30.7	277	165	9	9	261	12	285	1.26e-33	123
MPDKNC_03744	iYS854.USA300HOU_RS04115	61.7	303	116	0	6	308	4	306	6.85e-130	372
MPDKNC_03748	iCN900.CD630_31950	33.7	958	455	17	4	934	2	806	1.92e-168	511
MPDKNC_03751	iYL1228.KPN_02681	25.5	188	135	3	1	187	1	184	1.11e-14	69.3
MPDKNC_03751	iSDY_1059.SDY_2487	26.1	184	131	3	5	187	5	184	4.12e-14	67.8
MPDKNC_03751	iSSON_1240.SSON_2348	26.1	184	131	3	5	187	5	184	4.12e-14	67.8
MPDKNC_03751	iML1515.b2291	26.1	184	131	3	5	187	5	184	5.71e-14	67.4
MPDKNC_03751	iSF_1195.SF2367	26.1	184	131	3	5	187	5	184	7.92e-14	67.0
MPDKNC_03751	iSbBS512_1146.SbBS512_E2667	26.1	184	131	3	5	187	5	184	1.52e-13	66.2
MPDKNC_03751	STM_v1_0.STM2332	23.4	184	136	3	5	187	5	184	7.75e-13	64.3
MPDKNC_03752	iHN637.CLJU_RS15095	52.9	391	180	1	1	391	1	387	1.79e-142	410
MPDKNC_03753	iJN1463.PP_1768	54.3	361	160	2	1	356	1	361	1.82e-133	385
MPDKNC_03753	iCN718.ABAYE_RS04905	51.8	359	166	2	4	356	2	359	1.84e-125	364
MPDKNC_03753	iNF517.LLMG_RS02940	51.4	364	161	6	5	354	2	363	3.17e-120	351
MPDKNC_03753	iSbBS512_1146.SbBS512_E2421	48.9	362	178	2	2	356	1	362	5.77e-120	350
MPDKNC_03753	iML1515.b0907	48.9	362	178	2	2	356	1	362	1.16e-119	350
MPDKNC_03753	iYO844.BSU10020	52.5	358	164	5	2	354	1	357	1.49e-119	349
MPDKNC_03753	iSF_1195.SF0902	48.9	362	178	2	2	356	1	362	1.64e-119	349
MPDKNC_03753	iSSON_1240.SSON_0908	48.9	362	178	2	2	356	1	362	1.64e-119	349
MPDKNC_03753	iSDY_1059.SDY_2354	48.9	362	178	2	2	356	1	362	3.30e-119	348
MPDKNC_03753	iPC815.YPO1389	49.3	361	177	1	2	356	1	361	1.82e-118	347
MPDKNC_03754	iYO844.BSU31100	58.9	435	178	1	6	440	12	445	2.92e-175	497
MPDKNC_03755	iYO844.BSU14510	60.9	215	84	0	1	215	1	215	2.41e-92	269
MPDKNC_03755	iYS854.USA300HOU_RS05420	57.7	215	91	0	1	215	1	215	2.20e-90	264
MPDKNC_03755	iYO844.BSU31090	54.2	216	99	0	3	218	7	222	3.99e-84	248
MPDKNC_03757	iYO844.BSU10220	31.4	404	257	6	13	402	8	405	1.98e-57	193
MPDKNC_03757	iYL1228.KPN_04480	28.4	416	268	6	7	399	3	411	2.80e-54	185
MPDKNC_03757	iCN718.ABAYE_RS16630	29.6	409	262	6	12	399	7	410	4.48e-54	184
MPDKNC_03757	STM_v1_0.STM4283	29.1	416	265	6	7	399	2	410	5.36e-54	184
MPDKNC_03757	STM_v1_0.STM3614	30.8	400	258	7	12	399	8	400	2.40e-53	182
MPDKNC_03757	iML1515.b3528	30.5	400	259	6	12	399	8	400	3.36e-53	182
MPDKNC_03757	iYL1228.KPN_03878	30.8	400	258	6	12	399	8	400	3.36e-53	182
MPDKNC_03757	iSbBS512_1146.SbBS512_E3934	30.5	400	259	6	12	399	8	400	3.36e-53	182
MPDKNC_03757	iSDY_1059.SDY_4548	30.5	400	259	6	12	399	8	400	3.36e-53	182
MPDKNC_03757	iSSON_1240.SSON_3863	30.5	400	259	6	12	399	8	400	3.36e-53	182
MPDKNC_03757	iSF_1195.SF3560	30.3	400	260	6	12	399	8	400	2.52e-52	180
MPDKNC_03757	iPC815.YPO3992	30.3	396	257	6	16	399	12	400	7.04e-52	179
MPDKNC_03757	iSbBS512_1146.SbBS512_E4598	27.7	411	267	6	12	399	7	410	1.17e-51	178
MPDKNC_03757	iSSON_1240.SSON_4258	27.7	411	267	6	12	399	7	410	1.17e-51	178
MPDKNC_03757	iML1515.b4077	27.7	411	267	6	12	399	7	410	1.63e-51	178
MPDKNC_03757	iJN1463.PP_0137	28.1	417	273	6	7	402	2	412	9.67e-51	176
MPDKNC_03757	iSF_1195.SF4137	27.5	411	268	6	12	399	7	410	1.70e-50	175
MPDKNC_03757	iPC815.YPO0254	27.7	411	269	6	11	399	6	410	4.72e-50	174
MPDKNC_03759	iYO844.BSU36130	48.0	175	91	0	1	175	1	175	1.26e-52	165
MPDKNC_03760	iYO844.BSU36130	47.8	159	83	0	6	164	6	164	8.60e-48	153
MPDKNC_03760	iYO844.BSU36120	48.1	160	83	0	9	168	12	171	1.12e-44	146
MPDKNC_03761	iCN900.CD630_15340	55.2	531	231	5	8	534	10	537	4.03e-205	580
MPDKNC_03762	iLJ478.TM0057	50.8	325	153	3	10	327	3	327	2.31e-113	332
MPDKNC_03762	iLJ478.TM1063	48.5	330	159	6	9	327	2	331	4.71e-106	313
MPDKNC_03762	iPC815.YPO3999	50.3	322	158	2	7	328	30	349	5.33e-104	308
MPDKNC_03762	iLJ478.TM1750	47.9	328	162	4	4	330	8	327	2.85e-104	308
MPDKNC_03762	iSSON_1240.SSON_3850	49.5	319	159	2	10	328	12	328	9.87e-104	307
MPDKNC_03762	iML1515.b3540	49.5	319	159	2	10	328	12	328	1.98e-103	306
MPDKNC_03762	iSF_1195.SF3575	49.5	321	156	3	10	328	12	328	1.98e-103	306
MPDKNC_03762	iJN1463.PP_0878	49.2	321	157	3	10	328	4	320	1.89e-103	306
MPDKNC_03762	iSDY_1059.SDY_4563	49.2	319	160	2	10	328	12	328	3.21e-102	303
MPDKNC_03762	STM_v1_0.STM3626	48.9	319	161	2	10	328	12	328	1.01e-101	302
MPDKNC_03762	iYL1228.KPN_03895	48.9	319	161	2	10	328	12	328	2.02e-101	301
MPDKNC_03763	iYO844.BSU12950	54.4	318	144	1	5	321	4	321	3.42e-115	336
MPDKNC_03763	iLJ478.TM1749	52.5	316	150	0	4	319	3	318	4.75e-115	335
MPDKNC_03763	iLJ478.TM1064	52.8	326	149	2	5	325	4	329	7.14e-114	333
MPDKNC_03763	iSbBS512_1146.SbBS512_E1415	51.8	307	147	1	5	311	19	324	4.78e-108	318
MPDKNC_03763	iSDY_1059.SDY_1304	51.8	307	147	1	5	311	19	324	4.78e-108	318
MPDKNC_03763	iSF_1195.SF1247	51.8	307	147	1	5	311	19	324	4.78e-108	318
MPDKNC_03763	iSSON_1240.SSON_1934	51.8	307	147	1	5	311	19	324	4.78e-108	318
MPDKNC_03763	iYL1228.KPN_02194	51.5	307	148	1	5	311	19	324	9.61e-108	317
MPDKNC_03763	iML1515.b1246	51.5	307	148	1	5	311	19	324	1.10e-106	315
MPDKNC_03763	STM_v1_0.STM1743	51.1	307	149	1	5	311	17	322	2.93e-106	313
MPDKNC_03763	iYS854.USA300HOU_RS04900	50.3	320	157	2	5	322	5	324	1.07e-104	310
MPDKNC_03763	iYL1228.KPN_03896	47.3	313	165	0	5	317	3	315	3.89e-102	303
MPDKNC_03764	iYL1228.KPN_00863	29.9	479	316	10	32	495	27	500	5.05e-61	208
MPDKNC_03764	iPC815.YPO4003	28.3	509	325	10	32	504	28	532	2.18e-60	207
MPDKNC_03764	STM_v1_0.STM3630	27.4	507	332	9	32	504	28	532	4.30e-59	203
MPDKNC_03764	iSbBS512_1146.SbBS512_E2518	29.3	478	320	10	32	495	27	500	3.80e-58	200
MPDKNC_03764	iSF_1195.SF0780	29.3	478	320	10	32	495	27	500	5.30e-58	200
MPDKNC_03764	iSSON_1240.SSON_0812	29.3	478	320	10	32	495	27	500	5.30e-58	200
MPDKNC_03764	iML1515.b0830	29.3	478	320	10	32	495	27	500	7.38e-58	199
MPDKNC_03764	iSDY_1059.SDY_0757	29.3	478	320	10	32	495	27	500	7.38e-58	199
MPDKNC_03764	STM_v1_0.STM0849	29.5	478	319	10	32	495	27	500	3.87e-57	197
MPDKNC_03764	iML1515.b3544	27.2	507	333	9	32	504	28	532	1.65e-56	196
MPDKNC_03764	iSDY_1059.SDY_4567	27.2	507	333	9	32	504	28	532	1.65e-56	196
MPDKNC_03764	iSF_1195.SF3579	27.2	507	333	9	32	504	28	532	1.65e-56	196
MPDKNC_03764	iSSON_1240.SSON_3846	27.0	507	334	9	32	504	28	532	6.16e-56	195
MPDKNC_03764	iYL1228.KPN_03899	26.6	507	336	9	32	504	19	523	7.22e-55	192
MPDKNC_03764	iSbBS512_1146.SbBS512_E1750	30.2	483	304	12	35	495	32	503	8.28e-54	189
MPDKNC_03765	iSbBS512_1146.SbBS512_E2516	53.2	220	102	1	77	295	82	301	4.45e-75	231
MPDKNC_03765	iSSON_1240.SSON_0814	53.2	220	102	1	77	295	82	301	4.45e-75	231
MPDKNC_03765	iML1515.b0832	52.7	220	103	1	77	295	82	301	6.30e-75	231
MPDKNC_03765	iSDY_1059.SDY_0755	52.7	220	103	1	77	295	82	301	2.52e-74	229
MPDKNC_03765	iSF_1195.SF0782	52.0	223	100	2	77	295	82	301	2.29e-72	224
MPDKNC_03765	iYL1228.KPN_00865	50.9	220	107	1	77	295	68	287	2.99e-72	224
MPDKNC_03765	STM_v1_0.STM0851	50.9	220	107	1	77	295	82	301	8.26e-70	218
MPDKNC_03765	iJN1463.PP_0880	44.3	271	145	3	31	295	34	304	4.86e-67	211
MPDKNC_03766	iML1515.b0831	46.1	306	158	1	7	312	7	305	8.40e-88	265
MPDKNC_03766	iSDY_1059.SDY_0756	46.1	306	158	1	7	312	7	305	8.40e-88	265
MPDKNC_03766	iSF_1195.SF0781	45.8	306	159	1	7	312	7	305	3.38e-87	263
MPDKNC_03766	STM_v1_0.STM0850	45.8	306	159	1	7	312	7	305	9.58e-87	262
MPDKNC_03766	iYL1228.KPN_00864	45.1	306	161	1	7	312	7	305	1.36e-86	261
MPDKNC_03766	iSbBS512_1146.SbBS512_E2517	45.8	306	159	1	7	312	7	305	1.36e-86	261
MPDKNC_03766	iSSON_1240.SSON_0813	45.8	306	159	1	7	312	7	305	2.72e-86	261
MPDKNC_03766	iJN1463.PP_0881	44.3	334	164	4	1	312	1	334	1.85e-80	247
MPDKNC_03766	iYL1228.KPN_03898	42.4	321	160	3	17	312	17	337	2.07e-77	239
MPDKNC_03766	iYS854.USA300HOU_RS01055	42.2	306	171	1	5	310	185	484	2.76e-75	238
MPDKNC_03770	iYO844.BSU03070	27.6	127	89	1	55	178	54	180	1.25e-06	50.1
MPDKNC_03770	iMM904.YOR273C	28.9	135	89	3	36	167	116	246	1.72e-05	46.6
MPDKNC_03770	STM_v1_0.STM3338	25.9	170	121	2	10	179	21	185	2.03e-05	46.2
MPDKNC_03770	iML1515.b2943	31.3	166	106	4	36	197	40	201	3.44e-05	45.4
MPDKNC_03770	iSbBS512_1146.SbBS512_E3375	31.3	166	106	4	36	197	40	201	3.44e-05	45.4
MPDKNC_03770	iSDY_1059.SDY_3129	31.3	166	106	4	36	197	40	201	3.44e-05	45.4
MPDKNC_03770	iSSON_1240.SSON_3097	31.3	166	106	4	36	197	40	201	3.44e-05	45.4
MPDKNC_03771	iYO844.BSU38140	48.0	98	50	1	1	97	1	98	2.06e-24	89.0
MPDKNC_03772	iYO844.BSU38150	58.5	205	83	1	1	205	1	203	2.00e-86	253
MPDKNC_03773	iYO844.BSU38160	72.0	639	170	4	13	649	13	644	0.0	957
MPDKNC_03774	iYO844.BSU38170	54.6	306	130	4	1	303	4	303	6.28e-114	332
MPDKNC_03775	iML1515.b3915	31.4	271	178	3	16	283	21	286	6.48e-37	132
MPDKNC_03775	iSDY_1059.SDY_3832	31.4	271	178	3	16	283	21	286	6.48e-37	132
MPDKNC_03775	iSF_1195.SF3993	31.0	271	179	3	16	283	21	286	9.07e-37	132
MPDKNC_03775	iSSON_1240.SSON_4084	31.0	271	179	3	16	283	21	286	9.07e-37	132
MPDKNC_03775	iSbBS512_1146.SbBS512_E4394	31.4	271	178	3	16	283	21	286	1.27e-36	132
MPDKNC_03775	STM_v1_0.STM4061	31.3	268	182	2	16	283	21	286	1.78e-36	131
MPDKNC_03775	iYL1228.KPN_04222	30.0	270	187	2	16	285	21	288	4.90e-36	130
MPDKNC_03775	iCN900.CD630_35200	28.5	284	191	5	6	283	10	287	5.66e-32	119
MPDKNC_03777	iSynCJ816.SGL_RS06270	28.8	320	216	6	28	336	58	376	5.41e-38	139
MPDKNC_03779	STM_v1_0.STM4483	42.5	252	137	3	1	249	4	250	2.86e-57	182
MPDKNC_03779	iSSON_1240.SSON_4451	41.7	252	139	3	1	249	4	250	2.28e-56	180
MPDKNC_03779	iML1515.b4266	41.7	252	139	3	1	249	4	250	3.23e-56	180
MPDKNC_03779	iPC815.YPO2539	43.7	252	134	3	1	249	4	250	3.23e-56	180
MPDKNC_03779	iYO844.BSU15910	40.5	247	142	2	4	249	2	244	3.66e-53	172
MPDKNC_03779	iAF987.Gmet_1601	41.1	248	142	1	2	249	1	244	3.66e-53	172
MPDKNC_03779	iCN900.CD630_11820	39.8	251	144	3	1	249	1	246	1.01e-50	166
MPDKNC_03780	iAF987.Gmet_1188	44.4	54	30	0	394	447	13	66	4.46e-04	42.0
MPDKNC_03781	iJN1463.PP_5097	37.6	338	186	6	18	330	24	361	6.67e-67	215
MPDKNC_03781	iAF987.Gmet_2783	37.3	351	194	10	18	345	17	364	6.19e-65	209
MPDKNC_03781	iYS854.USA300HOU_RS00060	36.5	334	179	9	6	335	2	306	1.66e-65	209
MPDKNC_03781	iAF692.Mbar_A2428	32.6	420	189	8	20	345	38	457	1.12e-62	209
MPDKNC_03781	iEK1008.Rv3341	38.4	354	198	8	9	343	16	368	3.50e-63	205
MPDKNC_03781	iCN718.ABAYE_RS16385	36.8	337	188	8	18	329	22	358	7.08e-61	199
MPDKNC_03782	iHN637.CLJU_RS03265	63.8	420	150	2	7	425	9	427	1.09e-192	540
MPDKNC_03782	iAF987.Gmet_2390	62.3	416	157	0	7	422	8	423	1.07e-190	535
MPDKNC_03782	iLJ478.TM0882	60.5	425	165	3	5	427	6	429	7.37e-182	513
MPDKNC_03782	iAF692.Mbar_A2427	57.3	419	178	1	4	422	37	454	3.65e-174	494
MPDKNC_03783	iHN637.CLJU_RS11995	39.4	376	209	4	1	365	1	368	2.16e-85	263
MPDKNC_03783	iNF517.LLMG_RS08915	39.3	382	213	4	5	375	6	379	8.62e-85	262
MPDKNC_03783	iYO844.BSU11880	39.0	382	214	5	5	375	10	383	5.78e-82	255
MPDKNC_03783	iYO844.BSU27250	37.2	384	222	4	1	373	1	376	4.69e-81	252
MPDKNC_03783	iYS854.USA300HOU_RS02320	38.3	384	219	4	1	373	1	377	2.14e-79	248
MPDKNC_03783	iIT341.HP0106	37.3	386	223	5	1	375	1	378	4.27e-79	247
MPDKNC_03783	iAF987.Gmet_0698	36.8	386	222	4	1	372	1	378	1.84e-77	243
MPDKNC_03783	iYO844.BSU11870	36.5	375	223	4	5	378	7	367	6.82e-76	239
MPDKNC_03784	iYL1228.KPN_02814	25.5	137	83	4	50	171	2	134	1.20e-08	51.6
MPDKNC_03784	iML1515.b2480	25.5	137	79	5	52	171	4	134	4.35e-08	50.1
MPDKNC_03784	iSbBS512_1146.SbBS512_E2852	25.5	137	79	5	52	171	4	134	4.35e-08	50.1
MPDKNC_03784	iSDY_1059.SDY_2669	25.5	137	79	5	52	171	4	134	4.35e-08	50.1
MPDKNC_03784	iSF_1195.SF2523	25.5	137	79	5	52	171	4	134	4.35e-08	50.1
MPDKNC_03784	iSSON_1240.SSON_2561	25.5	137	79	5	52	171	4	134	4.35e-08	50.1
MPDKNC_03784	iPC815.YPO3064	24.1	137	81	5	52	171	5	135	2.20e-07	48.1
MPDKNC_03790	iYS854.USA300HOU_RS03930	32.7	483	261	7	17	441	22	498	9.14e-70	229
MPDKNC_03791	iML1515.b1856	36.1	122	66	4	332	450	295	407	7.99e-14	72.8
MPDKNC_03793	iIT341.HP1576	41.5	217	126	1	1	216	2	218	1.89e-56	182
MPDKNC_03794	iYO844.BSU22540	41.0	61	31	3	42	99	192	250	4.37e-07	45.8
MPDKNC_03817	iCN900.CD630_02200	30.2	116	71	4	103	215	263	371	3.07e-05	43.9
MPDKNC_03817	iAF987.Gmet_1939	33.0	103	59	4	116	215	283	378	5.57e-05	43.1
MPDKNC_03817	iNF517.LLMG_RS10225	48.6	35	18	0	181	215	213	247	2.05e-04	41.2
MPDKNC_03817	iYS854.USA300HOU_RS05330	28.6	119	78	4	99	215	267	380	3.27e-04	40.8
MPDKNC_03819	iJN1463.PP_4799	35.3	300	184	5	4	298	12	306	8.43e-47	159
MPDKNC_03820	iYS854.USA300HOU_RS04050	39.1	281	166	4	1	277	1	280	7.87e-68	212
MPDKNC_03821	iML1515.b3943	25.5	302	200	10	6	296	13	300	1.82e-09	57.4
MPDKNC_03821	iML1515.b1533	26.6	305	178	12	14	294	15	297	1.91e-08	54.3
MPDKNC_03821	iSF_1195.SF1561	26.8	272	162	10	44	294	9	264	9.33e-08	52.0
MPDKNC_03822	iYO844.BSU07840	53.2	649	290	7	14	657	24	663	1.32e-231	684
MPDKNC_03822	iPC815.YPO3530	52.5	649	290	12	14	648	10	654	5.83e-227	646
MPDKNC_03822	iYL1228.KPN_04607	51.5	649	291	13	13	647	7	645	1.72e-226	644
MPDKNC_03822	iML1515.b4213	50.8	649	295	12	13	647	7	645	8.45e-222	632
MPDKNC_03822	iSSON_1240.SSON_4398	50.8	649	295	12	13	647	7	645	8.45e-222	632
MPDKNC_03822	iSF_1195.SF4273	51.0	649	294	12	13	647	7	645	1.70e-221	632
MPDKNC_03822	STM_v1_0.STM4403	50.5	649	297	12	13	647	7	645	2.54e-218	624
MPDKNC_03822	iSDY_1059.SDY_4383	50.2	649	299	12	13	647	9	647	6.25e-217	620
MPDKNC_03823	iYS854.USA300HOU_RS03995	63.1	306	112	1	1	306	1	305	5.51e-134	382
MPDKNC_03830	STM_v1_0.STM0235	69.6	125	38	0	3	127	4	128	3.99e-59	178
MPDKNC_03831	iYO844.BSU40550	74.3	307	79	0	1	307	1	307	7.70e-161	450
MPDKNC_03832	iYS854.USA300HOU_RS00160	36.7	670	406	8	32	697	2	657	3.73e-150	451
MPDKNC_03834	iYS854.USA300HOU_RS04740	43.9	376	198	6	1	370	1	369	2.13e-99	299
MPDKNC_03835	iYO844.BSU07840	43.7	540	271	11	702	1212	639	1174	2.36e-125	421
MPDKNC_03838	iCN900.CD630_14910	39.7	262	148	5	2	262	5	257	9.23e-54	174
MPDKNC_03838	iJN1463.PP_0112	37.0	257	151	4	7	262	4	250	6.62e-49	162
MPDKNC_03839	iJN1463.PP_0219	48.8	209	107	0	13	221	6	214	7.23e-64	197
MPDKNC_03839	iJN1463.PP_0113	49.7	197	99	0	16	212	18	214	2.66e-58	183
MPDKNC_03840	iPC815.YPO1073	49.4	340	165	1	1	333	1	340	1.57e-113	332
MPDKNC_03840	iYL1228.KPN_00213	48.8	340	167	1	1	333	1	340	2.55e-112	329
MPDKNC_03840	iSDY_1059.SDY_0218	47.9	340	170	1	1	333	1	340	2.93e-111	327
MPDKNC_03840	iSbBS512_1146.SbBS512_E0193	47.6	340	171	1	1	333	1	340	8.34e-111	325
MPDKNC_03840	iSSON_1240.SSON_0213	47.6	340	171	1	1	333	1	340	8.34e-111	325
MPDKNC_03840	iML1515.b0199	47.4	340	172	1	1	333	1	340	1.18e-110	325
MPDKNC_03840	STM_v1_0.STM0247	48.2	340	169	1	1	333	1	340	4.76e-110	323
MPDKNC_03840	iSF_1195.SF0190	47.6	340	171	1	1	333	1	340	6.75e-110	323
MPDKNC_03840	iYO844.BSU32750	49.4	338	166	1	1	333	1	338	4.14e-108	318
MPDKNC_03841	iAF987.Gmet_2999	29.0	131	86	3	2	127	9	137	1.75e-11	62.4
MPDKNC_03841	iAF987.Gmet_0069	23.3	210	149	5	3	203	5	211	6.78e-11	60.5
MPDKNC_03842	iAF987.Gmet_0043	25.7	257	178	6	84	328	12	267	2.83e-14	73.2
MPDKNC_03843	iCN900.CD630_19470	51.8	218	103	2	4	219	10	227	3.75e-71	216
MPDKNC_03844	iYO844.BSU30410	22.5	445	277	22	10	408	12	434	1.96e-06	50.8
MPDKNC_03845	iYO844.BSU02130	34.8	253	140	5	434	668	37	282	4.22e-32	126
MPDKNC_03846	iYS854.USA300HOU_RS06535	35.6	177	114	0	2	178	4	180	3.72e-35	121
MPDKNC_03847	iML1515.b0675	31.2	247	161	5	1	247	10	247	9.16e-34	122
MPDKNC_03847	iYS854.USA300HOU_RS04600	31.0	248	167	4	1	248	11	254	1.71e-32	119
MPDKNC_03848	iJN1463.PP_5136	26.3	476	314	11	69	527	70	525	5.94e-37	144
MPDKNC_03849	iLJ478.TM1376	40.6	379	191	5	2	370	4	358	9.09e-92	279
MPDKNC_03849	iLJ478.TM0421	42.7	349	169	4	1	345	1	322	2.27e-84	260
MPDKNC_03849	iCN900.CD630_10240	41.0	339	166	5	4	341	6	311	8.87e-84	258
MPDKNC_03849	iJN1463.PP_1484	44.7	342	146	5	3	344	4	302	2.22e-83	257
MPDKNC_03849	iJN1463.PP_0411	40.2	363	177	5	19	371	31	363	3.18e-82	255
MPDKNC_03849	iCN900.CD630_35300	48.8	260	111	1	1	260	1	238	4.88e-82	253
MPDKNC_03850	iJN1463.PP_5135	25.9	316	216	9	36	342	25	331	3.21e-33	125
MPDKNC_03854	iLJ478.TM1195	32.4	667	404	13	3	645	2	645	3.41e-126	387
MPDKNC_03855	iYO844.BSU38200	51.3	374	175	4	10	376	14	387	8.35e-126	367
MPDKNC_03856	iYL1228.KPN_04203	34.8	581	370	7	112	689	74	648	3.73e-98	318
MPDKNC_03856	iPC815.YPO1581	32.8	583	379	8	114	690	75	650	3.07e-95	310
MPDKNC_03857	iYO844.BSU28730	40.2	259	150	2	19	273	23	280	2.39e-53	174
MPDKNC_03857	iCN900.CD630_34150	31.5	273	185	2	2	273	15	286	6.75e-51	168
MPDKNC_03857	iPC815.YPO3794	35.2	273	169	2	6	270	7	279	8.31e-51	167
MPDKNC_03857	iYL1228.KPN_03811	34.3	274	170	3	6	270	7	279	2.24e-47	159
MPDKNC_03857	STM_v1_0.STM3555	33.9	274	171	3	6	270	7	279	4.46e-47	158
MPDKNC_03858	iYO844.BSU28740	38.7	287	164	5	3	282	27	308	2.15e-59	191
MPDKNC_03858	iEK1008.Rv2040c	38.7	284	164	6	4	280	8	288	2.58e-54	177
MPDKNC_03858	iYO844.BSU06980	39.1	279	162	7	9	281	23	299	2.03e-52	173
MPDKNC_03859	iYO844.BSU28750	30.0	410	262	12	1	394	1	401	1.62e-41	152
MPDKNC_03859	iHN637.CLJU_RS00965	27.3	300	212	4	92	389	93	388	1.66e-37	140
MPDKNC_03863	iLJ478.TM1015	39.0	421	225	5	36	456	25	413	4.36e-86	269
MPDKNC_03863	iYO844.BSU37790	36.9	423	232	7	26	447	25	413	1.71e-84	265
MPDKNC_03863	iSynCJ816.SGL_RS16330	39.4	406	214	7	55	456	43	420	8.32e-83	261
MPDKNC_03863	iCN718.ABAYE_RS02275	39.9	388	200	6	55	442	51	405	5.65e-82	259
MPDKNC_03863	iYS854.USA300HOU_RS04750	34.2	456	250	6	1	456	7	412	1.35e-80	255
MPDKNC_03863	iYO844.BSU22960	35.4	452	239	9	1	449	17	418	2.14e-79	252
MPDKNC_03863	iYL1228.KPN_01492	39.4	358	180	6	55	410	52	374	5.12e-76	243
MPDKNC_03864	iLJ478.TM0282	35.9	340	196	7	9	328	18	355	1.00e-65	210
MPDKNC_03864	iCN718.ABAYE_RS14110	34.2	348	199	8	10	328	34	380	1.93e-58	192
MPDKNC_03865	iYO844.BSU38190	50.6	508	230	8	1	493	1	502	1.55e-163	472
MPDKNC_03865	iNF517.LLMG_RS11205	47.2	492	255	3	1	491	1	488	1.22e-152	444
MPDKNC_03866	iNF517.LLMG_RS11200	57.2	327	137	2	1	325	1	326	7.13e-132	378
MPDKNC_03866	iHN637.CLJU_RS10655	54.1	327	147	2	1	325	1	326	1.83e-120	349
MPDKNC_03867	iYO844.BSU38200	52.1	386	184	1	2	386	4	389	1.31e-137	397
MPDKNC_03867	iNF517.LLMG_RS11210	52.4	380	180	1	3	381	14	393	6.11e-128	373
MPDKNC_03868	iCN900.CD630_28350	48.7	493	248	3	23	510	4	496	1.24e-161	468
MPDKNC_03869	iYS854.USA300HOU_RS02885	49.0	365	185	1	16	380	16	379	4.43e-121	356
MPDKNC_03874	iLJ478.TM0024	36.8	253	132	9	49	273	210	462	1.12e-40	148
MPDKNC_03875	iYS854.USA300HOU_RS14480	28.2	319	180	8	30	345	36	308	2.72e-26	109
MPDKNC_03875	iML1515.b1022	29.5	325	175	12	42	360	76	352	9.29e-26	108
MPDKNC_03876	iYS854.USA300HOU_RS14490	30.3	228	145	6	69	289	48	268	1.26e-19	86.7
MPDKNC_03877	iAF987.Gmet_3085	41.4	532	301	5	261	784	350	878	2.51e-127	402
MPDKNC_03877	iAF987.Gmet_0957	49.4	435	215	2	356	785	181	615	3.03e-128	396
MPDKNC_03877	iAF987.Gmet_0987	39.8	560	320	6	234	783	225	777	2.45e-121	383
MPDKNC_03877	iAF987.Gmet_0700	41.0	580	309	9	227	789	254	817	1.30e-114	366
MPDKNC_03878	iHN637.CLJU_RS20760	26.4	405	280	7	4	390	5	409	1.23e-41	150
MPDKNC_03881	iYO844.BSU01680	68.8	448	137	2	6	452	10	455	4.70e-211	589
MPDKNC_03882	iSbBS512_1146.SbBS512_E2800	52.9	289	136	0	10	298	8	296	2.86e-93	278
MPDKNC_03882	iSF_1195.SF2481	52.9	289	136	0	10	298	8	296	2.86e-93	278
MPDKNC_03882	iML1515.b2428	52.9	289	136	0	10	298	8	296	4.05e-93	277
MPDKNC_03882	iYS854.USA300HOU_RS01010	51.4	288	140	0	10	297	6	293	5.74e-93	277
MPDKNC_03882	iSDY_1059.SDY_2624	52.9	289	136	0	10	298	8	296	8.13e-93	276
MPDKNC_03882	iSSON_1240.SSON_2517	52.6	289	137	0	10	298	8	296	1.63e-92	276
MPDKNC_03882	iCN900.CD630_30460	47.9	290	151	0	8	297	9	298	1.26e-85	258
MPDKNC_03886	iCHOv1.100769710	45.8	430	228	3	4	428	54	483	1.52e-128	379
MPDKNC_03886	iMM1415.52815	45.2	431	231	3	3	428	53	483	4.30e-128	378
MPDKNC_03886	iAT_PLT_636.197257	45.9	431	228	3	3	428	53	483	2.44e-127	376
MPDKNC_03887	iCN900.CD630_34880	62.3	284	105	1	3	286	4	285	3.40e-125	359
MPDKNC_03887	iCN900.CD630_27150	62.1	285	106	1	3	287	4	286	1.21e-125	359
MPDKNC_03887	iHN637.CLJU_RS16855	60.6	289	112	1	3	291	2	288	8.17e-120	345
MPDKNC_03887	iYS854.USA300HOU_RS13545	57.4	289	121	1	1	289	1	287	1.00e-116	337
MPDKNC_03887	iYO844.BSU35670	58.7	288	117	1	1	288	1	286	2.31e-116	336
MPDKNC_03889	iHN637.CLJU_RS10075	26.0	504	334	16	14	502	9	488	7.22e-29	119
MPDKNC_03889	iYO844.BSU19580	22.8	487	355	11	12	491	8	480	1.16e-27	115
MPDKNC_03889	iYS854.USA300HOU_RS10330	26.9	509	306	20	12	488	20	494	1.31e-27	115
MPDKNC_03889	iSbBS512_1146.SbBS512_E3641	26.1	475	325	12	14	478	9	467	1.40e-27	115
MPDKNC_03889	iSDY_1059.SDY_3435	26.2	477	322	13	14	478	11	469	1.42e-27	115
MPDKNC_03889	iML1515.b3258	25.6	476	326	12	14	478	9	467	1.89e-27	114
MPDKNC_03889	iSF_1195.SF3296	25.6	476	326	12	14	478	9	467	1.89e-27	114
MPDKNC_03889	iSSON_1240.SSON_3399	25.6	476	326	12	14	478	11	469	1.92e-27	114
MPDKNC_03889	STM_v1_0.STM3382	25.8	489	331	14	14	489	9	478	1.15e-26	112
MPDKNC_03889	iYL1228.KPN_03667	25.1	490	339	12	11	489	7	479	2.30e-25	108
MPDKNC_03891	iML1515.b2371	34.5	377	241	2	3	379	5	375	1.58e-72	231
MPDKNC_03893	iCN718.ABAYE_RS11835	42.5	292	166	2	1	292	7	296	6.98e-75	231
MPDKNC_03893	iYO844.BSU18230	39.2	283	171	1	2	284	7	288	8.92e-67	210
MPDKNC_03894	iHN637.CLJU_RS19350	34.8	135	87	1	64	198	38	171	2.61e-19	81.6
MPDKNC_03894	iCN900.CD630_15950	33.1	133	88	1	64	196	35	166	2.66e-18	79.0
MPDKNC_03894	iLJ478.TM0666	29.7	192	120	5	28	206	13	202	4.25e-16	73.6
MPDKNC_03895	iYO844.BSU10220	77.4	416	94	0	1	416	1	416	3.03e-225	622
MPDKNC_03899	iYS854.USA300HOU_RS11635	25.4	515	355	12	1	502	3	501	3.44e-37	147
MPDKNC_03900	iNF517.LLMG_RS01005	35.2	480	271	10	5	457	9	475	5.56e-94	291
MPDKNC_03900	iYS854.USA300HOU_RS11865	34.5	481	270	13	1	453	1	464	7.37e-89	278
MPDKNC_03900	iCN900.CD630_08180	37.7	477	265	15	1	457	1	465	2.15e-87	274
MPDKNC_03901	iYO844.BSU38570	54.2	96	44	0	7	102	4	99	2.47e-30	103
MPDKNC_03901	iCN900.CD630_01350	55.4	92	41	0	8	99	1	92	7.51e-28	97.4
MPDKNC_03901	iCN900.CD630_36470	50.5	95	47	0	8	102	5	99	1.90e-26	94.0
MPDKNC_03902	iYO844.BSU05830	54.8	409	180	1	12	415	9	417	2.02e-163	467
MPDKNC_03903	iYO844.BSU05810	58.2	98	41	0	5	102	3	100	4.35e-33	110
MPDKNC_03903	iCN900.CD630_28840	51.0	98	48	0	4	101	2	99	3.37e-30	103
MPDKNC_03903	iCN900.CD630_36480	49.0	98	50	0	4	101	2	99	5.53e-29	100
MPDKNC_03942	iMM1415.66286	34.0	103	53	7	44	135	64	162	4.58e-05	42.0
MPDKNC_03942	iCHOv1.100769695	34.0	103	53	7	44	135	64	162	6.22e-05	41.6
MPDKNC_03942	iMM1415.56529	29.2	130	72	8	44	159	52	175	1.94e-04	40.0
MPDKNC_03942	iCHOv1.100752256	29.2	130	72	8	44	159	52	175	2.63e-04	39.7
MPDKNC_03945	iHN637.CLJU_RS00330	67.7	294	95	0	2	295	3	296	1.35e-137	390
MPDKNC_03947	iCN900.CD630_28120	45.5	446	232	3	11	445	4	449	1.03e-117	351
MPDKNC_03949	iYS854.USA300HOU_RS10410	54.5	341	149	3	49	385	26	364	5.89e-119	354
MPDKNC_03950	iYS854.USA300HOU_RS10410	60.2	98	39	0	13	110	417	514	8.14e-35	124
MPDKNC_03951	iYO844.BSU04000	73.2	347	93	0	1	347	3	349	2.82e-193	536
MPDKNC_03952	iYO844.BSU28730	36.2	254	160	1	24	275	27	280	5.76e-58	186
MPDKNC_03952	iEK1008.Rv2039c	38.3	264	155	4	13	273	19	277	8.87e-57	183
MPDKNC_03952	iYO844.BSU06990	36.3	281	172	4	2	275	16	296	1.20e-51	170
MPDKNC_03952	iCN900.CD630_34150	34.8	276	173	5	3	275	15	286	7.18e-51	168
MPDKNC_03953	iEK1008.Rv2040c	35.9	295	184	4	4	296	1	292	1.81e-55	181
MPDKNC_03953	iCN900.CD630_25490	34.5	284	178	5	16	296	24	302	3.40e-50	167
MPDKNC_03954	iEK1008.Rv2041c	24.6	354	235	9	43	368	45	394	7.32e-18	84.7
MPDKNC_03956	iJN1463.PP_2454	33.1	127	78	3	157	280	138	260	8.57e-13	67.8
MPDKNC_03956	iYL1228.KPN_04156	22.6	310	215	8	30	331	4	296	5.86e-12	65.1
MPDKNC_03956	iML1515.b3751	22.9	310	214	8	30	331	4	296	7.90e-12	64.7
MPDKNC_03956	STM_v1_0.STM3884	22.3	310	216	8	30	331	4	296	1.06e-11	64.3
MPDKNC_03957	iAM_Pb448.PBANKA_091170	38.3	277	145	9	81	336	653	924	1.31e-35	143
MPDKNC_03957	iAM_Pc455.PCYB_094280	39.5	248	128	10	110	336	706	952	1.70e-32	134
MPDKNC_03957	iAM_Pv461.PVX_092460	38.3	248	131	10	110	336	861	1107	1.35e-31	131
MPDKNC_03957	iAM_Pf480.PF3D7_1136900	38.6	249	129	8	110	336	727	973	5.48e-31	129
MPDKNC_03961	iEK1008.Rv0958	36.8	57	36	0	411	467	170	226	6.65e-04	42.4
MPDKNC_03962	iYO844.BSU32410	24.8	403	234	15	4	357	6	388	2.13e-09	58.5
MPDKNC_03962	iAF987.Gmet_1770	25.7	385	219	17	18	358	18	379	8.41e-09	56.6
MPDKNC_03962	iHN637.CLJU_RS12870	21.5	381	241	14	1	371	6	338	1.37e-08	56.2
MPDKNC_03963	STM_v1_0.STM1556	49.2	472	239	1	3	473	9	480	1.07e-153	445
MPDKNC_03964	iYS854.USA300HOU_RS13930	29.2	359	227	9	9	352	16	362	5.97e-33	134
MPDKNC_03964	STM_v1_0.STM2232	23.6	662	383	26	8	629	4	582	2.70e-32	132
MPDKNC_03967	iYS854.USA300HOU_RS01050	40.5	232	133	1	19	250	297	523	2.28e-51	174
MPDKNC_03967	iSDY_1059.SDY_0758	41.1	246	136	3	5	250	318	554	7.76e-50	172
MPDKNC_03967	iML1515.b0829	40.7	246	137	3	5	250	329	565	3.31e-49	170
MPDKNC_03967	iJN1463.PP_0878	39.3	244	142	1	7	250	18	255	1.14e-51	170
MPDKNC_03967	iSbBS512_1146.SbBS512_E2519	40.7	246	137	3	5	250	329	565	3.31e-49	170
MPDKNC_03967	iSF_1195.SF0779	40.7	246	137	3	5	250	318	554	2.89e-49	170
MPDKNC_03967	iSSON_1240.SSON_0811	40.7	246	137	3	5	250	318	554	2.89e-49	170
MPDKNC_03967	iLJ478.TM1063	41.6	238	128	4	19	250	31	263	5.14e-51	169
MPDKNC_03967	iLJ478.TM1750	38.1	231	137	1	19	249	33	257	5.23e-51	169
MPDKNC_03967	iYL1228.KPN_00862	39.4	246	140	3	5	250	326	562	2.26e-48	168
MPDKNC_03967	iML1515.b3540	40.1	232	133	2	19	250	38	263	2.40e-50	167
MPDKNC_03967	STM_v1_0.STM0848	39.4	246	140	3	5	250	329	565	4.55e-48	167
MPDKNC_03967	iSDY_1059.SDY_4563	40.1	232	133	2	19	250	38	263	2.40e-50	167
MPDKNC_03967	iSF_1195.SF3575	40.1	232	133	2	19	250	38	263	2.40e-50	167
MPDKNC_03967	iSSON_1240.SSON_3850	40.1	232	133	2	19	250	38	263	2.40e-50	167
MPDKNC_03967	STM_v1_0.STM3626	38.5	244	144	2	7	250	26	263	2.84e-49	164
MPDKNC_03967	iYL1228.KPN_03895	40.1	232	133	2	19	250	38	263	4.00e-49	164
MPDKNC_03967	iLJ478.TM0057	41.3	252	133	6	5	249	15	258	5.77e-49	164
MPDKNC_03967	iEK1008.Rv1281c	39.0	231	134	1	19	249	377	600	3.91e-46	162
MPDKNC_03967	iPC815.YPO3999	40.1	232	133	2	19	250	59	284	5.13e-48	162
MPDKNC_03967	iYS854.USA300HOU_RS04905	37.8	249	139	4	11	250	14	255	3.75e-47	158
MPDKNC_03968	iYS854.USA300HOU_RS13360	37.1	251	153	3	1	246	3	253	9.45e-51	167
MPDKNC_03968	STM_v1_0.STM0848	41.6	245	133	5	17	251	32	276	1.71e-45	160
MPDKNC_03968	iLJ478.TM0058	42.5	254	134	7	9	251	16	268	1.10e-47	160
MPDKNC_03968	iYS854.USA300HOU_RS01050	40.5	237	136	3	17	248	24	260	3.91e-45	158
MPDKNC_03968	iML1515.b0829	38.8	240	142	3	11	249	334	569	8.09e-43	153
MPDKNC_03968	iYL1228.KPN_00862	40.8	245	135	5	17	251	33	277	7.80e-43	153
MPDKNC_03968	iSbBS512_1146.SbBS512_E2519	38.8	240	142	3	11	249	334	569	8.09e-43	153
MPDKNC_03968	iSSON_1240.SSON_0811	38.8	240	142	3	11	249	323	558	7.31e-43	153
MPDKNC_03968	iSDY_1059.SDY_0758	39.1	266	146	7	1	251	1	265	1.01e-42	153
MPDKNC_03968	iSF_1195.SF0779	38.8	240	142	3	11	249	323	558	1.01e-42	153
MPDKNC_03968	iYO844.BSU12950	40.2	251	143	5	7	250	12	262	4.32e-44	151
MPDKNC_03968	iML1515.b2180	39.7	257	146	4	1	248	5	261	2.82e-42	150
MPDKNC_03968	iSSON_1240.SSON_3849	37.7	257	150	5	1	248	3	258	7.08e-44	150
MPDKNC_03969	iYS854.USA300HOU_RS07025	41.0	261	154	0	2	262	3	263	2.48e-63	199
MPDKNC_03969	iJN1463.PP_3344	38.3	266	163	1	5	269	14	279	9.19e-62	196
MPDKNC_03969	iAF692.Mbar_A0470	41.5	234	134	1	32	262	53	286	6.74e-61	194
MPDKNC_03969	iYL1228.KPN_03852	38.1	265	164	0	1	265	4	268	1.04e-56	182
MPDKNC_03970	iAF692.Mbar_A0469	34.2	307	202	0	1	307	1	307	9.95e-68	213
MPDKNC_03970	iSDY_1059.SDY_3632	37.6	311	194	0	1	311	1	311	2.58e-66	210
MPDKNC_03970	iML1515.b3477	37.3	311	195	0	1	311	1	311	7.26e-66	209
MPDKNC_03970	iSbBS512_1146.SbBS512_E3844	37.3	311	195	0	1	311	1	311	7.26e-66	209
MPDKNC_03970	iSSON_1240.SSON_3715	37.3	311	195	0	1	311	1	311	7.26e-66	209
MPDKNC_03970	iJN1463.PP_3343	36.2	287	183	0	24	310	24	310	9.97e-66	208
MPDKNC_03970	iYL1228.KPN_03851	38.9	285	174	0	24	308	24	308	5.76e-65	206
MPDKNC_03970	iSF_1195.SF3495	37.0	311	196	0	1	311	1	311	5.76e-65	206
MPDKNC_03970	STM_v1_0.STM0850	35.2	284	181	1	24	307	24	304	4.53e-62	199
MPDKNC_03970	iSSON_1240.SSON_0813	34.5	284	183	1	24	307	24	304	6.40e-62	198
MPDKNC_03970	iML1515.b0831	34.5	284	183	1	24	307	24	304	1.80e-61	197
MPDKNC_03970	iSDY_1059.SDY_0756	34.5	284	183	1	24	307	24	304	1.80e-61	197
MPDKNC_03970	iSF_1195.SF0781	34.5	284	183	1	24	307	24	304	3.58e-61	196
MPDKNC_03970	iYL1228.KPN_00864	33.8	284	185	1	24	307	24	304	2.83e-60	194
MPDKNC_03970	iSbBS512_1146.SbBS512_E2517	34.2	284	184	1	24	307	24	304	2.83e-60	194
MPDKNC_03971	iYS854.USA300HOU_RS01220	32.9	480	306	7	33	509	3	469	1.09e-82	264
MPDKNC_03974	iYO844.BSU06990	26.7	292	185	7	35	319	27	296	2.08e-23	97.4
MPDKNC_03975	iYO844.BSU30280	30.0	297	188	10	4	298	10	288	8.18e-29	112
MPDKNC_03975	iEK1008.Rv2040c	28.6	280	181	6	35	305	18	287	1.04e-24	100
MPDKNC_03976	iAF987.Gmet_3476	33.1	136	77	6	2	132	10	136	1.78e-08	56.2
MPDKNC_03976	iAF987.Gmet_1914	29.4	109	74	2	3	111	3	108	2.33e-07	52.8
MPDKNC_03978	iCHOv1.100761822	33.6	996	585	25	64	1026	107	1059	1.79e-151	477
MPDKNC_03978	iMM1415.73744	31.8	1036	566	26	96	1026	131	1130	5.36e-136	438
MPDKNC_03980	iML1515.b0732	27.7	875	536	22	6	842	7	822	1.07e-93	314
MPDKNC_03980	iSF_1195.SF0565	27.2	875	540	22	6	842	7	822	3.95e-93	313
MPDKNC_03980	iCN900.CD630_30850	27.2	880	544	21	3	845	2	821	1.19e-89	303
MPDKNC_03982	iYL1228.KPN_02823	31.1	299	186	6	6	294	5	293	2.38e-33	123
MPDKNC_03982	iCN900.CD630_22360	29.3	294	193	7	1	284	1	289	8.70e-33	122
MPDKNC_03983	iNF517.LLMG_RS01005	33.6	473	283	10	3	451	9	474	1.74e-80	257
MPDKNC_03983	iYS854.USA300HOU_RS11865	33.0	473	285	16	4	453	6	469	1.65e-74	241
MPDKNC_03984	iYO844.BSU35620	36.6	292	179	4	30	316	27	317	2.36e-48	173
MPDKNC_03985	iYO844.BSU12010	70.1	653	190	2	1	651	1	650	6.61e-306	845
MPDKNC_03986	iYS854.USA300HOU_RS11635	25.6	493	338	9	1	476	3	483	1.39e-41	160
MPDKNC_03988	iYO844.BSU35790	58.3	314	131	0	2	315	3	316	3.46e-144	408
MPDKNC_03988	iCN900.CD630_24910	58.8	313	129	0	3	315	2	314	2.59e-136	388
MPDKNC_03988	iYO844.BSU12020	59.2	314	125	3	2	314	3	314	6.24e-135	385
MPDKNC_03991	iYO844.BSU04340	61.5	574	220	1	1	573	1	574	3.88e-261	726
MPDKNC_03992	iYS854.USA300HOU_RS13340	58.7	489	198	4	27	514	28	513	5.21e-208	587
MPDKNC_03993	iPC815.YPO0444	35.5	346	212	7	2	339	64	406	2.31e-60	199
MPDKNC_03993	iSDY_1059.SDY_4651	33.3	348	217	8	2	339	71	413	8.11e-55	184
MPDKNC_03993	iSF_1195.SF4422	33.3	348	217	8	2	339	71	413	8.11e-55	184
MPDKNC_03993	iML1515.b4390	33.3	348	217	8	2	339	64	406	9.67e-55	184
MPDKNC_03993	iSbBS512_1146.SbBS512_E4937	33.0	348	218	8	2	339	64	406	1.91e-54	183
MPDKNC_03993	iSSON_1240.SSON_4540	33.0	348	218	8	2	339	71	413	2.24e-54	183
MPDKNC_03993	iYL1228.KPN_04845	32.5	348	220	8	2	339	64	406	5.64e-53	179
MPDKNC_03994	iNF517.LLMG_RS08645	25.6	227	149	4	2	219	10	225	1.17e-20	86.7
MPDKNC_03995	iYO844.BSU31760	62.0	184	67	2	1	184	1	181	9.17e-80	234
MPDKNC_03996	iAF987.Gmet_0988	37.3	134	78	4	35	168	16	143	4.97e-15	70.1
MPDKNC_04000	iYO844.BSU39060	54.5	431	190	3	1	430	1	426	7.42e-154	442
MPDKNC_04005	iCHOv1.100761937	36.5	296	165	8	6	289	71	355	1.46e-56	185
MPDKNC_04011	iCN900.CD630_03950	27.8	230	144	3	235	445	3	229	1.40e-16	81.3
MPDKNC_04012	iSynCJ816.SGL_RS07245	37.5	232	140	3	7	237	7	234	9.61e-36	127
MPDKNC_04012	iLJ478.TM1724	33.3	237	155	2	5	240	4	238	5.59e-34	122
MPDKNC_04012	iCN718.ABAYE_RS09965	35.9	223	137	4	7	225	8	228	4.36e-33	120
MPDKNC_04012	iHN637.CLJU_RS20765	34.6	237	150	4	7	241	7	240	4.52e-33	120
MPDKNC_04012	iAF987.Gmet_1531	33.3	240	156	3	1	239	1	237	9.12e-33	119
MPDKNC_04012	iSF_1195.SF1556	31.4	245	158	5	8	248	2	240	2.47e-32	118
MPDKNC_04012	iJN1463.PP_4862	34.8	244	151	6	9	248	5	244	3.98e-32	117
MPDKNC_04012	iSDY_1059.SDY_1586	31.0	245	159	5	8	248	2	240	3.46e-32	117
MPDKNC_04012	iYO844.BSU15910	36.1	230	135	4	7	230	5	228	6.51e-32	117
MPDKNC_04012	iCN900.CD630_11820	33.1	242	158	3	1	240	1	240	6.99e-32	117
MPDKNC_04012	iML1515.b1539	31.4	245	158	5	8	248	2	240	6.83e-32	117
MPDKNC_04012	iSSON_1240.SSON_1589	31.4	245	158	5	8	248	2	240	6.83e-32	117
MPDKNC_04012	STM_v1_0.STM1511	33.6	244	154	5	8	248	2	240	1.89e-31	115
MPDKNC_04012	iAF987.Gmet_1601	33.3	225	147	2	5	228	4	226	2.53e-31	115
MPDKNC_04021	iMM904.YLR308W	27.2	202	128	5	58	257	118	302	7.30e-10	58.2
MPDKNC_04021	iAF692.Mbar_A0408	28.6	126	75	2	48	160	6	129	8.29e-10	57.4
MPDKNC_04022	iYS854.USA300HOU_RS02340	33.5	206	113	6	6	189	26	229	8.02e-18	82.8
MPDKNC_04028	iMM1415.56529	33.3	78	48	2	46	119	50	127	1.87e-07	48.5
MPDKNC_04028	iCHOv1.100769695	32.1	78	49	2	46	119	62	139	5.52e-07	47.4
MPDKNC_04028	iMM1415.66286	32.1	78	49	2	46	119	62	139	5.52e-07	47.4
MPDKNC_04028	iCHOv1.100752256	32.1	78	49	2	46	119	50	127	9.11e-07	46.6
MPDKNC_04031	iYS854.USA300HOU_RS05150	31.1	251	157	5	118	361	252	493	2.79e-30	120
MPDKNC_04031	iYS854.USA300HOU_RS02965	30.5	213	146	1	145	355	277	489	1.88e-29	118
MPDKNC_04031	iYS854.USA300HOU_RS02960	31.8	255	162	6	107	355	237	485	4.07e-28	114
MPDKNC_04034	iYO844.BSU35680	34.1	367	221	9	36	389	535	893	3.03e-51	183
MPDKNC_04036	iYO844.BSU35680	28.2	206	137	5	8	211	11	207	2.00e-10	61.2
MPDKNC_04036	iYO844.BSU35550	29.9	137	83	3	6	138	7	134	7.02e-10	58.2
MPDKNC_04036	iYS854.USA300HOU_RS01340	32.3	127	77	3	8	131	5	125	5.52e-09	56.6
MPDKNC_04036	iSbBS512_1146.SbBS512_E4050	34.6	104	54	2	2	101	3	96	4.87e-09	56.2
MPDKNC_04036	iSSON_1240.SSON_3782	34.6	104	54	2	2	101	3	96	4.87e-09	56.2
MPDKNC_04037	iML1515.b2047	36.7	139	68	5	5	130	324	455	2.02e-19	84.0
MPDKNC_04037	STM_v1_0.STM2082	32.9	149	85	2	3	137	327	474	3.87e-19	83.2
MPDKNC_04038	iCN900.CD630_34880	64.9	285	97	2	3	287	4	285	3.70e-130	372
MPDKNC_04038	iHN637.CLJU_RS16855	64.0	289	101	2	4	292	3	288	4.29e-130	371
MPDKNC_04038	iCN900.CD630_27150	62.7	284	103	2	4	287	5	285	4.10e-127	363
MPDKNC_04038	iAF987.Gmet_1159	58.9	285	114	2	3	287	2	283	5.67e-120	345
MPDKNC_04038	iYO844.BSU35670	62.7	287	104	2	1	287	1	284	8.32e-120	345
MPDKNC_04038	iHN637.CLJU_RS02205	59.6	287	113	2	3	289	2	285	2.02e-117	338
MPDKNC_04038	iYS854.USA300HOU_RS13545	60.6	289	111	2	1	289	1	286	1.12e-116	337
MPDKNC_04039	iJN1463.PP_1805	41.7	539	272	8	61	561	96	630	7.43e-124	380
MPDKNC_04039	iCN718.ABAYE_RS18875	43.9	485	244	8	113	574	115	594	7.56e-123	376
MPDKNC_04044	iYS854.USA300HOU_RS12505	38.5	309	174	5	17	321	11	307	9.96e-67	211
MPDKNC_04047	iYO844.BSU39270	42.7	440	244	4	1	436	1	436	1.57e-106	328
MPDKNC_04048	iYL1228.KPN_04095	31.4	389	230	9	21	396	15	379	1.64e-50	174
MPDKNC_04048	STM_v1_0.STM3828	30.8	386	231	8	6	378	3	365	8.79e-50	172
MPDKNC_04048	iML1515.b4478	31.1	360	219	6	21	371	15	354	1.72e-49	171
MPDKNC_04052	iYS854.USA300HOU_RS01340	29.7	209	134	5	36	240	3	202	1.41e-20	94.7
MPDKNC_04053	iYO844.BSU35690	30.9	220	138	9	38	249	3	216	6.18e-20	92.0
MPDKNC_04053	iYO844.BSU35680	38.2	110	67	1	36	145	9	117	3.59e-18	87.8
MPDKNC_04053	iYS854.USA300HOU_RS01340	27.1	207	138	6	38	240	5	202	4.29e-18	87.0
MPDKNC_04054	iYS854.USA300HOU_RS02340	41.4	203	103	5	2	189	3	204	3.75e-28	111
MPDKNC_04056	iAF987.Gmet_1991	26.0	150	102	4	248	391	188	334	5.06e-07	52.0
MPDKNC_04057	iAF987.Gmet_1919	29.4	153	107	1	1	152	2	154	1.73e-15	73.9
MPDKNC_04060	iYO844.BSU07800	68.8	468	139	4	6	469	6	470	2.60e-226	629
MPDKNC_04061	iYO844.BSU07810	67.9	563	175	3	2	564	3	559	1.02e-307	843
MPDKNC_04062	iAF987.Gmet_0988	33.9	115	63	3	16	127	36	140	2.84e-12	59.7
MPDKNC_04063	iSDY_1059.SDY_4656	25.5	188	109	7	5	168	4	184	1.93e-05	43.1
MPDKNC_04068	iAF987.Gmet_3476	23.2	155	108	3	2	155	8	152	9.19e-07	48.5
MPDKNC_04068	iAF987.Gmet_1919	25.7	109	79	2	6	114	5	111	4.85e-06	46.2
MPDKNC_04068	iJN1463.PP_1494	30.7	127	74	5	2	118	11	133	6.36e-06	45.8
MPDKNC_04068	iAF987.Gmet_1914	25.4	114	83	2	6	119	4	115	1.78e-05	44.7
MPDKNC_04071	iYS854.USA300HOU_RS05255	40.3	293	169	2	40	327	23	314	8.20e-72	230
MPDKNC_04072	iYO844.BSU35530	52.2	335	158	2	20	352	23	357	3.49e-115	338
MPDKNC_04072	iYS854.USA300HOU_RS04040	46.9	337	178	1	17	353	14	349	1.40e-102	305
MPDKNC_04073	iYS854.USA300HOU_RS07460	25.2	278	188	6	61	329	68	334	1.70e-16	79.7
MPDKNC_04074	iYO844.BSU35750	38.5	239	146	1	4	242	2	239	1.79e-61	193
MPDKNC_04074	iYS854.USA300HOU_RS03445	40.5	237	139	2	6	241	12	247	5.04e-55	176
MPDKNC_04076	iJN1463.PP_0601	27.9	426	298	6	3	420	2	426	2.41e-34	135
MPDKNC_04077	iEK1008.Rv3032	27.4	420	244	17	1	386	1	393	5.99e-20	90.5
MPDKNC_04078	iYS854.USA300HOU_RS03880	30.7	512	336	10	56	553	64	570	3.21e-69	235
MPDKNC_04079	iYO844.BSU35780	53.6	289	127	4	649	936	597	879	1.77e-89	304
MPDKNC_04080	iYO844.BSU35760	36.0	361	223	3	27	387	28	380	8.24e-79	247
MPDKNC_04081	iYO844.BSU35740	77.0	126	29	0	1	126	1	126	1.44e-69	204
MPDKNC_04082	iYO844.BSU35680	29.8	369	231	8	340	690	535	893	1.31e-41	162
MPDKNC_04083	iYO844.BSU35710	44.2	276	153	1	1	276	1	275	1.61e-78	238
MPDKNC_04083	iYS854.USA300HOU_RS03455	40.9	276	157	2	1	276	1	270	2.45e-71	220
MPDKNC_04084	iYS854.USA300HOU_RS03450	54.2	253	116	0	1	253	1	253	8.80e-98	286
MPDKNC_04084	iYO844.BSU35700	52.5	255	120	1	1	255	1	254	1.83e-91	279
MPDKNC_04085	iYO844.BSU35720	51.6	603	263	10	126	707	150	744	3.27e-204	593
MPDKNC_04086	iYS854.USA300HOU_RS02340	39.5	215	116	5	2	212	3	207	2.59e-31	120
MPDKNC_04087	iAM_Pb448.PBANKA_091170	29.9	254	150	8	435	663	701	951	4.83e-18	89.7
MPDKNC_04087	iAM_Pb448.PBANKA_110710	24.2	285	171	4	422	661	269	553	4.99e-16	82.4
MPDKNC_04087	iAM_Pc455.PCYB_103410	26.0	285	162	6	424	661	316	598	5.43e-16	82.4
MPDKNC_04092	iYO844.BSU39380	52.4	292	138	1	11	301	12	303	1.37e-107	315
MPDKNC_04093	iYO844.BSU39370	62.8	411	152	1	4	414	6	415	6.28e-181	510
MPDKNC_04094	iYO844.BSU39360	79.9	548	110	0	6	553	5	552	0.0	899
MPDKNC_04094	iYS854.USA300HOU_RS12615	76.3	545	129	0	7	551	2	546	0.0	877
MPDKNC_04095	iYO844.BSU39350	73.3	490	131	0	1	490	1	490	1.36e-259	716
MPDKNC_04102	iAF692.Mbar_A1231	37.7	552	272	13	19	522	39	566	3.27e-103	321
MPDKNC_04104	iAM_Pc455.PCYB_113330	38.0	179	104	5	470	643	339	515	5.74e-23	105
MPDKNC_04113	iYO844.BSU36370	83.0	141	24	0	1	141	1	141	4.67e-83	239
MPDKNC_04117	iML1515.b0650	28.9	197	116	7	6	182	8	200	7.28e-09	56.6
MPDKNC_04117	iSbBS512_1146.SbBS512_E0599	28.9	197	116	7	6	182	8	200	7.28e-09	56.6
MPDKNC_04117	iSSON_1240.SSON_0604	28.9	197	116	7	6	182	8	200	7.28e-09	56.6
MPDKNC_04117	STM_v1_0.STM0659	24.7	227	141	7	6	206	8	230	2.29e-08	55.1
MPDKNC_04119	iYO844.BSU35720	43.4	401	212	7	366	759	351	743	2.76e-107	344
MPDKNC_04119	iYS854.USA300HOU_RS01320	43.1	383	194	6	387	759	20	388	1.21e-101	318
MPDKNC_04120	iAF987.Gmet_3031	39.0	523	284	7	6	526	8	497	5.40e-115	350
MPDKNC_04126	iYO844.BSU36760	80.6	433	84	0	1	433	1	433	1.72e-246	677
MPDKNC_04130	iYO844.BSU36800	64.6	130	46	0	1	130	1	130	1.02e-54	167
MPDKNC_04131	iYO844.BSU36810	84.8	473	66	1	1	467	1	473	5.02e-289	788
MPDKNC_04131	iYS854.USA300HOU_RS11360	83.2	470	76	2	1	467	1	470	2.05e-278	761
MPDKNC_04131	iNF517.LLMG_RS09735	79.3	468	93	2	1	464	1	468	2.99e-259	712
MPDKNC_04132	iYO844.BSU36820	73.9	287	74	1	1	286	1	287	8.58e-140	395
MPDKNC_04133	iYO844.BSU36830	86.6	501	67	0	1	501	1	501	6.30e-313	851
MPDKNC_04133	iYS854.USA300HOU_RS11370	78.4	501	108	0	1	501	1	501	1.78e-282	774
MPDKNC_04134	iYO844.BSU36840	53.7	177	82	0	1	177	1	177	8.16e-57	176
MPDKNC_04135	iYO844.BSU36850	67.3	162	53	0	11	172	9	170	4.99e-44	143
MPDKNC_04136	iYS854.USA300HOU_RS11385	83.1	65	11	0	3	67	1	65	1.20e-27	94.4
MPDKNC_04136	iYO844.BSU36860	83.1	65	11	0	3	67	1	65	6.97e-27	92.4
MPDKNC_04137	iYO844.BSU36870	68.6	245	68	2	1	237	1	244	4.18e-115	328
MPDKNC_04138	iYO844.BSU36880	52.5	118	56	0	1	118	1	118	8.00e-34	114
MPDKNC_04140	iYO844.BSU35660	70.7	376	109	1	5	380	4	378	1.24e-198	551
MPDKNC_04141	iYO844.BSU36890	84.2	209	33	0	1	209	1	209	1.68e-131	367
MPDKNC_04141	iYS854.USA300HOU_RS11405	75.6	209	51	0	1	209	1	209	3.02e-118	334
MPDKNC_04142	iYO844.BSU36900	82.3	412	73	0	1	412	1	412	3.12e-250	685
MPDKNC_04144	iYO844.BSU36920	82.3	147	25	1	1	146	1	147	3.57e-87	250
MPDKNC_04146	iCHOv1.100773599	27.0	141	90	5	2	132	8	145	5.28e-08	48.9
MPDKNC_04146	iMM1415.11431	27.0	141	90	5	2	132	8	145	5.20e-07	46.2
MPDKNC_04148	iYO844.BSU12380	40.2	492	268	9	2	490	3	471	5.97e-109	332
MPDKNC_04148	iSF_1195.SF1572	37.7	477	282	6	17	489	15	480	5.10e-105	322
MPDKNC_04148	iML1515.b1521	37.7	477	282	6	17	489	15	480	2.02e-104	320
MPDKNC_04148	iYL1228.KPN_01640	37.8	479	279	7	17	489	15	480	4.03e-104	319
MPDKNC_04148	iSSON_1240.SSON_1607	37.7	477	281	7	17	489	15	479	3.09e-103	317
MPDKNC_04149	iYO844.BSU12390	54.4	496	221	4	6	497	3	497	1.52e-185	528
MPDKNC_04149	iYL1228.KPN_03519	52.7	493	229	3	8	497	4	495	7.57e-183	521
MPDKNC_04149	iSbBS512_1146.SbBS512_E3527	52.7	493	229	2	8	497	4	495	7.06e-181	516
MPDKNC_04149	iSDY_1059.SDY_3276	52.5	493	230	2	8	497	4	495	5.73e-180	513
MPDKNC_04149	iSSON_1240.SSON_3244	52.5	493	230	2	8	497	4	495	8.12e-180	513
MPDKNC_04149	iML1515.b3091	52.5	493	230	2	8	497	4	495	1.15e-179	513
MPDKNC_04149	iSF_1195.SF3131	52.5	493	230	2	8	497	4	495	9.34e-179	510
MPDKNC_04149	iPC815.YPO0581	51.9	493	233	2	8	497	5	496	3.16e-177	506
MPDKNC_04153	STM_v1_0.STM4425	27.5	182	102	7	30	207	40	195	1.06e-08	56.2
MPDKNC_04155	iYO844.BSU06990	57.2	271	116	0	9	279	26	296	7.89e-115	332
MPDKNC_04156	iYO844.BSU06980	56.6	297	126	2	32	325	10	306	5.42e-121	350
MPDKNC_04157	iYO844.BSU06970	38.1	425	254	4	13	436	9	425	3.94e-102	310
MPDKNC_04160	iAF987.Gmet_1914	28.4	116	80	2	1	116	1	113	2.74e-08	55.8
MPDKNC_04164	iYO844.BSU39750	36.5	241	150	3	24	263	30	268	5.47e-47	157
MPDKNC_04164	iYL1228.KPN_04671	37.1	240	147	3	26	264	25	261	4.96e-44	149
MPDKNC_04168	iSynCJ816.SGL_RS09640	31.6	244	162	4	41	281	52	293	4.29e-28	109
MPDKNC_04168	iIT341.HP0381	34.2	281	164	11	3	279	2	265	5.44e-27	105
MPDKNC_04171	iYO844.BSU37060	69.5	190	58	0	1	190	1	190	4.18e-97	280
MPDKNC_04174	iCN900.CD630_02510	28.5	246	147	8	159	385	151	386	1.37e-08	56.2
MPDKNC_04175	iEK1008.Rv1099c	51.4	313	151	1	2	313	30	342	5.49e-109	321
MPDKNC_04175	iML1515.b3925	48.3	327	156	1	1	314	1	327	2.15e-102	303
MPDKNC_04175	iSbBS512_1146.SbBS512_E4407	48.3	327	156	1	1	314	1	327	2.15e-102	303
MPDKNC_04175	iSDY_1059.SDY_3819	48.3	327	156	1	1	314	1	327	2.15e-102	303
MPDKNC_04175	iSF_1195.SF4003	48.3	327	156	1	1	314	1	327	2.15e-102	303
MPDKNC_04175	iSSON_1240.SSON_4094	48.3	327	156	1	1	314	1	327	2.15e-102	303
MPDKNC_04175	STM_v1_0.STM4085	48.3	327	156	1	1	314	1	327	6.12e-102	302
MPDKNC_04175	iYL1228.KPN_04001	48.0	327	157	1	1	314	1	327	1.23e-101	301
MPDKNC_04176	iYO844.BSU37100	80.7	429	81	2	1	428	1	428	1.42e-244	672
MPDKNC_04177	iYO844.BSU37110	74.4	211	54	0	1	211	1	211	6.59e-110	313
MPDKNC_04178	iYS854.USA300HOU_RS11470	84.6	285	44	0	1	285	1	285	9.77e-178	491
MPDKNC_04178	iYO844.BSU37120	84.2	285	45	0	1	285	1	285	9.59e-171	473
MPDKNC_04179	iAF987.Gmet_1919	35.8	106	68	0	5	110	5	110	3.56e-17	75.1
MPDKNC_04179	iAF987.Gmet_1914	32.1	112	76	0	3	114	2	113	9.13e-17	74.3
MPDKNC_04181	iPC815.YPO2499	36.6	306	180	3	17	322	39	330	9.09e-52	173
MPDKNC_04181	iML1515.b3750	36.5	304	182	4	13	316	24	316	3.07e-50	169
MPDKNC_04181	iYL1228.KPN_04155	35.5	304	185	3	13	316	24	316	6.08e-50	168
MPDKNC_04181	STM_v1_0.STM3883	36.2	304	183	4	13	316	24	316	4.69e-49	166
MPDKNC_04181	iLJ478.TM0955	33.5	316	185	3	9	313	18	319	4.11e-45	156
MPDKNC_04182	iYO844.BSU35940	41.3	494	286	3	5	497	3	493	3.20e-123	369
MPDKNC_04182	iHN637.CLJU_RS00620	40.9	501	280	6	4	496	5	497	5.45e-123	369
MPDKNC_04182	iPC815.YPO0958	41.9	497	283	5	5	499	6	498	5.52e-117	353
MPDKNC_04182	iLJ478.TM0956	41.2	498	279	5	4	490	12	506	2.55e-115	350
MPDKNC_04182	iNF517.LLMG_RS04060	38.7	494	298	4	5	497	3	492	7.93e-115	347
MPDKNC_04182	iYL1228.KPN_04154	40.0	497	292	5	1	495	1	493	3.25e-110	336
MPDKNC_04182	iPC815.YPO3964	38.6	495	296	6	4	495	6	495	3.89e-110	336
MPDKNC_04182	iML1515.b3749	39.8	497	293	5	1	495	1	493	4.59e-110	335
MPDKNC_04182	iLJ478.TM0115	39.4	495	288	6	12	497	22	513	8.06e-110	335
MPDKNC_04183	iLJ478.TM0958	28.5	291	191	7	45	324	32	316	2.54e-21	92.8
MPDKNC_04186	iYO844.BSU37150	81.5	529	98	0	1	529	1	529	0.0	896
MPDKNC_04189	iAF987.Gmet_3251	34.8	575	328	14	516	1082	12	547	7.29e-83	280
MPDKNC_04191	iYO844.BSU37170	80.9	377	72	0	1	377	1	377	7.49e-222	610
MPDKNC_04192	iYO844.BSU24150	67.3	373	121	1	6	377	4	376	3.02e-174	489
MPDKNC_04193	iYO844.BSU24160	65.2	282	98	0	11	292	1	282	2.04e-130	371
MPDKNC_04194	iYO844.BSU24170	61.2	392	150	1	1	390	1	392	9.03e-169	477
MPDKNC_04195	iAF987.Gmet_0685	35.4	689	388	14	19	694	11	655	7.86e-135	411
MPDKNC_04195	iAF987.Gmet_2065	34.0	697	409	12	7	694	3	657	2.35e-133	407
MPDKNC_04195	iAF987.Gmet_2255	34.3	685	401	10	12	690	8	649	2.24e-129	397
MPDKNC_04196	iYO844.BSU37190	40.5	398	233	2	4	401	5	398	1.56e-104	314
MPDKNC_04200	iYS854.USA300HOU_RS03230	56.6	557	237	4	1	556	1	553	3.47e-228	640
MPDKNC_04202	iYO844.BSU37490	83.0	289	49	0	1	289	1	289	5.06e-182	502
MPDKNC_04203	iYO844.BSU37500	85.0	274	41	0	1	274	1	274	3.72e-175	483
MPDKNC_04204	iAF987.Gmet_1671	37.1	609	361	11	56	660	47	637	6.17e-114	357
MPDKNC_04204	iAF987.Gmet_0354	31.0	757	356	11	51	656	65	806	5.85e-104	335
MPDKNC_04209	iAM_Pf480.PF3D7_1239000	28.2	284	170	8	12	261	359	642	7.37e-20	92.0
MPDKNC_04209	iAM_Pb448.PBANKA_145350	26.7	292	174	9	10	264	318	606	2.26e-19	90.5
MPDKNC_04209	iAM_Pv461.PVX_100900	27.0	296	174	9	4	261	326	617	3.06e-19	90.1
MPDKNC_04212	iYS854.USA300HOU_RS03080	50.2	251	123	2	30	279	1	250	1.28e-84	253
MPDKNC_04213	iYO844.BSU37660	79.6	323	66	0	1	323	1	323	5.57e-182	504
MPDKNC_04214	iYS854.USA300HOU_RS03070	57.6	250	104	1	1	248	1	250	1.51e-112	323
MPDKNC_04220	iYO844.BSU38020	61.4	264	101	1	1	263	1	264	6.52e-110	318
MPDKNC_04220	iYS854.USA300HOU_RS03035	61.9	268	101	1	1	268	1	267	1.10e-109	317
MPDKNC_04222	iYS854.USA300HOU_RS02975	57.5	219	91	1	1	219	1	217	8.16e-86	253
MPDKNC_04224	iNF517.LLMG_RS08950	34.1	258	149	6	9	262	3	243	3.12e-37	131
MPDKNC_04224	iLJ478.TM1724	34.5	255	155	3	9	262	3	246	2.61e-36	129
MPDKNC_04224	iCN900.CD630_26790	30.4	253	174	2	9	259	2	254	4.37e-33	120
MPDKNC_04224	iCN900.CD630_11820	30.4	257	166	4	9	263	4	249	2.70e-32	118
MPDKNC_04228	iAF987.Gmet_1188	37.1	70	39	1	4	73	2	66	2.23e-05	43.9
MPDKNC_04229	iYO844.BSU17410	47.0	181	91	3	1	180	1	177	3.13e-50	162
MPDKNC_04232	iML1515.b0837	34.2	240	129	9	36	253	24	256	1.19e-27	111
MPDKNC_04232	iSF_1195.SF0787	34.2	240	129	9	36	253	24	256	4.53e-28	111
MPDKNC_04232	iSbBS512_1146.SbBS512_E2507	33.8	240	130	9	36	253	24	256	4.27e-27	109
MPDKNC_04232	iSSON_1240.SSON_0820	33.8	240	130	9	36	253	24	256	5.88e-27	109
MPDKNC_04232	iYL1228.KPN_00869	32.2	239	145	6	31	253	17	254	3.88e-26	107
MPDKNC_04233	iML1515.b3697	30.2	285	170	5	2	280	3	264	1.93e-21	90.9
MPDKNC_04233	iSbBS512_1146.SbBS512_E0687	26.4	277	188	3	5	280	6	267	6.65e-19	84.0
MPDKNC_04233	iSF_1195.SF0538	26.4	277	188	3	5	280	6	267	6.65e-19	84.0
MPDKNC_04233	iML1515.b0766	26.4	277	188	3	5	280	6	267	2.39e-18	82.4
MPDKNC_04234	iML1515.b2223	49.1	434	219	1	3	434	4	437	3.90e-146	423
MPDKNC_04234	iSSON_1240.SSON_2282	48.8	434	220	1	3	434	4	437	3.16e-145	421
MPDKNC_04237	iCN900.CD630_21890	40.1	222	131	1	3	222	1	222	3.83e-51	165
MPDKNC_04237	iYO844.BSU34550	40.2	219	129	1	4	220	1	219	6.14e-50	162
MPDKNC_04238	iAF987.Gmet_1991	24.7	275	176	11	163	416	152	416	1.07e-08	57.0
MPDKNC_04240	iCN900.CD630_17920	67.5	311	100	1	1	310	1	311	3.20e-150	424
MPDKNC_04240	iYS854.USA300HOU_RS02905	63.9	313	110	2	1	311	1	312	2.34e-141	401
MPDKNC_04241	iYS854.USA300HOU_RS02890	76.8	393	91	0	4	396	3	395	8.34e-218	601
MPDKNC_04243	iCN900.CD630_26960	44.9	385	203	3	2	377	5	389	4.47e-127	371
MPDKNC_04246	iCN718.ABAYE_RS04600	61.0	277	104	2	4	276	3	279	3.03e-114	330
MPDKNC_04247	iCN900.CD630_28680	23.9	393	269	13	17	389	20	402	4.41e-23	100
MPDKNC_04248	iCN900.CD630_21660	56.2	315	134	2	46	356	4	318	8.02e-133	381
MPDKNC_04249	iAT_PLT_636.645	32.7	196	121	4	2	192	5	194	1.36e-23	92.8
MPDKNC_04249	iCHOv1.100768929	33.5	191	116	4	2	187	5	189	1.91e-23	92.4
MPDKNC_04249	iMM1415.233016	32.1	196	122	4	2	192	5	194	1.91e-23	92.4
MPDKNC_04250	iYO844.BSU03070	24.9	337	225	9	37	357	18	342	3.43e-16	80.5
MPDKNC_04271	iCN900.CD630_26790	66.7	258	86	0	1	258	1	258	2.97e-126	358
MPDKNC_04271	iCN718.ABAYE_RS09790	63.2	258	95	0	1	258	4	261	1.79e-116	333
MPDKNC_04272	iJN1463.PP_3074	41.2	451	221	9	7	418	9	454	4.00e-90	280
MPDKNC_04274	iNF517.LLMG_RS11185	48.4	128	59	2	1	127	1	122	1.36e-32	110
MPDKNC_04283	iAF987.Gmet_2999	28.4	116	80	1	4	116	10	125	6.49e-13	66.6
MPDKNC_04283	iAF987.Gmet_0069	29.0	124	75	4	3	117	4	123	9.67e-11	60.1
MPDKNC_04284	iAF987.Gmet_0043	26.4	174	115	4	162	322	93	266	3.09e-11	63.9
MPDKNC_04285	iCN900.CD630_19470	40.8	218	129	0	4	221	10	227	2.70e-54	174
MPDKNC_04285	iYO844.BSU30420	42.6	202	116	0	18	219	20	221	8.47e-51	165
MPDKNC_04285	iJN1463.PP_4210	39.5	220	131	2	3	221	5	223	6.17e-46	162
MPDKNC_04294	iYO844.BSU28470	40.1	401	231	2	1	392	3	403	4.69e-89	275
MPDKNC_04294	iJN1463.PP_4473	37.3	402	241	3	1	391	3	404	1.51e-78	248
MPDKNC_04295	iYS854.USA300HOU_RS00630	26.7	570	388	12	18	570	32	588	3.05e-62	216
MPDKNC_04296	iCN718.ABAYE_RS05910	42.8	439	233	8	5	433	4	434	1.53e-113	340
MPDKNC_04298	iYS854.USA300HOU_RS00625	25.9	599	390	16	8	588	10	572	4.62e-47	173
MPDKNC_04299	iCN718.ABAYE_RS05590	41.0	449	255	4	53	492	49	496	4.30e-123	369
MPDKNC_04300	iJN1463.PP_4223	61.3	437	168	1	12	447	13	449	4.66e-200	561
MPDKNC_04301	iML1515.b0650	45.6	553	284	7	4	551	8	548	2.56e-149	440
MPDKNC_04301	iSSON_1240.SSON_0604	45.6	553	284	7	4	551	8	548	2.56e-149	440
MPDKNC_04301	iSbBS512_1146.SbBS512_E0599	45.5	554	285	7	3	551	7	548	5.11e-149	439
MPDKNC_04301	STM_v1_0.STM0659	44.1	544	293	5	4	547	8	540	3.31e-142	422
MPDKNC_04304	iYL1228.KPN_04085	49.9	445	215	5	1	442	1	440	9.94e-153	440
MPDKNC_04304	iYO844.BSU08180	50.0	446	215	5	2	444	4	444	1.91e-152	440
MPDKNC_04304	iCN900.CD630_08640	50.7	446	212	6	1	442	1	442	6.98e-151	436
MPDKNC_04304	iCN900.CD630_30600	48.6	442	220	6	2	440	4	441	4.06e-145	421
MPDKNC_04305	iYS854.USA300HOU_RS01255	42.7	520	281	6	1	515	1	508	3.38e-130	388
MPDKNC_04305	iCN900.CD630_25100	39.6	513	302	4	2	511	3	510	1.21e-123	371
MPDKNC_04305	iCN900.CD630_13360	41.1	511	285	9	12	510	13	519	3.18e-117	355
MPDKNC_04316	iYO844.BSU13180	23.5	332	222	12	21	349	435	737	3.67e-10	61.2
MPDKNC_04316	iCN718.ABAYE_RS15345	22.7	295	189	11	61	345	50	315	8.50e-09	56.2
MPDKNC_04317	iCN900.CD630_30960	63.5	469	169	2	10	477	7	474	1.57e-229	638
MPDKNC_04317	iML1515.b2716	59.8	475	189	2	4	478	2	474	6.25e-222	619
MPDKNC_04317	iSDY_1059.SDY_2912	59.6	475	190	2	4	478	2	474	1.79e-221	617
MPDKNC_04317	iYO844.BSU39260	60.8	472	175	3	6	477	8	469	8.11e-219	610
MPDKNC_04317	iCN900.CD630_31240	56.3	476	206	2	3	477	2	476	6.41e-213	596
MPDKNC_04318	iML1515.b3722	42.9	625	339	6	7	617	5	625	2.20e-172	504
MPDKNC_04318	iSSON_1240.SSON_3912	42.6	625	341	6	7	617	5	625	5.00e-171	500
MPDKNC_04318	iSF_1195.SF3733	42.4	625	342	6	7	617	5	625	2.05e-167	491
MPDKNC_04318	iCN900.CD630_08160	41.2	624	356	4	1	616	1	621	6.06e-161	474
MPDKNC_04318	iCN900.CD630_31250	39.2	641	360	6	3	616	4	641	4.70e-156	462
MPDKNC_04321	STM_v1_0.STM2788	43.3	496	279	1	7	500	7	502	1.65e-138	408
MPDKNC_04321	iJN1463.PP_1416	45.7	494	263	2	1	489	1	494	3.40e-135	400
MPDKNC_04323	STM_v1_0.STM2786	33.3	303	195	5	37	335	26	325	5.14e-43	150
MPDKNC_04323	iJN1463.PP_1418	33.3	324	203	8	14	332	8	323	5.89e-41	145
MPDKNC_04325	iAF987.Gmet_1919	24.3	148	109	2	3	150	5	149	7.93e-10	57.4
MPDKNC_04325	iAF987.Gmet_1914	25.2	139	100	2	2	140	3	137	2.28e-09	56.2
MPDKNC_04330	iCN718.ABAYE_RS03975	26.5	396	257	12	6	391	3	374	3.64e-21	96.3
MPDKNC_04332	iCN900.CD630_11820	37.2	250	150	4	1	246	1	247	7.18e-37	130
MPDKNC_04332	iLJ478.TM1724	33.6	244	160	2	4	246	3	245	7.26e-36	127
MPDKNC_04332	iYO844.BSU15910	34.3	245	158	3	4	246	2	245	6.08e-34	122
MPDKNC_04332	iYO844.BSU03930	32.4	250	165	2	3	248	4	253	1.22e-33	122
MPDKNC_04332	iLB1027_lipid.PHATRDRAFT_13073	35.8	243	150	4	7	244	7	248	5.52e-33	120
MPDKNC_04332	iYL1228.KPN_02061	31.3	252	161	1	7	246	3	254	8.32e-33	119
MPDKNC_04332	iNF517.LLMG_RS08260	32.8	250	153	2	7	244	3	249	2.15e-32	118
MPDKNC_04332	iEK1008.Rv1928c	32.7	245	163	1	3	245	8	252	2.25e-32	118
MPDKNC_04334	iML1515.b1448	26.9	167	116	4	1	166	1	162	1.86e-08	50.8
MPDKNC_04334	STM_v1_0.STM1502	30.2	106	71	2	57	162	60	162	7.45e-07	46.6
MPDKNC_04335	iMM904.YIL162W	29.1	488	298	17	43	491	23	501	5.12e-48	174
MPDKNC_04339	iLJ478.TM1204	27.5	287	168	15	38	307	22	285	9.64e-13	68.9
MPDKNC_04339	iYL1228.KPN_04423	25.1	295	190	11	51	335	44	317	9.84e-12	65.9
MPDKNC_04339	iLJ478.TM1839	25.9	386	240	19	38	404	23	381	3.07e-11	64.3
MPDKNC_04340	iAF987.Gmet_1919	28.7	143	83	4	4	142	6	133	8.94e-10	59.3
MPDKNC_04342	iEK1008.Rv3823c	19.9	1014	578	19	2	797	37	1034	2.01e-31	132
MPDKNC_04350	iJN1463.PP_0970	33.9	392	248	4	3	386	36	424	6.72e-64	210
MPDKNC_04352	iAF987.Gmet_0521	51.2	129	63	0	3	131	2	130	1.00e-38	127
MPDKNC_04353	iYO844.BSU05340	80.9	429	82	0	3	431	2	430	9.34e-241	662
MPDKNC_04358	iML1515.b4041	28.1	114	70	4	7	115	540	646	1.77e-04	40.0
MPDKNC_04358	iSbBS512_1146.SbBS512_E4556	28.1	114	70	4	7	115	540	646	1.77e-04	40.0
MPDKNC_04358	iSDY_1059.SDY_4533	28.1	114	70	4	7	115	560	666	1.78e-04	40.0
MPDKNC_04358	iSF_1195.SF4164	28.1	114	70	4	7	115	560	666	1.78e-04	40.0
MPDKNC_04358	iSSON_1240.SSON_4221	28.1	114	70	4	7	115	560	666	1.78e-04	40.0
MPDKNC_04360	iCN900.CD630_19470	46.8	220	116	1	10	229	10	228	9.03e-59	186
MPDKNC_04360	iYO844.BSU30420	46.9	209	110	1	20	228	16	223	1.27e-56	180
MPDKNC_04360	iJN1463.PP_0114	41.4	227	125	4	9	231	1	223	1.28e-51	171
MPDKNC_04363	iYO844.BSU30450	30.2	222	153	2	5	225	2	222	2.93e-31	117
MPDKNC_04363	iCN900.CD630_09000	33.8	213	131	4	5	207	2	214	4.71e-27	108
MPDKNC_04369	iCN900.CD630_05740	53.1	559	260	1	6	562	2	560	1.12e-225	638
MPDKNC_04369	iLJ478.TM0740	54.0	563	251	6	6	564	3	561	1.16e-225	638
MPDKNC_04369	iAF987.Gmet_1411	49.9	563	278	3	6	565	13	574	2.35e-206	589
MPDKNC_04373	iYL1228.KPN_00227	25.9	158	85	7	45	195	46	178	6.46e-06	45.8
MPDKNC_04376	iYL1228.KPN_02870	30.0	373	257	4	1	373	3	371	2.25e-45	160
MPDKNC_04376	iSDY_1059.SDY_2732	31.1	379	245	7	1	373	3	371	4.49e-45	159
MPDKNC_04376	iML1515.b2536	31.1	379	245	7	1	373	3	371	1.71e-44	157
MPDKNC_04376	iSSON_1240.SSON_2618	31.1	379	245	7	1	373	3	371	2.38e-44	157
MPDKNC_04376	iSF_1195.SF2583	31.1	379	245	7	1	373	3	371	3.33e-44	157
MPDKNC_04376	iSbBS512_1146.SbBS512_E2910	30.9	379	246	7	1	373	3	371	3.43e-43	154
MPDKNC_04376	STM_v1_0.STM2554	30.1	385	241	9	1	373	3	371	4.90e-42	151
MPDKNC_04376	iPC815.YPO2904	30.5	380	247	8	1	373	3	372	7.85e-41	148
MPDKNC_04381	iYO844.BSU04360	66.3	412	139	0	8	419	13	424	9.48e-193	540
MPDKNC_04383	iYS854.USA300HOU_RS03015	46.6	386	170	9	1	360	1	376	2.21e-100	301
MPDKNC_04384	iYO844.BSU10360	45.6	487	250	5	3	486	2	476	8.77e-147	428
MPDKNC_04385	iYS854.USA300HOU_RS12355	40.1	182	108	1	1	181	1	182	7.37e-39	131
MPDKNC_04387	iYO844.BSU39260	57.8	488	187	3	1	488	1	469	4.06e-208	583
MPDKNC_04387	iCN900.CD630_03890	56.4	482	203	6	8	484	4	483	1.11e-195	553
MPDKNC_04388	iYO844.BSU39270	43.1	633	325	9	5	629	3	608	8.77e-153	453
MPDKNC_04390	iML1515.b3943	31.0	297	192	5	2	294	7	294	1.24e-35	129
MPDKNC_04391	iSynCJ816.SGL_RS16080	29.8	57	40	0	15	71	18	74	1.87e-05	42.4
MPDKNC_04393	iCN900.CD630_07520	59.6	240	97	0	4	243	1	240	1.54e-95	279
MPDKNC_04393	iNF517.LLMG_RS09915	59.1	242	99	0	2	243	3	244	3.54e-95	278
MPDKNC_04393	iYS854.USA300HOU_RS09925	57.1	240	103	0	4	243	3	242	1.03e-91	270
MPDKNC_04393	iYO844.BSU23960	57.5	240	102	0	4	243	1	240	2.23e-90	266
MPDKNC_04393	iYO844.BSU27430	57.9	240	101	0	4	243	1	240	1.94e-89	264
MPDKNC_04393	iYO844.BSU03590	54.3	247	109	1	4	246	1	247	1.32e-88	262
MPDKNC_04393	iNF517.LLMG_RS09720	56.5	239	104	0	5	243	7	245	2.15e-87	259
MPDKNC_04393	iYO844.BSU29340	55.2	241	105	1	4	241	1	241	3.68e-86	256
MPDKNC_04393	STM_v1_0.STM2351	54.1	255	105	2	2	244	4	258	1.01e-85	255
MPDKNC_04394	iYS854.USA300HOU_RS09930	38.7	222	126	1	10	231	274	485	5.93e-49	167
MPDKNC_04395	iYS854.USA300HOU_RS09930	35.1	228	135	5	31	258	38	252	3.22e-30	117
MPDKNC_04396	iSbBS512_1146.SbBS512_E0302	35.5	166	94	4	217	372	199	361	3.98e-21	93.2
MPDKNC_04396	iSDY_1059.SDY_0358	35.5	166	94	4	217	372	204	366	5.69e-21	92.8
MPDKNC_04396	iML1515.b1490	36.6	172	98	4	213	376	288	456	2.71e-20	91.7
MPDKNC_04396	iAF987.Gmet_0069	35.3	156	92	3	226	372	145	300	7.33e-21	91.7
MPDKNC_04396	iML1515.b1341	35.2	165	103	4	212	372	242	406	9.08e-20	89.7
MPDKNC_04396	iJN1463.PP_1761	37.3	158	91	4	223	372	397	554	2.14e-19	89.7
MPDKNC_04396	iAF987.Gmet_0043	35.0	157	92	4	226	372	418	574	3.03e-19	89.0
MPDKNC_04396	iJN1463.PP_1144	35.9	156	93	3	223	371	290	445	4.87e-19	88.6
MPDKNC_04396	iPC815.YPO0425	34.4	157	93	2	226	374	223	377	1.94e-19	88.6
MPDKNC_04396	iML1515.b1025	32.7	162	95	4	222	372	281	439	9.36e-19	87.0
MPDKNC_04396	iJN1463.PP_0129	34.4	154	94	3	226	372	488	641	4.59e-18	85.5
MPDKNC_04396	iJN1463.PP_4670	33.5	161	98	4	223	374	248	408	4.85e-18	84.7
MPDKNC_04396	iAF987.Gmet_2425	36.2	177	103	5	204	372	169	343	3.99e-18	84.3
MPDKNC_04396	iAF987.Gmet_2982	35.0	163	99	4	217	372	176	338	4.87e-18	84.0
MPDKNC_04398	iCN900.CD630_28700	48.8	303	148	4	1	302	15	311	3.54e-87	264
MPDKNC_04398	STM_v1_0.STM0161	48.2	303	151	3	1	303	15	311	5.58e-79	243
MPDKNC_04400	STM_v1_0.STM0163	49.8	329	152	7	7	329	6	327	1.07e-95	286
MPDKNC_04401	iAF987.Gmet_1601	41.1	190	112	0	3	192	2	191	8.20e-38	132
MPDKNC_04401	iLJ478.TM1724	40.2	189	113	0	4	192	3	191	7.00e-36	127
MPDKNC_04401	iAM_Pf480.PF3D7_0922900	38.7	186	114	0	7	192	61	246	9.76e-35	125
MPDKNC_04401	iCN900.CD630_25770	37.8	196	109	2	4	192	1	190	1.47e-34	123
MPDKNC_04401	iYS854.USA300HOU_RS06185	37.4	187	116	1	7	192	3	189	4.00e-34	122
MPDKNC_04401	iYO844.BSU32000	37.8	209	126	2	2	208	4	210	8.44e-34	122
MPDKNC_04401	iAM_Pv461.PVX_099555	37.4	187	117	0	6	192	59	245	2.80e-33	121
MPDKNC_04401	iYO844.BSU15910	37.0	219	121	4	7	222	5	209	4.56e-33	119
MPDKNC_04401	iSDY_1059.SDY_2057	38.4	190	114	1	3	192	2	188	8.59e-33	119
MPDKNC_04403	iJN1463.PP_2439	71.1	187	54	0	1	187	1	187	4.54e-100	286
MPDKNC_04403	STM_v1_0.STM0608	66.8	187	62	0	1	187	1	187	1.38e-94	272
MPDKNC_04403	iML1515.b0605	65.8	187	64	0	1	187	1	187	3.95e-94	271
MPDKNC_04404	iJN1463.PP_2440	58.7	516	203	5	1	507	1	515	9.07e-208	585
MPDKNC_04404	STM_v1_0.STM0609	55.7	517	219	5	1	507	1	517	2.38e-198	561
MPDKNC_04404	iML1515.b0606	54.9	517	223	4	1	507	1	517	3.38e-198	561
MPDKNC_04405	iAF692.Mbar_A1231	40.3	496	273	9	21	495	35	528	1.62e-107	333
MPDKNC_04406	iHN637.CLJU_RS04100	54.5	440	199	1	101	539	5	444	2.21e-176	505
MPDKNC_04406	iYL1228.KPN_04601	50.8	451	218	3	100	546	16	466	3.78e-161	466
MPDKNC_04406	iJN1463.PP_4840	51.1	444	213	3	100	539	11	454	7.84e-161	466
MPDKNC_04406	STM_v1_0.STM4398	51.3	439	210	3	99	533	15	453	6.55e-160	463
MPDKNC_04406	iSbBS512_1146.SbBS512_E4749	51.3	439	210	3	99	533	15	453	1.92e-159	462
MPDKNC_04406	iSF_1195.SF4278	51.5	439	209	3	99	533	15	453	1.92e-159	462
MPDKNC_04406	iML1515.b4208	51.3	439	210	3	99	533	15	453	2.72e-159	462
MPDKNC_04406	iSDY_1059.SDY_4378	51.3	439	210	3	99	533	15	453	2.72e-159	462
MPDKNC_04406	iSSON_1240.SSON_4393	51.3	439	210	3	99	533	15	453	2.72e-159	462
MPDKNC_04407	iYO844.BSU38280	30.7	166	105	4	3	162	221	382	2.00e-12	65.5
MPDKNC_04409	iYO844.BSU12960	45.3	541	284	7	2	534	12	548	1.01e-152	447
MPDKNC_04410	iLJ478.TM1750	52.9	314	147	1	1	314	10	322	3.00e-114	333
MPDKNC_04410	iLJ478.TM0057	51.5	324	143	5	4	314	3	325	3.91e-112	328
MPDKNC_04410	iLJ478.TM1063	53.2	329	134	9	4	314	3	329	7.53e-108	317
MPDKNC_04410	STM_v1_0.STM1742	52.8	307	133	4	4	299	11	316	1.82e-104	308
MPDKNC_04410	iYS854.USA300HOU_RS04905	60.5	263	102	2	4	264	7	269	1.83e-104	307
MPDKNC_04410	iJN1463.PP_0878	46.5	318	163	3	1	313	1	316	1.41e-103	305
MPDKNC_04410	iYL1228.KPN_02193	52.1	307	135	4	4	299	11	316	4.18e-103	305
MPDKNC_04410	iML1515.b1247	51.8	307	136	4	4	299	11	316	3.38e-102	302
MPDKNC_04410	iSbBS512_1146.SbBS512_E1416	51.8	307	136	4	4	299	11	316	3.38e-102	302
MPDKNC_04410	iSF_1195.SF1248	51.8	307	136	4	4	299	11	316	3.38e-102	302
MPDKNC_04410	iSDY_1059.SDY_1305	51.8	307	136	4	4	299	11	316	4.79e-102	302
MPDKNC_04410	iSSON_1240.SSON_3850	48.5	305	151	2	4	303	12	315	2.74e-101	300
MPDKNC_04410	iML1515.b3540	48.5	305	151	2	4	303	12	315	3.88e-101	300
MPDKNC_04410	iSF_1195.SF3575	48.5	305	151	2	4	303	12	315	3.88e-101	300
MPDKNC_04410	iSSON_1240.SSON_1933	51.8	307	136	4	4	299	11	316	3.88e-101	300
MPDKNC_04411	iYS854.USA300HOU_RS04900	58.6	333	136	1	2	332	3	335	4.00e-133	383
MPDKNC_04411	iYO844.BSU12950	56.1	326	138	2	1	324	1	323	4.02e-127	367
MPDKNC_04412	iYO844.BSU12940	58.9	292	114	1	19	310	32	317	1.37e-122	353
MPDKNC_04413	iYO844.BSU12930	52.6	306	144	1	2	307	4	308	2.10e-105	309
MPDKNC_04414	iYO844.BSU12920	34.6	272	173	4	1	270	1	269	2.53e-43	148
MPDKNC_04416	iYL1228.KPN_00792	24.0	387	238	15	17	372	30	391	3.32e-10	60.8
MPDKNC_04421	iYO844.BSU39270	40.8	593	340	6	1	591	1	584	3.97e-154	456
MPDKNC_04421	iCN900.CD630_08160	38.4	625	370	6	1	615	1	620	2.33e-142	427
MPDKNC_04422	iNF517.LLMG_RS01005	44.3	483	251	7	1	470	1	478	1.96e-138	406
MPDKNC_04422	iCN900.CD630_08180	43.3	464	255	6	9	467	5	465	8.06e-138	404
MPDKNC_04428	iIS312.TCDM_01832	36.2	58	36	1	17	73	30	87	8.81e-05	39.3
MPDKNC_04431	iNF517.LLMG_RS06045	36.3	234	139	5	1	225	1	233	5.37e-36	127
MPDKNC_04431	iCN900.CD630_20500	32.2	230	146	5	1	220	1	230	1.60e-34	123
MPDKNC_04434	iEK1008.Rv0125	29.5	258	157	6	119	371	77	314	1.03e-17	83.6
MPDKNC_04438	iAF987.Gmet_0043	28.9	228	153	5	377	597	41	266	9.48e-20	92.8
MPDKNC_04439	iAF987.Gmet_0069	31.6	171	104	5	1	164	1	165	3.72e-18	81.3
MPDKNC_04439	iAF987.Gmet_2999	37.7	122	71	2	5	121	10	131	1.05e-17	80.5
MPDKNC_04439	iAF987.Gmet_1706	38.7	119	66	3	4	118	2	117	7.78e-18	80.5
MPDKNC_04439	iJN1463.PP_1494	33.9	118	74	2	5	118	20	137	3.38e-15	73.2
MPDKNC_04440	iAF987.Gmet_3012	39.6	111	59	2	358	461	25	134	2.66e-16	77.0
MPDKNC_04440	iML1515.b1856	40.6	96	56	1	376	471	314	408	6.63e-14	73.2
MPDKNC_04446	iYO844.BSU40420	90.6	427	40	0	1	427	1	427	1.21e-285	776
MPDKNC_04447	iJN1463.PP_4935	35.9	579	349	8	4	567	19	590	2.65e-99	313
MPDKNC_04447	iAF987.Gmet_2349	34.2	571	366	4	3	569	5	569	3.22e-99	312
MPDKNC_04447	iML1515.b0914	35.5	516	325	5	56	569	70	579	9.90e-88	282
MPDKNC_04447	iSbBS512_1146.SbBS512_E2410	35.5	516	325	5	56	569	70	579	9.90e-88	282
MPDKNC_04447	iSDY_1059.SDY_2344	35.5	516	325	5	56	569	70	579	9.90e-88	282
MPDKNC_04451	iHN637.CLJU_RS06465	22.8	324	208	12	337	643	13	311	5.77e-07	51.6
MPDKNC_04458	iSynCJ816.SGL_RS05125	36.4	88	37	3	8	93	24	94	4.42e-05	45.1
MPDKNC_04458	iML1515.b4173	46.7	45	24	0	4	48	199	243	8.79e-05	43.9
MPDKNC_04458	iAF692.Mbar_A1452	43.5	46	26	0	3	48	6	51	1.39e-04	43.5
MPDKNC_04458	iYL1228.KPN_03779	40.8	49	29	0	3	51	4	52	1.91e-04	43.1
MPDKNC_04458	iJN1463.PP_4893	42.2	45	26	0	4	48	200	244	6.36e-04	41.2
MPDKNC_04458	iSSON_1240.SSON_3540	38.8	49	30	0	3	51	4	52	7.68e-04	41.2
MPDKNC_04460	iML1515.b0808	34.3	213	137	1	70	279	505	717	4.84e-33	128
MPDKNC_04465	iHN637.CLJU_RS02400	30.9	123	68	5	11	125	9	122	4.17e-05	43.5
MPDKNC_04465	iSynCJ816.SGL_RS17655	29.7	182	107	8	11	182	8	178	4.36e-05	43.5
MPDKNC_04465	iHN637.CLJU_RS11570	52.8	36	17	0	11	46	9	44	7.57e-05	42.7
MPDKNC_04465	iAF987.Gmet_0662	52.8	36	17	0	11	46	9	44	1.89e-04	41.6
MPDKNC_04465	iAF692.Mbar_A0171	50.0	36	18	0	11	46	9	44	1.81e-04	41.6
MPDKNC_04468	iSynCJ816.SGL_RS13580	23.3	399	255	14	12	392	9	374	1.13e-07	54.3
