reaction_id,reaction_name,growth,growth_fraction_of_wt,classification,growth_coupled_PHB_after_knockout
METSOX1abc,L-Methionine S-oxide transport via ABC system,0.42940554294403943,0.9999999999999951,non-essential,4.678907691915219
TRPabc,,0.42940554294403943,0.9999999999999951,non-essential,4.678907691915359
EX_gam_e,R_EX_gam_e,0.42911138713180363,0.9993149696899086,non-essential,4.679262970548588
EX_ala_L_glu__L_e,R_EX_ala_L_glu__L_e,0.42940554294403943,0.9999999999999951,non-essential,4.678907691915151
AGPAT180,1-octadecanoyl-sn-glycerol 3-phosphate O-acyltransferase (n-C18:0),0.42940554294403943,0.9999999999999951,non-essential,4.678907691915266
EX_cgly_e,R_EX_cgly_e,0.42940554294403943,0.9999999999999951,non-essential,4.678907691915183
Clt,Major Facilitator(MFS) TCDB:2.A.1.14.6,4.949372789815086e-17,1.1526103635928308e-16,essential,
FDMO4_1,FMN dependent monooxygenase  taurine,0.42940554294404015,0.9999999999999968,non-essential,4.678907691915222
THRabc,L-threonine transport via ABC system,0.4294055429440392,0.9999999999999946,non-essential,4.6789076919152
FA80ACPHi,Fatty-acyl-ACP hydrolase,0.4294055429440392,0.9999999999999946,non-essential,4.6789076919152235
APATi,Tetrahydrodipicolinate acetyltransferase,0.4294055429440392,0.9999999999999946,non-essential,4.678907691915209
LEULEUtex,Leucylleucine transport via diffusion  extracellular to periplasm,0.4294055429440392,0.9999999999999946,non-essential,4.678907691915259
AMPTASEAT,Aminopeptidase  Ala Thr,0.4294055429440392,0.9999999999999946,non-essential,4.678907691915188
GLYPHEtr,Gly-Phe ABC transporters,0.4294055429440392,0.9999999999999946,non-essential,4.678907691915259
HCYSMT2,Homocysteine Methyltransferase,0.42940462127883616,0.9999978536252722,non-essential,4.678911565552141
NAtex,Sodium transport via diffusion (extracellular to periplasm),0.42940554294403943,0.9999999999999951,non-essential,4.678907691915134
UAGDP,UDP-N-acetylglucosamine diphosphorylase,2.543341847746548e-16,5.922936695947557e-16,essential,
MHPGLUT,5 methyltetrahydropteroyltriglutamate homocysteine S methyltransferase,0.42940554294404104,0.9999999999999989,non-essential,4.678907691915226
CBPS,Carbamoyl-phosphate synthase (glutamine-hydrolysing),0.4294055429440401,0.9999999999999967,non-essential,4.678907691915145
HACD1i,3-hydroxyacyl-CoA dehydrogenase (acetoacetyl-CoA),0.4294055429440401,0.9999999999999967,non-essential,4.678907691915226
TYRTA,Tyrosine transaminase,0.4294055429440401,0.9999999999999967,non-essential,4.678907691915145
HPPK,2-amino-4-hydroxy-6-hydroxymethyldihydropteridine diphosphokinase,0.4294055429440401,0.9999999999999967,non-essential,4.678907691915226
EX_no2_e,R_EX_no2_e,0.4294055429440401,0.9999999999999967,non-essential,4.678907691915145
CYTK2,Cytidylate kinase (dCMP),0.4294055429440401,0.9999999999999967,non-essential,4.678907691915226
PACALDt,Phenylacetaldehyde transport  extracellular,0.4252052597309896,0.9902183768186725,non-essential,4.229690465065162
VALDHr,Valine dehydrogenase,0.42940554294403904,0.9999999999999942,non-essential,4.678907691915224
EX_sulfac_e,R_EX_sulfac_e,0.42940554294404215,1.0000000000000013,non-essential,4.678907691915193
AMANK_1,N-acetyl-D-mannosamine kinase,0.42940554294404215,1.0000000000000013,non-essential,4.6789076919152235
CPPPGO,Coproporphyrinogen oxidase (O2 required),0.42940554294404215,1.0000000000000013,non-essential,4.678907691915237
NADDP,NAD diphosphatase,0.42940554294404215,1.0000000000000013,non-essential,4.678907691915185
COabc,Cobalt transport via ABC system,0.42940554294404215,1.0000000000000013,non-essential,4.6789076919151364
GALt2_3,,0.42940554294404215,1.0000000000000013,non-essential,4.678907691915125
DIPEPabc15,Dipeptide transport via ABC system  cgly,0.42940554294404215,1.0000000000000013,non-essential,4.678907691915116
HACOADr,3 hydroxyacyl CoA dehydrogenase,0.42940554294404215,1.0000000000000013,non-essential,4.678907691915255
GALURtex,D-galacturonate transport via diffusion (extracellular to periplasm),0.42940554294404215,1.0000000000000013,non-essential,4.678907691915212
MANGLYCtex,2-O-alpha-mannosyl-D-glycerate transport via diffusion (extracellular to periplasm),0.42940554294404215,1.0000000000000013,non-essential,4.678907691915249
GTPCI,GTP cyclohydrolase I,0.42940554294404215,1.0000000000000013,non-essential,4.678907691915219
GALUi,UTP-glucose-1-phosphate uridylyltransferase (irreversible),0.2704614931716918,0.6298509593457607,non-essential,3.3488333333329963
4HPRO_LT_Et,Trans-4-Hydroxy-L-proline transport (transport mechanism unknown - evidence from biolog data),0.42940554294404004,0.9999999999999966,non-essential,4.678907691915188
RU5PS,Ribulose-5-P Synthetase,0.42940554294403954,0.9999999999999953,non-essential,4.6789076919152786
PA160abcpp,"Phosphatidate transport via ABC system (n-C16:0, periplasm)",0.42940554294403954,0.9999999999999953,non-essential,4.678907691915498
MLTGY3pp,Murein lytic transglycosylase (murein3p3p) (periplasm),0.42940554294403954,0.9999999999999953,non-essential,4.678907691915203
ARABRr,Arabinose reductase,0.42940554294403954,0.9999999999999953,non-essential,4.678907691915178
GUAtex,Guanine transport via diffusion (extracellular to periplasm),0.42940554294403954,0.9999999999999953,non-essential,4.678907691914904
FFSD,Beta-fructofuranosidase,0.42940554294403954,0.9999999999999953,non-essential,4.6789076919150885
GLYGLNtr,Dipeptide transport via ABC system gly-gln,0.42940554294403954,0.9999999999999953,non-essential,4.678907691915041
EX_3cmp_e,R_EX_3cmp_e,0.42940554294403954,0.9999999999999953,non-essential,4.6789076919150885
SHSL2r,O-succinylhomoserine lyase (H2S),0.42940554294403954,0.9999999999999953,non-essential,4.678907691915046
ACALDt,Acetaldehyde reversible transport,0.42940554294403954,0.9999999999999953,non-essential,4.678907691915184
NTPP3,Nucleoside triphosphate pyrophosphorylase (dctp),0.42940554294403954,0.9999999999999953,non-essential,4.678907691914902
NAPRT,NAPRTase (rev),0.23719187746193587,0.5523726494905674,non-essential,2.116499999999929
FMNAT,FMN adenylyltransferase,-3.823418084092807e-15,-8.903979342882073e-15,essential,
ACTNabc,Acetoin transport via ABC system,0.4294055429440394,0.999999999999995,non-essential,4.678907691915125
GLYGLYtex,L Glycinylglycine transport via diffusion  extracellular to periplasm,0.4294055429440395,0.9999999999999952,non-essential,4.6789076919146355
GTHRDabc2pp,Glutathione export via ABC system (cytoplasm to periplasm),0.4294055429440395,0.9999999999999952,non-essential,4.678907691915335
LDH_L,L-lactate dehydrogenase,0.4294055429440395,0.9999999999999952,non-essential,4.678907691914946
EX_alagly_e,R_EX_alagly_e,0.4294055429440395,0.9999999999999952,non-essential,4.6789076919151364
DADK,Deoxyadenylate kinase,0.4294055429440395,0.9999999999999952,non-essential,4.678907691915302
EX_met_L_ala__L_e,R_EX_met_L_ala__L_e,0.4294055429440395,0.9999999999999952,non-essential,4.678907691915035
FE3t,"Ferric iron uptake, plasma membrane",0.4293470803386964,0.9998638522340808,non-essential,4.678870548651895
BG_CELLB,Beta glucosidase  cellobiose,0.42940554294404,0.9999999999999963,non-essential,4.678907691915846
NTPP8,Nucleoside triphosphate pyrophosphorylase (utp),0.4294055429440395,0.9999999999999952,non-essential,4.678907691915549
PUNP1,Purine-nucleoside phosphorylase (Adenosine),0.429405542944041,0.9999999999999987,non-essential,4.67890769191547
PSD180,Phosphatidylserine decarboxylase (n-C18:0),0.4294055429440422,1.0000000000000016,non-essential,4.678907691915251
ATAH_1,,0.4294055429440422,1.0000000000000016,non-essential,4.678907691915035
G3PD4,Glycerol 3 phosphate dehydrogenase  menaquinone 7,0.429405542944042,1.000000000000001,non-essential,4.67890769191516
MALDDH,Malate decarboxylating oxidoreductase (decarboxylating),0.4294055429440352,0.9999999999999852,non-essential,4.678907691915272
BUTSO3tex,Butanesulfonate transport via diffusion (extracellular to periplasm),0.4294055429440352,0.9999999999999852,non-essential,4.678907691914931
GLYTYRabc,Gly-Try ABC transporters,0.4294055429440352,0.9999999999999852,non-essential,4.678907691915153
EX_etoh_e,R_EX_etoh_e,0.4294055429440352,0.9999999999999852,non-essential,4.678907691915231
NMNHYD_1,Nicotinamide ribonucleotide phosphohydrolase,0.4294055429440352,0.9999999999999852,non-essential,4.678907691915274
BZDH,Benzaldehyde dehydrogenase,0.4294055429440352,0.9999999999999852,non-essential,4.678907691914956
AM3PA,Anhydrous-N-Acetylmuramyl-tripeptide amidase,0.4294055429440352,0.9999999999999852,non-essential,4.678907691915011
EX_ttdcea_e,R_EX_ttdcea_e,0.4294055429440352,0.9999999999999852,non-essential,4.678907691914379
3CMPt6,3  CMP transport in via proton symport,0.4294055429440352,0.9999999999999852,non-essential,4.678907691914981
MME,Methylmalonyl-CoA epimerase,0.4294055429440352,0.9999999999999852,non-essential,4.678907691914884
LTHRK,L threonine kinase,0.4294055429440352,0.9999999999999852,non-essential,4.678907691915295
ECOAH9ir,2 Methylprop 2 enoyl CoA  2 Methylbut 2 enoyl CoA,0.4294055429440352,0.9999999999999852,non-essential,4.678907691914921
TNTHAC1,2 4 6 dinitrotoluene meisenheimer dihydrideTNT derived hydroxylamines condensation,0.4294055429440352,0.9999999999999852,non-essential,4.678907691915277
BUTCT2,,0.4294055429440352,0.9999999999999852,non-essential,4.678907691915071
FRDx,Fumarate reductase NADH,0.4294055429440352,0.9999999999999852,non-essential,4.678907691915321
CHOLD,Choline dehydrogenase,0.42940554294403643,0.9999999999999881,non-essential,4.678907691915191
EX_lipoate_e,R_EX_lipoate_e,0.42940554294403643,0.9999999999999881,non-essential,4.6789076919152395
CYTBD2pp,Cytochrome oxidase bd (menaquinol-8: 2 protons) (periplasm),0.42940554294403643,0.9999999999999881,non-essential,4.678907691915368
NTD10,5'-nucleotidase (XMP),0.42940554294403643,0.9999999999999881,non-essential,4.678907691915168
DAGK_BS,Diacylglycerol kinase,0.42940554294403643,0.9999999999999881,non-essential,4.6789076919150805
EX_ad_e,R_EX_ad_e,0.42940554294403643,0.9999999999999881,non-essential,4.678907691915373
EX_ile__L_e,R_EX_ile__L_e,0.42869030363250193,0.9983343500723445,non-essential,4.696909125921063
2AGPG161tipp,2-Acyl-sn-glycero-3-phosphoglycerol (n-C16:1) transporter via facilitated diffusion (periplasm),0.42940554294404876,1.0000000000000169,non-essential,4.6789076919149535
ALALEUabcpp,L Alaninylleucine  Ala Leu  transport via ABC system  periplasm,0.42940554294403444,0.9999999999999835,non-essential,4.678907691915192
CLtex,Chloride (Cl-1) transport via diffusion (extracellular to periplasm),0.42940554294403444,0.9999999999999835,non-essential,4.678907691914964
ACHBS,2-aceto-2-hydroxybutanoate synthase,0.42940554294403444,0.9999999999999835,non-essential,4.678907691915141
23PDE4pp,"2',3'-cyclic-nucleotide phosphodiesterase (CMP) (periplasm)",0.42940554294403444,0.9999999999999835,non-essential,4.678907691914964
CITt3pp,Citrate transport out via proton antiport (periplasm),0.42940554294403444,0.9999999999999835,non-essential,4.678907691915141
R5PP,Ribose 5-phosphate phosphatase,0.42940554294403444,0.9999999999999835,non-essential,4.678907691914964
ASPO1,L-aspartate oxidase,0.42940554294403444,0.9999999999999835,non-essential,4.678907691915141
ORNTA_1,Ornithine transaminase,0.42940554294403444,0.9999999999999835,non-essential,4.678907691914964
PYNP2r_1,Pyrimidine-nucleoside phosphorylase (uracil),0.42940554294403444,0.9999999999999835,non-essential,4.678907691915141
AGM4PCP,"N-Acetyl-D-glucosamine(anhydrous)N-Acetylmuramyl-tetrapeptide L,D-carboxypeptidase",0.42940554294403444,0.9999999999999835,non-essential,4.678907691914964
ADPRDP,ADPribose diphosphatase,0.42940554294403444,0.9999999999999835,non-essential,4.678907691915141
GLYK,Glycerol kinase,0.42940554294403444,0.9999999999999835,non-essential,4.678907691914964
ALATRPtex,L Alaninyltryptophan transport via diffusion  extracellular to periplasm,0.42940554294403444,0.9999999999999835,non-essential,4.678907691915141
PPRDNDH,Piperideine dehydrogenase,0.42940554294403444,0.9999999999999835,non-essential,4.678907691914964
NO2tex,Nitrite transport via diffusion (extracellular to periplasm),0.42940554294403444,0.9999999999999835,non-essential,4.678907691915141
NTD3,5'-nucleotidase (dCMP),0.42940554294403444,0.9999999999999835,non-essential,4.678907691914964
LIPO2S24_BS,Lipoteichoic acid synthesis  n24   linked  N acetylglucosamine substituted,1.1019020070842719e-16,2.5661103476437134e-16,essential,
GHMT2r,"Glycine hydroxymethyltransferase, reversible",0.4294050291152023,0.9999988033949545,non-essential,4.669031769871988
ASPabc,L-aspartate transport via ABC system,0.4294055429440394,0.999999999999995,non-essential,4.678907691915094
PLIPA2A160pp,"Phospholipase A2 (phosphatidate, n-C16:0) (periplasm)",0.42940554294404015,0.9999999999999968,non-essential,4.678907691915122
GALM,Aldose 1 epimerase,0.42940554294404015,0.9999999999999968,non-essential,4.678907691915071
PE160abcpp,"Phosphatidylethanolamine transport via ABC system (n-C16:0, periplasm)",0.42940554294404015,0.9999999999999968,non-essential,4.678907691915229
UAGPT2,UDP-N-acetylglucosamine-N-acetylmuramyl-(pentapeptide)pyrophosphoryl-undecaprenol N-acetylglucosamine transferase,0.42940554294404015,0.9999999999999968,non-essential,4.678907691915071
EX_salchs2fe_e,R_EX_salchs2fe_e,0.42940554294404015,0.9999999999999968,non-essential,4.678907691915229
POR_syn,Pyruvate-ferredoxin oxidoreductase,0.42940554294404015,0.9999999999999968,non-essential,4.678907691915067
FBA,Fructose-bisphosphate aldolase,0.416032048032159,0.9688557934762725,non-essential,4.474007805504253
AIRC1,Phosphoribosylaminoimidazole carboxylase  ATP dependent,0.42940554294404143,0.9999999999999998,non-essential,4.6789076919154295
THZPSN_1,Thiazole phosphate synthesis,0.4294055429440355,0.9999999999999859,non-essential,4.6789076919151835
FOLR2,Folate reductase,0.4293885872416169,0.9999605135455206,non-essential,4.678838914768304
GLYPHEHYc,Hydrolysis of glycylphenylalanine,0.4294055429440359,0.9999999999999868,non-essential,4.678907691915064
EX_acgam_e,R_EX_acgam_e,0.42940554294403804,0.9999999999999919,non-essential,4.678907691915311
P5CD,1-pyrroline-5-carboxylate dehydrogenase,0.42940554294403804,0.9999999999999919,non-essential,4.678907691915087
EX_gly_pro__L_e,R_EX_gly_pro__L_e,0.42940554294403804,0.9999999999999919,non-essential,4.678907691915235
LEUtex,L-leucine transport via diffusion (extracellular to periplasm),0.42940554294403804,0.9999999999999919,non-essential,4.67890769191648
MLDCP2Bpp,"Murein L,D-carboxypeptidase (murein4p3p) (periplasm)",0.42940554294403804,0.9999999999999919,non-essential,4.678907691914788
MCTP2App,Murein crosslinking transpeptidase 1A:(A2pm->D-ala) (periplasm),0.42940554294403804,0.9999999999999919,non-essential,4.67890769191523
IPPMIb,2-isopropylmalate hydratase,0.42940554294403804,0.9999999999999919,non-essential,4.678907691914886
MDH,Malate dehydrogenase,0.41879289730372843,0.9752852616490418,non-essential,5.452388783449384
EX_cit_e,R_EX_cit_e,-2.42091713197496e-16,-5.637833911916793e-16,essential,
MDDCP2pp,"Murein D,D-carboxypeptidase (murein5px4px4p) (periplasm)",0.42940554294403915,0.9999999999999944,non-essential,4.678907691915212
ZN2abcpp,"Zinc (Zn+2) ABC transporter, efflux (periplasm)",0.4294055429440403,0.9999999999999971,non-essential,4.67890769191528
EX_octa_e,R_EX_octa_e,0.4294055429440403,0.9999999999999971,non-essential,4.678907691916219
ALCD2x,Alcohol dehydrogenase (ethanol),0.4294055429440403,0.9999999999999971,non-essential,4.678907691915532
PPAKr,Propionate kinase,0.42940554294403677,0.9999999999999889,non-essential,4.678907691915385
SUCRt2,Sucrose transport in via proton symport,0.42940554294404,0.9999999999999963,non-essential,4.6789076919152
DALADALAD,Beta alanine beta alanine dipeptidase,0.4294055429440416,1.0000000000000002,non-essential,4.678907691915344
EX_3gmp_e,R_EX_3gmp_e,0.2051989985334458,0.4778676053564277,critical,4.233176051324675
HISGLYtex,L Histidinylglycine transport via diffusion  extracellular to periplasm,0.42940554294403893,0.9999999999999939,non-essential,4.678907691915222
ECOAH6,3-hydroxyacyl-CoA dehydratase (3-hydroxytetradecanoyl-CoA),0.42940139548178297,0.9999903413863032,non-essential,4.678857492417047
TMDPP,Thymidine phosphorylase,0.42940554294404104,0.9999999999999989,non-essential,4.678907691915191
RNDR4,Ribonucleoside-diphosphate reductase (UDP),0.42940554294403904,0.9999999999999942,non-essential,4.67890769191512
DNTPPA,Dihydroneopterin triphosphate pyrophosphatase,0.42940554294403904,0.9999999999999942,non-essential,4.67890769191528
NDP7,Nucleoside diphosphatase  UDP,0.42940554294403904,0.9999999999999942,non-essential,4.678907691915166
EX_galur_e,R_EX_galur_e,0.42940554294403904,0.9999999999999942,non-essential,4.678907691915622
CU2tex,Copper (Cu+2) transport via diffusion (extracellular to periplasm),-1.9295323263710012e-16,-4.493496551399781e-16,essential,
GTHPe,Glutathione peroxidase,0.4256371690833192,0.9912242076921364,non-essential,4.1511009650489274
FRUK,Fructose-1-phosphate kinase,0.4294055429440392,0.9999999999999946,non-essential,4.678907691914806
PG161abcpp,"Phosphatidylglycerol transport via ABC system (n-C16:1, periplasm)",0.42940554294403976,0.9999999999999959,non-essential,4.678907691915174
RECOAH3,3 hydroxyacyl Coa dehydratase   3R  3 hydroxyoctanoyl CoA,0.42940554294403976,0.9999999999999959,non-essential,4.678907691915166
OCBT,Ornithine carbamoyltransferase,0.42940554294403976,0.9999999999999959,non-essential,4.6789076919152714
KAS7,B-ketoacyl synthetase (n-C16:1),0.42940554294403976,0.9999999999999959,non-essential,4.678907691915166
5DGLCNR,5-dehydro-D-gluconate reductase,0.42940554294403976,0.9999999999999959,non-essential,4.6789076919152714
NOR_syn_1,Ferredoxin-Nitrite Reductase,0.42940554294403976,0.9999999999999959,non-essential,4.678907691915166
EX_cytd_e,R_EX_cytd_e,0.42940554294403976,0.9999999999999959,non-essential,4.669438236914448
MDRPD,5-Methylthio-5-deoxy-D-ribulose 1-phosphate dehydratase,0.4294055429440381,0.999999999999992,non-essential,4.678907691915264
ETHSO3tex,Ethanesulfonate transport via diffusion (extracellular to periplasm),0.4294055429440381,0.999999999999992,non-essential,4.678907691915145
MLDCP2App,"Murein L,D-carboxypeptidase (murein5p5p) (periplasm)",0.4294055429440381,0.999999999999992,non-essential,4.678907691915659
Kt3r,Potassium transport out via proton antiport,0.4294055429440381,0.999999999999992,non-essential,4.678907691915099
ACLDC,Acetolactate decarboxylase,0.4294055429440381,0.999999999999992,non-essential,4.678907691915659
S6PG,Salicin 6 phosphate glucohydrolase,0.4294055429440381,0.999999999999992,non-essential,4.678907691915099
GLYOX,Hydroxyacylglutathione hydrolase,0.4294055429440381,0.999999999999992,non-essential,4.678907691915659
ALATRPabcpp,L Alaninyltryptophan  Ala Trp  transport via ABC system  periplasm,0.4294055429440381,0.999999999999992,non-essential,4.678907691915099
PItex,Phosphate transport via diffusion (extracellular to periplasm),0.3587404879532154,0.8354351587863994,non-essential,4.432166666666653
G6PDH2r,Glucose 6-phosphate dehydrogenase,0.42940554294403405,0.9999999999999826,non-essential,4.678907691915256
PMDPHT,Pyrimidine phosphatase,0.42940554294403827,0.9999999999999923,non-essential,4.678907691915452
HMBS,Hydroxymethylbilane synthase,0.42940554294403827,0.9999999999999923,non-essential,4.6789076919153185
DHPS,Dihydropteroate synthase,0.42940554294403827,0.9999999999999923,non-essential,4.678907691914831
THZPSN,Thiazole phosphate synthesis,0.42940554294403827,0.9999999999999923,non-essential,4.678907691915251
ACACtex,Acetoacetate transport via diffusion (extracellular to periplasm),0.42940554294403827,0.9999999999999923,non-essential,4.678907691915444
NTD1,5'-nucleotidase (dUMP),0.42940554294403827,0.9999999999999923,non-essential,4.678907691915285
PPOR,"Phenylpyruvate:oxygen oxidoreductase (hydroxylating,decarboxylating)",0.42940554294403827,0.9999999999999923,non-essential,4.6789076919150085
EX_agm_e,R_EX_agm_e,0.42940554294403827,0.9999999999999923,non-essential,4.67890769191517
AGM3PH,"N-Acetyl-D-glucosamine(anhydrous)N-Acetylmuramyl-tripeptide beta -1,4-N-acetylglucosaminidase",0.42940554294403827,0.9999999999999923,non-essential,4.67890769191512
CDGUNPD,"3,5-cyclic-nucleotide phosphodiesterase",0.42940554294403827,0.9999999999999923,non-essential,4.67890769191517
PHBS_syn_1,PHB synthetase,0.42940554294403827,0.9999999999999923,non-essential,0.0
AMPEP18,Aminopeptidase,0.42940554294403827,0.9999999999999923,non-essential,4.678907691915203
Kabc,Potassium ABC transporter,0.42940554294403827,0.9999999999999923,non-essential,4.678907691915017
BALAt2pp,Beta-alanine transport in via proton symport (periplasm),0.42940554294403827,0.9999999999999923,non-essential,4.678907691915132
SULR,Sulfite reductase (NADPH2),0.42940554294403827,0.9999999999999923,non-essential,4.678907691915296
EX_gthrd_e,R_EX_gthrd_e,0.4256371690833118,0.991224207692119,non-essential,4.151100965048802
ACOADH2,Acyl CoA dehydrogenase  isobutyryl CoA,0.4294055429440415,0.9999999999999999,non-essential,4.678907691915398
DHDPS,Dihydrodipicolinate synthase,2.6222855273500697e-13,6.106780805323222e-13,essential,
ECOAH1,3-hydroxyacyl-CoA dehydratase (3-hydroxybutanoyl-CoA),0.4294055429440395,0.9999999999999952,non-essential,4.678907691915236
GLCabc,D-glucose transport via ABC system,0.4294055429440417,1.0000000000000004,non-essential,4.678907691915203
EX_acald_e,R_EX_acald_e,0.42940554294403943,0.9999999999999951,non-essential,4.678907691915233
ALDD2y,"Aldehyde dehydrogenase (acetaldehyde, NADP)",0.42940554294403943,0.9999999999999951,non-essential,4.678907691915095
ADPDA,N6 acetyl LL 2 6 diaminoheptanedioate amidohydrolase,0.42940554294403943,0.9999999999999951,non-essential,4.678907691915333
HISHIStex,L Histidinylhistidine transport via diffusion  extracellular to periplasm,0.42940554294403943,0.9999999999999951,non-essential,4.678907691915119
ACt4pp,Na+/Acetate symport (periplasm),0.42940554294403943,0.9999999999999951,non-essential,4.678907691915134
MCA,Methyl cis aconitase,0.42940554294403943,0.9999999999999951,non-essential,4.67890769191513
DDGLK,2-dehydro-3-deoxygluconokinase,0.42940554294403943,0.9999999999999951,non-essential,4.6789076919150085
FE3abcpp,Iron (III) transport via ABC system (periplasm to cytoplasm),0.42940554294403943,0.9999999999999951,non-essential,4.67890769191513
TARTRt7,Tartrate/succinate antiporter,0.41552333278213077,0.9676710969617832,non-essential,4.137762196392515
ACOAD1fr,Acyl-CoA dehydrogenase (butanoyl-CoA),0.4294055429440374,0.9999999999999903,non-essential,4.678907691914976
MYCTR,MYCTR,0.429405542944047,1.0000000000000127,non-essential,4.6789076919146915
ILEtex,L-isoleucine transport via diffusion (extracellular to periplasm),0.429405542944047,1.0000000000000127,non-essential,4.678907691915496
PG160abcpp,"Phosphatidylglycerol transport via ABC system (n-C16:0, periplasm)",0.429405542944047,1.0000000000000127,non-essential,4.678907691915691
GTHRDHpp,Glutathione hydralase (periplasmic),0.429405542944047,1.0000000000000127,non-essential,4.678907691915728
HSTPTr,Histidinol phosphate transaminase,0.429405542944047,1.0000000000000127,non-essential,4.678907691914115
GLYSERtex,L Glycinylserine transport via diffusion  extracellular to periplasm,0.429405542944047,1.0000000000000127,non-essential,4.678907691915499
SUCpts,Sucrose transport via PEP:Pyr PTS,0.429405542944047,1.0000000000000127,non-essential,4.678907691914115
EX_gln__L_e,R_EX_gln__L_e,0.429405542944047,1.0000000000000127,non-essential,4.678907691915499
ADPT,Adenine phosphoribosyltransferase,0.429405542944047,1.0000000000000127,non-essential,4.678907691916753
OXDHCOAT,"3-oxo-5,6-dehydrosuberyl-CoA thiolase",0.429405542944047,1.0000000000000127,non-essential,4.678907691915312
FTHFCL,5 formethyltetrahydrofolate cyclo ligase,0.429405542944047,1.0000000000000127,non-essential,4.67890769191491
EX_ala_B_e,R_EX_ala_B_e,0.429405542944047,1.0000000000000127,non-essential,4.678907691915312
2AACLPPEAT160,2 acyl acyl carrier protein glycerophospho glycerol acyltransferase  n C160,0.429405542944047,1.0000000000000127,non-essential,4.67890769191491
LSERDHr,L-serine dehydrogenase,0.429405542944047,1.0000000000000127,non-essential,4.678907691915312
EX_glymet_e,R_EX_glymet_e,0.429405542944047,1.0000000000000127,non-essential,4.678907691914976
ZN2t3pp,Zinc (Zn+2) transport out via proton antiport (periplasm),0.429405542944047,1.0000000000000127,non-essential,4.678907691915786
AHCYSNS,S-adenosylhomocysteine nucleosidase,0.429405542944047,1.0000000000000127,non-essential,4.67890769191491
THMDt2,Thymidine transport in via proton symport,0.4293603295612041,0.9998947070349222,non-essential,4.680045640730663
CELLBpts_2,,0.42940554294403244,0.9999999999999788,non-essential,4.678907691915323
EX_alatrp_e,R_EX_alatrp_e,0.4294055429440418,1.0000000000000007,non-essential,4.678907691915279
GLYCYSabc,Gly-Cys ABC transporters,0.4294055429440418,1.0000000000000007,non-essential,4.678907691915335
METSR_S2,L methionine S oxide reductase  H2O2,0.4294055429440418,1.0000000000000007,non-essential,4.678907691915279
PTRCabcpp,Putrescine transport via ABC system (periplasm),0.4294055429440418,1.0000000000000007,non-essential,4.678907691915335
GF6PTA,Glutamine-fructose-6-phosphate transaminase,0.4294055429440418,1.0000000000000007,non-essential,4.678907691915279
HMGL,Hydroxymethylglutaryl-CoA lyase,0.4294055429440418,1.0000000000000007,non-essential,4.678907691915335
TRPS3,Tryptophan synthase (indoleglycerol phosphate),0.4294055429440418,1.0000000000000007,non-essential,4.678907691915279
ACGS,N-acetylglutamate synthase,0.4294055429440418,1.0000000000000007,non-essential,4.678907691915335
URIt2,Uridine transport in via proton symport,0.4294055429440418,1.0000000000000007,non-essential,4.669625833461167
FACOAE140,Fatty-acid-CoA thioesterase (tetradecanoate),0.4294055429440384,0.9999999999999927,non-essential,4.678907691915314
ARGSS,Argininosuccinate synthase,0.4294055429440384,0.9999999999999927,non-essential,4.6789076919152945
UAGPT2_1,UDP-N-acetylglucosamine-N-acetylmuramyl-(pentapeptide)pyrophosphoryl-undecaprenol N-acetylglucosamine transferase,0.4294055429440384,0.9999999999999927,non-essential,4.678907691914976
DATPHs,DATP amine hydrolysis (spontaneous),0.4294055429440384,0.9999999999999927,non-essential,4.678907691915279
EX_acon_C_e,R_EX_acon_C_e,0.4294055429440384,0.9999999999999927,non-essential,4.678907691915039
MCITS,2-methylcitrate synthase,0.4294055429440384,0.9999999999999927,non-essential,4.678907691915245
METSR_R1,L methionine R oxide reductase  trdrd,0.4294055429440384,0.9999999999999927,non-essential,4.678907691915033
SHCHF_2,Sirohydrochlorin ferrochetalase,0.4294055429440391,0.9999999999999943,non-essential,4.678907691915151
NTP1,Nucleoside-triphosphatase (ATP),0.4294055429440391,0.9999999999999943,non-essential,4.678907691915581
KARA1,"Ketol-acid reductoisomerase (2,3-dihydroxy-3-methylbutanoate)",0.42847216552725853,0.9978263498640849,non-essential,4.58961108189844
PGPP181pp,"Phosphatidylglycerol phosphate phosphatase (periplasm, n-C18:1)",0.4294055429440405,0.9999999999999976,non-essential,4.678907691915246
AMPEP4,Aminopeptidase,0.42940554294403976,0.9999999999999959,non-essential,4.678907691915277
MECDPDH2,"2C-methyl-D-erythritol 2,4 cyclodiphosphate dehydratase",1.847932829570961e-15,4.303467572638615e-15,essential,
AMPTASEHG,Aminopeptidase  His Gly,0.42940554294403904,0.9999999999999942,non-essential,4.678907691915074
DGNSK,Deoxyguanosine kinase,0.42940554294404254,1.0000000000000022,non-essential,4.678907691915245
FRUpts,D-fructose transport via PEP:Pyr PTS,0.42940554294404254,1.0000000000000022,non-essential,4.678907691914983
TECA2S45,Glycerol teichoic acid  n45   unlinked  D ala substituted,-9.239664147854805e-16,-2.1517337863193076e-15,essential,
RNDR2,Ribonucleoside-diphosphate reductase (GDP),0.4294055429440402,0.9999999999999969,non-essential,4.678907691915179
DH23t,,0.4294055429440407,0.9999999999999981,non-essential,4.678907691915103
GLYMETtex,L Glycinylmethionine transport via diffusion  extracellular to periplasm,0.4294055429440407,0.9999999999999981,non-essential,4.678907691915163
IPPS,2-isopropylmalate synthase,0.4294055429440407,0.9999999999999981,non-essential,4.678907691915216
PGMT_B,B phosphoglucomutase,0.4294055429440407,0.9999999999999981,non-essential,4.6789076919152395
PROt2rpp,L-proline reversible transport via proton symport (periplasm),0.4294055429440407,0.9999999999999981,non-essential,4.678907691915231
SULFACtex,Sulfoaceate transport via diffusion (extracellular to periplasm),0.4294055429440407,0.9999999999999981,non-essential,4.678907691915249
HSK,Homoserine kinase,0.4294055429440407,0.9999999999999981,non-essential,4.678907691915216
DXPS,1-deoxy-D-xylulose 5-phosphate synthase,-9.239664147854805e-16,-2.1517337863193076e-15,essential,
TSULP,Thiosulfate permease,0.4294055429440385,0.9999999999999929,non-essential,4.6789076919152395
EX_23cump_e,R_EX_23cump_e,0.42940554294403904,0.9999999999999942,non-essential,4.678907691915231
APRTO2,N acetylputrescine oxygen oxireductase  deaminating,0.42940554294403904,0.9999999999999942,non-essential,4.678907691915249
HACD4,3-hydroxyacyl-CoA dehydrogenase (3-oxodecanoyl-CoA),0.42939448322272294,0.9999742441114225,non-essential,4.67864501043233
COBALTt5,Cobalt (Co+2) transport via diffusion (extracellular to cytoplasm),0.4294047940907567,0.9999982560698223,non-essential,4.67890721614352
LPLIPAL2E161,"Lysophospholipase L2 (2-acylglycerophosphoethanolamine, n-C16:1)",0.4294055429440373,0.9999999999999902,non-essential,4.678907691915206
SULabc,Sulfate transport via ABC system,0.42940554294403904,0.9999999999999942,non-essential,4.678907691915603
OXGDC,2 oxoglutarate decarboxylase,0.42940554294403904,0.9999999999999942,non-essential,4.678907691915275
ADPGLC,ADPglucose diphosphatase,0.42940554294403904,0.9999999999999942,non-essential,4.678907691915603
LALGP,L-alanyl-gamma-L-glutamate peptidase,0.42940554294403904,0.9999999999999942,non-essential,4.678907691915275
EX_cu2_e,R_EX_cu2_e,-1.4633504386502124e-15,-3.4078517678587826e-15,essential,
HXAtex,Hexanoate transport via diffusion (extracellular to periplasm),0.4294055429440394,0.999999999999995,non-essential,4.678907691915603
PTPATi,Pantetheine-phosphate adenylyltransferase,-2.3320912309185527e-12,-5.430976076669932e-12,essential,
METSRabc,L methionine R oxide transport via ABC system,0.4294055429440401,0.9999999999999967,non-essential,4.678907691915275
PYRt2rpp,Pyruvate reversible transport via proton symport (periplasm),0.42940554294403793,0.9999999999999916,non-essential,4.678907691915603
DACL,,0.42940554294403793,0.9999999999999916,non-essential,4.678907691915275
CYTDH,Cytidine hydrolase,0.42940554294403793,0.9999999999999916,non-essential,4.6789076919156
PGMT,Phosphoglucomutase,0.27046149317177587,0.6298509593459565,non-essential,3.348833333333512
ASPTA6,E L-alanine-alpha-keto acid aminotransferase,0.42940554294404143,0.9999999999999998,non-essential,4.678907691915381
CYS,L-cysteine,0.42940554294403815,0.9999999999999921,non-essential,4.678907691915233
HMPK1,Hydroxymethylpyrimidine kinase (ATP),0.42940554294404,0.9999999999999963,non-essential,4.678907691915516
PAP_BS,Phosphatidic acid phosphatase,-9.23966414785481e-16,-2.1517337863193088e-15,essential,
EX_d23hb_e,R_EX_d23hb_e,0.4294055429440381,0.999999999999992,non-essential,4.678907691915212
PRPPS,Phosphoribosylpyrophosphate synthetase,0.24077740077536425,0.5607226192856607,non-essential,2.116500000000478
ACACT8r,"Acetyl-CoA acyltransferase (hexadecanoyl-CoA), (r)",0.42940554294403593,0.9999999999999869,non-essential,4.67890769191524
EX_arbt_e,R_EX_arbt_e,0.42940554294402455,0.9999999999999605,non-essential,4.678907691915573
NTPP8_1,Nucleoside triphosphate pyrophosphorylase (utp),0.42940554294402455,0.9999999999999605,non-essential,4.678907691914867
GPDDA2,Glycerophosphodiester phosphodiesterase (Glycerophosphoethanolamine),0.42940554294402455,0.9999999999999605,non-essential,4.678907691915299
EX_2pglyc_e,R_EX_2pglyc_e,0.42940554294402455,0.9999999999999605,non-essential,4.678907691915337
DIPEPabc3,Dipeptide transport via ABC system  ala glu,0.42940554294402455,0.9999999999999605,non-essential,4.678907691915277
HXCT,Acetyl-CoA:hexanoate-CoA transferase,0.42940554294402455,0.9999999999999605,non-essential,4.678907691915257
GLYPHEabcpp,L Glycinilphenylalanin  Gly Phe  transport via ABC system  periplasm,0.42940554294402455,0.9999999999999605,non-essential,4.678907691915205
URIDK2r,Uridylate kinase (dUMP),0.42940554294402455,0.9999999999999605,non-essential,4.678907691915583
PNTOt4pp,Pantothenate sodium symporter (periplasm),0.4294005659989325,0.9999884096859232,non-essential,4.678884552789287
PRO1x,Proline oxidase  L proline  NAD,0.4294055429440381,0.999999999999992,non-essential,4.678907691914796
HISabc,L-histidine transport via ABC system,0.42940554294402455,0.9999999999999605,non-essential,4.67890769191571
MOBDabc_rev,T06232b,0.42940554294402455,0.9999999999999605,non-essential,4.678907691915329
PTRCTA,Putrescine Transaminase,0.42940554294402455,0.9999999999999605,non-essential,4.678907691915291
EX_glcn_e,R_EX_glcn_e,0.42940554294402455,0.9999999999999605,non-essential,4.6789076919153185
FACOAL141t2pp,Fatty-acid-CoA ligase (tetradecenoate transport via vectoral Co-A coupling),0.42940554294402455,0.9999999999999605,non-essential,4.678907691915236
PPCOAC,Propionyl-CoA carboxylase,0.42940554294402455,0.9999999999999605,non-essential,4.678907691915259
FACOAL140,Fatty acid  CoA ligase  tetradecanoate,0.42940554294402455,0.9999999999999605,non-essential,4.6789076919159855
ZN2t4pp,Zinc transport out via antiport (periplasm),0.42940554294402455,0.9999999999999605,non-essential,4.678907691915329
HPHACA,2--hydroxyphenylacetate hydroxylase,0.42940554294402455,0.9999999999999605,non-essential,4.678907691915184
VPAMTr,Valine-pyruvate aminotransferase,0.42940554294402455,0.9999999999999605,non-essential,4.678907691915205
NADK_1,NAD kinase,0.4294055429440396,0.9999999999999954,non-essential,4.678907691915525
DIPEPabc12,Dipeptide transport via ABC system  met ala,0.4294055429440396,0.9999999999999954,non-essential,4.678907691915158
NTD2,5'-nucleotidase (UMP),0.4294055429440396,0.9999999999999954,non-essential,4.678907691915176
EX_prohisglu_e,R_EX_prohisglu_e,0.4294055429440396,0.9999999999999954,non-essential,4.6789076919149455
MALTt2,Maltose transport in via proton symport,0.4137170809812615,0.9634646962048542,non-essential,4.611271801911096
DHORDi,Dihydoorotic acid dehydrogenase  irreversible,0.4294055429440392,0.9999999999999946,non-essential,4.67890769191585
AACPS4,Acyl-[acyl-carrier-protein] synthetase  (n-C16:1),0.42940554294405026,1.0000000000000202,non-essential,4.678907691914261
CITt14,Citrate transport in via Ca complex,1.334789892759034e-15,3.108459857335793e-15,essential,
GLYt4,Glycine transport via sodium symport,0.4294055429440389,0.9999999999999938,non-essential,4.678907691915256
EX_so4_e,R_EX_so4_e,0.42940554294404054,0.9999999999999977,non-essential,4.6783488635411885
MPTG2,Murein polymerizing transglycosylase 2 (three linked units),0.42940554294404126,0.9999999999999993,non-essential,4.67890769191488
URIt2pp,Uridine transport in via proton symport (periplasm),0.42940554294404126,0.9999999999999993,non-essential,4.678907691915105
AACLAM,Acetyl adenylate CoA ligase AMP-forming,0.42940554294404126,0.9999999999999993,non-essential,4.678907691915032
ACTD,Acetoin dehydrogenase,0.42940554294404126,0.9999999999999993,non-essential,4.678907691915105
HG2abcpp,Mercury (Hg+2) ABC transporter (periplasm),0.42940554294404126,0.9999999999999993,non-essential,4.678907691915032
DHAPT,Dihydroxyacetone phosphotransferase,0.42940554294404126,0.9999999999999993,non-essential,4.678907691915105
AMID_1,Acetamidase,0.42940554294404126,0.9999999999999993,non-essential,4.678907691915032
Cotpp,Co transport via diffusion (periplasm to cytosol),0.42940554294404126,0.9999999999999993,non-essential,4.678907691915105
EX_23dhbzs3_e,R_EX_23dhbzs3_e,0.42940554294404126,0.9999999999999993,non-essential,4.678907691915032
ACTD_1,,0.42940554294404126,0.9999999999999993,non-essential,4.678907691915105
ACACt2pp,Acetoacetate transport via proton symport  (periplasm),0.42940554294404126,0.9999999999999993,non-essential,4.678907691915032
EX_feoxam_un_e,R_EX_feoxam_un_e,0.42940554294404126,0.9999999999999993,non-essential,4.678907691915265
DMPPS,1-hydroxy-2-methyl-2-(E)-butenyl 4-diphosphate reductase (dmpp),0.42940554294404126,0.9999999999999993,non-essential,4.678907691915367
H2SO,Hydrogen sulfide oxidation,0.4294055429440405,0.9999999999999976,non-essential,4.678907691914873
FACOAL160,Fatty acid  CoA ligase  hexadecanoate,0.42940554294404004,0.9999999999999966,non-essential,4.678907691914317
ZN2t4,Zinc transport out via antiport,0.42940554294404004,0.9999999999999966,non-essential,4.678907691915198
NOS1_1,Nitric Oxide Synthase (intermediate forming),0.42940554294404004,0.9999999999999966,non-essential,4.678907691914315
EX_hxan_e,R_EX_hxan_e,0.42940554294404004,0.9999999999999966,non-essential,4.678907691915198
ALDD31_1,Aldehyde dehydrogenase  aminoacetaldehyde  NAD,0.42940554294404004,0.9999999999999966,non-essential,4.678907691914315
EX_icit_e,R_EX_icit_e,0.42940554294404004,0.9999999999999966,non-essential,4.678907691915198
DABAAT2,DABA aminotransferase,0.42940554294404004,0.9999999999999966,non-essential,4.678907691914315
sink_lipopb_c,R_sink_lipopb_c,0.42940554294404004,0.9999999999999966,non-essential,4.678907691915198
M1PD,Mannitol-1-phosphate 5-dehydrogenase,0.42940554294404004,0.9999999999999966,non-essential,4.678907691914315
EX_o2_e,R_EX_o2_e,0.23535093381235345,0.5480854583263344,non-essential,2.8722165264240096
ILEDHr,Isoleucine dehydrogenase,0.42940554294403765,0.9999999999999909,non-essential,4.678907691915213
NABTNO,N4 AcetylaminobutanalNAD oxidoreductase,0.4294055429440396,0.9999999999999954,non-essential,4.678907691915216
PLIPA1E181pp,"Phospholipase A1 (phosphatidylethanolamine, n-C18:1) (periplasm)",0.4294055429440396,0.9999999999999954,non-essential,4.678907691915189
PNTOtex,Pantothenate transport via diffusion (extracellular to periplasm),0.4294005659989458,0.9999884096859543,non-essential,4.678884552822074
HACD7,3-hydroxyacyl-CoA dehydrogenase (3-oxohexadecanoyl-CoA),0.42914763113471915,0.9993993747552625,non-essential,4.677931752487699
3NUCLE1,3  nucleotidase  3  AMP,0.4294055429440396,0.9999999999999954,non-essential,4.678907691914303
GTPCII,GTP cyclohydrolase II,0.42940554294403854,0.999999999999993,non-essential,4.678907691915174
EX_thm_e,R_EX_thm_e,0.4294001156890293,0.999987361003831,non-essential,4.678952720386637
CYSabc2pp,L-cysteine export via ABC system (cytoplasm to periplasm),0.4294055429440382,0.9999999999999922,non-essential,4.678907691915809
FBA3,"Sedoheptulose 1,7-bisphosphate D-glyceraldehyde-3-phosphate-lyase",0.4294055429440346,0.9999999999999838,non-essential,4.678907691915543
TYRabc,,0.4294055429440346,0.9999999999999838,non-essential,4.678907691915542
EX_urate_e,R_EX_urate_e,0.4294055429440346,0.9999999999999838,non-essential,4.678907691915543
LYSt3pp,L-lysine transport out via proton antiport (cytoplasm to periplasm),0.4294055429440346,0.9999999999999838,non-essential,4.678907691915542
ACACT6r_1,Acetyl CoA C acyltransferase  dodecanoyl CoA,0.42940139548177736,0.9999903413862901,non-essential,4.678857492429994
H2Otpp,H2O transport via diffusion (periplasm),0.4294055429440333,0.9999999999999809,non-essential,4.678907691914684
GLYGLUabcpp,L Glycinylglutamate  Gly Glu  transport via ABC system  periplasm,0.42940554294403965,0.9999999999999956,non-essential,4.678907691915728
ACGApts,N-Acetyl-D-glucosamine transport via PEP:Pyr PTS,0.42940554294403965,0.9999999999999956,non-essential,4.678907691915145
AMPTASEATRP,Aminopeptidase  Ala Trp,0.42940554294403965,0.9999999999999956,non-essential,4.678907691915366
CDPPH,CDP phosphohydrolase,0.42940554294403965,0.9999999999999956,non-essential,4.678907691914464
GLYCTO1,Glycolate oxidase,0.42940554294403965,0.9999999999999956,non-essential,4.678907691915698
D5KGK,2-Deoxy-5-Keto-D-gluconate kinase,0.42940554294403965,0.9999999999999956,non-essential,4.678907691915211
DTMPK,DTMP kinase,-2.6635231946956134e-15,-6.2028151207231e-15,essential,
CAt4,Calcium transport inout via proton antiporter,0.4294055429440384,0.9999999999999927,non-essential,4.6789076919163275
HEX1,Hexokinase (D-glucose:ATP),0.429405542944039,0.999999999999994,non-essential,4.678907691915422
RHCCE,S-ribosylhomocysteine cleavage enzyme,0.429405542944039,0.999999999999994,non-essential,4.678907691915152
EX_ura_e,R_EX_ura_e,0.429405542944039,0.999999999999994,non-essential,4.678907691915586
XYLabcpp,D-xylose transport via ABC system (periplasm),0.429405542944039,0.999999999999994,non-essential,4.678907691915602
HQNt6,Hydroquinone transport inout via proton symport,0.429405542944039,0.999999999999994,non-essential,4.678907691915202
EX_asp__L_e,R_EX_asp__L_e,0.429405542944039,0.999999999999994,non-essential,4.6789076919164
EX_glcur_e,R_EX_glcur_e,0.429405542944039,0.999999999999994,non-essential,4.678907691915249
3NTD2pp,3'-nucleotidase (UMP) (periplasm),0.429405542944039,0.999999999999994,non-essential,4.678907691915193
EX_4hba_e,R_EX_4hba_e,0.429405542944039,0.999999999999994,non-essential,4.678907691915244
GCCc,Glycine-cleavage complex,0.429405542944039,0.999999999999994,non-essential,4.678907691914097
AMPTASEGM,Aminopeptidase  Gly Met,0.429405542944039,0.999999999999994,non-essential,4.678907691914873
GLCNt2ir,D gluconate transport via proton symport,0.429405542944039,0.999999999999994,non-essential,4.678907691914996
NAt3_1,Sodium proton antiporter  HNA is 11,0.42940554294403943,0.9999999999999951,non-essential,4.678907691915202
AMANK,N-acetyl-D-mannosamine kinase,0.42940554294403943,0.9999999999999951,non-essential,4.678907691915192
GLYPHEAP,Gly-Phe aminopeptidase,0.42940554294403943,0.9999999999999951,non-essential,4.678907691915141
EX_tagur_e,R_EX_tagur_e,0.42940554294403943,0.9999999999999951,non-essential,4.678907691915225
EX_cpgn_un_e,R_EX_cpgn_un_e,0.42940554294403943,0.9999999999999951,non-essential,4.6789076919152475
EX_but_e,R_EX_but_e,0.42940554294403943,0.9999999999999951,non-essential,4.67890769191516
QMO2,Quinol monooxygenase (Ubiquinol-8),0.42940554294403943,0.9999999999999951,non-essential,4.678907691914793
VECOAH,3-hydroxyacyl-CoA dehydratase (3-hydroxypentanoyl-CoA),0.42940554294403943,0.9999999999999951,non-essential,4.678907691915163
EX_ala_his_e,R_EX_ala_his_e,0.42940554294403943,0.9999999999999951,non-essential,4.67890769191481
RPE,Ribulose 5-phosphate 3-epimerase,0.35528728039942387,0.8273933260468497,non-essential,4.432166666667169
MHPGLUT2,5-methyltetrahydropteroyltriglutamate methyltransferase,0.4294055429440397,0.9999999999999958,non-essential,4.678907691915231
CYSGL,Cystathionine gamma-lyase,0.42940554294403943,0.9999999999999951,non-essential,4.67890769191517
DAAOP,D alanyl aminopeptidase,0.42940554294403943,0.9999999999999951,non-essential,4.678907691915226
AMPEP7,Aminopeptidase,0.42940554294403943,0.9999999999999951,non-essential,4.678907691915196
BZt,Benzoate transport (diffusion),0.4294031043801376,0.9999943210702703,non-essential,4.678916464804071
FACOAE161,Fatty-acid-CoA thioesterase (hexadecenoate),0.42940554294403854,0.999999999999993,non-essential,4.67890769191493
VNDH_2,4-hydroxybenzaldehyde dehydrogenase,0.4294055429440391,0.9999999999999943,non-essential,4.67890769191515
IGPS,Indole-3-glycerol-phosphate synthase,0.4294055429440391,0.9999999999999943,non-essential,4.6789076919154455
HCO3E,HCO3 equilibration reaction,-2.52832331793798e-15,-5.887961530732875e-15,essential,
EX_istfrnB_e,R_EX_istfrnB_e,0.4294055429440401,0.9999999999999967,non-essential,4.678907691915155
CARNabcpp,Carnosine transport via ABC system  periplasm,0.4294055429440386,0.9999999999999931,non-essential,4.678907691915297
DHFR,Dihydrofolate reductase,-8.862729915621578e-16,-2.063953309698318e-15,essential,
ALAGLNtr,Dipeptide transport via ABC system ala-gln,0.4294055429440393,0.9999999999999948,non-essential,4.678907691915153
EX_glc__aD_e,R_EX_glc__aD_e,0.42940554294404176,1.0000000000000004,non-essential,4.678907691915297
TNTR4,TNT nitroreductase Meisenheimer dihydride complex forming,0.42940554294404176,1.0000000000000004,non-essential,4.678907691915153
LEUt2r,L leucine reversible transport via proton symport,0.4280809116814877,0.996915197569477,non-essential,4.682623501230532
TTDCAtexi,Tetradecanoate transport via facilitated irreversible diffusion (extracellular to periplasm),0.42940554294403993,0.9999999999999962,non-essential,4.678907691915251
MLTGY1pp,Murein lytic transglycosylase (murein4p4p) (periplasm),0.4294055429440411,0.999999999999999,non-essential,4.67890769191521
CYSabc,L-cysteine transport via ABC system,0.4294055429440411,0.999999999999999,non-essential,4.678907691915238
CMCBTFexs,Carboxymycobactin Fe loading reaction  spontaneous,0.4294055429440411,0.999999999999999,non-essential,4.678907691915223
BUTCT,Acetyl-CoA:butyrate-CoA transferase,0.4294055429440411,0.999999999999999,non-essential,4.678907691915184
ACACT2r,Acetyl-CoA C-acyltransferase (butanoyl-CoA) (r),0.42939448322272633,0.9999742441114304,non-essential,4.678413137411381
ARGDC,Arginine decarboxylase,0.4294055429440417,1.0000000000000004,non-essential,4.67890769191527
RIBtex,Ribose transport via diffusion (extracellular to periplasm),0.4294055429440411,0.999999999999999,non-essential,4.678907691915096
LDH_D,D-lactate dehydrogenase,0.4294055429440411,0.999999999999999,non-essential,4.678907691915282
ACS,Acetyl-CoA synthetase,0.4294055429440411,0.999999999999999,non-essential,4.678907691915198
CO2tpp,CO2 transporter via diffusion (periplasm),0.35964181071983486,0.8375341600252747,non-essential,3.3718182898960585
EX_phe__L_e,R_EX_phe__L_e,0.4277047793096895,0.996039260176542,non-essential,4.662284158608248
HEXt2rpp,"Hexanoate transport via proton symport, reversible (periplasm)",0.4294055429440389,0.9999999999999938,non-essential,4.678907691914742
TALA,Transaldolase,0.37127983399410486,0.8646367986975161,non-essential,4.15392965947048
HGt,Mercury transport,0.4294055429440395,0.9999999999999952,non-essential,4.67890769191525
PYRtex,Pyruvate transport via diffusion (extracellular to periplasm),0.42940554294403827,0.9999999999999923,non-essential,4.678907691916249
INS2D,Inositol 2-dehydrogenase,0.42940554294403827,0.9999999999999923,non-essential,4.678907691915288
BALABALAtex,Beta alanyl beta alanine transport via diffusion  extracellular to periplasm,0.42940554294403827,0.9999999999999923,non-essential,4.678907691914914
EX_ala_gln_e,R_EX_ala_gln_e,0.42940554294403827,0.9999999999999923,non-essential,4.6789076919155885
GALM2,Aldose 1-epimerase (galactose),0.42940554294403827,0.9999999999999923,non-essential,4.678907691915253
SERAT,Serine O-acetyltransferase,0.42940554294403827,0.9999999999999923,non-essential,4.678907691915495
ADSL2r,Adenylosuccinate lyase,0.42940554294403827,0.9999999999999923,non-essential,4.678907691915209
MANt2,D mannose transport in via proton symport,0.42940554294403827,0.9999999999999923,non-essential,4.678907691915508
PGM,Phosphoglycerate mutase,0.41552333278212195,0.9676710969617627,non-essential,4.137762196392025
ATPX5P,ATP pyridoxal 5'-phosphotransferase,0.4294055429440375,0.9999999999999906,non-essential,4.678907691915373
EX_fe3dhbzs3_e,R_EX_fe3dhbzs3_e,0.42940554294404215,1.0000000000000013,non-essential,4.678907691915136
GLYCDH,Glycerol dehydratase,0.42940554294404215,1.0000000000000013,non-essential,4.678907691914878
SUCCt2_2pp,Succinate transport via proton symport (2 H) (periplasm),0.42940554294404215,1.0000000000000013,non-essential,4.678907691915184
DHQS,3-dehydroquinate synthase,0.42940554294404215,1.0000000000000013,non-essential,4.678907691915148
ALAHIStex,L Alaninylhistidine transport via diffusion  extracellular to periplasm,0.42940554294404215,1.0000000000000013,non-essential,4.678907691914238
CGLYabcpp,L-Cysteinylglycine (Cys-Gly) transport via ABC system (periplasm),0.42940554294404215,1.0000000000000013,non-essential,4.6789076919151595
LLEUDr,L leucine dehydrogenase,0.42940554294404215,1.0000000000000013,non-essential,4.678907691914798
ORNTA,Ornithine transaminase,0.42940554294404215,1.0000000000000013,non-essential,4.678907691914748
TRPAS1,Tryptophanase  L cysteine,0.42940554294404215,1.0000000000000013,non-essential,4.6789076919151436
ZNabc,Zinc transport via ABC system,0.42940554294404215,1.0000000000000013,non-essential,4.678907691915219
13PPDH2_1,"1,3-propanediol dehydrogenase",0.42940554294404215,1.0000000000000013,non-essential,4.6789076919151285
BG_MADG,Beta glucosidase  methyl alpha D glucoside,0.42940554294404215,1.0000000000000013,non-essential,4.67890769191512
MDDCP3pp,"Murein D,D-carboxypeptidase (murein5p5p) (periplasm)",0.42940554294404215,1.0000000000000013,non-essential,4.678907691915142
NTP5,Nucleoside-triphosphatase (CTP),0.42940554294404215,1.0000000000000013,non-essential,4.678907691914845
PPBNGS,Porphobilinogen synthase,0.42940554294404215,1.0000000000000013,non-essential,4.678907691915914
AMPEP15,Aminopeptidase,0.42940554294404215,1.0000000000000013,non-essential,4.678907691915329
ARGt2r,L arganine reversible transport via proton symport,0.4272018585092818,0.9948680577813432,non-essential,4.677507616933876
ALAD_L,L-alanine dehydrogenase,0.4294055429440381,0.999999999999992,non-essential,4.678907691915181
MYCTR2,MYCTR2,0.42940554294404015,0.9999999999999968,non-essential,4.678907691915202
ACP1_FMN,Acid phosphatase (FMN),0.42940554294404015,0.9999999999999968,non-essential,4.678907691915001
ME2,Malic enzyme (NADP),0.42940554294404015,0.9999999999999968,non-essential,4.678907691915557
EX_ca2_e,R_EX_ca2_e,2.0362084535262354e-15,4.741924008632525e-15,essential,
GLCAt2,,0.42940554294403954,0.9999999999999953,non-essential,4.678907691914902
MANPGH,2-O-alpha-mannosyl-6-phosphate-D-glycerate hydrolase,0.4294055429440395,0.9999999999999952,non-essential,4.678907691915101
MTHTHFSs,"(2R,4S)-2-methyl-2,3,3,4-tetrahydroxytetrahydrofuran synthesis (spontaneous)",0.4294055429440395,0.9999999999999952,non-essential,4.678907691915191
PROabc,L-proline transport via ABC system,0.4294055429440395,0.9999999999999952,non-essential,4.678907691914871
GUACYC,Guanylate cyclase,0.4294055429440395,0.9999999999999952,non-essential,4.678907691915561
TREpts,Trehalose transport via PEP:Pyr PTS,0.4294055429440395,0.9999999999999952,non-essential,4.678907691914925
DSERtex,D-serine transport via diffusion (extracellular to periplasm),0.4294055429440395,0.9999999999999952,non-essential,4.678907691914645
GLUtex,L-glutamate transport via diffusion (extracellular to periplasm),0.4294055429440395,0.9999999999999952,non-essential,4.678907691914696
O2tpp,O2 transport via diffusion (periplasm),0.2353509338123535,0.5480854583263345,non-essential,2.872216526423937
ANSN,Anthranilate synthase (NH3),0.42940554294403877,0.9999999999999936,non-essential,4.678907691914607
AMPTASECG,Alanyl aminopeptidase (cys-gly),0.4294055429440458,1.00000000000001,non-essential,4.678907691915127
TSULtex,Thiosulfate transport via diffusion (extracellular to periplasm),0.4294055429440458,1.00000000000001,non-essential,4.678907691915191
NH4tex,Ammonia transport via diffusion (extracellular to periplasm),0.4294055429440458,1.00000000000001,non-essential,4.678907691915255
PSERT,Phosphoserine transaminase,0.4294055429440458,1.00000000000001,non-essential,4.678907691915254
KAS1,B-ketoacyl synthetase (Iso-C14:0),-1.0360278184898934e-15,-2.4127024802400014e-15,essential,
EX_stfrnA_e,R_EX_stfrnA_e,0.4294055429440395,0.9999999999999952,non-essential,4.678907691915255
HACD1,3-hydroxyacyl-CoA dehydrogenase (acetoacetyl-CoA),0.42940554294404015,0.9999999999999968,non-essential,4.678907691915254
EX_glyglu_e,R_EX_glyglu_e,0.42940554294404015,0.9999999999999968,non-essential,4.678907691915255
H2CO3D2,Carboxylic acid dissociation,0.42940554294404015,0.9999999999999968,non-essential,4.678907691915254
GLUDxi,Glutamate dehydrogenase  NAD,0.4294055429440396,0.9999999999999954,non-essential,4.678907691915255
PG180abcpp,"Phosphatidylglycerol transport via ABC system (n-C18:0, periplasm)",0.4294055429440391,0.9999999999999943,non-essential,4.678907691915254
MOBDtex,Molybdate transport via diffusion (extracellular to periplasm),0.4294055429440391,0.9999999999999943,non-essential,4.678907691915255
DGK1,Deoxyguanylate kinase (dGMP:ATP),0.4294055429440391,0.9999999999999943,non-essential,4.678907691915254
URIH,Uridine hydrolase,0.4294055429440391,0.9999999999999943,non-essential,4.678907691915255
PNTK_1,Pantothenate kinase,0.4294055429440391,0.9999999999999943,non-essential,4.678907691915254
DAPAT,Cadaverine aminotranferase,0.4294055429440391,0.9999999999999943,non-essential,4.678907691915255
ACGAMK,N-acetylglucosamine kinase,0.4294055429440391,0.9999999999999943,non-essential,4.678907691915254
HG2t3pp,Mercury (Hg+2) transport out via proton antiport (periplasm),0.4294055429440391,0.9999999999999943,non-essential,4.678907691915255
EX_gua_e,R_EX_gua_e,0.4294055429440391,0.9999999999999943,non-essential,4.678907691915254
MCCC,Methylcrotonoyl-CoA carboxylase,0.4294055429440391,0.9999999999999943,non-essential,4.678907691915255
ADNK1,Adenosine kinase,0.4294055429440391,0.9999999999999943,non-essential,4.678907691915254
INOSR,Ketoinositol reductase,0.42940554294403716,0.9999999999999898,non-essential,4.678907691915255
DPR,2-dehydropantoate 2-reductase,0.42940554294403716,0.9999999999999898,non-essential,4.678907691915254
ALLTN,Allantoinase,0.42940554294403716,0.9999999999999898,non-essential,4.678907691915255
MDNTHAep,N  2 methyl 3 5 dinitrophenyl  4 methyl 3 5 dinitroaniline extrusion pump,0.42940554294403716,0.9999999999999898,non-essential,4.678907691915254
AGMT,Agmatinase,0.42940554294403716,0.9999999999999898,non-essential,4.678907691915256
SHK3Dr,Shikimate dehydrogenase,0.42940554294403716,0.9999999999999898,non-essential,4.678907691915259
ACPPAT161,Acyl-(acyl carrier protein):phosphate acyltransferase (C16:1),0.42940554294403716,0.9999999999999898,non-essential,4.678907691915192
PTRCTA2,Putrescine Transaminase  pyruvate,0.42940554294403716,0.9999999999999898,non-essential,4.678907691915254
ALAtex,L-alanine transport via diffusion (extracellular to periplasm),0.363531700355624,0.8465929383752693,non-essential,4.275238735378331
C4HP,,0.4294055429440433,1.0000000000000042,non-essential,4.678907691915132
EX_feoxam_e,R_EX_feoxam_e,0.4294055429440393,0.9999999999999948,non-essential,4.678907691914845
HSDy,Homoserine dehydrogenase (NADPH),0.4294055429440393,0.9999999999999948,non-essential,4.678907691915466
NDPK8,Nucleoside-diphosphate kinase (ATP:dADP),0.4294055429440393,0.9999999999999948,non-essential,4.678907691915238
HXPRT,Hypoxanthine phosphoribosyltransferase (Hypoxanthine),0.4294055429440393,0.9999999999999948,non-essential,4.678907691914853
FE2t4pp,Iron(II) transport out via antiport (periplasm),0.4294055429440393,0.9999999999999948,non-essential,4.678907691915281
GND,Phosphogluconate dehydrogenase,0.4294055429440393,0.9999999999999948,non-essential,4.678907691915205
SUCBZT1,Succinyl:benzoate CoA transferase,0.42940310438013746,0.99999432107027,non-essential,4.6789164648035655
AMPEP17,Aminopeptidase,0.42940554294404487,1.0000000000000078,non-essential,4.678907691915145
ALAt2r,L alanine reversible transport via proton symport,0.4294055429440393,0.9999999999999948,non-essential,4.678907691915281
3MBt2pp,H+/Isovalerate symport (periplasm),0.4294055429440393,0.9999999999999948,non-essential,4.678907691915205
GLCpts,D-glucose transport via PEP:Pyr PTS,0.4294055429440393,0.9999999999999948,non-essential,4.678907691915281
GLUTRR,Glutamyl-tRNA reductase,0.4294055429440393,0.9999999999999948,non-essential,4.678907691915205
AMPEP10,Aminopeptidase,0.4294055429440393,0.9999999999999948,non-essential,4.678907691915281
BALAtex,Beta-alanine transport via diffusion (extracellular to periplasm),0.4294055429440393,0.9999999999999948,non-essential,4.678907691915205
MNabc,Manganese transport via ABC system,0.4294055429440393,0.9999999999999948,non-essential,4.678907691915281
MPTG,Murein polymerizing transglycosylase,0.4294055429440393,0.9999999999999948,non-essential,4.678907691915205
CYTOM,Cytosine 5 methyltransferase,0.4294055429440393,0.9999999999999948,non-essential,4.678907691915281
FFSD1r,Beta-fructofuranosidase,0.4294055429440393,0.9999999999999948,non-essential,4.678907691915216
GTPDPK_1,ATP:GTP 3'-diphosphotransferase,0.4294055429440393,0.9999999999999948,non-essential,4.678907691915281
ANS2,Anthranilate synthase 2,0.4294055429440393,0.9999999999999948,non-essential,4.678907691915205
EX_gly_glu__L_e,R_EX_gly_glu__L_e,0.4294055429440393,0.9999999999999948,non-essential,4.678907691915281
EX_glyphe_e,R_EX_glyphe_e,0.4294055429440393,0.9999999999999948,non-essential,4.678907691915205
CU2tpp,Copper transport in via permease (no H+),-3.9293346836515607e-17,-9.150638011590867e-17,essential,
GLUDy,Glutamate dehydrogenase (NADP),0.4294055429440397,0.9999999999999958,non-essential,4.678907691915281
PSSA180,Phosphatidylserine syntase (n-C18:0),0.42940554294404165,1.0000000000000002,non-essential,4.678907691915205
2PGLYCt6,2 Phosphoglycolate transport inout via proton symport,0.42940554294404165,1.0000000000000002,non-essential,4.678907691914663
G6PI,Glucose 6 phosphate isomerase,0.42940554294404165,1.0000000000000002,non-essential,4.678907691915271
ADAPAT,"E N-acetyl-L,L-diaminopimelate aminotransferase",0.35904245617712677,0.8361383826475565,non-essential,9.421191418412581
QULNS,Quinolinate synthase,0.429404558778558,0.9999977080745702,non-essential,4.678767393312564
GLUTARH,Glutarate hydroxylase,0.429405542944036,0.9999999999999871,non-essential,4.678907691915191
EX_malttr_e,R_EX_malttr_e,0.42940554294404193,1.0000000000000009,non-essential,4.678907691914506
UAAGDS,"UDP-N-acetylmuramoyl-L-alanyl-D-glutamyl-meso-2,6-diaminopimelate synthetase",1.8420139361405992e-15,4.289683648495993e-15,essential,
GLYCtex,Glycerol transport via diffusion (extracellular to periplasm),0.42940554294403904,0.9999999999999942,non-essential,4.678907691915234
BALALEUabcpp,Beta alanyl L leucine transport via ABC system  periplasm,0.4294055429440335,0.9999999999999812,non-essential,4.678907691914634
PIt2r,Phosphate reversible transport via symport,0.4294055429440335,0.9999999999999812,non-essential,4.6789076919150725
SERabc,L-serine transport via ABC system,0.4294055429440335,0.9999999999999812,non-essential,4.678907691915141
ASNabc,L-asparagine transport via ABC system,0.4294055429440335,0.9999999999999812,non-essential,4.678907691914752
ACACCT,Acetyl-CoA:acetoacetyl-CoA transferase,0.4294055429440335,0.9999999999999812,non-essential,4.6789076919144
AMPTASEPG,Aminopeptidase (pro-gly),0.4294055429440335,0.9999999999999812,non-essential,4.678907691915199
MALTpts,Maltose transport via PEP:Pyr PTS,0.4294055429440335,0.9999999999999812,non-essential,4.67890769191449
XTSNH,Xanthosine hydrolase,0.4294055429440335,0.9999999999999812,non-essential,4.678907691915274
Cobalt2abcppI,Cobalt II transport via ABC system periplasm I,0.4294055429440335,0.9999999999999812,non-essential,4.678907691915141
EX_udcpdp_e,R_EX_udcpdp_e,0.4294055429440335,0.9999999999999812,non-essential,4.678907691914752
CS,Citrate synthase,0.4200153644442443,0.9781321441837537,non-essential,5.440230606571437
HACD8,"3-hydroxyacyl-CoA dehydrogenase (3-oxooctadecanoyl-CoA), peroxisomal",0.42940554294404437,1.0000000000000067,non-essential,4.678907691915583
G3PT,Glycerol-3-phosphatase,0.42940554294404054,0.9999999999999977,non-essential,4.678907691914964
BGLK,Beta-glucoside kinase,0.42940554294404054,0.9999999999999977,non-essential,4.67890769191535
ANPRT,Anthranilate phosphoribosyltransferase,0.42940554294404054,0.9999999999999977,non-essential,4.678907691915108
NADHPO,NADH peroxidase,0.42940554294404054,0.9999999999999977,non-essential,4.67890769191462
RIBabc,D-ribose transport via ABC system,0.42940554294404054,0.9999999999999977,non-essential,4.6789076919143495
PROt4,Na+/Proline-L symporter,0.42940554294404054,0.9999999999999977,non-essential,4.678907691914501
TKT1,Transketolase,0.3552872803994174,0.8273933260468347,non-essential,4.432166666666677
3AMPt6,3  AMP transport inout via proton symport,0.42940554294404143,0.9999999999999998,non-essential,4.6789076919146035
ACPS1_1,"CoA:apo-[acyl-carrier-protein] pantetheinephosphotransferase, cytosol",0.4294055429440428,1.0000000000000029,non-essential,4.678907691915049
NTPP4,Nucleoside triphosphate pyrophosphorylase (ctp),0.4294055429440428,1.0000000000000029,non-essential,4.678907691916898
LPLIPAL1E180pp,"Lysophospholipase L1 (2-acylglycerophosphoethanolamine, n-C18:0) (periplasm)",0.4294055429440428,1.0000000000000029,non-essential,4.6789076919152945
MLTG2,Maltodextrin glucosidase (maltotetraose),0.4294055429440428,1.0000000000000029,non-essential,4.6789076919151045
VALabc,L-valine transport via ABC system,0.4294055429440428,1.0000000000000029,non-essential,4.678907691915474
DSERt2,D-serine transport via proton symport,0.4294055429440428,1.0000000000000029,non-essential,4.678907691915185
FBA2,D Fructose 1 phosphate D glyceraldehyde 3 phosphate lyase,0.4294055429440428,1.0000000000000029,non-essential,4.6789076919152865
EX_uri_e,R_EX_uri_e,0.4294055429440428,1.0000000000000029,non-essential,4.669625833460924
GLUSy,Glutamate synthase (NADPH),0.42940554294404387,1.0000000000000053,non-essential,4.67890769191517
BTNt,Biotin ABC transporter,0.42940554294404387,1.0000000000000053,non-essential,4.678907691915058
DADNK,Deoxyadenosine kinase,0.42940554294404387,1.0000000000000053,non-essential,4.678907691915155
BPNT_1,"3',5'-bisphosphate nucleotidase",0.42940554294403943,0.9999999999999951,non-essential,4.678907691915353
BLAMDtex,Beta Alaninamide transport via diffusion  extracellular to periplasm,0.42940554294403943,0.9999999999999951,non-essential,4.67890769191508
NDPK3,Nucleoside-diphosphate kinase (ATP:CDP),0.4241329555535916,0.9877211939224151,non-essential,4.678700175286604
TRPS2,Tryptophan synthase (indole),0.429405542944039,0.999999999999994,non-essential,4.67890769191524
IGPDH_1,Imidazoleglycerol phosphate dehydratase,0.4294055429440399,0.9999999999999961,non-essential,4.678907691914881
METSOX2abc,L-Methionine R-oxide transport via ABC system,0.4294055429440399,0.9999999999999961,non-essential,4.678907691914968
PTRCAT1,Putrescine acetyltransferase,0.4294055429440399,0.9999999999999961,non-essential,4.678907691915056
GCCa,Glycine-cleavage complex,0.4294055429440399,0.9999999999999961,non-essential,4.678907691914982
MOHMT,3-methyl-2-oxobutanoate hydroxymethyltransferase,0.4294055429440399,0.9999999999999961,non-essential,4.678907691914952
EX_cpgn_e,R_EX_cpgn_e,0.4294055429440399,0.9999999999999961,non-essential,4.678907691915161
FACOAL161t2pp,Fatty-acid-CoA ligase (hexadecenoate transport via vectoral Co-A coupling),0.4294055429440399,0.9999999999999961,non-essential,4.678907691914881
GLYCt,Glycerol transport via channel,0.4294055429440399,0.9999999999999961,non-essential,4.678907691915124
EX_fcmcbtt_e,R_EX_fcmcbtt_e,0.4294055429440391,0.9999999999999943,non-essential,4.678907691915183
MFUMt8,Na+/fumarate symporter,0.4294055429440391,0.9999999999999943,non-essential,4.678907691915051
NODOy,Nitric oxide dioxygenase,0.4294055429440391,0.9999999999999943,non-essential,4.678907691915186
SHCHD2_1,Sirohydrochlorin dehydrogenase  NAD,0.4294055429440391,0.9999999999999943,non-essential,4.678907691915212
ALAt2pp,L-alanine transport in via proton symport (periplasm),0.4294055429440391,0.9999999999999943,non-essential,4.67890769191498
ALR3,Aldose reductase (acetol),0.4294055429440391,0.9999999999999943,non-essential,4.67890769191512
DRBK,Deoxyribokinase,0.4294055429440391,0.9999999999999943,non-essential,4.678907691915183
P5CRx,Pyrroline-5-carboxylate reductase(nadh),0.4294055429440391,0.9999999999999943,non-essential,4.678907691915051
EX_salcn_e,R_EX_salcn_e,0.4294055429440391,0.9999999999999943,non-essential,4.678907691915186
ACPPAT181,Acyl-(acyl carrier protein):phosphate acyltransferase (C18:1),0.4294055429440391,0.9999999999999943,non-essential,4.678907691915212
GLUabc,L-glutamate transport via ABC system,0.4294055429440391,0.9999999999999943,non-essential,4.67890769191498
BALAt2r,Beta Alanine transport in via proton symport,0.4294055429440391,0.9999999999999943,non-essential,4.67890769191512
SUCBZL,O-succinylbenzoate-CoA ligase,0.4294055429440391,0.9999999999999943,non-essential,4.678907691915183
PSD161,Phosphatidylserine decarboxylase (n-C16:1),0.4294055429440391,0.9999999999999943,non-essential,4.678907691915051
EX_s_e,R_EX_s_e,0.4294055429440391,0.9999999999999943,non-essential,4.678907691915186
GLXO1,Glyoxylate oxidase,0.4268476819513951,0.9940432511068452,non-essential,4.8862901379729005
OCOAT1,3-oxoacid CoA-transferase (Succinyl-CoA: acetoacetate),0.4294055429440374,0.9999999999999903,non-essential,4.678907691915583
GLUKA_1,Glucokinase/hexokinase (glc-A),0.42940554294404204,1.000000000000001,non-essential,4.6789076919150885
CITtupp,Citrate transport periplasm,0.42940554294404204,1.000000000000001,non-essential,4.678907691915004
3MBtex,3-methylbutanoic acid transport via diffusion (extracellular to periplasm),0.42940554294404204,1.000000000000001,non-essential,4.678907691915072
COBALT2t3pp,Cobalt (Co+2) transport out via proton antiport (periplasm),0.42940554294404204,1.000000000000001,non-essential,4.678907691914984
EX_alathr_e,R_EX_alathr_e,0.42940554294404204,1.000000000000001,non-essential,4.678907691915183
EX_ac_e,R_EX_ac_e,0.42940554294404204,1.000000000000001,non-essential,4.67890769191505
UREASE,Urea carboxylase,0.42940554294404204,1.000000000000001,non-essential,4.678907691915186
DIPEPabc1,Dipeptide transport via ABC system  ala asp,0.42940554294404204,1.000000000000001,non-essential,4.6789076919153105
MMM2,Methylmalonyl-CoA mutase,0.42940554294404204,1.000000000000001,non-essential,4.678907691914981
TMN,Thiaminase,0.42940554294404204,1.000000000000001,non-essential,4.6789076919151205
UDCPDPex,Undecaprenyl-diphosphatase (periplasm),0.42940554294404204,1.000000000000001,non-essential,4.6789076919151835
ATPPRT,ATP phosphoribosyltransferase,0.42940554294404204,1.000000000000001,non-essential,4.67890769191505
PGLYCP_1,Phosphoglycolate phosphatase,0.42940554294404204,1.000000000000001,non-essential,4.678907691915186
CTPS2,CTP synthase (glutamine),0.42940554294404204,1.000000000000001,non-essential,4.6789076919153105
EX_pi_e,R_EX_pi_e,0.3587404879532356,0.8354351587864465,non-essential,4.43216666666663
HCYSMT,Homocysteine S-methyltransferase,0.4294055429440398,0.999999999999996,non-essential,4.678907691915767
PAP,Phosphatidate phosphatase,0.4294055429440397,0.9999999999999958,non-essential,4.678907691915049
MMSAD2,Methylmalonate-semialdehyde dehydrogenase (propanol),0.4294055429440397,0.9999999999999958,non-essential,4.678907691915074
PSP_L,Phosphoserine phosphatase (L-serine),0.4294055429440397,0.9999999999999958,non-essential,4.678907691914991
HACD1_1,3 hydroxyacyl CoA dehydrogenase  acetoacetyl CoA,0.4294055429440397,0.9999999999999958,non-essential,4.678907691915011
GLYGLUtex,L Histidinylglycine transport via diffusion  extracellular to periplasm,0.4294055429440397,0.9999999999999958,non-essential,4.678907691914897
MI1PP,Myo-inositol 1-phosphatase,0.4294055429440397,0.9999999999999958,non-essential,4.678907691915129
EX_2ameph_e,R_EX_2ameph_e,0.4294055429440397,0.9999999999999958,non-essential,4.6789076919150725
GLCNt2rpp,"D-gluconate transport via proton symport, reversible (periplasm)",0.4294055429440397,0.9999999999999958,non-essential,4.678907691914939
EX_enter_e,R_EX_enter_e,0.4294055429440397,0.9999999999999958,non-essential,4.678907691914941
DPCOAK,Dephospho-CoA kinase,-2.3824738686502646e-12,-5.548307207018842e-12,essential,
ALAGLUabcpp,L Alaninylglutamate  LalaLglu  transport via ABC system  periplasm,0.42940554294413585,1.0000000000002196,non-essential,4.678907691914991
ETHSO3abcpp,Ethanesulfonate transport via ABC system (periplasm),0.42940554294404193,1.0000000000000009,non-essential,4.678907691915102
LEULEULAPc,Hydrolysis of Leucylleucine in the small intestine for cellular uptake,0.42940554294404193,1.0000000000000009,non-essential,4.678907691915128
PNP,Purine nucleoside phosphorylase,0.42940554294404193,1.0000000000000009,non-essential,4.6789076919150725
RNTR4,Ribonucleoside triphosphate reductase  UTP,0.42940554294404193,1.0000000000000009,non-essential,4.678907691914939
EX_xyl__D_e,R_EX_xyl__D_e,0.42940554294404193,1.0000000000000009,non-essential,4.678907691914941
GLYCtpp,Glycerol transport via channel (periplasm),0.42940554294404193,1.0000000000000009,non-essential,4.678907691914991
G3PAT161,Glycerol-3-phosphate acyltransferase (C16:1),0.42940554294403965,0.9999999999999956,non-essential,4.678907691915102
ALATHRtr,Dipeptide transport via ABC system ala-thr,0.42940554294403965,0.9999999999999956,non-essential,4.678907691915128
GLUt4pp,Na+/glutamate symport (periplasm),0.42940554294403965,0.9999999999999956,non-essential,4.6789076919150725
NADH5,NADH dehydrogenase (ubiquinone-8 ),0.42940554294403965,0.9999999999999956,non-essential,4.678907691914939
PFK_2,Phosphofructokinase,0.42940554294403965,0.9999999999999956,non-essential,4.678907691914941
E4PD,Erythrose 4-phosphate dehydrogenase,0.42940554294403965,0.9999999999999956,non-essential,4.678907691914994
CELBpts,Cellobiose transport via PEPPyr PTS,0.42940554294403965,0.9999999999999956,non-essential,4.6789076919149535
GUI2,Glucuronate isomerase (D-galacturonate),0.42940554294403965,0.9999999999999956,non-essential,4.67890769191497
ACLS_d,2-alpha-Hydroxyethylthiamine diphosphate lipoamide,0.42940554294403965,0.9999999999999956,non-essential,4.678907691915127
PGL,6-phosphogluconolactonase,0.42940554294403965,0.9999999999999956,non-essential,4.6789076919150725
ADMDC,Adenosylmethionine decarboxylase,0.42940554294403965,0.9999999999999956,non-essential,4.678907691914939
MLDEP2pp,"Murein L,D-endopeptidase (murein5px3p) (periplasm)",0.42940554294403965,0.9999999999999956,non-essential,4.678907691914941
3OXCOAT,3-oxoadipyl-CoA thiolase,0.4252052597309891,0.9902183768186714,non-essential,4.22969046506492
ALAALAabcpp,D-alanyl-D-alanine (DalaDala) transport via ABC system (periplasm),0.4294055429440401,0.9999999999999967,non-essential,4.678907691914769
PERD,Erythronate 4-phosphate (4per) dehydrogenase,0.4294055429440408,0.9999999999999983,non-essential,4.678907691915288
FACOAL80t2pp,Fatty-acid-CoA ligase (octanoate transport via vectoral Co-A coupling),0.4294055429440408,0.9999999999999983,non-essential,4.67890769191504
DHNCOAS,"1,4-dihydroxy-2-napthoyl-CoA synthase",0.4294055429440408,0.9999999999999983,non-essential,4.678907691915207
IMPD,IMP dehydrogenase,0.4294055429440408,0.9999999999999983,non-essential,4.678907691915108
EX_hishis_e,R_EX_hishis_e,0.4294055429440408,0.9999999999999983,non-essential,4.678907691914939
CYStpp,L-cysteine export via facilitated transport,0.4294055429440408,0.9999999999999983,non-essential,4.6789076919150725
DXPRIi,1-deoxy-D-xylulose reductoisomerase,-7.658257964096634e-16,-1.7834557773965736e-15,essential,
EX_gly_cys_e,R_EX_gly_cys_e,0.4294055429440424,1.000000000000002,non-essential,4.678907691915095
GLYC3Pabcpp,Sn-Glycerol 3-phosphate transport via ABC system (periplasm),0.42940554294403954,0.9999999999999953,non-essential,4.678907691915059
ACACT5r_1,Acetyl CoA C acyltransferase  decanoyl CoA,0.4293944832227242,0.9999742441114255,non-essential,4.678645010432173
SO4tex,Sulfate transport via diffusion (extracellular to periplasm),0.42940554294404026,0.999999999999997,non-essential,4.678907691915111
TNTep,2 4 6 trinitrotoluene extrusion pump,0.42940554294404015,0.9999999999999968,non-essential,4.678907691915041
DHAD3,Dihydroxy acid dehydratase  2 3 dihydroxy 3 methylpentanoate,0.42940554294404015,0.9999999999999968,non-essential,4.678907691914944
EX_mn2_e,R_EX_mn2_e,-2.5673862754924455e-16,-5.978931380089374e-16,essential,
RHA40tex,R 3 Hydroxy acid transport diffusion C40  extracellular to periplasm,0.4294055429440386,0.9999999999999931,non-essential,4.678907691914944
FCLT_2,Heme B synthesis reaction,0.4294055429440386,0.9999999999999931,non-essential,4.678907691914944
BG_MBDG,Beta glucosidase,0.4294055429440395,0.9999999999999952,non-essential,4.678907691914944
FDH,Formate dehydrogenase,0.4294055429440395,0.9999999999999952,non-essential,4.678907691914944
GLYtex,Glycine transport via diffusion (extracellular to periplasm),0.4294055429440395,0.9999999999999952,non-essential,4.678907691914944
DHQTi,"3-dehydroquinate dehydratase, irreversible",0.4294055429440395,0.9999999999999952,non-essential,4.678907691914944
TRDR,Thioredoxin reductase (NADPH),0.42931365568774743,0.9997860128780264,non-essential,4.6702607751014975
ABUTt2r,4 aminobutyrate reversible transport in via proton symport,0.3596418107198414,0.83753416002529,non-essential,5.220274639410831
DDCAtexi,Fatty acid (dodecanoate) transport via facilitated irreversible diffusion (extracellular to periplasm),0.4294055429440402,0.9999999999999969,non-essential,4.678907691914964
TAGURr,Tagaturonate reductase,0.4294055429440377,0.9999999999999911,non-essential,4.67890769191521
EX_mmet_e,R_EX_mmet_e,0.42940462127883333,0.9999978536252655,non-essential,4.678911565552094
EX_ind3ac_e,R_EX_ind3ac_e,0.4294055429440398,0.999999999999996,non-essential,4.678907691915484
GUAt2pp,Guanine transport in via proton symport (periplasm),0.4294055429440377,0.9999999999999911,non-essential,4.678907691915267
ATHRDHr,L-allo-threonine dehydrogenase,0.4294055429440377,0.9999999999999911,non-essential,4.678907691915487
ADNCYC,Adenylate cyclase,0.4294055429440377,0.9999999999999911,non-essential,4.678907691915192
GLYBt3pp,Glycine betaine transport via proton antiport (periplasm),0.4294055429440377,0.9999999999999911,non-essential,4.67890769191507
EX_k_e,R_EX_k_e,7.286677398675518e-16,1.6969220631660755e-15,essential,
AMPTASEGGLN,Aminopeptidase  Gly Gln,0.42940554294403815,0.9999999999999921,non-essential,4.6789076919151125
THRt2pp,L-threonine efflux transport via proton antiport (periplasm),0.42940554294404,0.9999999999999963,non-essential,4.678907691915462
EX_met__L_e,R_EX_met__L_e,0.42940554294404,0.9999999999999963,non-essential,4.678907691915193
PAPPT3,"Phospho-N-acetylmuramoyl-pentapeptide-transferase (meso-2,6-diaminopimelate)",5.306040980720514e-16,1.2356712827556528e-15,essential,
ATPHs,ATP amine hydrolysis (spontaneous),0.42940554294403965,0.9999999999999956,non-essential,4.678907691915611
FACOAL181t2pp,Fatty-acid-CoA ligase (octadecenoate transport via vectoral Co-A coupling),0.4294055429440393,0.9999999999999948,non-essential,4.678907691917002
EX_glc__D_e,R_EX_glc__D_e,0.4294055429440393,0.9999999999999948,non-essential,4.678907691915493
ACALDtpp,Acetaldehyde reversible transport (periplasm),0.4294055429440393,0.9999999999999948,non-essential,4.678907691914907
METt3pp,L-methionine tranport out via proton antiport (periplasm),0.4294055429440393,0.9999999999999948,non-essential,4.678907691915493
GLUN,Glutaminase,0.4294055429440393,0.9999999999999948,non-essential,4.678907691914907
ASPCT,Aspartate carbamoyltransferase,0.4294055429440393,0.9999999999999948,non-essential,4.678907691915493
CTECOAI6,3-cis-2-trans-enoyl-CoA isomerase,0.4294055429440393,0.9999999999999948,non-essential,4.678907691917247
EX_hqn_e,R_EX_hqn_e,0.4294055429440393,0.9999999999999948,non-essential,4.678907691914931
NI2tex,Nickel transport via diffusion (extracellular to periplasm),0.4294055429440393,0.9999999999999948,non-essential,4.678907691915161
SDPDS,Succinyl-diaminopimelate desuccinylase,0.3589804206186792,0.8359939141853605,non-essential,9.425991718979652
GLTPD,Galactitol-1-phosphate dehydrogenase,0.42940554294403627,0.9999999999999877,non-essential,4.6789076919149535
CTECOAI7,3-cis-2-trans-enoyl-CoA isomerase,0.4294055429440396,0.9999999999999954,non-essential,4.678907691915557
G3PD1ir,Glycerol 3 phosphate dehydrogenase  NAD,0.425868499831563,0.9917629309388317,non-essential,4.681730986060633
PYDXPP,Pyridoxal 5-phosphate phosphatase,0.4294055429440408,0.9999999999999983,non-essential,4.67890769191501
HACD8i,3-hydroxyacyl-CoA dehydrogenase (3-oxooctadecanoyl-CoA),0.4294055429440396,0.9999999999999954,non-essential,4.678907691915003
MDDEP2pp,"Murein D,D-endopeptidase (murein3px4p) (periplasm)",0.4294055429440396,0.9999999999999954,non-essential,4.6789076919151915
ACPS,Acyl Carrier Protein Synthase,0.4294055429440396,0.9999999999999954,non-essential,4.6789076919151125
FRUpts2,Fructose transport via PEP:Pyr PTS (f6p generating),0.4294055429440396,0.9999999999999954,non-essential,4.678907691915219
GLCDpp,Glucose dehydrogenase (ubiquinone-8 as acceptor) (periplasm),0.4294055429440396,0.9999999999999954,non-essential,4.678907691915087
GLUTRS,Glutamyl-tRNA synthetase,0.4294055429440396,0.9999999999999954,non-essential,4.678907691915493
HGNTOR,Homogentisateoxygen 1 2 oxidoreductase  decyclizing,0.4294055429440396,0.9999999999999954,non-essential,4.6789076919151045
NADH4,NADH dehydrogenase  Menaquinone 7  no proton,0.4294055429440396,0.9999999999999954,non-essential,4.678907691915126
EX_progly_e,R_EX_progly_e,0.4294055429440396,0.9999999999999954,non-essential,4.678907691915259
G1PACT,Glucosamine-1-phosphate N-acetyltransferase,-2.0424229337926567e-16,-4.756396295654752e-16,essential,
AMPTASEGGLU,Aminopeptidase  Gly Glu,0.4294055429440403,0.9999999999999971,non-essential,4.6789076919151915
NBAHH_ir,Nalpha-(beta-alanyl)-L-histidine hydrolase IR,0.4294055429440402,0.9999999999999969,non-essential,4.6789076919151125
MSO3abc,Methanesulfonate transport via ABC system,0.4294055429440402,0.9999999999999969,non-essential,4.678907691915219
EX_glyglygln_e,R_EX_glyglygln_e,0.4294055429440402,0.9999999999999969,non-essential,4.678907691915087
IG3PS_1,Imidazole glycerol 3 phosphate synthase,0.4294055429440402,0.9999999999999969,non-essential,4.678907691915493
COt_1,Co transport via diffusion (extracellular to periplasm),0.4294055429440402,0.9999999999999969,non-essential,4.6789076919151125
AP4AH,Ap4A hydrolase,0.4294055429440402,0.9999999999999969,non-essential,4.678907691915219
NO3tex,Nitrate transport via diffusion (extracellular to periplasm),0.4294055429440402,0.9999999999999969,non-essential,4.678907691915087
GLYCLTDx,Glycolate dehydrogenase (NAD),0.4294055429440402,0.9999999999999969,non-essential,4.67890769191513
G3PAT160,Glycerol-3-phosphate acyltransferase (C16:0),0.4294055429440402,0.9999999999999969,non-essential,4.67890769191501
NTD7,5'-nucleotidase (AMP),0.4294055429440402,0.9999999999999969,non-essential,4.678907691915032
ASPTA,Aspartate transaminase,0.4294055429440402,0.9999999999999969,non-essential,4.678907691915004
MACACI,Maleylacetoacetate isomerase,0.42940554294403915,0.9999999999999944,non-essential,4.678907691914951
ACODA,Acetylornithine deacetylase,0.42940554294403915,0.9999999999999944,non-essential,4.678907691914699
MDDEP3pp,"Murein D,D-endopeptidase (murein5px4p) (periplasm)",0.42940554294403915,0.9999999999999944,non-essential,4.678907691915219
PE181abcpp,"Phosphatidylethanolamine transport via ABC system (n-C18:1, periplasm)",0.42940554294403915,0.9999999999999944,non-essential,4.678907691915087
AGDC,N-acetylglucosamine-6-phosphate deacetylase,0.42940554294403915,0.9999999999999944,non-essential,4.678907691915493
ORPT,Orotate phosphoribosyltransferase,0.42940554294403915,0.9999999999999944,non-essential,4.6789076919151125
XYLt2,D-xylose transport in via proton symport,0.42940554294403915,0.9999999999999944,non-essential,4.678907691915219
4HTHRA,4-hydroxy-L-threonine aldolase,0.42940554294403915,0.9999999999999944,non-essential,4.678907691915087
MCTC_1,,0.42940554294403915,0.9999999999999944,non-essential,4.678907691915287
CYTDt2,Cytidine transport in via proton symport,0.42940554294403915,0.9999999999999944,non-essential,4.669438236914441
BTNTe,Release of biotin across the basolatral membrane,0.4294055429440409,0.9999999999999984,non-essential,4.678907691914575
ARGN_1,Arginase,0.4294055429440409,0.9999999999999984,non-essential,4.678907691915092
ALDD20y,Aldehyde dehydrogenase  indole 3 acetaldehyde  NADP,0.4294055429440409,0.9999999999999984,non-essential,4.678907691915493
HISTD,Histidinol dehydrogenase,0.4294055429440409,0.9999999999999984,non-essential,4.6789076919151125
MMETtex,S-methyl-L-methionine transport via diffusion (extracellular to periplasm),0.4294046212788375,0.9999978536252753,non-essential,4.678911565552441
IPDPS,1-hydroxy-2-methyl-2-(E)-butenyl 4-diphosphate reductase (ipdp),0.4294055429440393,0.9999999999999948,non-essential,4.678907691915158
EX_glygly_e,R_EX_glygly_e,0.429405542944038,0.9999999999999917,non-essential,4.678907691915563
LEUTA,Leucine transaminase,0.429405542944038,0.9999999999999917,non-essential,4.678907691915445
ALCD2y,"Alcohol dehydrogenase (ethanol, NADP)",0.42940554294403926,0.9999999999999947,non-essential,4.678907691915098
EX_gly_phe_e,R_EX_gly_phe_e,0.42940554294403926,0.9999999999999947,non-essential,4.678907691915079
GSNt2pp,Guanosine transport in via proton symport (periplasm),0.3593842827861643,0.8369344287504874,non-essential,4.432166666666635
MEOHtex,Methanol transport via diffusion (extracellular to periplasm),0.4294055429440436,1.0000000000000049,non-essential,4.678907691915186
AGPR,N-acetyl-g-glutamyl-phosphate reductase,0.42940554294404015,0.9999999999999968,non-essential,4.678907691915007
GLYALDt,Glyceraldehyde facilitated diffusion,0.42940554294404015,0.9999999999999968,non-essential,4.678907691914989
PDHcr,Pyruvate dehydrogenase (dihydrolipoamide dehydrogenase) reversible,0.4294055429440394,0.999999999999995,non-essential,4.678907691915434
FRDO,FRDO,0.4294055429440394,0.999999999999995,non-essential,4.678907691915116
ALAabcpp,L-alanine transport via ABC system (periplasm),0.4294055429440394,0.999999999999995,non-essential,4.678907691913515
SUCD5_BS,Succinate dehydrogenase,0.4294055429440394,0.999999999999995,non-essential,4.678907691915153
TRPS1,Tryptophan synthase (indoleglycerol phosphate),0.4294055429440394,0.999999999999995,non-essential,4.678907691915219
BTNt2i,Biotin uptake,0.4294055429440394,0.999999999999995,non-essential,4.678907691914497
NTPP1_1,Nucleoside triphosphate pyrophosphorylase (dgtp),0.42940554294403943,0.9999999999999951,non-essential,4.678907691915189
ECOAH1_1,3 hydroxyacyl CoA dehydratase  3 hydroxybutanoyl CoA,0.42940554294403943,0.9999999999999951,non-essential,4.678907691915113
GLUSx,Glutamate synthase  NADH2,0.42940554294403943,0.9999999999999951,non-essential,4.678907691914642
AMMQLT8,S-adenosylmethione:2-demthylmenaquinole methyltransferase (menaquinone 8),0.42940554294403943,0.9999999999999951,non-essential,4.67890769191534
2AGPE180tipp,2-Acyl-sn-glycero-3-phosphoethanolamine (n-C18:0) transporter via facilitated diffusion (periplasm),0.42940554294403943,0.9999999999999951,non-essential,4.678907691914696
EX_cl_e,R_EX_cl_e,4.949372789815086e-17,1.1526103635928308e-16,essential,
CRO4t3pp,Chromate transport out via proton antiport (cytoplasm to periplasm),0.42940554294404,0.9999999999999963,non-essential,4.678907691915274
SHSL2,O succinylhomoserine lyase  H2S,0.4294055429440397,0.9999999999999958,non-essential,4.6789076919152235
HSERTA,Homoserine O trans acetylase,0.4294055429440397,0.9999999999999958,non-essential,4.678907691914095
EX_melib_e,R_EX_melib_e,0.4294055429440397,0.9999999999999958,non-essential,4.678907691915233
NAt3_2,Sodium proton antiporter (H:NA is 2),0.4294055429440397,0.9999999999999958,non-essential,4.6789076919146275
TSULabc,Thiosulfate transport via ABC system,0.4294055429440397,0.9999999999999958,non-essential,4.678907691915208
AGPAT160,1-hexadecanoyl-sn-glycerol 3-phosphate O-acyltransferase (n-C16:0),0.4294055429440397,0.9999999999999958,non-essential,4.678907691914338
EX_gal_e,R_EX_gal_e,0.2714351905983313,0.6321185067555211,non-essential,3.348833333333003
ALATA_L2,Alanine transaminase,0.4294055429440392,0.9999999999999946,non-essential,4.678907691915339
CRO4abcpp,Chromate transport via ABC system (periplasm),0.4294055429440421,1.0000000000000013,non-essential,4.678907691915257
DASYN180,CDP-diacylglycerol synthetase (n-C18:0),0.4294055429440421,1.0000000000000013,non-essential,4.678907691914975
FDMO6,FMNH2-dependent monooxygenase (sulfoacetate),0.4294055429440421,1.0000000000000013,non-essential,4.678907691915459
Ktex,Potassium transport via diffusion (extracellular to periplasm),0.4294055429440421,1.0000000000000013,non-essential,4.678907691915105
FACOAL180t2pp,Fatty-acid-CoA ligase (octadecanoate transport via vectoral Co-A coupling),0.4294055429440421,1.0000000000000013,non-essential,4.678907691915241
METabc,L-methionine transport via ABC system,0.4294055429440421,1.0000000000000013,non-essential,4.678907691914975
FACOAE120,Fatty-acid-CoA thioesterase (dodecanoate),0.4294055429440421,1.0000000000000013,non-essential,4.678907691915459
EX_glcn__D_e,R_EX_glcn__D_e,0.4294055429440421,1.0000000000000013,non-essential,4.678907691915105
EX_3amp_e,R_EX_3amp_e,0.4294055429440421,1.0000000000000013,non-essential,4.6789076919156685
LIPO4S24_BS,Lipoteichoic acid synthesis  n24   linked  unsubstituted,-1.092294683853191e-15,-2.543736804989345e-15,essential,
NTPP10,Nucleoside triphosphate pyrophosphorylase (ditp),0.42940554294404065,0.9999999999999979,non-essential,4.678907691915133
GCCb,Glycine cleavage complex,0.4294055429440399,0.9999999999999961,non-essential,4.678907691915358
SK_phb_c,Demand reaction for PHB accumulation,0.4294055429440399,0.9999999999999961,non-essential,0.0
NO3abc,,0.4294055429440399,0.9999999999999961,non-essential,4.678907691915427
SHSL1,O-succinylhomoserine lyase (L-cysteine),0.4294055429440399,0.9999999999999961,non-essential,4.678907691914992
TARTRtpp,Tartrate facilitated transport periplasm,0.4294055429440399,0.9999999999999961,non-essential,4.678907691915143
URCN,Urocanase,0.4294055429440399,0.9999999999999961,non-essential,4.678907691915383
TKT2,Transketolase,0.387273763872023,0.9018834764377762,non-essential,3.504916666666699
CYSTGL,Cystathionine g lyase,0.42940554294403976,0.9999999999999959,non-essential,4.678907691915178
DHPTDCs2,"4,5-dihydroxy-2,3-pentanedione cyclization (spontaneous)",0.4294055429440389,0.9999999999999938,non-essential,4.678907691915098
GLCt2pp,D-glucose transport in via proton symport (periplasm),0.4294055429440389,0.9999999999999938,non-essential,4.678907691914297
CYSK2_I,O-Phospho-L-Serine-dependent S-Suflocysteine Synthase,0.4294055429440389,0.9999999999999938,non-essential,4.6789076919147385
RNDR1,Ribonucleoside-diphosphate reductase (ADP),0.4294055429440389,0.9999999999999938,non-essential,4.67890769191509
NAt3pp,Sodium transport out via proton antiport (cytoplasm to periplasm),0.4294055429440389,0.9999999999999938,non-essential,4.678907691915238
OXCOAHDH,"Oxepin-CoA hydrolase/ 3-oxo-5,6-dehydrosuberyl-CoA semialdehyde dehydrogenase (NADP+)",0.4294055429440389,0.9999999999999938,non-essential,4.678907691915144
PHACOAOR,Phenylacetyl-CoA oxygenase/reductase,0.42940554294403843,0.9999999999999928,non-essential,4.678907691914905
ECOAH5_1,3 hydroxyacyl CoA dehydratase  3 hydroxydodecanoyl CoA,0.4294013954817818,0.9999903413863005,non-essential,4.678857492431397
FE3abc,Iron (III) transport via ABC system,0.4294055429440387,0.9999999999999934,non-essential,4.678907691915294
PGMT_2,,0.4294055429440399,0.9999999999999961,non-essential,4.678907691915097
FOLD3,Dihydropteroate synthase,0.4294055429440399,0.9999999999999961,non-essential,4.678907691914935
PDH,Pyruvate dehydrogenase,0.4294055429440399,0.9999999999999961,non-essential,4.678907691915145
AGMtex,Agmatine transport via diffusion (extracellular to periplasm),0.4294055429440399,0.9999999999999961,non-essential,4.678907691915168
ASPK,Aspartate kinase,-1.800544414999452e-13,-4.193109391776277e-13,essential,
HDECH,,0.42940554294403954,0.9999999999999953,non-essential,4.678907691915193
FACOAE160,Fatty-acid-CoA thioesterase (hexadecanoate),0.42940554294404015,0.9999999999999968,non-essential,4.678907691915083
GLUDC,Glutamate Decarboxylase,0.4294055429440415,0.9999999999999999,non-essential,4.678907691915113
KAS17,B-ketoacyl synthetase (n-C18:1),0.4294055429440415,0.9999999999999999,non-essential,4.6789076919152155
RBFSb,Riboflavin synthase,0.4294055429440415,0.9999999999999999,non-essential,4.678907691915113
MTRI,5-methylthioribose-1-phosphate isomerase,0.4294055429440415,0.9999999999999999,non-essential,4.6789076919152155
EX_gly_asp__L_e,R_EX_gly_asp__L_e,0.4294055429440415,0.9999999999999999,non-essential,4.678907691915113
CYSS,Cysteine synthase,0.4294055429440415,0.9999999999999999,non-essential,4.6789076919152155
23CCMPtex,23cCMP transport via diffusion (extracellular to periplasm),0.4294055429440415,0.9999999999999999,non-essential,4.678907691915113
GLCURtex,D-glucuronat transport via diffusion (extracellular to periplasm),0.4294055429440415,0.9999999999999999,non-essential,4.678907691915202
THMP,Thiamin phosphatase,0.4294055429440415,0.9999999999999999,non-essential,4.678907691915199
CA2tex,Calcium (Ca+2) transport via diffusion (extracellular to periplasm),0.4294055429440415,0.9999999999999999,non-essential,4.678907691915291
ARGDr,Arginine deiminase,0.4294055429440415,0.9999999999999999,non-essential,4.678907691915113
GTHRDH_syn,Glutathione hydralase (periplasmic),0.4294055429440415,0.9999999999999999,non-essential,4.6789076919152155
ARBTpts,Arbutin transport via PEPPyr PTS,0.4294055429440415,0.9999999999999999,non-essential,4.678907691915113
CO2t,CO2 transporter via diffusion,0.35964181071983503,0.8375341600252751,non-essential,3.371818289895709
EX_ethso3_e,R_EX_ethso3_e,0.42940554294403926,0.9999999999999947,non-essential,4.678907691914986
PDE1,"3',5'-cyclic-nucleotide phosphodiesterase",0.429405542944041,0.9999999999999987,non-essential,4.678907691915065
ACOAD7,Acyl-CoA dehydrogenase (hexadecanoyl-CoA),0.4292558242469686,0.9996513349686955,non-essential,4.678812570581748
NIabc,Nickel transport via ABC system,0.429405542944039,0.999999999999994,non-essential,4.67890769191259
G5SD,Glutamate-5-semialdehyde dehydrogenase,0.42940554294404026,0.999999999999997,non-essential,4.678907691915397
EX_glcr_e,R_EX_glcr_e,0.42940554294404026,0.999999999999997,non-essential,4.6789076919151045
ALCD2ir,Alcohol dehydrogenase  reverse rxn  acetaldehyde   ethanol,0.42940554294404026,0.999999999999997,non-essential,4.67890769191535
MGt5,Magnesium transport in/out via permease (no H+),-1.9658365066184654e-17,-4.5780417577763905e-17,essential,
AABTN,4 acetamidobutyrate deacetylase,0.4294055429440385,0.9999999999999929,non-essential,4.678907691915691
GALpts,Galactose transport via PTS,0.2714351905999449,0.6321185067592788,non-essential,3.34883333333331
ALDD19xr,"Aldehyde dehydrogenase (phenylacetaldehyde, NAD)",0.4252052597310093,0.9902183768187185,non-essential,4.2296904650647384
BALABALAabcpp,Beta alanyl beta alanine transport via ABC system  periplasm,0.42940554294403305,0.9999999999999802,non-essential,4.6789076919149375
BLAMDabcpp,Beta alanyl L alanine transport via ABC system  periplasm,0.42940554294404015,0.9999999999999968,non-essential,4.678907691915142
EX_sucr_e,R_EX_sucr_e,0.42940554294404015,0.9999999999999968,non-essential,4.678907691915121
FMNRx2,FMN reductase,0.42940554294404015,0.9999999999999968,non-essential,4.678907691915179
BETALDHy,Betaine-aldehyde dehydrogenase,0.42940554294404015,0.9999999999999968,non-essential,4.678907691915101
DHBD,"2,3-dihydro-2,3-dihydroxybenzoate dehydrogenase",0.42940554294404015,0.9999999999999968,non-essential,4.678907691915179
NADPHQR3,NADPH Quinone Reductase (Menaquinone-8),0.42940554294404015,0.9999999999999968,non-essential,4.678907691915101
PLIPA1E180pp,"Phospholipase A1 (phosphatidylethanolamine, n-C18:0) (periplasm)",0.42940554294404015,0.9999999999999968,non-essential,4.678907691915179
EX_fald_e,R_EX_fald_e,0.42940554294404015,0.9999999999999968,non-essential,4.678907691915101
CTECOAI8,3-cis-2-trans-enoyl-CoA isomerase,0.42940554294404015,0.9999999999999968,non-essential,4.678907691915179
SDPTA,Succinyldiaminopimelate transaminase,0.3589804206186782,0.8359939141853582,non-essential,9.425991718980727
PHETA1,Phenylalanine transaminase,0.42940554294403954,0.9999999999999953,non-essential,4.678907691915445
EX_h2s_e,R_EX_h2s_e,0.4291667900018149,0.9994439919415345,non-essential,4.678984178903142
AGMH,"N-Acetyl-D-glucosamine(anhydrous)N-Acetylmuramyl beta -1,4-N-acetylglucosaminidase",0.429405542944042,1.000000000000001,non-essential,4.678907691915181
TGBPA,Tagatose-bisphosphate aldolase,0.42940554294403727,0.99999999999999,non-essential,4.678907691914601
TAURabcpp,Taurine transport via ABC system (periplasm),0.42940554294403727,0.99999999999999,non-essential,4.678907691915315
THRA,Threonine aldolase,0.42940554294403727,0.99999999999999,non-essential,4.678907691915705
EX_inost_e,R_EX_inost_e,0.42940554294403727,0.99999999999999,non-essential,4.67890769191525
RBFK,Riboflavin kinase,-9.24112825400714e-16,-2.1520747474867615e-15,essential,
DAPE,Diaminopimelate epimerase,0.0,0.0,essential,
LEUt3pp,L-leucine transport out via proton antiport (periplasm),0.4294055429440401,0.9999999999999967,non-essential,4.678907691915705
LYSGLUGLYtr,Tripeptide transport,0.42940554294404204,1.000000000000001,non-essential,4.67890769191525
MTHFR3,5 10 methylenetetrahydrofolatereductase  NADPH,0.42940554294404204,1.000000000000001,non-essential,4.678907691915705
4PEPTabcpp,Tetrapeptide (LalaDgluMdapDala) transport via ABC system (periplasm),0.42940554294404204,1.000000000000001,non-essential,4.67890769191525
ADK1,Adenylate kinase,0.418172791702643,0.9738411591886172,non-essential,4.671771146529785
ACtex,Acetate transport via diffusion (extracellular to periplasm),0.4294055429440305,0.9999999999999742,non-essential,4.678907691915137
F1PP,D-fructose 1-phosphate phosphatase,0.42940554294404204,1.000000000000001,non-essential,4.67890769191393
EX_thr__L_e,R_EX_thr__L_e,0.4233834184418868,0.9859756712480549,non-essential,4.8410053540451425
PSSA161,Phosphatidylserine syntase (n-C16:1),0.4294055429440393,0.9999999999999948,non-essential,4.678907691915028
GLYPHEtex,L GlyPhe transport via diffusion  extracellular to periplasm,0.42940554294403954,0.9999999999999953,non-essential,4.678907691915046
ILEabcpp,L-isoleucine transport via ABC system (periplasm),0.42940554294403954,0.9999999999999953,non-essential,4.678907691915071
DHPPDA,Diaminohydroxyphosphoribosylaminopyrimidine deaminase,0.42940554294403954,0.9999999999999953,non-essential,4.6789076919150325
HG2tex,Mercury (Hg+2) transport via diffusion (extracellular to periplasm),0.42940554294403954,0.9999999999999953,non-essential,4.6789076919151364
EX_hexs_e,R_EX_hexs_e,0.42940554294403954,0.9999999999999953,non-essential,4.678907691915051
GRTT,Geranyltranstransferase,-4.5242535515173744e-18,-1.0536085585897892e-17,essential,
EX_manglyc_e,R_EX_manglyc_e,0.4294055429440409,0.9999999999999984,non-essential,4.678907691915061
HACD9,3 hydroxyacyl CoA dehydrogenase  2 Methylacetoacetyl CoA,0.4294055429440347,0.9999999999999841,non-essential,4.678907691915208
NMNP,NMN permease,0.19318263955973122,0.4498838981799218,critical,4.355724374297198
FOMETRi,Aminomethyltransferase,0.4294055429440401,0.9999999999999967,non-essential,4.678907691915301
NTP10,Nucleoside-triphosphatase (ITP),0.4294055429440394,0.999999999999995,non-essential,4.67890769191506
EX_tyr__L_e,R_EX_tyr__L_e,0.428138351364959,0.9970489631540511,non-essential,4.666521960592113
NDPK7,Nucleoside-diphosphate kinase (ATP:dCDP),0.429405542944038,0.9999999999999917,non-essential,4.6789076919149855
HSDxi,Homoserine dehydrogenase  NADH   irreversible,0.42940554294403954,0.9999999999999953,non-essential,4.678907691915281
LYSt3r,L lysine transport out via proton antiport reversible,0.42940554294403954,0.9999999999999953,non-essential,4.678907691915038
ACOAD6,Acyl-CoA dehydrogenase (tetradecanoyl-CoA),0.42940554294403954,0.9999999999999953,non-essential,4.67890769191556
ALDD20x,"Aldehyde dehydrogenase (indole-3-acetaldehyde, NAD)",0.42940554294404043,0.9999999999999974,non-essential,4.678907691915124
2AACLPPEAT180,2 acyl acyl carrier protein glycerophospho glycerol acyltransferase  n C160,0.42940554294404043,0.9999999999999974,non-essential,4.678907691915281
GLGC,Glucose-1-phosphate adenylyltransferase,0.42940554294404043,0.9999999999999974,non-essential,4.678907691915038
EX_fum_e,R_EX_fum_e,0.42940554294404043,0.9999999999999974,non-essential,4.6789076919147154
FDMO3_1,FMN dependent monooxygenase  hexanesulfonate,0.42940554294404043,0.9999999999999974,non-essential,4.678907691915037
MOBDabcpp,Molybdate transport via ABC system (periplasm),0.42940554294404043,0.9999999999999974,non-essential,4.6789076919147154
ALATA_D2,D-alanine transaminase,0.42940554294404043,0.9999999999999974,non-essential,4.678907691915037
EX_xan_e,R_EX_xan_e,0.42940554294404043,0.9999999999999974,non-essential,4.678907691914716
ACKr,Acetate kinase,0.42940554294404043,0.9999999999999974,non-essential,4.678907691914994
4HPRODCabcpp,Cis 4 Hydroxy D proline transport via ABC system,0.42940554294404204,1.000000000000001,non-essential,4.678907691915204
2AACLPGT180,2 acyl acyl carrier protein glycerophospho glycerol acyltransferase  n C160,0.42940554294404204,1.000000000000001,non-essential,4.678907691915038
PUNP6,Purine-nucleoside phosphorylase (Deoxyinosine),0.42940554294404204,1.000000000000001,non-essential,4.6789076919147154
DKDID,"D-2,3-Diketo 4-deoxy-epi-inositol dehydratase",0.42940554294404204,1.000000000000001,non-essential,4.678907691915037
GLYCK,Glycerate kinase,0.4155233327821248,0.9676710969617692,non-essential,4.137762196391909
COBALTt4pp,Cobalt transport out via proton antiporter (periplasm),0.4294055429440385,0.9999999999999929,non-essential,4.678907691915849
LYSabc,L-lysine transport via ABC system,0.4294055429440398,0.999999999999996,non-essential,4.678907691915209
4HTHRS_1,4-Hydroxy-L-threonine synthase,0.4294055429440398,0.999999999999996,non-essential,4.678907691915256
G1PP,Glucose-1-phosphatase,0.4294055429440398,0.999999999999996,non-essential,4.678907691914623
NO3t,"Nitrate transport, extracellular",0.4294055429440398,0.999999999999996,non-essential,4.678907691915048
EX_man_e,R_EX_man_e,0.4294055429440398,0.999999999999996,non-essential,4.678907691915361
HACD5,3-hydroxyacyl-CoA dehydrogenase (3-oxododecanoyl-CoA),0.42939724809964314,0.999980682959187,non-essential,4.6788072939585765
GLNS,Glutamine synthetase,0.4287995207669153,0.9985886950294789,non-essential,4.685689916831187
EX_cellb_e,R_EX_cellb_e,0.42940554294403965,0.9999999999999956,non-essential,4.6789076919147785
PUNP2,Purine-nucleoside phosphorylase (Deoxyadenosine),0.42940554294404,0.9999999999999963,non-essential,4.678907691914813
ABTt_1,L arabinitol transport via passive diffusion,0.42940554294404,0.9999999999999963,non-essential,4.678907691915249
AMPEP12,Aminopeptidase,0.42940554294404,0.9999999999999963,non-essential,4.678907691914813
EX_balabala_e,R_EX_balabala_e,0.42940554294404,0.9999999999999963,non-essential,4.678907691915249
ECOAH3,3-hydroxyacyl-CoA dehydratase (3-hydroxyoctanoyl-CoA),0.42940554294404,0.9999999999999963,non-essential,4.678907691915775
DHACOAH,"2,3-dehydroadipyl-CoA hydratase",0.42940554294403843,0.9999999999999928,non-essential,4.678907691915231
GTPHs,GTP amine hydrolysis (spontaneous),0.42940554294403843,0.9999999999999928,non-essential,4.678907691914813
DALAOX,D amino acid oxidase,0.42940554294403843,0.9999999999999928,non-essential,4.678907691915249
ICL,Isocitrate lyase,0.42940554294403843,0.9999999999999928,non-essential,4.678907691914813
APTA1i,Acetyl L L diaminopimelate aminotransferase,0.42940554294403843,0.9999999999999928,non-essential,4.678907691915249
INSH,Inosine hydrolase,0.42940554294403843,0.9999999999999928,non-essential,4.678907691914813
AHSERL4,Cysteine synthase  Thiosulfate,0.42940554294403843,0.9999999999999928,non-essential,4.678907691915249
MALt4,Namalate symporter,0.42940554294403843,0.9999999999999928,non-essential,4.678907691914813
EX_mbdg_e,R_EX_mbdg_e,0.42940554294403843,0.9999999999999928,non-essential,4.678907691915249
PROtex,L-proline transport via diffusion (extracellular to periplasm),0.42940554294403843,0.9999999999999928,non-essential,4.678907691914813
FE2abc,Iron (II) transport via ABC system,0.42940554294403843,0.9999999999999928,non-essential,4.678907691915249
GTHRDabcpp,Reduced glutathione via ABC system (periplasm),0.42940554294403843,0.9999999999999928,non-essential,4.678907691914813
PANTS,Pantothenate synthase,0.42940554294403843,0.9999999999999928,non-essential,4.678907691915249
PACCOAL,Phenylacetate-CoA ligase,0.4252052597309878,0.9902183768186683,non-essential,4.2296904650645395
NMO,Nitronate Monooxygenase,0.42940554294403976,0.9999999999999959,non-essential,4.678907691915063
AGM4PH,"N-Acetyl-D-glucosamine(anhydrous)N-Acetylmuramyl-tetrapeptide beta -1,4-N-acetylglucosaminidase",0.42940554294404054,0.9999999999999977,non-essential,4.678907691915186
DNMPPA,Dihydroneopterin monophosphate dephosphorylase,0.42940554294404054,0.9999999999999977,non-essential,4.678907691915297
NDPK9,Nucleoside diphosphate kinase  ATPIDP,0.42940554294404054,0.9999999999999977,non-essential,4.678907691915404
GMPR,GMP reductase,0.42940554294404054,0.9999999999999977,non-essential,4.678907691915387
H2Ot,H2O transport via diffusion,0.42940554294404054,0.9999999999999977,non-essential,4.678907691914923
FADH2D,FADH2 dehydrogenase (menaquinone 7 as acceptor),0.4294055429440425,1.0000000000000022,non-essential,4.678907691915145
BGLA1,6-phospho-beta-glucosidase,0.42940554294404354,1.0000000000000047,non-essential,4.678907691915334
ACACT4r,Acetyl-CoA C-acyltransferase (octanoyl-CoA) (r),0.42939448322273066,0.9999742441114405,non-essential,4.678645010436552
EX_nmn_e,R_EX_nmn_e,0.19318263955973858,0.44988389817993896,critical,4.3557243742447325
PACCOAE,"Ring 1,2-phenylacetyl-CoA epoxidase (NADPH)",0.4294055429440403,0.9999999999999971,non-essential,4.678907691915312
NI2uabcpp,"Nickel transport via ABC system (uptake, periplasm)",0.4294055429440423,1.0000000000000018,non-essential,4.678907691915196
AMPTASEAL,Aminopeptidase  Ala Leu,0.4294055429440423,1.0000000000000018,non-essential,4.678907691915257
MAN6PI,Mannose-6-phosphate isomerase,0.4294055429440423,1.0000000000000018,non-essential,4.678907691915207
PGK,Phosphoglycerate kinase,0.4294055429440423,1.0000000000000018,non-essential,4.678907691915244
PFK,Phosphofructokinase,0.4294055429440423,1.0000000000000018,non-essential,4.678907691915829
EX_fe3mcbtt_e,R_EX_fe3mcbtt_e,0.42940554294403943,0.9999999999999951,non-essential,4.678907691915185
AI2tex,"Ai2 transport, outer membrane",0.42940554294403943,0.9999999999999951,non-essential,4.678907691914861
H2tex,Hydrogen transport via diffusion (extracellular to periplasm),0.42520525973098905,0.9902183768186713,non-essential,4.22969046506426
URATEt_1,Urate permease,0.42940554294403904,0.9999999999999942,non-essential,4.678907691915346
EX_gal_bD_e,R_EX_gal_bD_e,0.4294055429440349,0.9999999999999845,non-essential,4.678907691915059
PRAIi,Phosphoribosylanthranilate isomerase (irreversible),0.4294055429440349,0.9999999999999845,non-essential,4.678907691915251
PPDD,Propanediol dehydratase,0.4294055429440349,0.9999999999999845,non-essential,4.678907691915238
EX_tsul_e,R_EX_tsul_e,0.4294055429440349,0.9999999999999845,non-essential,4.678907691915193
METSR_R2,L methionine R oxide  H2O2,0.4294055429440349,0.9999999999999845,non-essential,4.67890769191524
MDDEP1pp,"Murein D,D-endopeptidase (murein4px4p) (periplasm)",0.4294055429440349,0.9999999999999845,non-essential,4.678907691915219
MTRK,5-methylthioribose kinase,0.4294055429440349,0.9999999999999845,non-essential,4.678907691915122
G5SADs,L-glutamate 5-semialdehyde dehydratase (spontaneous),0.4294055429440349,0.9999999999999845,non-essential,4.678907691915205
NNATr,Nicotinate-nucleotide adenylyltransferase,0.4294055429440349,0.9999999999999845,non-essential,4.678907691915828
PPAt2pp,H+/Propionate symporter (periplasm),0.4294055429440349,0.9999999999999845,non-essential,4.678907691915378
NNDPR,Nicotinate-nucleotide diphosphorylase (carboxylating),0.42940455877855294,0.9999977080745585,non-essential,4.678767393249913
EX_ala_L_thr__L_e,R_EX_ala_L_thr__L_e,0.42940554294404254,1.0000000000000022,non-essential,4.6789076919151436
RIBabc1,D ribose transport out via ABC system,0.4294055429440349,0.9999999999999845,non-essential,4.678907691915258
XANt2,Xanthine transport in via proton symport,0.4294055429440349,0.9999999999999845,non-essential,4.678907691914634
THRabcpp,L-threonine transport via ABC system (periplasm),0.4294055429440349,0.9999999999999845,non-essential,4.678907691915234
PPAt4pp,Na+/Propionate symporter (periplasm),0.4294055429440349,0.9999999999999845,non-essential,4.678907691915158
LIPATPT_2,Lipoate-ATP adenylate transferase,0.4294055429440349,0.9999999999999845,non-essential,4.678907691915258
THIORDXi,Hydrogen peroxide reductase (thioredoxin),0.4294055429440349,0.9999999999999845,non-essential,4.678907691915073
METabcpp,L-methionine transport via ABC system (periplasm),0.42940554294404365,1.0000000000000049,non-essential,4.67890769191479
AMANAPEr,N-acetylmannosamine 6-phosphate epimerase,0.42940554294404365,1.0000000000000049,non-essential,4.678907691915259
EX_pro__L_e,R_EX_pro__L_e,0.4274859177636581,0.9955295752187493,non-essential,4.668497923102404
GALT,Galactose 1 phosphate uridylyltransferase,0.27143519059833104,0.6321185067555204,non-essential,3.348833333333478
2AGPE161tipp,2-Acyl-sn-glycero-3-phosphoethanolamine (n-C16:1) transporter via facilitated diffusion (periplasm),0.42940554294404015,0.9999999999999968,non-essential,4.6789076919151755
ALAHISabcpp,L Alaninylhistidine  Ala His  transport via ABC system  periplasm,0.42940554294403954,0.9999999999999953,non-essential,4.678907691915231
H2St1,H2s transport (diffusion),0.4291667900018226,0.9994439919415524,non-essential,4.678984178902361
PTHPS,6-pyruvoyltetrahydropterin synthase,0.42940554294404126,0.9999999999999993,non-essential,4.678907691915179
DIPEPabc10,Dipeptide transport via ABC system  gly glu,0.42940554294404015,0.9999999999999968,non-essential,4.6789076919152315
EX_23cgmp_e,R_EX_23cgmp_e,0.35938428278618983,0.8369344287505469,non-essential,4.432166666644981
TRSARr,Tartronate semialdehyde reductase,0.42940554294403505,0.9999999999999849,non-essential,4.6789076919152945
MNLtex,Mannitol transport via diffusion (extracellular to periplasm),0.42940554294403915,0.9999999999999944,non-essential,4.678907691915255
ALALEUtex,L Alaninylleucine transport via diffusion  extracellular to periplasm,0.42940554294403915,0.9999999999999944,non-essential,4.678907691915266
UAPGR,UDP-N-acetylenolpyruvoylglucosamine reductase,2.453774720699327e-15,5.714352692971859e-15,essential,
GLYAT,Glycine C-acetyltransferase,0.4257137689001169,0.9914025934117815,non-essential,4.8527698149002605
MALTTTRabc,Maltotetraose transport via ABC system,0.4294055429440367,0.9999999999999888,non-essential,4.6789076919153185
GLYOX_1,Glyoxalase I; Ni-dependent,0.4294055429440402,0.9999999999999969,non-essential,4.678907691915077
Kabcpp,Potassium ABC transporter (periplasm),0.4294055429440402,0.9999999999999969,non-essential,4.678907691915273
ALATHRtex,L Alaninylthreonine transport via diffusion  extracellular to periplasm,0.4294055429440402,0.9999999999999969,non-essential,4.678907691915333
G6PP,Glucose-6-phosphate phosphatase,0.4294055429440402,0.9999999999999969,non-essential,4.678907691915297
3NTD7pp,3'-nucleotidase (AMP) (periplasm),0.4294055429440402,0.9999999999999969,non-essential,4.678907691915151
EX_hxa_e,R_EX_hxa_e,0.4294055429440402,0.9999999999999969,non-essential,4.67890769191526
23PDE7pp,"2',3'-cyclic-nucleotide phosphodiesterase (AMP) (periplasm)",0.4294055429440402,0.9999999999999969,non-essential,4.678907691915178
HEX4,Hexokinase (D-mannose:ATP),0.4294055429440402,0.9999999999999969,non-essential,4.678907691915262
MSO3abcpp,Methanesulfonate transport via ABC system (periplasm),0.4294055429440402,0.9999999999999969,non-essential,4.678907691915275
UAMAS,UDP-N-acetylmuramoyl-L-alanine synthetase,4.09747885144733e-15,9.542212295059492e-15,essential,
FEOXAMexs,Ferroxamine Fe3-loading reaction (spontaneous),0.42940554294403965,0.9999999999999956,non-essential,4.6789076919151125
NADK5,NAD kinase  dTTP,0.42940554294404176,1.0000000000000004,non-essential,4.678907691915209
NI2t4pp,Nickel transport out via antiport (periplasm),0.42940554294404176,1.0000000000000004,non-essential,4.678907691915283
BALALEUtex,L Histidinylglycine transport via diffusion  extracellular to periplasm,0.42940554294404176,1.0000000000000004,non-essential,4.678907691915273
FMNRx,FMN reductase,0.42940554294404176,1.0000000000000004,non-essential,4.678907691915273
EX_2m35mdntha_e,R_EX_2m35mdntha_e,0.42940554294404176,1.0000000000000004,non-essential,4.678907691915333
GAPD,Glyceraldehyde-3-phosphate dehydrogenase,0.42940554294404176,1.0000000000000004,non-essential,4.678907691915297
AP4AS,Ap4A synthetase,0.42940554294404176,1.0000000000000004,non-essential,4.678907691915151
ABTA,4-aminobutyrate transaminase,0.35964181071983026,0.837534160025264,non-essential,5.220274639409575
APG3PAT161,Acyl-phosphate:glycerol-3-phosphate acyltransferase (C16:1),0.42940554294403754,0.9999999999999907,non-essential,4.6789076919150645
4ABUTD,4-Aminobutyraldehyde:NAD+ oxidoreductase,0.4294055429440395,0.9999999999999952,non-essential,4.678907691915214
AKGDH,2-Oxogluterate dehydrogenase,0.35897918012616603,0.8359910253253223,non-essential,9.870074689726389
23CGMPtex,23cGMP transport via diffusion (extracellular to periplasm),0.3593842827861878,0.8369344287505421,non-essential,4.432166666666567
PHHL2,,0.4294055429440397,0.9999999999999958,non-essential,4.678907691915226
PYK,Pyruvate kinase,0.26918084524658664,0.6268685853495497,non-essential,2.995786972249525
EX_carn_e,R_EX_carn_e,0.4294055429440586,1.0000000000000397,non-essential,4.678907691915732
DHNPA_1,Dihydroneopterin aldolase,0.42940554294403194,0.9999999999999777,non-essential,4.67890769191545
PRASCSi,Phosphoribosylaminoimidazolesuccinocarboxamide synthase,0.42940554294403194,0.9999999999999777,non-essential,4.6789076919152786
FACOAL150_anteiso,Fatty acid  CoA ligase  anteiso C150,-3.528665614267377e-15,-8.217559536084561e-15,essential,
SMIA2abc,Siderophore Mediated Iron Acquisition: Staphyloferrin B transport via ABC,0.4294055429440407,0.9999999999999981,non-essential,4.678907691914794
NTD12,5'-nucleotidase (dIMP),0.4294055429440413,0.9999999999999994,non-essential,4.678907691915244
DNADDP,Deamino-NAD+ nucleotidohydrolase,0.4294055429440413,0.9999999999999994,non-essential,4.678907691914811
AI2tpp,Quorum signal AI-2 exporter,0.4294055429440413,0.9999999999999994,non-essential,4.678907691915244
THMabc,Thiamine transport via ABC system,0.4294001156890337,0.9999873610038412,non-essential,4.678952720386359
AACPS6,Acyl-[acyl-carrier-protein] synthetase  (n-C18:0),0.4294055429440423,1.0000000000000018,non-essential,4.678907691915002
INSTt2,Inositol transport in via proton symport,0.4294055429440413,0.9999999999999994,non-essential,4.678907691914811
METSOXR1,L-methionine-S-oxide reductase,0.4294055429440413,0.9999999999999994,non-essential,4.678907691915243
3UMPt6,3  UMP transport in via proton symport,0.4294055429440413,0.9999999999999994,non-essential,4.678907691914811
ACONCt4pp,Citrate transport via sodium symport  periplasm,0.4294055429440385,0.9999999999999929,non-essential,4.678907691915244
GLYGLYabcpp,L Glycinilglycine  Gly Gly  transport via ABC system  periplasm,0.4294055429440385,0.9999999999999929,non-essential,4.678907691914811
GNKr,Gluconokinase,0.4294055429440385,0.9999999999999929,non-essential,4.678907691915244
RNTR3,Ribonucleoside triphosphate reductase  CTP,0.4294055429440385,0.9999999999999929,non-essential,4.678907691914811
TNTR3,TNT nitroreductase Meisenheimer monohydride complex forming,0.4294055429440385,0.9999999999999929,non-essential,4.678907691915212
UAMAGS,UDP-N-acetylmuramoyl-L-alanyl-D-glutamate synthetase,5.889034239715561e-16,1.3714388033605325e-15,essential,
NOX,NADH oxidase,0.4294055429440387,0.9999999999999934,non-essential,4.678907691914791
MACCOAT,2-Methylacetyl-CoA thiolase,0.42940554294403976,0.9999999999999959,non-essential,4.678907691915244
ASNN,L-asparaginase,0.42940554294403976,0.9999999999999959,non-essential,4.678907691914811
EX_cys__L_e,R_EX_cys__L_e,0.42940554294403976,0.9999999999999959,non-essential,4.678907691915244
PRAMPC_1,Phosphoribosyl AMP cyclohydrolase,0.42940554294403976,0.9999999999999959,non-essential,4.678907691914811
EX_thymd_e,R_EX_thymd_e,0.42936032956119546,0.999894707034902,non-essential,4.680045640742473
HEXSabc,Hexanesulfonate transport via ABC system,0.42940554294404115,0.9999999999999991,non-essential,4.678907691914599
NI2abcpp,Nickle (Ni+2) ABC transporter (periplasm),0.42940554294403915,0.9999999999999944,non-essential,4.678907691915244
MDDCP5pp,"Murein D,D-carboxypeptidase (murein5p3p) (periplasm)",0.42940554294403915,0.9999999999999944,non-essential,4.678907691914811
PPA,Inorganic diphosphatase,0.42940554294403915,0.9999999999999944,non-essential,4.678907691915244
PUNP3,Purine-nucleoside phosphorylase (Guanosine),0.4286514220338677,0.9982438025717983,non-essential,4.698536351825919
EX_serglugly_e,R_EX_serglugly_e,0.4294055429440375,0.9999999999999906,non-essential,4.678907691915357
TMDS,Thymidylate synthase,0.4294055429440412,0.9999999999999992,non-essential,4.678907691914794
EX_dca_e,R_EX_dca_e,0.4294055429440412,0.9999999999999992,non-essential,4.678907691915245
BUTKr,Butyrate kinase,0.42940554294404115,0.9999999999999991,non-essential,4.678907691915169
THRS_2,Threonine synthase,0.4294055429440409,0.9999999999999984,non-essential,4.678907691915176
FAS140,Fatty acid synthase  n C140,0.4294055429440409,0.9999999999999984,non-essential,4.678907691915297
ACOAD4_1,Acyl CoA dehydrogenase  decanoyl CoA,0.429394483222726,0.9999742441114297,non-essential,4.6786450104324
PMPK,Phosphomethylpyrimidine kinase,0.42940554294404437,1.0000000000000067,non-essential,4.678907691915261
DURIPP,Deoxyuridine phosphorylase,0.42940554294406297,1.00000000000005,non-essential,4.678907691914651
EX_balaleu_e,R_EX_balaleu_e,0.42940554294406297,1.00000000000005,non-essential,4.678907691914946
THRS,Threonine synthase,0.42940554294406297,1.00000000000005,non-essential,4.678907691914846
SLCYSS,O-acetyl-L-serine sulfhydrylase,0.42940554294406297,1.00000000000005,non-essential,4.678907691915906
MEPCT,2-C-methyl-D-erythritol 4-phosphate cytidylyltransferase,-1.0035008862692895e-15,-2.3369537323370367e-15,essential,
METAT,Methionine adenosyltransferase,0.0,0.0,essential,
LCADi,Lactaldehyde dehydrogenase,0.42940554294403976,0.9999999999999959,non-essential,4.6789076919158035
NH3c,Ammomnium proton dissociation,0.4294055429440397,0.9999999999999958,non-essential,4.67890769191539
MALS,Malate synthase,0.4294055429440397,0.9999999999999958,non-essential,4.678907691915654
PRFGS_1,Phosphoribosylformylglycinamidine synthase,0.4294055429440397,0.9999999999999958,non-essential,4.678907691915077
ALDD3,Aldehyde dehydrogenase  propanal  NAD,0.4294055429440397,0.9999999999999958,non-essential,4.678907691915643
SULFACabcpp,Sulfoacetate transport via ABC system (periplasm),0.4294055429440397,0.9999999999999958,non-essential,4.678907691915077
APG3PAT181,Acyl-phosphate:glycerol-3-phosphate acyltransferase (C18:1),0.4294055429440397,0.9999999999999958,non-essential,4.678907691915643
FE2t3pp,Iron (Fe+2) transport out via proton antiport (periplasm),0.4294055429440397,0.9999999999999958,non-essential,4.678907691915077
EX_alaleu_e,R_EX_alaleu_e,0.4294055429440397,0.9999999999999958,non-essential,4.678907691915643
GLYCYSAP,Gly-Cys aminopeptidase,0.4294055429440397,0.9999999999999958,non-essential,4.678907691915077
GLUt4,Na+/glutamate symport,0.4294055429440397,0.9999999999999958,non-essential,4.678907691915643
EX_bz_e,R_EX_bz_e,0.4294031043801378,0.9999943210702708,non-essential,4.678916464802837
PROGLYabcpp,L-Prolinylglycine (Pro-Gly) transport via ABC system (periplasm),0.42940554294404015,0.9999999999999968,non-essential,4.678907691915592
CYST_II,,0.4294055429440397,0.9999999999999958,non-essential,4.678907691915077
NTD5,5'-nucleotidase (dTMP),0.4294055429440397,0.9999999999999958,non-essential,4.678907691915643
PDE4,"3',5'-cyclic-nucleotide phosphodiesterase",0.4294055429440397,0.9999999999999958,non-essential,4.678907691915077
RNDR3,Ribonucleoside-diphosphate reductase (CDP),0.4294055429440397,0.9999999999999958,non-essential,4.678907691915163
ACLS,Acetolactate synthase,0.42847216552727196,0.9978263498641162,non-essential,4.589611081897995
TRE6PH,Trehalose-6-phosphate hydrolase,0.42940554294404015,0.9999999999999968,non-essential,4.678907691915283
NTPP2_1,Nucleoside triphosphate pyrophosphorylase (gtp),0.42940554294403666,0.9999999999999887,non-essential,4.678907691915049
AB6PGH,Arbutin 6-phosphate glucohydrolase,0.42940554294403666,0.9999999999999887,non-essential,4.67890769191512
2AGPE181tipp,2-Acyl-sn-glycero-3-phosphoethanolamine (n-C18:1) transporter via facilitated diffusion (periplasm),0.42940554294403666,0.9999999999999887,non-essential,4.678907691915688
ACPS1,Acyl-carrier protein synthase,0.42940554294403666,0.9999999999999887,non-essential,4.678907691914795
MN2t3pp,Manganese (Mn+2) transport out via proton antiport (periplasm),0.42940554294403666,0.9999999999999887,non-essential,4.6789076919153025
SERD_L,L-serine deaminase,0.42940554294403666,0.9999999999999887,non-essential,4.678907691914795
ACM6PH,N-acetylmuramate 6-phosphate hydrolase,0.42940554294403666,0.9999999999999887,non-essential,4.6789076919153025
EX_fe3_e,R_EX_fe3_e,0.42940554294403666,0.9999999999999887,non-essential,4.678907691915459
EX_abt__L_e,R_EX_abt__L_e,0.4294055429440398,0.999999999999996,non-essential,4.678907691915368
ALATHRabcpp,L Alaninylthreonine  Ala thr  transport via ABC system  periplasm,0.4294055429440398,0.999999999999996,non-essential,4.678907691915493
2AACLPPEAT161,2 acyl acyl carrier protein glycerophospho glycerol acyltransferase  n C160,0.4294055429440398,0.999999999999996,non-essential,4.678907691915368
ISETACabcpp,Isethionate transport via ABC system (periplasm),0.4294055429440398,0.999999999999996,non-essential,4.678907691915493
IND3ACtpp,Indole 3 acetic acid export  periplasm,0.4294055429440398,0.999999999999996,non-essential,4.678907691915368
FGLU_1,Formimidoylglutamase,0.4294055429440398,0.999999999999996,non-essential,4.678907691915493
NADK4,NAD kinase  dCTP,0.4294055429440398,0.999999999999996,non-essential,4.678907691915368
MLTG1,Maltodextrin glucosidase (maltotriose),0.4294055429440398,0.999999999999996,non-essential,4.678907691915493
ALATA_L,L-alanine transaminase,0.4294055429440398,0.999999999999996,non-essential,4.678907691915245
XYLI1,Xylose isomerase,0.4294055429440386,0.9999999999999931,non-essential,4.678907691915413
EX_h2_e,R_EX_h2_e,0.42520525973099,0.9902183768186734,non-essential,4.229690465064918
A6PAG2,,0.42940554294403943,0.9999999999999951,non-essential,4.67890769191512
AMPEP2,Aminopeptidase,0.42940554294403754,0.9999999999999907,non-essential,4.678907691915567
GTHRDt2_1,Glutathione transport,0.42940554294403754,0.9999999999999907,non-essential,4.678907691914828
ACt2rpp,Acetate reversible transport via proton symport (periplasm),0.42940554294403754,0.9999999999999907,non-essential,4.678907691914831
METSabc,L methionine S oxide transport via ABC system,0.42940554294403754,0.9999999999999907,non-essential,4.678907691915257
EX_pacald_e,R_EX_pacald_e,0.4252052597309884,0.9902183768186698,non-essential,4.229690465064344
G3PAT181,Glycerol-3-phosphate acyltransferase (C18:1),0.4294055429440398,0.999999999999996,non-essential,4.678907691915182
G3PCT,Glycerol-3-phosphate cytidylyltransferase,-9.769479942547282e-16,-2.2751173344356208e-15,essential,
FUMAC,Fumarylacetoacetase,0.42940554294403926,0.9999999999999947,non-essential,4.678907691915186
ECOAH4,3-hydroxyacyl-CoA dehydratase (3-hydroxydecanoyl-CoA),0.42939448322272283,0.9999742441114223,non-essential,4.678645010432576
NADH9,NADH dehydrogenase (demethylmenaquinone-8 & 0 protons),0.4294055429440392,0.9999999999999946,non-essential,4.678907691915457
GALURDH,Galacturonate dehydrogenase,0.4294055429440371,0.9999999999999897,non-essential,4.678907691915131
DASYN160,CDP-diacylglycerol synthetase (n-C16:0),0.4294055429440371,0.9999999999999897,non-essential,4.678907691915016
ALKP,Alkaline phosphatase,0.4294055429440371,0.9999999999999897,non-essential,4.678907691915131
FACOAL100t2pp,Fatty-acid-CoA ligase (decanoate transport via vectoral Co-A coupling),0.4294055429440371,0.9999999999999897,non-essential,4.678907691915016
NADS1,NAD synthase (nh3),0.4294055429440371,0.9999999999999897,non-essential,4.678907691915131
CO2tex,CO2 transport via diffusion (extracellular to periplasm),0.3596418107198343,0.8375341600252735,non-essential,3.371818289896041
PLIPA2E180pp,"Phospholipase A2 (phosphatidylethanolamine, n-C18:0) (periplasm)",0.4294055429440358,0.9999999999999867,non-essential,4.678907691914859
APG3PAT180,Acyl-phosphate:glycerol-3-phosphate acyltransferase (C18:0),0.42940554294403954,0.9999999999999953,non-essential,4.678907691915626
ABG4t2,,0.42940554294403954,0.9999999999999953,non-essential,4.6789076919143096
ETOHtex,Ethanol transport via diffusion (extracellular to periplasm),0.42940554294403954,0.9999999999999953,non-essential,4.678907691915116
PEPA,MNXR86162,0.4137170809812614,0.9634646962048541,non-essential,4.6112718019112355
EX_so3_e,R_EX_so3_e,0.42940554294403704,0.9999999999999896,non-essential,4.6789076919151436
CD2t3pp,Cadmium (Cd+2) transport out via proton antiport (periplasm),0.42940554294404143,0.9999999999999998,non-essential,4.678907691915091
ACONT,Aconitate hydratase,0.4294055429440426,1.0000000000000024,non-essential,4.678907691934293
SUCD1,Succinate dehydrogenase,0.42940554294403904,0.9999999999999942,non-essential,4.678907691915183
AMPEP16,Aminopeptidase,0.42940554294403904,0.9999999999999942,non-essential,4.67890769191539
PFK_4,Phosphofructokinase (s7p),0.42940554294403904,0.9999999999999942,non-essential,4.678907691915378
CYTDK2,Cytidine kinase (GTP),0.42940554294403904,0.9999999999999942,non-essential,4.678907691915162
AKP1,Alkaline phosphatase  Dihydroneopterin,0.42940554294403904,0.9999999999999942,non-essential,4.678907691915169
METB1,Metb1 (rev),0.42940554294403904,0.9999999999999942,non-essential,4.6789076919148735
PYRt4pp,Pyruvate transport via sodium symport,0.42940554294403904,0.9999999999999942,non-essential,4.678907691914702
TARTRt7pp,Tartrate/succinate antiporter (periplasm),0.42940554294403904,0.9999999999999942,non-essential,4.678907691914805
CYSabcpp,L-cysteine uptake via ABC system (periplasm),0.42940554294403943,0.9999999999999951,non-essential,4.678907691915296
ACOAD1,Acyl-CoA dehydrogenase (butanoyl-CoA),0.42940554294403943,0.9999999999999951,non-essential,4.678907691915058
EX_lys__L_e,R_EX_lys__L_e,0.42861629567251747,0.9981620002710889,non-essential,4.665677799126115
ACOAD2,Acyl-CoA dehydrogenase (hexanoyl-CoA),0.4293944832227246,0.9999742441114264,non-essential,4.678413137411598
ORNTAC_1,Ornithine transacetylase,0.42940554294404,0.9999999999999963,non-essential,4.678907691915079
EX_fe3dcit_e,R_EX_fe3dcit_e,0.42940554294403943,0.9999999999999951,non-essential,4.6789076919151595
PAPSR,Phosphoadenylyl-sulfate reductase (thioredoxin),0.42940554294403943,0.9999999999999951,non-essential,4.678907691915496
AGPAT181,1-octadec-7-enoyl-sn-glycerol 3-phosphate O-acyltransferase (n-C18:1),0.42940554294403943,0.9999999999999951,non-essential,4.678907691915162
GLYt2pp,Glycine transport in via proton symport (periplasm),0.42940554294403943,0.9999999999999951,non-essential,4.6789076919157395
EX_3mb_e,R_EX_3mb_e,0.42940554294403943,0.9999999999999951,non-essential,4.678907691915416
CYTDtex,Cytidine transport via diffusion (extracellular to periplasm),0.42940554294403943,0.9999999999999951,non-essential,4.678907691915271
EX_mnl_e,R_EX_mnl_e,0.42940554294403943,0.9999999999999951,non-essential,4.678907691915304
GDPTPDP,Guanosine 3'-diphosphate 5'-triphosphate 3'-diphosphatase,0.42940554294403943,0.9999999999999951,non-essential,4.678907691915434
AGM4Pt2pp,GlcNAc-anhMurNAc tetrapeptide transport in via proton symport (periplasm),0.42940554294403943,0.9999999999999951,non-essential,4.67890769191518
SUCOAS,Succinyl-CoA synthetase (ADP-forming),0.3589804206186783,0.8359939141853584,non-essential,9.425991718980162
DGUNC,Diguanylate cyclase,0.42940554294403993,0.9999999999999962,non-essential,4.6789076919149775
DRPA,Deoxyribose-phosphate aldolase,0.4294055429440504,1.0000000000000207,non-essential,4.678907691915156
r0963,Facilitated diffusion,0.4293885872416303,0.9999605135455519,non-essential,4.678838914767563
ACGAtex,N-Acetyl-D-glucosamine transport via diffusion (extracellular to periplasm),0.4294055429440372,0.9999999999999899,non-essential,4.6789076919149215
MLDCP3App,"Murein L,D-carboxypeptidase (murein5px3p) (periplasm)",0.4294055429440315,0.9999999999999766,non-essential,4.678907691915036
TRPt2r,L tryptophan reversible transport via proton symport,0.4289802930842743,0.9990096777585784,non-essential,4.678637516348421
ACGAptspp,N-Acetyl-D-glucosamine transport via PEP:Pyr PTS  (periplasm),0.4294055429440486,1.0000000000000164,non-essential,4.678907691914675
FMNRy,FMN reductase  NADPH dependent,0.429405542944037,0.9999999999999895,non-essential,4.678907691914656
NADTRHD,NAD transhydrogenase,0.429405542944037,0.9999999999999895,non-essential,4.678907691915036
HEX7,Hexokinase (D-fructose:ATP),0.429405542944037,0.9999999999999895,non-essential,4.6789076919149375
ALTRH,Altronate hydrolase,0.429405542944037,0.9999999999999895,non-essential,4.678907691915023
NMNDA,Nicotinamide-nucleotide amidase,0.23719263437582042,0.5523744121922768,non-essential,2.116500000000004
CRO4tex,Cromate transport via diffusion (extracellular to periplasm),0.42940554294403765,0.9999999999999909,non-essential,4.678907691915184
EX_pnto__R_e,R_EX_pnto__R_e,0.42940056599895227,0.9999884096859692,non-essential,4.678884552833561
GK1,Guanylate kinase (GMP:ATP),0.42940554294405014,1.00000000000002,non-essential,4.678907691915145
GLYTYRAP,Gly-Try aminopeptidase,0.4294055429440399,0.9999999999999961,non-essential,4.678907691915193
LEULEUabcpp,L leucylleucine  leuleu  transport via ABC system  periplasm,0.4294055429440399,0.9999999999999961,non-essential,4.678907691915143
PUNP4,Purine-nucleoside phosphorylase (Deoxyguanosine),0.4294055429440399,0.9999999999999961,non-essential,4.67890769191516
3MBt4pp,Na+/Isovalerate symport (periplasm),0.4294055429440399,0.9999999999999961,non-essential,4.678907691915606
URIK3,Uridine kinase (ITP:Uridine),0.4294055429440399,0.9999999999999961,non-essential,4.678907691915142
EX_mobd_e,R_EX_mobd_e,0.4294055429440399,0.9999999999999961,non-essential,4.678907691915606
GLYLEUAP,Gly-Leu aminopeptidase,0.4294055429440399,0.9999999999999961,non-essential,4.678907691915142
UDPG4E,UDPglucose 4-epimerase,0.2714351905961014,0.632118506750328,non-essential,3.3488333333340665
ALAR,Alanine racemase,0.4294055429440402,0.9999999999999969,non-essential,4.678907691915098
G6PBDH,Beta-D-Glucose-6-phosphate NADP+ 1-oxoreductase,0.42940554294403893,0.9999999999999939,non-essential,4.678907691915498
MANGLYCptspp,2-O-alpha-mannosyl-D-glycerate transport via PEP:Pyr PTS (periplasm),0.42940554294403893,0.9999999999999939,non-essential,4.678907691915707
BSCT,Benzoylsuccinyl-CoA thiolase,0.4294031043801365,0.9999943210702678,non-essential,4.678916464803485
HMR_9610,Na+/succinate symporter,0.42940554294403965,0.9999999999999956,non-essential,4.678907691915714
ACONTa,"Aconitase (half-reaction A, Citrate hydro-lyase)",0.42940554294404026,0.999999999999997,non-essential,4.678907691877419
NTPP2,Nucleoside triphosphate pyrophosphorylase (gtp),0.42940554294404026,0.999999999999997,non-essential,4.678907691915373
G3PAT180,Glycerol-3-phosphate acyltransferase (C18:0),0.42940554294404026,0.999999999999997,non-essential,4.678907691915498
EX_for_e,R_EX_for_e,0.42940554294404026,0.999999999999997,non-essential,4.678907691915252
MLTGY2pp,Murein lytic transglycosylase (murein4p3p) (periplasm),0.42940554294404026,0.999999999999997,non-essential,4.678907691915498
AGMt2pp,GlcNAc-anhMurNAc transport in via proton symport (periplasm),0.42940554294404026,0.999999999999997,non-essential,4.678907691915252
VALt2rpp,L-valine reversible transport via proton symport (periplasm),0.42940554294404026,0.999999999999997,non-essential,4.678907691915498
BALAGLYtex,Beta alanyl L glycine transport via diffusion  extracellular to periplasm,0.42940554294404026,0.999999999999997,non-essential,4.678907691915252
ASNS1,Asparagine synthase (glutamine-hydrolysing),0.42940554294404026,0.999999999999997,non-essential,4.678907691915498
CYSTS,Cystathionine beta synthase,0.42940554294404026,0.999999999999997,non-essential,4.678907691915252
CYTK1,Cytidylate kinase (CMP),0.4240916184551945,0.9876249280518963,non-essential,4.677285463780381
TAURabc,Taurine transport via ABC system,0.4294055429440383,0.9999999999999925,non-essential,4.678907691915468
MEOHtrpp,Methanol reversible transport via diffusion (periplasm),0.42940554294404015,0.9999999999999968,non-essential,4.6789076919157155
EX_gly_gln_e,R_EX_gly_gln_e,0.42940554294404015,0.9999999999999968,non-essential,4.6789076919155566
ALAt4,Alanine-Sodium symporter,0.42940554294404015,0.9999999999999968,non-essential,4.678907691915716
MCTP1Bpp,Murein crosslinking transpeptidase 1B:(A2pm->A2pm) (periplasm),0.42940554294404015,0.9999999999999968,non-essential,4.6789076919155566
LYSDC,Lysine decarboxylase,0.42940554294404015,0.9999999999999968,non-essential,4.678907691915716
AICART,Phosphoribosylaminoimidazolecarboxamide formyltransferase,0.42940554294404015,0.9999999999999968,non-essential,4.6789076919155566
BGLA,Beta-glucosidase,0.42940554294404015,0.9999999999999968,non-essential,4.678907691915716
PROt2r,L proline reversible transport via proton symport,0.42940554294404015,0.9999999999999968,non-essential,4.6789076919155566
PGSA181,Phosphatidylglycerol synthase (n-C18:1),0.42940554294404015,0.9999999999999968,non-essential,4.678907691915716
PIt7,Phosphate transport in/out via three Na+ symporter,0.42940554294404015,0.9999999999999968,non-essential,4.6789076919155566
ICDHyr,Isocitrate dehydrogenase (NADP),0.420002669830327,0.9781025809558778,non-essential,5.44011213178622
RNMK,Ribosylnicotinamide kinase,0.42940554294403893,0.9999999999999939,non-essential,4.6789076919151205
ACMANApts,N-acetyl-D-mannosamine transport via PTS,0.4294055429440659,1.0000000000000568,non-essential,4.678907691915108
CITt4pp_1,Citrate transport via sodium symport  periplasm,0.4294055429440659,1.0000000000000568,non-essential,4.6789076919150085
23PDE9pp,"2',3'-cyclic-nucleotide phosphodiesterase (GMP) (periplasm)",0.3593842827861907,0.8369344287505489,non-essential,4.432166666666831
CD2tpp,Cadmium (+2) transport in via permease (no H+),0.42940554294403765,0.9999999999999909,non-essential,4.678907691915168
Kt2r,Potassium reversible transport  via proton symport,0.42940554294403893,0.9999999999999939,non-essential,4.678907691915295
EX_mg2_e,R_EX_mg2_e,-4.569236302728347e-16,-1.064084145584444e-15,essential,
GCCc_1,Glycine-cleavage complex,0.42940554294404143,0.9999999999999998,non-essential,4.678907691915134
DASYN181,CDP-diacylglycerol synthetase (n-C18:1),0.42940554294403893,0.9999999999999939,non-essential,4.678907691915172
ARGabc,L-arginine transport via ABC system,0.42940554294403893,0.9999999999999939,non-essential,4.678907691915171
PLPS_1,Pyridoxal-5-phosphate synthase,-8.720859364631552e-16,-2.0309144835068e-15,essential,
ADD,Adenine deaminase,0.4294055429440409,0.9999999999999984,non-essential,4.678907691915172
ACOTA,Acetylornithine transaminase,0.42940554294404126,0.9999999999999993,non-essential,4.6789076919151835
EX_btn_e,R_EX_btn_e,0.42940554294403893,0.9999999999999939,non-essential,4.678907691915172
GNK_1,Gluconokinase,0.42940554294403893,0.9999999999999939,non-essential,4.678907691915171
ADSL1r,Adenylsuccinate lyase,0.42940554294403893,0.9999999999999939,non-essential,4.678907691915172
GARFT,Phosphoribosylglycinamide formyltransferase,0.42940554294403893,0.9999999999999939,non-essential,4.678907691915168
OXAtpp,OxalateH antiporter  periplasm,0.4268476819513951,0.9940432511068452,non-essential,4.886290137972956
DALAt2r,D-alanine transport via proton symport,0.42940554294404,0.9999999999999963,non-essential,4.678907691915195
ACONCtupp,Cisaconitate transport periplasm,0.42940554294404126,0.9999999999999993,non-essential,4.6789076919151835
NO3abcpp,Nitrate transport via ABC system (periplasm),0.42940554294404126,0.9999999999999993,non-essential,4.678907691915227
2S6HCCi,2 succinyl 6 hydroxy 2 4 cyclohexadiene 1 carboxylate synthase,0.42940554294404126,0.9999999999999993,non-essential,4.678907691915079
FACOAL120t2pp,Fatty-acid-CoA ligase (dodecanoate transport via vectoral Co-A coupling),0.42940554294404126,0.9999999999999993,non-essential,4.67890769191523
SO4t2,Sulfate transport in via proton symport,0.42940554294404126,0.9999999999999993,non-essential,4.678348863541413
ID3ACALDt,Indoleacetaldehyde transport  extracellular,0.42940554294404004,0.9999999999999966,non-essential,4.678907691915225
UPP3S,Uroporphyrinogen-III synthase,0.42940554294404004,0.9999999999999966,non-essential,4.678907691915043
FE2tex,Iron (II) transport via diffusion (extracellular to periplasm),0.42940554294404004,0.9999999999999966,non-essential,4.678907691915042
CARNtex,L Carnosine transport via diffusion  extracellular to periplasm,0.42940554294404004,0.9999999999999966,non-essential,4.678907691915178
CMPDAi,CMP deaminase,0.42940554294404004,0.9999999999999966,non-essential,4.678907691915167
3PEPTabcpp,Tripeptide (LalaDgluMdap) transport via ABC system (periplasm),0.42940554294404004,0.9999999999999966,non-essential,4.678907691915032
PUNP7,Purine-nucleoside phosphorylase (Xanthosine),0.42940554294404004,0.9999999999999966,non-essential,4.678907691915179
HXANt2pp,Hypoxanthine transport in via proton symport (periplasm),0.42940554294404004,0.9999999999999966,non-essential,4.678907691915176
THRD,L-threonine dehydrogenase,0.4257137689001179,0.9914025934117838,non-essential,4.852769814901478
PPC,Phosphoenolpyruvate carboxylase,0.4294055429440387,0.9999999999999934,non-essential,4.67890769191515
UAGPT3,UDP-N-acetylglucosamine-N-acetylmuramyl-(pentapeptide)pyrophosphoryl-undecaprenol N-acetylglucosamine transferase,-7.18188418263775e-16,-1.6725178099467767e-15,essential,
ZN2t5,Zinc  Zn2  transport out via proton antiport  cytosolexternal,0.42940554294403993,0.9999999999999962,non-essential,4.678907691915005
ENO,Enolase,0.41552333278212333,0.9676710969617659,non-essential,4.137762196392408
FACOAL181,Fatty acid  CoA ligase  octadecenoate,0.4294055429440438,1.0000000000000053,non-essential,4.6789076919152865
FALDep,Formaldehyde extrusion pump,0.4294055429440409,0.9999999999999984,non-essential,4.67890769191459
NH4tpp_1,Ammonia ireversible transport (periplasm),0.4294055429440409,0.9999999999999984,non-essential,4.67890769191506
OCBT_1,Ornithine carbamoyltransferase,0.4294055429440409,0.9999999999999984,non-essential,4.678907691915215
4HPROLTabcpp,Trans 4 Hydroxy D proline transport via ABC system,0.4294055429440409,0.9999999999999984,non-essential,4.678907691914999
BALAMDAH,Beta Alaninamide amidohydrolase,0.4294055429440409,0.9999999999999984,non-essential,4.678907691915219
KARA2,Ketol-acid reductoisomerase (2-Acetolactate),0.4294055429440409,0.9999999999999984,non-essential,4.678907691915041
CELBt2,,0.4294055429440409,0.9999999999999984,non-essential,4.678907691915077
AGMPTRCtpp,Agmatine/putrescine antiporter (periplasm),0.4294055429440409,0.9999999999999984,non-essential,4.678907691915148
PRATPP,Phosphoribosyl-ATP pyrophosphatase,0.4294055429440409,0.9999999999999984,non-essential,4.678907691915187
EX_ser__D_e,R_EX_ser__D_e,0.4294055429440409,0.9999999999999984,non-essential,4.678907691914999
GLUSfx,Glutamate synthase (ferredoxin),0.4294055429440409,0.9999999999999984,non-essential,4.678907691915219
CPGNexs,Coprogen Fe-loading reaction (spontaneaous),0.4294055429440409,0.9999999999999984,non-essential,4.678907691915041
FACOAL150_ISO,Fatty acid  CoA ligase  Iso C150,2.3147515752076516e-15,5.390595471445279e-15,essential,
ECOAH2c,Enoyl CoA hydratase  bacterial,0.4294055429440408,0.9999999999999983,non-essential,4.678907691915077
GLUt2r,L glutamate transport via proton symport  reversible,0.42940554294403693,0.9999999999999892,non-essential,4.678907691915124
3NTD4pp,3'-nucleotidase (CMP) (periplasm),0.42940554294403693,0.9999999999999892,non-essential,4.678907691915219
PGCD,Phosphoglycerate dehydrogenase,0.42940554294403693,0.9999999999999892,non-essential,4.678907691914926
HISDr,Histidase r,0.42940554294403693,0.9999999999999892,non-essential,4.67890769191493
GLCURDH,Glucoronate dehydrogenase,0.42940554294403693,0.9999999999999892,non-essential,4.678907691914926
SCYSSL,S-sulfo-L-cysteine sulfite lyase,0.42940554294403693,0.9999999999999892,non-essential,4.67890769191493
PTRCabc,Putrescine transport via ABC system,0.42940554294403693,0.9999999999999892,non-essential,4.6789076919147545
HEMEOS_1,Heme O synthase,0.42940554294403693,0.9999999999999892,non-essential,4.67890769191493
THRt2r,L threonine reversible transport via proton symport,0.42384744528832446,0.9870562973695908,non-essential,4.85141227518189
EX_h2o2_e,R_EX_h2o2_e,0.4256371690833143,0.9912242076921248,non-essential,4.1511009650488875
FADMQOR,Menaquinone:FAD oxidoreductase,0.4294055429440393,0.9999999999999948,non-essential,4.6789076919153265
DDGLCNt2r,"2-dehydro-3-deoxy-D-gluconate transport via proton symport, reversible",0.4294055429440393,0.9999999999999948,non-essential,4.678907691915003
PHEt2r,L phenylalanine reversible transport via proton symport,0.4280226454979454,0.9967795072308222,non-essential,4.678029090566556
GTHPi,Glutathione peridoxase,0.4294055429440394,0.999999999999995,non-essential,4.678907691915708
AMPEP9,Aminopeptidase,0.4294055429440393,0.9999999999999948,non-essential,4.678907691915229
RPI,Ribose-5-phosphate isomerase,0.3785650795231296,0.8816026847898951,non-essential,4.703000000000607
NTP3,Nucleoside-triphosphatase (GTP),0.42940554294403926,0.9999999999999947,non-essential,4.678907691915207
PTHRP,Phospho-threonine phosphatase,0.4294055429440404,0.9999999999999973,non-essential,4.678907691915092
GALTpts,Galactitol transport via PEP:Pyr PTS,0.4294055429440404,0.9999999999999973,non-essential,4.678907691914891
ADK2,Adenylate kinase (Inorganic triphosphate),0.4294055429440404,0.9999999999999973,non-essential,4.678907691914927
EX_leuleu_e,R_EX_leuleu_e,0.4294055429440404,0.9999999999999973,non-essential,4.678907691915174
CD2t4pp,Cadmium (Cd+2) transport out via proton antiport (periplasm),0.4294055429440404,0.9999999999999973,non-essential,4.678907691915064
GalMr,Aldose 1-epimerase,0.4294055429440404,0.9999999999999973,non-essential,4.678907691915156
A6PAG,,0.2714351905983273,0.6321185067555117,non-essential,3.3488333333339955
BUTt2rpp,"Butyrate transport via proton symport, reversible (periplasm)",0.42940554294404015,0.9999999999999968,non-essential,4.678907691915028
EX_4hpro_DC_e,R_EX_4hpro_DC_e,0.4294055429440395,0.9999999999999952,non-essential,4.678907691914885
TECA3S45,Glycerol teichoic acid  n45   unlinked  glucose substituted,4.681672404484795e-17,1.0902682746912963e-16,essential,
FEDCabc,Iron  III  dicitrate transport via ABC system,0.4294055429440399,0.9999999999999961,non-essential,4.678907691915158
GCCb_1,Glycine cleavage complex,0.4294055429440399,0.9999999999999961,non-essential,4.678907691915005
RIBFLVt2,Riboflavin transport in via proton symport,0.4293914559153434,0.9999671941153774,non-essential,4.67896300781434
ALDD6,Aldehyde dehydrogenase  hexanal  NAD,0.4294055429440392,0.9999999999999946,non-essential,4.678907691914994
KAS4,B-ketoacyl synthetase (Anteiso-C15:0),-7.629043795176212e-16,-1.776652379210298e-15,essential,
TNTR2,TNT nitroreductase 2 Hydroxylamino 4 6 dinitrotoluene,0.4294055429440404,0.9999999999999973,non-essential,4.678907691914956
MMSAD3,Methylmalonate-semialdehyde dehydrogenase (malonic semialdehyde),0.42940554294403993,0.9999999999999962,non-essential,4.678907691915647
EX_mso3_e,R_EX_mso3_e,0.42940554294403993,0.9999999999999962,non-essential,4.67890769191507
GALM1,Aldose 1-epimerase (glucose),0.42940554294403993,0.9999999999999962,non-essential,4.678907691914955
EX_ribflv_e,R_EX_ribflv_e,0.42939145591534084,0.9999671941153714,non-essential,4.678963007814515
NOS3,N-omega-Hydroxyarginine NADPH oxygen oxidoreductase,0.4294055429440392,0.9999999999999946,non-essential,4.678907691914939
RIBabcpp,D-ribose transport via ABC system (periplasm),0.4294055429440383,0.9999999999999925,non-essential,4.678907691915216
PLIPA1G180pp,"Phospholipase A1 (phosphatidylglycerol, n-C18:0) (periplasm)",0.4294055429440383,0.9999999999999925,non-essential,4.678907691914992
DCMPDA,DCMP deaminase,0.4294055429440383,0.9999999999999925,non-essential,4.678907691915216
PIt2rpp,Phosphate reversible transport via symport (periplasm),0.4294055429440383,0.9999999999999925,non-essential,4.678907691914992
PPCK,Phosphoenolpyruvate carboxykinase,0.4294055429440383,0.9999999999999925,non-essential,4.678907691915065
LIPOPBt,Lipoate transport via proton symport,0.4294055429440383,0.9999999999999925,non-essential,4.678907691915074
TARTDC,Tartrate decarboxylase,0.4155233327821247,0.9676710969617691,non-essential,4.137762196391725
PUNP5,Purine-nucleoside phosphorylase (Inosine),0.4294055429440438,1.0000000000000053,non-essential,4.678907691915189
ASPtpp,L-aspartate uptake via facillitated diffusion,0.429405542944039,0.999999999999994,non-essential,4.678907691914672
ISETACtex,Isethionate transport via diffusion (extracellular to periplasm),0.429405542944039,0.999999999999994,non-essential,4.6789076919151436
LYSabcpp,L-lysine transport via ABC system (periplasm),0.429405542944039,0.999999999999994,non-essential,4.678907691915504
NTPP9_1,Nucleoside triphosphate pyrophosphorylase (itp),0.429405542944039,0.999999999999994,non-essential,4.678907691915118
OMCDC,2-Oxo-4-methyl-3-carboxypentanoate decarboxylation,0.429405542944039,0.999999999999994,non-essential,4.678907691915504
ACTD2,Acetoin dehydrogenase,0.429405542944039,0.999999999999994,non-essential,4.678907691915118
DALALEUD,Beta alanine L leucine dipeptidase,0.429405542944039,0.999999999999994,non-essential,4.678907691915504
23PDE2pp,"2',3'-cyclic-nucleotide phosphodiesterase (UMP) (periplasm)",0.429405542944039,0.999999999999994,non-essential,4.678907691915118
PHHL,,0.429405542944039,0.999999999999994,non-essential,4.678907691915504
ALCD19,Alcohol dehydrogenase (glycerol),0.4294055429440378,0.9999999999999913,non-essential,4.678907691915181
EX_meoh_e,R_EX_meoh_e,0.4294055429440397,0.9999999999999958,non-essential,4.678907691915155
DURIK1,Deoxyuridine kinase (ATP:Deoxyuridine),0.4294055429440397,0.9999999999999958,non-essential,4.678907691915115
XYLK,Xylulokinase,0.4294055429440397,0.9999999999999958,non-essential,4.678907691914811
APRAUR,5-amino-6-(5-phosphoribosylamino)uracil reductase,0.4294055429440397,0.9999999999999958,non-essential,4.678907691915057
BUTtex,Butyrate transport via diffusion (extracellular to periplasm),0.42940554294403943,0.9999999999999951,non-essential,4.678907691915127
DALAGLYD,Beta alanine L glycine dipeptidase,0.42940554294403943,0.9999999999999951,non-essential,4.678907691914813
FE3tex,Iron (III) transport via diffusion (extracellular to periplasm),0.42940554294403943,0.9999999999999951,non-essential,4.678907691915063
PPM,Phosphopentomutase,0.42870570991124524,0.9983702282276139,non-essential,4.6941296225941835
CD2t6,Cadmium  Cd2  transport out via proton antiport  periplasmexternal,0.4294055429440379,0.9999999999999915,non-essential,4.678907691915152
NTD9,5'-nucleotidase (GMP),0.4294055429440364,0.999999999999988,non-essential,4.67890769191511
PRFGS,Phosphoribosylformylglycinamidine synthase,0.4294055429440364,0.999999999999988,non-essential,4.678907691915122
EX_4hpro_LT_e,R_EX_4hpro_LT_e,0.4294055429440364,0.999999999999988,non-essential,4.678907691915053
SUCR,Sucrose hydrolyzing enzyme,0.4294055429440364,0.999999999999988,non-essential,4.678907691915127
SSALx,Succinate-semialdehyde dehydrogenase (NAD),0.4294055429440364,0.999999999999988,non-essential,4.678907691915133
MTHFD2i,Methylenetetrahydrofolate dehydrogenase  NAD,0.4294055429440364,0.999999999999988,non-essential,4.678907691915121
PLIPA2A161pp,"Phospholipase A2 (phosphatidate, n-C16:1) (periplasm)",0.42940554294404076,0.9999999999999982,non-essential,4.678907691915114
ACGK,Acetylglutamate kinase,0.42940554294404076,0.9999999999999982,non-essential,4.678907691915135
UPPDC1,Uroporphyrinogen decarboxylase (uroporphyrinogen III),0.42940554294404076,0.9999999999999982,non-essential,4.678907691915115
EX_tre_e,R_EX_tre_e,0.42940554294404076,0.9999999999999982,non-essential,4.678907691915107
GMPS2,GMP synthase,0.42940554294404076,0.9999999999999982,non-essential,4.678907691915096
NADK3,NAD kinase  dGTP,0.42940554294404076,0.9999999999999982,non-essential,4.678907691914921
CU2abcpp,Copper (Cu+2) ABC transporter (periplasm),0.42940554294404076,0.9999999999999982,non-essential,4.6789076919151045
STFRNAt,,0.42940554294404076,0.9999999999999982,non-essential,4.678907691915084
EX_alahis_e,R_EX_alahis_e,0.42940554294404076,0.9999999999999982,non-essential,4.678907691915065
EX_madg_e,R_EX_madg_e,0.42940554294404076,0.9999999999999982,non-essential,4.678907691915202
NTD6,5'-nucleotidase (dAMP),0.42940554294404076,0.9999999999999982,non-essential,4.6789076919150965
Htex,Proton transport via diffusion (extracellular to periplasm),0.4294055429440367,0.9999999999999888,non-essential,4.678907691915372
MCITL2,Methylisocitrate lyase,0.42940554294403893,0.9999999999999939,non-essential,4.67890769191536
KAS2,B-ketoacyl synthetase (n-C14:0),0.42940554294403893,0.9999999999999939,non-essential,4.678907691915077
OIVD2,2-oxoisovalerate dehydrogenase (acylating; 3-methyl-2-oxobutanoate),0.42940554294403893,0.9999999999999939,non-essential,4.678907691915354
INSCR,Inositol catabolic reactions  lumped,0.42940554294403893,0.9999999999999939,non-essential,4.678907691915628
XPPT,Xanthine phosphoribosyltransferase,0.42940554294403893,0.9999999999999939,non-essential,4.678907691914813
ATPM,R_ATPM,0.575721538848109,1.3407408178779257,non-essential,6.1002838413482845
DINSK,Deoxyinosine kinase,0.4294055429440392,0.9999999999999946,non-essential,4.678907691915517
PHEabc,,0.42940554294403915,0.9999999999999944,non-essential,4.678907691915188
OXADC,Oxalate decarboxylase,0.42940554294403915,0.9999999999999944,non-essential,4.678907691914655
MNt2,Manganese transport in via proton symport,0.4294003684212141,0.9999879495667616,non-essential,4.678904404366803
ECOAH5,3-hydroxyacyl-CoA dehydratase (3-hydroxydodecanoyl-CoA),0.42940554294404004,0.9999999999999966,non-essential,4.678907691914596
METOX1s,Methionine oxidation (spontaneous),0.42940554294403915,0.9999999999999944,non-essential,4.678907691915079
BUTSO3abcpp,Butanesulfonate transport via ABC system (periplasm),0.42940554294403915,0.9999999999999944,non-essential,4.678907691914655
LPLIPAL1A161pp,"Lysophospholipase L1 (2-acylglycerophosphotidate, n-C16:1) (periplasm)",0.42940554294403915,0.9999999999999944,non-essential,4.678907691915079
OCTDPS,Octaprenyl pyrophosphate synthase,1.1149817948712282e-11,2.5965705687607488e-11,essential,
EX_lysglugly_e,R_EX_lysglugly_e,0.429405542944039,0.999999999999994,non-essential,4.678907691914655
METSOXR2,L-methionine-R-sulfoxide reductase,0.42940554294404093,0.9999999999999986,non-essential,4.678907691915079
5DKGR,5-keto-D-gluconate 5-reductase,0.4294055429440379,0.9999999999999915,non-essential,4.678907691914655
AACPS5,Acyl-[acyl-carrier-protein] synthetase  (n-C18:1),0.4294055429440379,0.9999999999999915,non-essential,4.678907691915079
NTD4,5'-nucleotidase (CMP),0.4294055429440379,0.9999999999999915,non-essential,4.678907691914655
ADNt2pp,Adenosine transport in via proton symport (periplasm),0.4294055429440379,0.9999999999999915,non-essential,4.678907691915079
EX_zn2_e,R_EX_zn2_e,-7.315886437813817e-16,-1.7037242667282466e-15,essential,
MDDCP1pp,"Murein D,D-carboxypeptidase (murein5px4p) (periplasm)",0.4294055429440394,0.999999999999995,non-essential,4.678907691914655
NADS2,Nicotinate-mononucleotide adenylyltransferase,0.4294055429440398,0.999999999999996,non-essential,4.678907691915079
THRD_L,L-threonine deaminase,0.4294055429440398,0.999999999999996,non-essential,4.678907691914655
CYSS_2,Cysteine synthase,0.4294055429440398,0.999999999999996,non-essential,4.678907691915079
NADK,NAD kinase,0.4294055429440398,0.999999999999996,non-essential,4.678907691914655
PROGLYtex,L-Prolinylglycine transport via diffusion (extracellular to periplasm),0.4294055429440398,0.999999999999996,non-essential,4.678907691915079
ALR4x,Aldose reductase (acetol),0.4294055429440398,0.999999999999996,non-essential,4.678907691914655
AMID4,Amidase,0.4294055429440398,0.999999999999996,non-essential,4.678907691915079
CTPS1,CTP synthase  NH3,0.4294055429440398,0.999999999999996,non-essential,4.678907691914651
ACPpds,[acyl-carrier-protein] phosphodiesterase,0.4294055429440398,0.999999999999996,non-essential,4.678907691914918
FDMO3,FMNH2-dependent monooxygenase (ethanesulfonate),0.4294055429440398,0.999999999999996,non-essential,4.678907691915123
SMIA1,Staphyloferrin A Mediated Iron Acquisition,0.4294055429440398,0.999999999999996,non-essential,4.678907691915188
IND3ACtex,Indole 3 acetate transport  exterior,0.4294055429440398,0.999999999999996,non-essential,4.678907691914655
EX_LalaLglu_e,R_EX_LalaLglu_e,0.4294055429440398,0.999999999999996,non-essential,4.678907691915079
ILETA,Isoleucine transaminase,0.4293585430626534,0.9998905466355513,non-essential,4.68009060405331
TNTtpp,Trinitrotoluene transport via diffusion  periplasm to cytosol  irreversible,0.4294055429440404,0.9999999999999973,non-essential,4.678907691915233
PPNDH,Prephenate dehydratase,0.4294055429440398,0.999999999999996,non-essential,4.678907691914897
DSERt2pp,D-serine transport in via proton symport (periplasm),0.4294055429440398,0.999999999999996,non-essential,4.678907691915079
MCTP1App,Murein crosslinking transpeptidase 1A:(A2pm->D-ala) (periplasm),0.4294055429440398,0.999999999999996,non-essential,4.678907691914655
EX_ala_L_asp__L_e,R_EX_ala_L_asp__L_e,0.4294055429440398,0.999999999999996,non-essential,4.678907691915079
TECA1S45,Glycerol teichoic acid  n45   unlinked  unsubstituted,-1.0509352388093686e-15,-2.4474188935803336e-15,essential,
PRAIS_1,Phosphoribosylaminoimidazole synthetase,0.42940554294404126,0.9999999999999993,non-essential,4.678907691914655
NDPK2,Nucleoside-diphosphate kinase (ATP:UDP),7.143068841809573e-15,1.6634784900157726e-14,essential,
EX_istfrnA_e,R_EX_istfrnA_e,0.42940554294403044,0.9999999999999741,non-essential,4.678907691915079
PPTGS_BS,Peptidoglycan subunit synthesis,-3.469685118993912e-15,-8.080205707652143e-15,essential,
LYStex,L-lysine transport via diffusion (extracellular to periplasm),0.4294055429440397,0.9999999999999958,non-essential,4.678907691914655
DUTPDP,DUTP diphosphatase,0.42940554294403827,0.9999999999999923,non-essential,4.678907691915079
EX_drib_e,R_EX_drib_e,0.42940554294403827,0.9999999999999923,non-essential,4.678907691914655
NTPP6,Nucleoside triphosphate pyrophosphorylase (atp),0.42940554294403827,0.9999999999999923,non-essential,4.678907691915079
COBALT2tex,Cobalt (Co+2) transport via diffusion (extracellular to periplasm),0.42940554294403827,0.9999999999999923,non-essential,4.678907691914655
TPI,Triose-phosphate isomerase,0.3867411114912327,0.9006430351124538,non-essential,3.9778718598291216
EX_asn__L_e,R_EX_asn__L_e,0.4274702949977634,0.9954931929080144,non-essential,4.665788488454834
CYSDS,Cysteine Desulfhydrase,0.4294055429440401,0.9999999999999967,non-essential,4.6789076919149615
NODOx,Nitric oxide dioxygenase,0.4294055429440388,0.9999999999999937,non-essential,4.6789076919155255
EX_rib__D_e,R_EX_rib__D_e,0.4294055429440388,0.9999999999999937,non-essential,4.6789076919151364
FE2Gabcpp,Iron (II) transport via ABC system (GTP) (periplasm),0.4294055429440388,0.9999999999999937,non-essential,4.678907691915428
Kt1,Potassium transport via uniport (facilitated diffusion),0.4294055429440388,0.9999999999999937,non-essential,4.678907691914897
ASPt2_2pp,Aspartate transport via proton symport (2 H) (periplasm),0.4294055429440388,0.9999999999999937,non-essential,4.678907691915705
FACOAL160_ISO,Fatty acid  CoA ligase  Iso C160,-6.035050484227594e-16,-1.4054430790182088e-15,essential,
FACOAL170_anteiso,Fatty acid  CoA ligase  anteiso C170,0.0,0.0,essential,
DHAD2,"Dihydroxy-acid dehydratase (2,3-dihydroxy-3-methylpentanoate)",0.4294055429440409,0.9999999999999984,non-essential,4.678907691915118
2AGPG181tipp,2-Acyl-sn-glycero-3-phosphoglycerol (n-C18:1) transporter via facilitated diffusion (periplasm),0.42940554294403616,0.9999999999999875,non-essential,4.678907691915008
ADSK,Adenylyl-sulfate kinase,0.42940554294403616,0.9999999999999875,non-essential,4.678907691915141
TAURtex,Taurine transport via diffusion (extracellular to periplasm),0.42940554294403616,0.9999999999999875,non-essential,4.6789076919154935
EX_23ccmp_e,R_EX_23ccmp_e,0.42940554294403616,0.9999999999999875,non-essential,4.678907691915118
MMSAD1,Methylmalonate semialdehyde dehydrogenase,0.42940554294403616,0.9999999999999875,non-essential,4.678907691915008
EX_tnt_e,R_EX_tnt_e,0.42940554294403616,0.9999999999999875,non-essential,4.678907691915141
MALTTRabc,Maltotriose transport via ABC system,0.42940554294403616,0.9999999999999875,non-essential,4.678907691915705
EX_taur_e,R_EX_taur_e,0.42940554294403616,0.9999999999999875,non-essential,4.678907691915118
TMDPK_1,Thiamine diphosphokinase,0.0,0.0,essential,
OMPDC,Orotidine-5'-phosphate decarboxylase,0.42940554294404076,0.9999999999999982,non-essential,4.67890769191387
EX_co2_e,R_EX_co2_e,0.18688788419228405,0.4352246664329588,critical,6.296532188392763
DIPEPabc13,Dipeptide transport via ABC system  gly asp,0.4294055429440383,0.9999999999999925,non-essential,4.678907691916067
PC,Pyruvate carboxylase,0.4294055429440374,0.9999999999999903,non-essential,4.678907691915579
DADNK_1,Deoxyadenosine kinase,0.4294055429440374,0.9999999999999903,non-essential,4.67890769191538
ALDD1,Aldehyde dehydrogenase  formaldehyde  NAD,0.4294055429440374,0.9999999999999903,non-essential,4.678907691914934
GNNUC,Ribosylpyrimidine nucleosidase,0.4294055429440374,0.9999999999999903,non-essential,4.678907691915301
UAG2E,UDP-N-acetylglucosamine 2-epimerase,-1.3452503992431955e-15,-3.1328202938882495e-15,essential,
GLUDy_1,Glutamate dehydrogenase (NADP),0.4294055429440395,0.9999999999999952,non-essential,4.678907691915287
DHDPRy,Dihydrodipicolinate reductase (NADPH),5.621654049138908e-13,1.3091712814409336e-12,essential,
MLDEP1pp,"Murein L,D-endopeptidase (murein3px3p) (periplasm)",0.4294055429440397,0.9999999999999958,non-essential,4.678907691914547
Cut1,Copper export via ATPase,0.4294055429440444,1.0000000000000067,non-essential,4.678907691915241
FRD3,Fumarate reductase,0.4294055429440444,1.0000000000000067,non-essential,4.678907691915891
VALtex,L-valine transport via diffusion (extracellular to periplasm),0.4288684662592468,0.9987492553516834,non-essential,4.5766526940288905
ICITtupp,Isocitrate transport periplasm,0.4294055429440397,0.9999999999999958,non-essential,4.6789076919152865
NADK2,NAD kinase  dATP,0.429405542944045,1.000000000000008,non-essential,4.678907691914837
EX_id3acald_e,R_EX_id3acald_e,0.429405542944045,1.000000000000008,non-essential,4.678907691915245
FE2abcpp,Iron (II) transport via ABC system (periplasm),0.429405542944045,1.000000000000008,non-essential,4.678907691915505
GALS3,A-galactosidase (melibiose),0.429405542944045,1.000000000000008,non-essential,4.678907691915031
23CAMPtex,23cAMP transport via diffusion (extracellular to periplasm),0.429405542944045,1.000000000000008,non-essential,4.678907691915194
PE180abcpp,"Phosphatidylethanolamine transport via ABC system (n-C18:0, periplasm)",0.429405542944045,1.000000000000008,non-essential,4.678907691915031
GTPDPK,GTP diphosphokinase,0.429405542944045,1.000000000000008,non-essential,4.678907691915194
EX_isetac_e,R_EX_isetac_e,0.429405542944045,1.000000000000008,non-essential,4.678907691915031
GALK2,Galactokinase,0.429405542944045,1.000000000000008,non-essential,4.678907691915194
PDHbr,Pyruvate dehydrogenase (dihydrolipoamide) reversible,0.429405542944045,1.000000000000008,non-essential,4.678907691915031
ALAHIStr,Dipeptide transport via ABC system ala-his,0.429405542944045,1.000000000000008,non-essential,4.678907691915194
IBTMr,Isobutyryl-CoA mutase,0.42939171838141876,0.9999678053466008,non-essential,4.67863731005816
GLUt2rpp,"L-glutamate transport via proton symport, reversible (periplasm)",0.4294055429440394,0.999999999999995,non-essential,4.678907691915253
APSR,Adenosine 5'-phosphosulfate reductase;,0.429405542944045,1.000000000000008,non-essential,4.678907691915743
LGTHL,Lactoylglutathione lyase,0.429405542944045,1.000000000000008,non-essential,4.678907691915624
EX_no3_e,R_EX_no3_e,0.429405542944045,1.000000000000008,non-essential,4.678907691915713
EX_ala__L_e,R_EX_ala__L_e,0.3635317003556237,0.8465929383752686,non-essential,4.275238735377455
DAGK,Diacylglycerol kinase,0.4294055429440406,0.9999999999999978,non-essential,4.678907691914483
GLYBabc,Glycine betaine transport via ABC system,0.429405542944039,0.999999999999994,non-essential,4.678907691914311
MTAN,Methylthioadenosine nucleosidase,0.429405542944039,0.999999999999994,non-essential,4.6789076919143175
CBPS_1,Carbamoyl-phosphate synthase (glutamine-hydrolysing),0.429405542944039,0.999999999999994,non-essential,4.678907691915437
HISTP_1,Histidinol-phosphatase,0.429405542944039,0.999999999999994,non-essential,4.678907691915451
GLYGLYGLNtr,Tripeptide transport,0.429405542944039,0.999999999999994,non-essential,4.678907691915307
AMPD2,AMP deaminase,0.429405542944039,0.999999999999994,non-essential,4.678907691915451
XYLabc,D-xylose transport via ABC system,0.429405542944039,0.999999999999994,non-essential,4.678907691915307
FORAMD,FORAMD,0.429405542944039,0.999999999999994,non-essential,4.678907691915451
DAPDC,Diaminopimelate decarboxylase,0.429405542944039,0.999999999999994,non-essential,4.678907691915307
PYNP2r,Pyrimidine-nucleoside phosphorylase (uracil),0.429405542944039,0.999999999999994,non-essential,4.678907691915444
AGPATr_BS,1 acylglycerol 3 phosphate O acyltransferase,-4.532301460318383e-16,-1.0554827562878048e-15,essential,
GUAt2r,Guanine reversible transport via proton symport,0.4294055429440388,0.9999999999999937,non-essential,4.678907691915087
PPCDC,Phosphopantothenoylcysteine decarboxylase,1.061476151986001e-12,2.4719665813077975e-12,essential,
EX_dcyt_e,R_EX_dcyt_e,0.42940554294403943,0.9999999999999951,non-essential,4.67890769191525
DRIBabc,Deoxyribose transport via ABC system,0.4294055429440366,0.9999999999999885,non-essential,4.678907691915437
EX_fe3pyovd_kt_e,R_EX_fe3pyovd_kt_e,0.4294055429440366,0.9999999999999885,non-essential,4.678907691915883
IMPC,IMP cyclohydrolase,0.4294055429440366,0.9999999999999885,non-essential,4.678907691915354
ACOAM,Acetate CoA ligase AMP-forming,0.4294055429440366,0.9999999999999885,non-essential,4.678907691915883
FUM,Fumarase,0.35897980037134986,0.8359924697528431,non-essential,8.347894592082646
GCCa_1,Glycine-cleavage complex,0.4294055429440398,0.999999999999996,non-essential,4.678907691914724
EX_udcpp_e,R_EX_udcpp_e,0.4294055429440495,1.0000000000000184,non-essential,4.678907691916006
ACACT5r,Acetyl-CoA C-acyltransferase (decanoyl-CoA) (r),0.4294055429440495,1.0000000000000184,non-essential,4.678907691915005
OAADCS,Oxaloacetate decarboxylase sodium pump,0.4294055429440495,1.0000000000000184,non-essential,4.678907691915144
EX_metox_e,R_EX_metox_e,0.4294055429440454,1.000000000000009,non-essential,4.678907691915
ACTNabc1,Acetoin efflux  via ABC system,0.4294055429440454,1.000000000000009,non-essential,4.678907691915235
AEPPYRTA,2 aminoethylphosphonate pyruvate transaminase,0.4294055429440454,1.000000000000009,non-essential,4.678907691914997
MMSDHir,Methylmalonate semialdehyde dehydrogenase  acylating,0.4294055429440454,1.000000000000009,non-essential,4.678907691915235
EX_pheme_e,R_EX_pheme_e,0.4294055429440454,1.000000000000009,non-essential,4.678907691914997
ACONCtex,Cisaconitat transport via diffusion extracellular to periplasm,0.4294055429440454,1.000000000000009,non-essential,4.678907691915223
HADPCOADH,3-hydroxyadipyl-CoA dehydrogenase,0.425205259730996,0.9902183768186874,non-essential,4.229690465064736
GALabcpp,D-galactose transport via ABC system (periplasm),0.4294055429440394,0.999999999999995,non-essential,4.6789076919150485
ABUTD,Aminobutyraldehyde dehydrogenase,0.4294055429440362,0.9999999999999876,non-essential,4.678907691915219
UREA_1,Urease,0.4294055429440362,0.9999999999999876,non-essential,4.67890769191525
NAabcO,Sodium transport out via ABC system,0.4294055429440362,0.9999999999999876,non-essential,4.678907691915276
EX_fol_e,R_EX_fol_e,0.4293885872416162,0.9999605135455191,non-essential,4.678838914768772
UGT_BS,UDP glucosyltransferase  diglucosyl,7.826192929118448e-16,1.822564486583334e-15,essential,
DHNAOT_1,1 4 dihydroxy 2 naphthoate octaprenyltransferase,3.9300427075436526e-29,9.152286858243468e-29,essential,
ZN2t6,Zinc  Zn2  transport out via proton antiport  periplasmexternal,0.42940554294404,0.9999999999999963,non-essential,4.678907691915238
RNTR1,Ribonucleoside triphosphate reductase  ATP,0.42940554294403843,0.9999999999999928,non-essential,4.67890769191525
TTDCEAtexi,Tetradecenoate transport via facilitated irreversible diffusion (extracellular to periplasm),0.42940554294403843,0.9999999999999928,non-essential,4.678907691895716
TAGabc,,0.4294055429440424,1.000000000000002,non-essential,4.678907691915187
CD2abc1,Cadmium transport out via ABC system,0.4294055429440424,1.000000000000002,non-essential,4.678907691915246
KAS12,B-ketoacyl synthetase (Anteiso-C17:0),-3.294122904109399e-15,-7.671356269703944e-15,essential,
12PPDRDH,R Propane 1 2 diol dehydratase,0.42940554294403926,0.9999999999999947,non-essential,4.6789076919149215
ALLTAMH,Allantoate amidohydrolase,0.4294055429440379,0.9999999999999915,non-essential,4.6789076919152235
NDPK5,Nucleoside-diphosphate kinase (ATP:dGDP),0.4294055429440379,0.9999999999999915,non-essential,4.678907691915306
CYTDK1,ATP:cytidine 5'-phosphotransferase,0.4294055429440379,0.9999999999999915,non-essential,4.678907691915335
EX_3ump_e,R_EX_3ump_e,0.4294055429440343,0.9999999999999832,non-essential,4.678907691915269
AACOAR_syn,Acetoacetyl-CoA reductase (R-specific),0.429405542944031,0.9999999999999755,non-essential,0.0
ANS,Anthranilate synthase,0.429405542944031,0.9999999999999755,non-essential,4.678907691915276
EX_ttdca_e,R_EX_ttdca_e,0.42940554294403943,0.9999999999999951,non-essential,4.67890769191555
GLU5K,Glutamate 5-kinase,0.4294055429440401,0.9999999999999967,non-essential,4.678907691915113
SALCHS4FEexs,Salmochelin S4 Fe III binding spontaneous,0.4294055429440401,0.9999999999999967,non-essential,4.678907691915208
ACACT3r,Acetyl-CoA C-acyltransferase (hexanoyl-CoA) (r),0.4293944832227253,0.999974244111428,non-essential,4.678413137411438
EX_ptrc_e,R_EX_ptrc_e,0.4294055429440399,0.9999999999999961,non-essential,4.67890769191543
ASPCT_2,Aspartate carbamoyltransferase,0.4294055429440401,0.9999999999999967,non-essential,4.678907691915251
CD2abcpp,Cadmium (Cd+2) ABC transporter (periplasm),0.4294055429440401,0.9999999999999967,non-essential,4.67890769191444
FACOAL140t2pp,Fatty-acid-CoA ligase (tetradecanoate transport via vectoral Co-A coupling),0.4294055429440401,0.9999999999999967,non-essential,4.678907691915203
EX_alaala_e,R_EX_alaala_e,0.4294055429440401,0.9999999999999967,non-essential,4.678907691915232
GLYCTO3,Glycolate oxidase,0.4294055429440401,0.9999999999999967,non-essential,4.678907691915226
AMPEP1,Aminopeptidase,0.4294055429440401,0.9999999999999967,non-essential,4.678907691914771
23CUMPtex,23cUMP transport via diffusion (extracellular to periplasm),0.4294055429440401,0.9999999999999967,non-essential,4.678907691914443
RNTR2,Ribonucleoside triphosphate reductase  GTP,0.4294055429440401,0.9999999999999967,non-essential,4.678907691915135
DB4PS,"3,4-Dihydroxy-2-butanone-4-phosphate synthase",0.4294055429440401,0.9999999999999967,non-essential,4.678907691915178
HISTP,Histidinol-phosphatase,0.4294055429440401,0.9999999999999967,non-essential,4.678907691915468
IPMD,3-isopropylmalate dehydrogenase,0.4294055429440401,0.9999999999999967,non-essential,4.678907691915149
GUAPRT,Guanine phosphoribosyltransferase,0.4261620280092568,0.9924464996130535,non-essential,4.673160414600657
FE3DCITexs,Dicitrate Fe(III) binding (spontaneous),0.4294055429440394,0.999999999999995,non-essential,4.678907691915336
FACOAL140_ISO,Fatty acid  CoA ligase  Iso C140,8.521512898465155e-17,1.9844906612152527e-16,essential,
GLCRt1,Transport by Glut-5 Transporter into Extracellular Space,0.4294055429440396,0.9999999999999954,non-essential,4.678907691915136
MG2tex,Magnesium (Mg+2) transport via diffusion (extracellular to periplasm),0.4294055429440397,0.9999999999999958,non-essential,4.678907691915162
EX_23camp_e,R_EX_23camp_e,0.4294055429440397,0.9999999999999958,non-essential,4.678907691915316
OCTAtex,Octanoate transport via diffusion (extracellular to periplasm),0.4294055429440397,0.9999999999999958,non-essential,4.6789076919153825
EX_balamd_e,R_EX_balamd_e,0.4294055429440397,0.9999999999999958,non-essential,4.678907691915179
EX_ddca_e,R_EX_ddca_e,0.4294055429440397,0.9999999999999958,non-essential,4.678907691915164
CHORM,Chorismate mutase,0.4294055429440397,0.9999999999999958,non-essential,4.678907691915249
NADPHQR2,NADPH Quinone Reductase (Ubiquinone-8),0.4294055429440397,0.9999999999999958,non-essential,4.678907691915164
AMPEP13,Aminopeptidase,0.4294055429440397,0.9999999999999958,non-essential,4.678907691915249
DGNSK_1,ATP deoxyguanosine 5'-phosphotransferase,0.4294055429440397,0.9999999999999958,non-essential,4.678907691915164
METS,Methionine synthase,0.4294055429440397,0.9999999999999958,non-essential,4.678907691915249
DAGK160,Diacylglycerol kinase (n-C16:0),0.4294055429440397,0.9999999999999958,non-essential,4.678907691915164
EX_2ddglcn_e,R_EX_2ddglcn_e,0.4294055429440397,0.9999999999999958,non-essential,4.678907691915337
EX_gly_met_e,R_EX_gly_met_e,0.4294055429440397,0.9999999999999958,non-essential,4.678907691915585
St,Sulfur diffusion,0.4294055429440397,0.9999999999999958,non-essential,4.678907691915179
DCAtex,Decanoate transport via diffusion (extracellular to periplasm),0.4294055429440397,0.9999999999999958,non-essential,4.678907691915164
TMPPP,Thiamine-phosphate diphosphorylase,0.4294055429440397,0.9999999999999958,non-essential,4.678907691915249
SMIB1,Staphyloferrin B Mediated Iron Acquisition,0.4294055429440397,0.9999999999999958,non-essential,4.678907691915164
CYSTL,Cystathionine b-lyase,0.4294055429440397,0.9999999999999958,non-essential,4.678907691915249
IPDDI,Isopentenyl-diphosphate D-isomerase,0.4294055429440397,0.9999999999999958,non-essential,4.678907691915176
HIBHr,3 hydroxyisobutyryl CoA hydrolase,0.4294055429440397,0.9999999999999958,non-essential,4.678907691915155
AACPS3,Acyl-[acyl-carrier-protein] synthetase  (n-C16:0),0.4294055429440397,0.9999999999999958,non-essential,4.6789076919152075
UAG2EMA,UDP-N-acetyl-D-glucosamine 2-epimerase (Hydrolysis),0.4294055429440397,0.9999999999999958,non-essential,4.678907691915244
ADADir,Deoxycytidine kinase,0.4294055429440397,0.9999999999999958,non-essential,4.678907691914831
FE2t,Iron  II  transport,0.4293552632466817,0.9998829085972782,non-essential,4.678875747529118
NPHS,Naphthoate synthase,0.4294055429440394,0.999999999999995,non-essential,4.678907691915377
SHSL3,O succinylhomoserine lyase  methanethiol,0.4294055429440398,0.999999999999996,non-essential,4.678907691915175
HMPPtr,Hydroxymethl pyrimidine phosphate ABC transport,0.4294055429440398,0.999999999999996,non-essential,4.678907691915209
PA161abcpp,"Phosphatidate transport via ABC system (n-C16:1, periplasm)",0.4294055429440398,0.999999999999996,non-essential,4.678907691915117
D5KGPA,2-Deoxy-5-keto-D-gluconate 6-phosphate aldolase,0.4294055429440398,0.999999999999996,non-essential,4.678907691915066
EX_arab__L_e,R_EX_arab__L_e,0.4294055429440398,0.999999999999996,non-essential,4.678907691915154
EX_stfrnB_e,R_EX_stfrnB_e,0.4294055429440398,0.999999999999996,non-essential,4.678907691915182
ALALEUt,Dipeptide transport via ABC system ala-leu,0.4294055429440398,0.999999999999996,non-essential,4.67890769191515
UMPK,UMP kinase,-8.06358952408098e-17,-1.877849426161645e-16,essential,
AMPTASEGS,Aminopeptidase  Gly Ser,0.4294055429440393,0.9999999999999948,non-essential,4.6789076919151285
UM3PL,UDP-N-acetylmuramate:L-alanyl-gamma-D-glutamyl-meso-diaminopimelate ligase,0.4294055429440393,0.9999999999999948,non-essential,4.678907691915195
KAS6,B-ketoacyl synthetase (Iso-C16:0),-8.548843661124694e-17,-1.9908554515885106e-16,essential,
FDMO,FMNH2-dependent monooxygenase,0.4294055429440391,0.9999999999999943,non-essential,4.6789076919151285
ALDD2x,"Aldehyde dehydrogenase (acetaldehyde, NAD)",0.4294055429440398,0.999999999999996,non-essential,4.678907691915141
KAS11,B-ketoacyl synthetase (Iso-C17:0),8.954101260313935e-17,2.0852318763572175e-16,essential,
PGI,Glucose-6-phosphate isomerase,0.3579546353414683,0.8336050645441145,non-essential,4.4321666666668476
HACD6,3-hydroxyacyl-CoA dehydrogenase (3-oxotetradecanoyl-CoA),0.42940139548178335,0.999990341386304,non-essential,4.67885749244793
ACCOAC,Acetyl-CoA carboxylase,3.4727004847224396e-16,8.087227893970126e-16,essential,
BTS3r,Biotin synthase,0.4294055429440397,0.9999999999999958,non-essential,4.678907691915246
EX_cobalt2_e,R_EX_cobalt2_e,6.122630435836776e-16,1.425838705727805e-15,essential,
EX_salchs4_e,R_EX_salchs4_e,0.4294055429440394,0.999999999999995,non-essential,4.678907691915158
BDH,3-HYDROXYBUTYRATE-DEHYDROGENASE-RXN,0.4294055429440391,0.9999999999999943,non-essential,4.67890769191514
GLYO1,Glycine oxidase,0.4268476819513932,0.9940432511068409,non-essential,4.886290137973144
EX_co_e,R_EX_co_e,0.42940554294404465,1.0000000000000073,non-essential,4.678907691915185
ALCD19y,Alcohol dehydrogenase  glycerol  NADP,0.4294055429440354,0.9999999999999857,non-essential,4.678907691915212
ALPHNH,Allophanate hydrolase,0.429405542944039,0.999999999999994,non-essential,4.678907691915226
NMNAT,Nicotinamide-nucleotide adenylyltransferase,0.429405542944039,0.999999999999994,non-essential,4.67890769191484
AACPS9,Acyl-[acyl-carrier-protein] synthetase  (n-C8:0),0.429405542944039,0.999999999999994,non-essential,4.678907691915149
TNTR1,TNT nitroreductase 4 Hydroxylamino 2 6 dinitrotoluene,0.429405542944039,0.999999999999994,non-essential,4.6789076919152475
METGL,Methionine g lyase,0.429405542944039,0.999999999999994,non-essential,4.67890769191517
ACOXT,Acetyl-CoA:oxalate CoA-transferase,0.429405542944039,0.999999999999994,non-essential,4.678907691915264
FDMO4,FMNH2-dependent monooxygenase (butanesulfonate),0.429405542944039,0.999999999999994,non-essential,4.678907691915166
DHPACCOAHIT,"1,2-Dihydroxy-1,2-dihydrophenylacetyl-CoA Hydratase/Isomerase/Ketothiolase complex",0.42940554294404126,0.9999999999999993,non-essential,4.678907691915917
ACACT1r,Acetyl-CoA C-acetyltransferase,0.42940554294403743,0.9999999999999905,non-essential,2.462282051282581
RBFSa_1,Riboflavin synthase,0.42940554294403743,0.9999999999999905,non-essential,4.678907691915103
ACOAD3,Acyl-CoA dehydrogenase (octanoyl-CoA),0.42939448322272267,0.9999742441114219,non-essential,4.6784131374113995
ACTDa,Acetoin dehydrogenase,0.4294055429440393,0.9999999999999948,non-essential,4.678907691915164
NDPK4,Nucleoside-diphosphate kinase (ATP:dTDP),0.42940554294403943,0.9999999999999951,non-essential,4.6789076919152475
MTHFD,Methylenetetrahydrofolate dehydrogenase (NADP),0.42940554294403943,0.9999999999999951,non-essential,4.678907691915526
4HBAt,MNXR68734,0.42940554294403943,0.9999999999999951,non-essential,4.678907691915269
ALDD4,"Aldehyde dehydrogenase (butanal, NAD)",0.42940554294403943,0.9999999999999951,non-essential,4.678907691915042
OBDHc,"2-Oxobutanoate dehydrogenase, cytosolic",0.42940554294403943,0.9999999999999951,non-essential,4.678907691915158
THRA2,L-allo-Threonine Aldolase,0.42940554294403943,0.9999999999999951,non-essential,4.678907691915441
PROt4pp,Na+/Proline-L symporter (periplasm),0.42940554294403943,0.9999999999999951,non-essential,4.678907691914932
BUTt4pp,Butyrate transport via sodium symport (periplasm),0.42940554294403943,0.9999999999999951,non-essential,4.678907691915623
PLIPA1E161pp,"Phospholipase A1 (phosphatidylethanolamine, n-C16:1) (periplasm)",0.42940554294403943,0.9999999999999951,non-essential,4.678907691915078
PPM2,Phosphopentomutase 2 (deoxyribose),0.42940554294403943,0.9999999999999951,non-essential,4.678907691915623
PGI1c,"Glucose-6-phosphateisomerase,glycosome",0.42940554294403943,0.9999999999999951,non-essential,4.678907691915078
GK2,Guanylate kinase  GMPdATP,0.42940554294403943,0.9999999999999951,non-essential,4.678907691915489
SMIA1Eabc,Siderophore Mediated Iron Acquisition: Staphyloferrin A export,0.42940554294403943,0.9999999999999951,non-essential,4.678907691915129
2AACLPGT161,2 acyl acyl carrier protein glycerophospho glycerol acyltransferase  n C160,0.42940554294403943,0.9999999999999951,non-essential,4.678907691915408
EX_gthox_e,R_EX_gthox_e,0.4256371690833146,0.9912242076921256,non-essential,4.151100965049008
SPP,Sucrose-phosphate phosphatase,0.4294055429440395,0.9999999999999952,non-essential,4.678907691915257
SUCBZS,O-succinylbenzoate-CoA synthase,0.4294055429440474,1.0000000000000138,non-essential,4.678907691915179
NMNN,NMN nucleosidase,0.4294055429440474,1.0000000000000138,non-essential,4.678907691915278
EX_metsox_R__L_e,R_EX_metsox_R__L_e,0.4294055429440474,1.0000000000000138,non-essential,4.678907691915262
PTHPS_1,6-pyruvoyltetrahydropterin synthase,0.4294055429440474,1.0000000000000138,non-essential,4.678907691915299
FACOAE180,Fatty-acid-CoA thioesterase (octadecanoate),0.4294055429440474,1.0000000000000138,non-essential,4.678907691915353
IPPMIa,3-isopropylmalate dehydratase,0.4294055429440474,1.0000000000000138,non-essential,4.678907691915236
PMANM,Phosphomannomutase,0.4294055429440474,1.0000000000000138,non-essential,4.678907691915341
RECOAH2,3 hydroxyacyl Coa dehydratase   3R  3 hydroxyhexanoyl CoA,0.4294055429440474,1.0000000000000138,non-essential,4.678907691915287
PYNP1_1,Pyrimidine-nucleoside phosphorylase (cytosine),0.4294055429440474,1.0000000000000138,non-essential,4.678907691915353
4HPROLTtex,Trans 4 hydroxy L proline transport  extracellular,0.4294055429440474,1.0000000000000138,non-essential,4.678907691915236
ICITtex,Citrate transport via diffusion extracellular to periplasm,0.4294055429440474,1.0000000000000138,non-essential,4.678907691915341
OXFOtex,Oxalate:Formate antiporter (extracellular to periplasm),0.4268476819514028,0.9940432511068632,non-essential,4.886290137973034
3GMPtex_1,3GMP transport via diffusion (extracellular to cytoplasm),0.20519899853344478,0.4778676053564253,critical,4.233176051324757
ECOAH7,3-hydroxyacyl-CoA dehydratase (3-hydroxyhexadecanoyl-CoA),0.42914763113472826,0.9993993747552837,non-essential,4.677931752487985
NADDPp_1,"NAD diphosphatase, peroxisomal",0.4293884847142731,0.9999602747797537,non-essential,4.678896854220479
APTNAT,5-aminopentanoate:2-oxoglutarate aminotransferase,0.42940554294404,0.9999999999999963,non-essential,4.678907691915766
MNLpts,Mannitol transport via PEP:Pyr PTS,0.4294055429440395,0.9999999999999952,non-essential,4.678907691915926
PBUTT,Phosphate butyryltransferase,0.4294055429440395,0.9999999999999952,non-essential,4.678907691915032
OCOAT2r,3-oxoacid CoA-transferase (Succinyl-CoA: 3-methylbutanoate),0.4294055429440395,0.9999999999999952,non-essential,4.6789076919154855
DALAt2pp,D-alanine transport in via proton symport (periplasm),0.4294055429440395,0.9999999999999952,non-essential,4.678907691915192
EX_balagly_e,R_EX_balagly_e,0.4294055429440395,0.9999999999999952,non-essential,4.678907691914663
DIPEPabc8,Dipeptide transport via ABC system  gly asn,0.4294055429440395,0.9999999999999952,non-essential,4.678907691914959
EX_gly_e,R_EX_gly_e,0.4294055429440395,0.9999999999999952,non-essential,4.6789076919149775
AHSERL2,O acetylhomoserine  thiol  lyase,0.4294055429440395,0.9999999999999952,non-essential,4.678907691915231
FE3Gabcpp,Iron (III) transport via ABC system (GTP) (periplasm),0.4294055429440395,0.9999999999999952,non-essential,4.678907691914434
H2Otex,H2O transport via diffusion (extracellular to periplasm),0.3958281281868622,0.921804887456809,non-essential,4.883555555556206
NADN,NAD nucleosidase,0.4294055429440394,0.999999999999995,non-essential,4.678907691915165
MTAM_1,,0.4294055429440372,0.9999999999999899,non-essential,4.678907691915198
PLIPA1E160pp,"Phospholipase A1 (phosphatidylethanolamine, n-C16:0) (periplasm)",0.4294055429440372,0.9999999999999899,non-essential,4.678907691915686
VALt3pp,L-valine transport out via proton antiport (periplasm),0.4288684662592402,0.998749255351668,non-essential,4.576652694028802
GTHOr,Glutathione oxidoreductase,0.429405542944043,1.0000000000000033,non-essential,4.678907691915148
CA2abc1,Calcium efflux  via ABC system,0.4294055429440372,0.9999999999999899,non-essential,4.6789076919150725
EX_trp__L_e,R_EX_trp__L_e,0.4288496163724934,0.9987053577191001,non-essential,4.678273218814493
HACD2,3-hydroxyacyl-CoA dehydrogenase (3-oxohexanoyl-CoA),0.4293944832227244,0.9999742441114259,non-essential,4.678413137411485
MALT,Alpha glucosidase,0.4294055429440382,0.9999999999999922,non-essential,4.67890769191514
CD2tex,Cadmium (Cd+2) transport via diffusion (extracellular to periplasm),0.42940554294403904,0.9999999999999942,non-essential,4.678907691915215
UNK5,2 keto 4 methylthiobutyrate transamination,0.42940554294403904,0.9999999999999942,non-essential,4.678907691915351
MSO3tex,Methanesulfonate transport via diffusion (extracellular to periplasm),0.42940554294403904,0.9999999999999942,non-essential,4.678907691915147
ASPt2pp,L-aspartate transport in via proton symport (periplasm),0.42940554294403904,0.9999999999999942,non-essential,4.678907691915351
AH6PI,Arabino-3-hexulose-6-P Isomerase,0.42940554294403904,0.9999999999999942,non-essential,4.678907691915147
CELLBabc,Cellobiose transport via ATP transporter,0.42940554294403904,0.9999999999999942,non-essential,4.678907691915351
NDP3,Nucleoside diphosphatase  GDP,0.42940554294403904,0.9999999999999942,non-essential,4.678907691915147
F6PP,D-fructose 6-phosphate phosphatase,0.42940554294403904,0.9999999999999942,non-essential,4.678907691915351
METDabc,D-methionine transport via ABC system,0.42940554294403904,0.9999999999999942,non-essential,4.678907691915147
MMETt2pp,S-methylmethionine permease (periplasm),0.429404621278837,0.999997853625274,non-essential,4.678911565551881
AEPabcpp,AEP transport via ABC system periplasm,0.4294055429440352,0.9999999999999852,non-essential,4.678907691915212
TYRt2r,L tyrosine reversible transport via proton symport,0.4283753797767617,0.997600955124573,non-essential,4.6782531945406065
EX_malt_e,R_EX_malt_e,0.4137170809812649,0.9634646962048623,non-essential,4.6112718019108945
AMPEP11,Aminopeptidase,0.4294055429440439,1.0000000000000056,non-essential,4.678907691915457
AGM3PApp,N-Acetyl-D-glucosamine(anhydrous)N-Acetylmuramyl-tripeptide amidase (periplasm),0.42940554294403904,0.9999999999999942,non-essential,4.678907691915286
UDCPDP,Undecaprenyl-diphosphatase,1.8010465618969862e-15,4.194278791905794e-15,essential,
ICHORS,Isochorismate synthase,0.42940554294403843,0.9999999999999928,non-essential,4.678907691915164
TNTR2x,TNT nitroreductase 2 Hydroxylamino 4 6 dinitrotoluene,0.42940554294403993,0.9999999999999962,non-essential,4.6789076919151995
EX_4abut_e,R_EX_4abut_e,0.35964181071983536,0.8375341600252759,non-essential,5.22027463941064
ALATA_D,D-alanine transaminase,0.4294055429440515,1.000000000000023,non-essential,4.678907691915288
HYXNtex,Hypoxanthine transport via diffusion (extracellular to periplasm),0.42940554294404415,1.000000000000006,non-essential,4.678907691915262
EX_his__L_e,R_EX_his__L_e,0.4290511108064,0.9991745981311477,non-essential,4.6771582300792796
DHORTS,Dihydroorotase,0.42940554294403777,0.9999999999999912,non-essential,4.678907691915116
ASNt4,L-asparagine transport in via sodium symport,0.42760794832162935,0.9958137600877536,non-essential,4.677765619476166
NH4t,Ammonia reversible transport,0.42940554294403577,0.9999999999999866,non-essential,4.6789076919153585
GLYLEUtr,Gly-Leu ABC transporters,0.4294055429440384,0.9999999999999927,non-essential,4.6789076919152714
HISt2r,L histidine reversible transport via proton symport,0.42905111080639524,0.9991745981311366,non-essential,4.6771582300792485
EX_butso3_e,R_EX_butso3_e,0.4294055429440374,0.9999999999999903,non-essential,4.678907691915264
VALt2r,L valine reversible transport via proton symport,0.42940554294403843,0.9999999999999928,non-essential,4.67890769191536
SERt2r,L serine reversible transport via proton symport,0.4294055429440384,0.9999999999999927,non-essential,4.6789076919150165
METte,Methionine antiporter,0.4294055429440394,0.999999999999995,non-essential,4.678907691915246
VALabcpp,L-valine transport via ABC system (periplasm),0.4294055429440394,0.999999999999995,non-essential,4.678907691915755
NAabc,,0.4294055429440394,0.999999999999995,non-essential,4.678907691915243
MLDCP1Bpp,"Murein L,D-carboxypeptidase (murein4p4p) (periplasm)",0.4294055429440394,0.999999999999995,non-essential,4.67890769191539
SSALy,Succinate-semialdehyde dehydrogenase (NADP),0.4294055429440394,0.999999999999995,non-essential,4.6789076919152475
4HPRODCtex,Cis 4 hydroxy L proline transport  extracellular,0.4294055429440394,0.999999999999995,non-essential,4.678907691915755
NNAM,Nicotinamidase,0.4294055429440394,0.999999999999995,non-essential,4.678907691915243
2AGPG180tipp,2-Acyl-sn-glycero-3-phosphoglycerol (n-C18:0) transporter via facilitated diffusion (periplasm),0.4294055429440394,0.999999999999995,non-essential,4.67890769191539
FRD2,Fumarate reductase,0.4294055429440394,0.999999999999995,non-essential,4.6789076919152475
GLNabc,L-glutamine transport via ABC system,0.4294055429440394,0.999999999999995,non-essential,4.678907691915755
DAPDA,"N-acetyl-L,L-diaminopimelate deacetylase",0.3590424561771269,0.8361383826475568,non-essential,9.42119141841269
GLUR,Glutamate racemase,0.4294055429440401,0.9999999999999967,non-essential,4.67890769191642
GLYGLYCNc,Hydrolysis of glycylycine for uptake,0.429405542944039,0.999999999999994,non-essential,4.678907691915263
CRO4t3,Chromate transport out via proton antiport,0.429405542944039,0.999999999999994,non-essential,4.67890769191525
SO3tex,Sulfite transport via diffusion (extracellular to periplasm),0.429405542944039,0.999999999999994,non-essential,4.678907691915038
HKM1PP,2 hydroxy 3 keto 5 methylthiopentenyl 1 phosphate phophatase,0.429405542944039,0.999999999999994,non-essential,4.678907691915184
ASPt2r,L aspartate reversible transport via proton symport,0.42940554294403943,0.9999999999999951,non-essential,4.678907691915077
Growth,Biomass reaction,0.0,0.0,essential,
3NTD9pp,3'-nucleotidase (GMP) (periplasm),0.35938428278618745,0.8369344287505414,non-essential,4.432166666667334
EX_gly_asn__L_e,R_EX_gly_asn__L_e,0.429405542944046,1.0000000000000104,non-essential,4.6789076919151436
EX_ala__D_e,R_EX_ala__D_e,0.42940554294404104,0.9999999999999989,non-essential,4.678907691915247
EX_glyald_e,R_EX_glyald_e,0.42940554294404104,0.9999999999999989,non-essential,4.678907691915203
ACOAD5_1,Acyl CoA dehydrogenase  dodecanoyl CoA,0.4294013954817808,0.9999903413862982,non-essential,4.678857492392887
PROAKGOX1,Prolyl 4-hydroxylase,0.4294055429440363,0.9999999999999879,non-essential,4.678907691914944
EX_glyser_e,R_EX_glyser_e,0.42940554294403965,0.9999999999999956,non-essential,4.678907691915094
ADSS,Adenylosuccinate synthase,0.42940554294403965,0.9999999999999956,non-essential,4.678907691914941
PROHISGLUtr,Tripeptide Opp3 transport,0.42940554294403965,0.9999999999999956,non-essential,4.678907691915095
2AGPE160tipp,2-Acyl-sn-glycero-3-phosphoethanolamine (n-C16:0) transporter via facilitated diffusion (periplasm),0.42940554294403965,0.9999999999999956,non-essential,4.678907691914941
2AACLPGT160,2 acyl acyl carrier protein glycerophospho glycerol acyltransferase  n C160,0.42940554294403965,0.9999999999999956,non-essential,4.678907691915095
4HPROE,4 hydroxyproline epimerase,0.42940554294403965,0.9999999999999956,non-essential,4.678907691914941
NDPK6,Nucleoside-diphosphate kinase (ATP:dUDP),0.42940554294403965,0.9999999999999956,non-essential,4.678907691915095
ACLS_a,Acetolactate synthase,0.42940554294403965,0.9999999999999956,non-essential,4.678907691914941
NTPP1,Nucleoside triphosphate pyrophosphorylase (dgtp),0.42940554294403965,0.9999999999999956,non-essential,4.678907691915095
SALCpts,Salicin transport via PEP:Pyr PTS,0.42940554294403965,0.9999999999999956,non-essential,4.678907691914941
SPMDt3i,Spermidine transport in via proton antiport,0.42940554294403965,0.9999999999999956,non-essential,4.678907691915095
ALAabc,L-alanine transport via ABC system,0.42940554294403965,0.9999999999999956,non-essential,4.678907691914941
SALCHS2FEexs,Salmochelin s2 Fe III sequestration,0.42940554294403965,0.9999999999999956,non-essential,4.678907691915095
EX_maltttr_e,R_EX_maltttr_e,0.42940554294403965,0.9999999999999956,non-essential,4.678907691914941
HISGLYabcpp,L Histidinylglycine  His Gly  transport via ABC system  periplasm,0.42940554294403965,0.9999999999999956,non-essential,4.678907691915095
EX_actn__R_e,R_EX_actn__R_e,0.42940554294403965,0.9999999999999956,non-essential,4.678907691914941
ILEt2r,L isoleucine reversible transport via proton symport,0.4286903036325059,0.9983343500723537,non-essential,4.696909125921356
MLTGY4pp,Murein lytic transglycosylase (murein4px4p4p) (periplasm),0.4294055429440381,0.999999999999992,non-essential,4.678907691914957
GCALDD,Glycolaldehyde dehydrogenase,0.4294055429440395,0.9999999999999952,non-essential,4.678907691915095
ECOAH2,3-hydroxyacyl-CoA dehydratase (3-hydroxyhexanoyl-CoA),0.4293944832227247,0.9999742441114267,non-essential,4.678413137411414
NH4tpp,Ammonia reversible transport (periplasm),0.4294055429440382,0.9999999999999922,non-essential,4.678907691915358
SADT,Sulfate adenylyltransferase,0.42940554294404165,1.0000000000000002,non-essential,4.678907691915198
AM4PA,Anhydrous-N-Acetylmuramyl-tetrapeptide amidase,0.42940554294404165,1.0000000000000002,non-essential,4.678907691915425
ALAALAr,D-alanine-D-alanine ligase (reversible),-1.8617364598495926e-15,-4.3356134787766515e-15,essential,
AMPEP3,Aminopeptidase,0.4294055429440398,0.999999999999996,non-essential,4.678907691915198
BALAGLYabcpp,Beta alanyl L glycine transport via ABC system  periplasm,0.4294055429440394,0.999999999999995,non-essential,4.678907691915425
MTHFC_1,Methenyltetrahydrofolate cyclohydrolase,0.4294055429440394,0.999999999999995,non-essential,4.678907691915198
GDH1,Glutamate dehydrogenase (NAD),0.4294055429440394,0.999999999999995,non-essential,4.678907691915425
GALURt2rpp,"D-galacturonate transport via proton symport, reversible (periplasm)",0.4294055429440394,0.999999999999995,non-essential,4.67890769191508
UPPRT,Uracil phosphoribosyltransferase,0.42940554294403993,0.9999999999999962,non-essential,4.678907691915144
RHACOAR80,3R  3 Hydroxyacyl CoANADP oxidoreductase,0.42940554294403965,0.9999999999999956,non-essential,4.6789076919151595
CYTB_B3,Menauinol oxidase  72 protons,0.42940554294403915,0.9999999999999944,non-essential,4.678907691915206
EX_salchs2_e,R_EX_salchs2_e,0.4294055429440379,0.9999999999999915,non-essential,4.67890769191553
HSTPT,Histidinol-phosphate transaminase,0.4294055429440379,0.9999999999999915,non-essential,4.678907691913986
AMPTASEHH,Aminopeptidase  His His,0.4294055429440379,0.9999999999999915,non-essential,4.678907691915084
Zn2tex,Zinc (Zn+2) transport via diffusion (extracellular to periplasm),0.4294055429440379,0.9999999999999915,non-essential,4.67890769191525
EX_mal__D_e,R_EX_mal__D_e,0.4294055429440379,0.9999999999999915,non-essential,4.678907691914299
PTA2,Phosphate acetyltransferase,0.42940554294403993,0.9999999999999962,non-essential,4.6789076919151755
DALAALAD,Beta alanine L alanine dipeptidase,0.4294055429440369,0.9999999999999891,non-essential,4.678907691915302
ARGDI_1,Arginine deiminase,0.4294055429440388,0.9999999999999937,non-essential,4.678907691916161
SHGO,S-2-hydroxyglutarate oxidase,0.4294055429440388,0.9999999999999937,non-essential,4.678907691916109
GLYBt2r,"Glycine betaine transport via proton symport, reversible",0.4294055429440388,0.9999999999999937,non-essential,4.678907691916161
2HXMPt6,2  hydroxymethyl phenol transport inout via proton symport,0.4294055429440388,0.9999999999999937,non-essential,4.678907691916109
ALR2,Aldose reductase (methylglyoxal),0.4294055429440388,0.9999999999999937,non-essential,4.678907691916161
GLCURt2rpp,"D-glucuronate transport via proton symport, reversible (periplasm)",0.4294055429440388,0.9999999999999937,non-essential,4.678907691916109
PSUDS,Pseudouridylate synthase,0.4294055429440388,0.9999999999999937,non-essential,4.678907691916161
UGMDDS,"UDP-N-acetylmuramoyl-L-alanyl-D-glutamyl-meso-2,6-diaminopimeloyl-D-alanyl-D-alanine synthetase",-2.8956378014563134e-16,-6.743363817810945e-16,essential,
EX_glygln_e,R_EX_glygln_e,0.4294055429440386,0.9999999999999931,non-essential,4.678907691916109
THPAT,"L-2,3,4,5-tetrahydrodipicolinate N2-acetyltransferase",0.359042456177125,0.8361383826475524,non-essential,9.421191418412482
MAL6PG,Maltose 6  phosphate glucosidase,0.41371708098126125,0.9634646962048538,non-essential,4.611271801910818
PPNCL,Phosphopantothenate-cysteine ligase,-2.787113043050106e-12,-6.490631266521195e-12,essential,
VALTA,Valine transaminase,0.42940554294403777,0.9999999999999912,non-essential,4.678907691915141
MNLptspp,Mannitol transport via PEP:Pyr PTS (periplasm),0.4294055429440403,0.9999999999999971,non-essential,4.67890769191527
TNTR1x,TNT nitroreductase 4 Hydroxylamino 2 6 dinitrotoluene,0.4294055429440403,0.9999999999999971,non-essential,4.678907691915278
LDGUNPD,Linear diguanylate phosphodiesterase,0.4294055429440403,0.9999999999999971,non-essential,4.678907691915434
ETOHtrpp,Ethanol reversible transport via diffusion (periplasm),0.4294055429440403,0.9999999999999971,non-essential,4.67890769191535
PLCD,PLCD,0.4294055429440403,0.9999999999999971,non-essential,4.678907691915333
DKMD2K,1 2 dihydroxy 3 keto 5 methylthiopentene dioxygenase  2 keto 4 methylthiobutyrate,0.4294055429440403,0.9999999999999971,non-essential,4.678907691915518
ECOAH8,3-hydroxyacyl-CoA dehydratase (3-hydroxyoctadecanoyl-CoA),0.4294055429440403,0.9999999999999971,non-essential,4.678907691915332
HYPOE,Hypothetical enyme,0.4294055429440403,0.9999999999999971,non-essential,4.6789076919154935
NDPK1,Nucleoside-diphosphate kinase (ATP:GDP),-1.6389915405789312e-15,-3.816884918023795e-15,essential,
ILEabc,L-isoleucine transport via ABC system,0.4294055429440403,0.9999999999999971,non-essential,4.678907691915244
EX_val__L_e,R_EX_val__L_e,0.4288684662592337,0.9987492553516529,non-essential,4.576652694028883
GAPDi_nadp,Glyceraldehyde-3-phosphate dehydrogenase (NAD(P)+) (phosphorylating),0.42940554294403466,0.999999999999984,non-essential,4.678907691915403
4PCP,"Tetrapeptide L,D-carboxypeptidase",0.4294055429440318,0.9999999999999774,non-essential,4.67890769191539
ADCS,4-amino-4-deoxychorismate synthase,0.4294055429440318,0.9999999999999774,non-essential,4.6789076919152635
BETALDHx,Betaine-aldehyde dehydrogenase,0.4294055429440318,0.9999999999999774,non-essential,4.678907691914454
EX_glyc_e,R_EX_glyc_e,0.4294055429440318,0.9999999999999774,non-essential,4.678907691915322
GLYCL,Glycine Cleavage System,0.42940554294403654,0.9999999999999883,non-essential,4.678907691914788
XYLI2,Xylose isomerase,0.42940554294403654,0.9999999999999883,non-essential,4.678907691915258
CYTB_B2,Menaquinol oxidase  71 protons,0.42940554294403527,0.9999999999999853,non-essential,4.6789076919152786
REPHACCOAI,"Ring 1,2-epoxyphenylacetyl-CoA isomerase (oxepin-CoA forming)",0.42940554294404043,0.9999999999999974,non-essential,4.67890769191529
O2tex,Oxygen transport via diffusion (extracellular to periplasm),0.23535093381235334,0.548085458326334,non-essential,2.8722165264239674
PG181abcpp,"Phosphatidylglycerol transport via ABC system (n-C18:1, periplasm)",0.42940554294403854,0.999999999999993,non-essential,4.678907691915481
EX_nac_e,R_EX_nac_e,0.1932302473541859,0.4499947672528459,critical,4.355554443347924
MELIBabc,Melibiose transport via ABC system (import),0.4294055429440394,0.999999999999995,non-essential,4.678907691914833
ACPPAT160,Acyl-(acyl carrier protein):phosphate acyltransferase (C16:0),0.4294055429440339,0.9999999999999821,non-essential,4.678907691914782
ACOAD5,Acyl-CoA dehydrogenase (dodecanoyl-CoA),0.4294055429440339,0.9999999999999821,non-essential,4.678907691915226
EDA,2-dehydro-3-deoxy-phosphogluconate aldolase,0.4294055429440339,0.9999999999999821,non-essential,4.678907691914059
ADtr,"Acetamide transport, extracellular",0.4294055429440339,0.9999999999999821,non-essential,4.678907691915441
PNTK,Pantothenate kinase,0.4294055429440339,0.9999999999999821,non-essential,4.678907692024955
GLYMETabcpp,L Glycinylmethionine  Gly Met  transport via ABC system  periplasm,0.4294055429440339,0.9999999999999821,non-essential,4.678907691915161
METOX2s,Methionine oxidation 2 (spontaneous),0.4294055429440339,0.9999999999999821,non-essential,4.678907691915603
PRMICI,1-(5-phosphoribosyl)-5-[(5-phosphoribosylamino)methylideneamino)imidazole-4-carboxamide isomerase,0.4294055429440339,0.9999999999999821,non-essential,4.678907691915202
EX_4ahmmp_e,R_EX_4ahmmp_e,0.4294055429440339,0.9999999999999821,non-essential,4.678907691914936
ICHORT,Isochorismatase,0.4294055429440339,0.9999999999999821,non-essential,4.678907691915263
OXPTNDH,Glutarate-semialdehyde:NAD+ oxidoreductase,0.4294055429440339,0.9999999999999821,non-essential,4.678907691915146
CHORS,Chorismate synthase,0.4294055429440339,0.9999999999999821,non-essential,4.678907691914953
ACACT7r,Acetyl-CoA C-acyltransferase (tetradecanoyl-CoA) (r),0.42914763113471854,0.9993993747552611,non-essential,4.67793175248787
APG3PAT160,Acyl-phosphate:glycerol-3-phosphate acyltransferase (C16:0),0.4294055429440394,0.999999999999995,non-essential,4.678907691916436
DM1PE,2 3 diketo 5 methylthiopentyl 1 phosphate enolase,0.4294055429440339,0.9999999999999821,non-essential,4.678907691915256
ALDD3y,"Aldehyde dehydrogenase (propanal, NADP)",0.4294055429440339,0.9999999999999821,non-essential,4.67890769191569
AMPTASEAH,Aminopeptidase  Ala His,0.4294055429440339,0.9999999999999821,non-essential,4.678907691916367
THDPS,Tetrahydrodipicolinate succinylase,0.3589804206186798,0.8359939141853618,non-essential,9.425991718980619
CAT,Catalase,0.4294055429440392,0.9999999999999946,non-essential,4.67890769191534
GPDDA4,Glycerophosphodiester phosphodiesterase (Glycerophosphoglycerol),0.4294055429440374,0.9999999999999903,non-essential,4.67890769191515
EX_fe2_e,R_EX_fe2_e,0.4294055429440374,0.9999999999999903,non-essential,4.678907691915291
SULabcpp,Sulfate transport via ABC system (periplasm),0.4294055429440391,0.9999999999999943,non-essential,4.678907691915013
DDPA,3-deoxy-D-arabino-heptulosonate 7-phosphate synthetase,0.4294055429440391,0.9999999999999943,non-essential,4.678907691914956
HISHISabcpp,L Histidinylhistidine  His His  transport via ABC system  periplasm,0.4294055429440391,0.9999999999999943,non-essential,4.6789076919151436
GLCabcpp,D-glucose transport via ABC system (periplasm),0.4294055429440391,0.9999999999999943,non-essential,4.67890769191518
PGP181abcpp,"Phosphatidylglycerophosphate transport via ABC system (n-C18:1, periplasm)",0.4294055429440391,0.9999999999999943,non-essential,4.678907691915148
EX_hisgly_e,R_EX_hisgly_e,0.4294055429440391,0.9999999999999943,non-essential,4.678907691914976
PPPGO,Protoporphyrinogen oxidase (aerobic),0.4294055429440391,0.9999999999999943,non-essential,4.678907691915035
DHBSZ3FEexs,23dhbsz3 Fe III sequestration,0.4294055429440391,0.9999999999999943,non-essential,4.678907691914894
MALDtex,D-Malate transport via diffusion (extracellular to periplasm),0.4294055429440391,0.9999999999999943,non-essential,4.678907691915148
HOXPRx,2 hydroxy 3 oxopropionate reductase  NAD,0.4294055429440391,0.9999999999999943,non-essential,4.678907691915075
GALt2pp,D-galactose transport in via proton symport (periplasm),0.4294055429440391,0.9999999999999943,non-essential,4.678907691915044
EX_mal__L_e,R_EX_mal__L_e,0.4294055429440391,0.9999999999999943,non-essential,4.678907691915614
EX_salchs4fe_e,R_EX_salchs4fe_e,0.4294055429440391,0.9999999999999943,non-essential,4.678907691915319
UPP3MT_2,Uroporphyrinogen methyltransferase,0.4294055429440391,0.9999999999999943,non-essential,4.678907691915444
LPLIPAL1A160pp,"Lysophospholipase L1 (2-acylglycerophosphotidate, n-C16:0) (periplasm)",0.4294055429440391,0.9999999999999943,non-essential,4.67890769191541
MALDt2_2pp,D-Malate transport via proton symport (2 H) (periplasm),0.4294055429440391,0.9999999999999943,non-essential,4.678907691915265
AHCi,Adenosylhomocysteinase,0.42940523092152166,0.9999992733616857,non-essential,4.6789061517853785
P5CR,Pyrroline-5-carboxylate reductase,0.42940554294403616,0.9999999999999875,non-essential,4.678907691915725
PPND,Prephenate dehydrogenase,0.4294055429440375,0.9999999999999906,non-essential,4.678907691915162
TNTtex,Trinitrotoluene transport via diffusion  extracellular to periplasm  irreversible,0.4294055429440375,0.9999999999999906,non-essential,4.678907691915397
OIVD1r,2-oxoisovalerate dehydrogenase (acylating; 4-methyl-2-oxopentaoate),0.429374438929854,0.9999275649448438,non-essential,4.678994943808587
DCYTD,Deoxycytidine deaminase,0.4294055429440383,0.9999999999999925,non-essential,4.678907691915083
EX_mththf_e,R_EX_mththf_e,0.4294055429440375,0.9999999999999906,non-essential,4.678907691915049
EX_2hxmp_e,R_EX_2hxmp_e,0.4294055429440375,0.9999999999999906,non-essential,4.67890769191532
HXANt2r,Hypoxanthine reversible transport via proton symport,0.4294055429440375,0.9999999999999906,non-essential,4.678907691915162
PTAr,Phosphotransacetylase,0.4294055429440375,0.9999999999999906,non-essential,4.678907691915397
AEPtex,AEP transport via diffusion extracellular to periplasm,0.4294055429440375,0.9999999999999906,non-essential,4.67890769191541
EX_acmana_e,R_EX_acmana_e,0.4294055429440375,0.9999999999999906,non-essential,4.678907691915265
MTHFC,Methenyltetrahydrofolate cyclohydrolase,0.4294055429440375,0.9999999999999906,non-essential,4.678907691914906
H2tpp,Hydrogen transport diffusion (periplasm),0.42520525973098705,0.9902183768186666,non-essential,4.22969046506497
ALAGLYtr,Dipeptide transport via ABC system ala-gly,0.42940554294403,0.9999999999999731,non-essential,4.678907691915207
PGAMT,Phosphoglucosamine mutase,1.3719006808565627e-15,3.1948834927716416e-15,essential,
METSR_S1,L methionine S oxide reductase  trdrd,0.4294055429440398,0.999999999999996,non-essential,4.678907691915046
HMGL_2,,0.42940554294403466,0.999999999999984,non-essential,4.678907691915309
ACOAD20,Acyl CoA dehydrogenase  2 methylbutnoyl CoA,0.42940554294403466,0.999999999999984,non-essential,4.67890769191537
KAS3,B-ketoacyl synthetase (Iso-C15:0),-4.0962598459848345e-16,-9.53937347408355e-16,essential,
AMPEP14,Aminopeptidase,0.429405542944038,0.9999999999999917,non-essential,4.678907691914833
AMMQT8_2,S-adenosylmethione:2-demethylmenaquinone methyltransferase,0.429405542944047,1.0000000000000127,non-essential,4.678907691915144
ICITt4pp,Citrate transport via sodium symport  periplasm,0.42940554294404043,0.9999999999999974,non-essential,4.678907691915487
MN6PP,Mannose 6-phosphate phosphatase,0.42940554294404043,0.9999999999999974,non-essential,4.6789076919150245
MALTabc,Maltose transport via ABC system,0.42940554294404043,0.9999999999999974,non-essential,4.678907691915356
GLYSERabcpp,L Glycinylserine  Gly Ser  transport via ABC system  periplasm,0.42940554294404043,0.9999999999999974,non-essential,4.6789076919152475
ANHMK,"1,6-anhydrous-N-Acetylmuramate kinase",0.42940554294404043,0.9999999999999974,non-essential,4.678907691915214
FACOAL160t2pp,Fatty-acid-CoA ligase (hexadecanoate transport via vectoral Co-A coupling),0.42940554294404043,0.9999999999999974,non-essential,4.67890769191509
ASP1DC,Aspartate 1-decarboxylase,0.42940554294404043,0.9999999999999974,non-essential,4.678907691915486
DCYTt2,Deoxycytidine transport in via proton symport,0.42940554294404043,0.9999999999999974,non-essential,4.6789076919150245
GLYMETtr,Dipeptide transport via ABC system gly-met,0.42940554294404043,0.9999999999999974,non-essential,4.678907691914959
NTD8,5'-nucleotidase (dGMP),0.42940554294404043,0.9999999999999974,non-essential,4.6789076919152475
GLYGLNtex,L Glycinylglutamine transport via diffusion  extracellular to periplasm,0.42940554294404043,0.9999999999999974,non-essential,4.678907691915214
FEENTERexs,Enterobactin Fe(III) binding (spontaneous),0.42940554294404043,0.9999999999999974,non-essential,4.67890769191509
DHAK,Dihydroxyacetone kinase,0.42940554294404043,0.9999999999999974,non-essential,4.678907691915486
SO3abcpp,Sulfite transport via ABC system (periplasm),0.42940554294404043,0.9999999999999974,non-essential,4.6789076919150245
ARBabc,L-arabinose transport via ABC system,0.42940554294404043,0.9999999999999974,non-essential,4.678907691915356
PLIPA1G181pp,"Phospholipase A1 (phosphatidylglycerol, n-C18:1) (periplasm)",0.42940554294404043,0.9999999999999974,non-essential,4.6789076919152475
GLYt2r,Glycine reversible transport via proton symport,0.42940554294404043,0.9999999999999974,non-essential,4.678907691915214
AIRCr,Phosphoribosylaminoimidazole carboxylase,0.42940554294404043,0.9999999999999974,non-essential,4.67890769191509
34HPPOR,4 Hydroxyphenylpyruvateoxygen oxidoreductase,0.42940554294404043,0.9999999999999974,non-essential,4.678907691915486
URIK1,Uridine kinase  ATPUridine,0.42940554294404043,0.9999999999999974,non-essential,4.6789076919150245
3NUCLE2,3  nucleotidase  3  UMP,0.4294055429440454,1.000000000000009,non-essential,4.678907691915356
SUCD4,Succinate dehyrdogenase,0.4294055429440342,0.9999999999999829,non-essential,4.678907691916334
BHBtpp,Transport of (r)-3-hydroxybutanoate [extraorganism-cytosol](passive),0.4294055429440342,0.9999999999999829,non-essential,4.678907691914809
ACS2,Acetyl-CoA synthase (propionate),0.4294055429440342,0.9999999999999829,non-essential,4.67890769191534
NI2t3pp,Nickle (Ni+2) transport out via proton antiport (periplasm),0.429405542944035,0.9999999999999848,non-essential,4.678907691915205
EX_balaala_e,R_EX_balaala_e,0.429405542944035,0.9999999999999848,non-essential,4.678907691915297
SHSL4r,O succinylhomoserine lyase  elimination   reversible,0.429405542944035,0.9999999999999848,non-essential,4.678907691915275
G6PDA,Glucosamine-6-phosphate deaminase,0.429405542944035,0.9999999999999848,non-essential,4.678907691915332
NTPP7,Nucleoside triphosphate pyrophosphorylase (dttp),0.429405542944035,0.9999999999999848,non-essential,4.678907691915205
FACOAL170_ISO,Fatty acid  CoA ligase  Iso C170,-2.507047875965376e-15,-5.838415263056082e-15,essential,
GLCNt2r,"D-gluconate transport via proton symport, reversible",0.42940554294404115,0.9999999999999991,non-essential,4.6789076919152945
AMPEP8,Aminopeptidase,0.42940554294404376,1.000000000000005,non-essential,4.678907691914332
PIabc,Phosphate transport via ABC system,0.42940554294404376,1.000000000000005,non-essential,4.67890769191522
FORtex,Formate transport via diffusion (extracellular to periplasm),0.42940554294404376,1.000000000000005,non-essential,4.678907691914241
3NUCLE4,3  nucleotidase  guanosine 3  phosphate,0.20519899853344561,0.47786760535642725,critical,4.233176051323372
DNTAep,N N bis 3 5 dinitrotolyl  amine extrusion pump,0.42940554294403943,0.9999999999999951,non-essential,4.678907691915486
URIK2,Uridine kinase (GTP:Uridine),0.42940554294403943,0.9999999999999951,non-essential,4.6789076919152945
MCBTFUexs,Mycobactin Fe loading reaction  spontaneous,0.42940554294403943,0.9999999999999951,non-essential,4.678907691915263
UGLYCH,Ureidoglycolate hydrolase,0.42940554294403943,0.9999999999999951,non-essential,4.67890769191472
CHLabc,Choline transport via ABC system,0.42940554294403943,0.9999999999999951,non-essential,4.678907691915263
NADKd,NAD kinase dTTP,0.42940554294403943,0.9999999999999951,non-essential,4.67890769191467
SHKK,Shikimate kinase,0.42940554294403943,0.9999999999999951,non-essential,4.678907691915426
AMPEP6,Aminopeptidase,0.42940554294403943,0.9999999999999951,non-essential,4.678907691914987
EX_pyr_e,R_EX_pyr_e,0.42940554294403943,0.9999999999999951,non-essential,4.6789076919151436
FTHFLi,Formate-tetrahydrofolate ligase,0.42940554294403943,0.9999999999999951,non-essential,4.678907691915186
GLXCBL,Glyoxalate carboligase,0.42940554294403943,0.9999999999999951,non-essential,4.6789076919151436
CYTD,Cytidine deaminase,0.42940554294403943,0.9999999999999951,non-essential,4.678907691915186
DMATT,Dimethylallyltranstransferase,4.949372789815086e-17,1.1526103635928308e-16,essential,
EX_oxa_e,R_EX_oxa_e,0.426847681951395,0.994043251106845,non-essential,4.886290137972828
EX_fru_e,R_EX_fru_e,0.42940554294403904,0.9999999999999942,non-essential,4.678907691915287
MANpts,D-mannose transport via PEP:Pyr PTS,0.42940554294405053,1.0000000000000209,non-essential,4.678907691915179
NTPP5,Nucleoside triphosphate pyrophosphorylase (datp),0.42940554294405053,1.0000000000000209,non-essential,4.678907691914882
3NUCLE3,3  nucleotidase  3  cMP,0.42940554294405053,1.0000000000000209,non-essential,4.678907691914961
ADPRDP_1,ADPribose diphosphatase,0.42940554294403993,0.9999999999999962,non-essential,4.6789076919158274
PE161abcpp,"Phosphatidylethanolamine transport via ABC system (n-C16:1, periplasm)",0.42940554294403993,0.9999999999999962,non-essential,4.678907691914963
PYDXK_1,Pyridoxal kinase,0.42940554294403993,0.9999999999999962,non-essential,4.678907691915725
MCSNAH,5-Methylcytosine aminohydrolase,0.42940554294403993,0.9999999999999962,non-essential,4.678907691915174
TMDK1,Thymidine kinase (ATP:thymidine),0.42936032956119574,0.9998947070349027,non-essential,4.680045640730827
SERGLUGLNtr,Tripeptide transport,0.429405542944042,1.000000000000001,non-essential,4.678907691915194
ACSERHS,O3-Acetyl-L-serine acetate-lyase (adding hydrogen sulfide),0.42940554294403993,0.9999999999999962,non-essential,4.678907691915515
CDPMEK,4-(cytidine 5'-diphospho)-2-C-methyl-D-erythritol kinase,1.228745738876483e-16,2.86150414000736e-16,essential,
GLYabc,Glycine transport via ABC system,0.4294055429440389,0.9999999999999938,non-essential,4.678907691914735
6PHBG_2,,0.4294055429440348,0.9999999999999843,non-essential,4.6789076919155175
TNTHAC2,2 4 6 dinitrotoluene meisenheimer dihydrideTNT derived hydroxylamines condensation,0.4294055429440348,0.9999999999999843,non-essential,4.678907691914735
GALKr,Galactokinase,0.27143519059830895,0.632118506755469,non-essential,3.3488333333336118
COBALT2abcpp,Cobalt (Co+2) ABC transporter (periplasm),0.4294055429440392,0.9999999999999946,non-essential,4.678907691915061
sink_hemeO_c,R_sink_hemeO_c,0.4294055429440382,0.9999999999999922,non-essential,4.678907691915191
EX_gly_tyr_e,R_EX_gly_tyr_e,0.4294055429440382,0.9999999999999922,non-essential,4.678907691915236
G3PEabcpp,Sn-glycerol-3-phosphoethanolamine transport via ABC system (periplasm),0.4294055429440382,0.9999999999999922,non-essential,4.678907691915274
XYLtex,D-xylose transport via diffusion (extracellular to periplasm),0.4294055429440382,0.9999999999999922,non-essential,4.678907691915286
IZPN_1,Imidazolonepropionase,0.4294055429440382,0.9999999999999922,non-essential,4.678907691915274
EX_tartr__L_e,R_EX_tartr__L_e,0.4155233327821319,0.9676710969617858,non-essential,4.137762196392744
LEUabcpp,L-leucine transport via ABC system (periplasm),0.4294055429440387,0.9999999999999934,non-essential,4.678907691914968
FBP,Fructose-bisphosphatase,0.416032048032153,0.9688557934762586,non-essential,4.474007805504406
MECDPS,"2-C-methyl-D-erythritol 2,4-cyclodiphosphate synthase",-1.5075406177495365e-15,-3.5107618951858603e-15,essential,
BALAALAtex,Beta alanyl L alanine transport via diffusion  extracellular to periplasm,0.42940554294403943,0.9999999999999951,non-essential,4.678907691915122
MSULR,Metanesulfonate reductase  NADPH2,0.429405542944039,0.999999999999994,non-essential,4.678907691915435
ACPPAT180,Acyl-(acyl carrier protein):phosphate acyltransferase (C18:0),0.429405542944039,0.999999999999994,non-essential,4.678907691914557
MLDCP1App,"Murein L,D-carboxypeptidase (murein5px4p) (periplasm)",0.429405542944039,0.999999999999994,non-essential,4.6789076919153585
EX_glyb_e,R_EX_glyb_e,0.429405542944039,0.999999999999994,non-essential,4.678907691914672
HIBD,3 hydroxyisobutyrate dehydrogenase,0.429405542944039,0.999999999999994,non-essential,4.678907691915214
KAS13,B-ketoacyl synthetase (octadecanoate),1.5187035971358874e-16,3.5367582512408296e-16,essential,
DURIPP_1,Deoxyuridine phosphorylase,0.42940554294403877,0.9999999999999936,non-essential,4.678907691914944
OIVD3,2-oxoisovalerate dehydrogenase (acylating; 3-methyl-2-oxopentanoate),-1.8846441674127242e-15,-4.388960967973168e-15,essential,
PHEMEt,Heme transport,0.42940554294404126,0.9999999999999993,non-essential,4.6789076919150485
MBCOAi,"3-Methylbutanoyl-CoA:(acceptor) 2,3-oxidoreductase",0.42940554294404015,0.9999999999999968,non-essential,4.678907691915313
PYNP1,Pyrimidine-nucleoside phosphorylase (cytosine),0.42940554294403827,0.9999999999999923,non-essential,4.678907691915344
PANO,,0.42940554294403827,0.9999999999999923,non-essential,4.678907691915632
2AACLPGT181,2 acyl acyl carrier protein glycerophospho glycerol acyltransferase  n C160,0.42940554294403827,0.9999999999999923,non-essential,4.6789076919150485
EX_ppa_e,R_EX_ppa_e,0.42940554294403827,0.9999999999999923,non-essential,4.678907691915313
ARBt2r,L-arabinose transport via proton symport,0.42940554294403827,0.9999999999999923,non-essential,4.678907691915245
LPLIPAL2G181,"Lysophospholipase L2 (2-acylglycerophosphoglycerol, n-C18:1)",0.42940554294403827,0.9999999999999923,non-essential,4.678907691915077
EX_arg__L_e,R_EX_arg__L_e,0.42105185009901724,0.9805459128735259,non-essential,4.674318831091121
DSERDHr,D-serine dehydrogenase,0.42940554294403965,0.9999999999999956,non-essential,4.678907691915188
FACOAL161,Fatty acid  CoA ligase  hexadecenoate,0.42940554294404265,1.0000000000000027,non-essential,4.67890769191511
MGSA,Methylglyoxal synthase,0.42940554294404265,1.0000000000000027,non-essential,4.678907691915273
RBFSa,Riboflavin synthase,0.42940554294404265,1.0000000000000027,non-essential,4.678907691915404
YUMPS,YUMP synthetase,0.42940554294404265,1.0000000000000027,non-essential,4.6789076919152865
BTDD_RR,R R  butanediol dehydrogenase,0.42940554294404265,1.0000000000000027,non-essential,4.6789076919153985
2AGPG160tipp,2-Acyl-sn-glycero-3-phosphoglycerol (n-C16:0) transporter via facilitated diffusion (periplasm),0.42940554294404265,1.0000000000000027,non-essential,4.678907691915273
FACOAL60t2pp,Fatty-acid-CoA ligase (hexanoate transport via vectoral Co-A coupling),0.42940554294404265,1.0000000000000027,non-essential,4.678907691915404
GNP,Phosphogluconate phosphatase,0.42940554294404265,1.0000000000000027,non-essential,4.6789076919152865
GLCptspp,D-glucose transport via PEP:Pyr PTS (periplasm),0.42940554294404265,1.0000000000000027,non-essential,4.6789076919153985
2AACLPPEAT181,2 acyl acyl carrier protein glycerophospho glycerol acyltransferase  n C160,0.42940554294404265,1.0000000000000027,non-essential,4.678907691915273
G1SAT,Glutamate-1-semialdehyde aminotransferase,0.42940554294404265,1.0000000000000027,non-essential,4.678907691915404
PLIPA1G161pp,"Phospholipase A1 (phosphatidylglycerol, n-C16:1) (periplasm)",0.42940554294404265,1.0000000000000027,non-essential,4.6789076919152865
UREA,Urease,0.42940554294404265,1.0000000000000027,non-essential,4.6789076919153985
NACt,Nicotinic acid transport,0.19323024735419025,0.44999476725285603,critical,4.355554443346434
13PPDH2,"1,3-propanediol dehydrogenase",0.42940554294404343,1.0000000000000044,non-essential,4.678907691915203
13PPDH,"1,3-propanediol dehydrogenase",0.4294055429440393,0.9999999999999948,non-essential,4.678907691915406
EX_glu__L_e,R_EX_glu__L_e,0.4294055429440393,0.9999999999999948,non-essential,4.509921407952118
PPAtex,Propionate transport via diffusion,0.4294055429440393,0.9999999999999948,non-essential,4.678907691915247
BALAALAabcpp,Beta alanyl L alanine transport via ABC system  periplasm,0.4294055429440393,0.9999999999999948,non-essential,4.678907691914609
EX_spmd_e,R_EX_spmd_e,0.4294055429440393,0.9999999999999948,non-essential,4.678907691915136
2INSD,2-Inosose dehydratase,0.4294055429440393,0.9999999999999948,non-essential,4.67890769191521
EX_35dnta_e,R_EX_35dnta_e,0.4294055429440393,0.9999999999999948,non-essential,4.678907691915267
KAS8,"B-ketoacyl synthetase (palmitate, n-C16:0)",0.4294055429440393,0.9999999999999948,non-essential,4.67890769191523
P52O,,0.4294055429440393,0.9999999999999948,non-essential,4.678907691915312
MOBDabc,Molybdate transport via ABC system,0.4294055429440393,0.9999999999999948,non-essential,4.678907691915078
sink_sheme_c,R_sink_sheme_c,0.4294055429440393,0.9999999999999948,non-essential,4.678907691915245
DIPEPabc14,Dipeptide transport via ABC system  gly pro L,0.4294055429440393,0.9999999999999948,non-essential,4.678907691915348
DASYN161,CDP-diacylglycerol synthetase (n-C16:1),0.4294055429440393,0.9999999999999948,non-essential,4.678907691915256
MDDCP4pp,"Murein D,D-carboxypeptidase (murein5p4p) (periplasm)",0.4294055429440393,0.9999999999999948,non-essential,4.678907691915269
SPMS,Spermidine synthase,0.4294055429440393,0.9999999999999948,non-essential,4.67890769191527
DHFS,Dihydrofolate synthase,0.4294055429440393,0.9999999999999948,non-essential,4.678907691915348
ZNabcpp,Zinc (Zn+2) transport via ABC system (periplasm),0.4294055429440393,0.9999999999999948,non-essential,4.678907691915256
NTPP10_1,Nucleoside triphosphate pyrophosphorylase (ditp),0.4294055429440393,0.9999999999999948,non-essential,4.678907691915269
SPMDabc,Spermidine transport via ABC system,0.4294055429440393,0.9999999999999948,non-essential,4.67890769191527
G3POA_BS,Glycerol 3 phosphate O acyltransferase,-2.6249867336418873e-17,-6.113071376873133e-17,essential,
ITCY,ITP:cytidine 5'-phosphotransferase,0.4294055429440398,0.999999999999996,non-essential,4.678907691915346
ACONTb,"Aconitase (half-reaction B, Isocitrate hydro-lyase)",0.4294055429440358,0.9999999999999867,non-essential,4.678907691915223
CD2t4,Cadminum transport out via antiport,0.4294055429440358,0.9999999999999867,non-essential,4.678907691915309
GLCADpts,,0.4294055429440358,0.9999999999999867,non-essential,4.678907691915075
UAGCVT,UDP-N-acetylglucosamine 1-carboxyvinyltransferase,-1.579188374011192e-15,-3.677615251969362e-15,essential,
PLIPA1G160pp,"Phospholipase A1 (phosphatidylglycerol, n-C16:0) (periplasm)",0.42940554294403854,0.999999999999993,non-essential,4.678907691915214
CDPPT160,CDPPT160,0.4294055429440366,0.9999999999999885,non-essential,4.678907691915346
EX_acac_e,R_EX_acac_e,0.4294055429440366,0.9999999999999885,non-essential,4.678907691915229
NTPP11_1,Nucleoside triphosphate pyrophosphorylase (xtp),0.4294055429440366,0.9999999999999885,non-essential,4.678907691915418
EX_pyovd_kt_e,R_EX_pyovd_kt_e,0.4294055429440366,0.9999999999999885,non-essential,4.678907691915607
MNtex,Manganese (Mn+2) transport via diffusion (extracellular to periplasm),0.4294055429440366,0.9999999999999885,non-essential,4.678907691915254
SSCOARy,Succinyl-coA reductase (NADPH),0.35964181071983536,0.8375341600252759,non-essential,5.220274639410634
NTPP11,Nucleoside triphosphate pyrophosphorylase (xtp),0.4294055429440374,0.9999999999999903,non-essential,4.678907691915214
EX_galt_e,R_EX_galt_e,0.4294055429440394,0.999999999999995,non-essential,4.678907691915379
HETZK,Hydroxyethylthiazole kinase,0.4294055429440394,0.999999999999995,non-essential,4.6789076919155095
EX_ala_leu_e,R_EX_ala_leu_e,0.4294055429440394,0.999999999999995,non-essential,4.678907691915991
INSTabc,Inositol transport in via ABC transport,0.4294055429440394,0.999999999999995,non-essential,4.678907691914891
URAt2,Uracil transport in via proton symport,0.4294055429440394,0.999999999999995,non-essential,4.6789076919151125
IZPN,Imidazolonepropionase,0.4294055429440394,0.999999999999995,non-essential,4.6789076919156445
EX_leu__L_e,R_EX_leu__L_e,0.4280809116814865,0.9969151975694741,non-essential,4.682623501230323
NADH10,NADH dehydrogenase (menaquinone-8 & 0 protons),0.4294055429440395,0.9999999999999952,non-essential,4.678907691915375
SUCD2,Succinate dehydrogenase dehydrogenase (menaquinone 8 as acceptor),0.3589798003713503,0.8359924697528442,non-essential,8.347894592082325
PGLYCP,Phosphoglycolate phosphatase,0.4294055429440386,0.9999999999999931,non-essential,4.678907691915482
RBK,Ribokinase,0.42940554294402217,0.9999999999999549,non-essential,4.678907691915269
EX_gly_leu_e,R_EX_gly_leu_e,0.42940554294402217,0.9999999999999549,non-essential,4.678907691915622
FACOAL180_2,Fatty acid  CoA ligase  octadecanoate,0.0,0.0,essential,
GLYBtex,Glycine betaine transport via diffusion (extracellular to periplasm),0.42940554294410394,1.0000000000001452,non-essential,4.678907691915178
DHNCOAT,"1,4-dihydroxy-2-napthoyl-CoA thioesterase",0.4294055429440392,0.9999999999999946,non-essential,4.678907691914516
MMCD,Methylmalonyl-CoA decarboxylase,0.4294055429440392,0.9999999999999946,non-essential,4.6789076919153825
FE3PYOVDL2,Ferripyoverdine complex formation  P putida KT2440 specific,0.4294055429440392,0.9999999999999946,non-essential,4.6789076919143575
r2465_1,Cation Diffusion Facilitator (Cdf) Tcdb:2.A.4.2.3,0.42940298936509097,0.9999940532231302,non-essential,4.6789060695405915
4HALDD,Aldehyde dehydrogenase  4 hydroxyphenylacetaldehyde  NAD,0.4294055429440335,0.9999999999999812,non-essential,4.678907691914555
ADNUC,Adenosine hydrolase,0.4294055429440392,0.9999999999999946,non-essential,4.6789076919153825
LEUabc,L-leucine transport via ABC system,0.4294055429440392,0.9999999999999946,non-essential,4.6789076919143575
2MAHMP,2-Methyl-4-amino-5-hydroxymethylpyrimidine diphosphatase,0.4294055429440392,0.9999999999999946,non-essential,4.6789076919153825
ACS_1,Acetyl-CoA synthetase,0.4294055429440392,0.9999999999999946,non-essential,4.678907691914357
AHMMPS_1,4 amino 5 hydroxymethyl 2 methylpyrimidine synthetase,0.4294055429440392,0.9999999999999946,non-essential,4.6789076919153825
EX_metox__R_e,R_EX_metox__R_e,0.4294055429440392,0.9999999999999946,non-essential,4.6789076919143575
AGPAT161,1-hexadec-7-enoyl-sn-glycerol 3-phosphate O-acyltransferase (n-C16:1),0.4294055429440392,0.9999999999999946,non-essential,4.6789076919153825
GLYGLNabcpp,L Glycinylglutamine  Gly Gln  transport via ABC system  periplasm,0.4294055429440392,0.9999999999999946,non-essential,4.678907691914357
r2136,Major Facilitator(MFS) TCDB:2.A.1.14.6,0.4294055429440392,0.9999999999999946,non-essential,4.6789076919153825
AGM4PApp,N-Acetyl-D-glucosamine(anhydrous)N-Acetylmuramyl-tetrapeptide amidase (periplasm),0.4294055429440392,0.9999999999999946,non-essential,4.6789076919143575
OHPBAT,O-Phospho-4-hydroxy-L-threonine:2-oxoglutarate aminotransferase,0.4294055429440392,0.9999999999999946,non-essential,4.678907691915426
PRAGSr,Phosphoribosylglycinamide synthase,0.4294055429440392,0.9999999999999946,non-essential,4.678907691915916
SPODM,Superoxide dismutase,0.4294055429440394,0.999999999999995,non-essential,4.678907691915156
GALabc,D-galactose transport via ABC system,0.4294055429440447,1.0000000000000073,non-essential,4.678907691915631
TDP,Thiamin pyrophosphatase,0.4294055429440447,1.0000000000000073,non-essential,4.678907691915532
DHAD1,"Dihydroxy-acid dehydratase (2,3-dihydroxy-3-methylbutanoate)",0.42847216552726103,0.9978263498640907,non-essential,4.589611081898084
MDDEP4pp,"Murein D,D-endopeptidase (murein4px4px4p) (periplasm)",0.4294055429440422,1.0000000000000016,non-essential,4.678907691915684
ASPO6,L-aspartate oxidase,0.4294045587785617,0.9999977080745789,non-essential,4.67876739342821
LALALGLUtex,L-alanyl-L-glutamate transport via diffusion (extracellular to periplasm),0.4294055429440391,0.9999999999999943,non-essential,4.678907691915463
CD2t5,Cadmium  Cd2  transport out via proton antiport  cytosolexternal,0.4294055429440447,1.0000000000000073,non-essential,4.678907691915452
EX_h2o_e,R_EX_h2o_e,0.4256371690833201,0.9912242076921385,non-essential,4.151100965048583
PSCVT,3-phosphoshikimate 1-carboxyvinyltransferase,0.4294055429440386,0.9999999999999931,non-essential,4.67890769191659
EX_abg4_e,R_EX_abg4_e,0.42940554294403427,0.999999999999983,non-essential,4.678907691914965
NADK1,NAD kinase  GTP,0.42940554294403427,0.999999999999983,non-essential,4.678907692242344
LIPO1S24_BS,Lipoteichoic acid synthesis  n24   linked  glucose substituted,-4.101921982765898e-15,-9.552559463119097e-15,essential,
NTPP9,Nucleoside triphosphate pyrophosphorylase (itp),0.4294055429440391,0.9999999999999943,non-essential,4.678907691915156
ALAtpp,L-alanine export via facilited diffusion,0.36353170035562116,0.8465929383752626,non-essential,4.2752387353794665
GLUPRT,Glutamine phosphoribosyldiphosphate amidotransferase,0.42940554294403965,0.9999999999999956,non-essential,4.678907691915597
MGCH,Methylglutaconyl-CoA hydratase,0.42940554294404815,1.0000000000000153,non-essential,4.678907691915492
EX_h_e,R_EX_h_e,0.4294055429440468,1.0000000000000122,non-essential,4.6789076919151436
EX_met__D_e,R_EX_met__D_e,0.4294055429440413,0.9999999999999994,non-essential,4.678907691915185
EX_succ_e,R_EX_succ_e,0.4155233327821256,0.9676710969617711,non-essential,4.137762196392242
HACD3,3-hydroxyacyl-CoA dehydrogenase (3-oxooctanoyl-CoA),0.429405542944038,0.9999999999999917,non-essential,4.678907691913936
GAMpts,D-glucosamine transport via PEP:Pyr PTS,0.42911138713180336,0.999314969689908,non-essential,4.679262970548104
EX_feenter_e,R_EX_feenter_e,0.42940554294404004,0.9999999999999966,non-essential,4.678907691915381
MMM,Methylmalonyl-CoA mutase,0.4294055429440394,0.999999999999995,non-essential,4.678907691915258
EX_nh4_e,R_EX_nh4_e,0.3635317003556233,0.8465929383752677,non-essential,4.275238735377898
EX_bhb_e,R_EX_bhb_e,0.42940554294403815,0.9999999999999921,non-essential,4.678907691915255
LIPAMPL,Lipoyl-adenylate protein ligase,0.4294055429440402,0.9999999999999969,non-essential,4.678907691915293
ASAD,Aspartate-semialdehyde dehydrogenase,-1.6628930731817576e-15,-3.872546827832773e-15,essential,
LIPO3S24_BS,Lipoteichoic acid synthesis  n24   unliked  D alanine substituted,-5.939360833941552e-29,-1.3831588649789614e-28,essential,
EX_cmcbtt_e,R_EX_cmcbtt_e,0.42940554294403926,0.9999999999999947,non-essential,4.678907691915239
EX_metsox_S__L_e,R_EX_metsox_S__L_e,0.42940554294403716,0.9999999999999898,non-essential,4.678907691915281
AMPEP5,Aminopeptidase,0.42940554294403716,0.9999999999999898,non-essential,4.678907691915248
ADCL,4-aminobenzoate synthase,0.42940554294403716,0.9999999999999898,non-essential,4.6789076919153905
TSULabcpp,Thiosulfate transport via ABC system (periplasm),0.42940554294403716,0.9999999999999898,non-essential,4.678907691915198
EX_chol_e,R_EX_chol_e,0.42940554294403716,0.9999999999999898,non-essential,4.6789076919152635
EX_mcbtt_e,R_EX_mcbtt_e,0.42940554294403716,0.9999999999999898,non-essential,4.6789076919152075
URIC,Uricase,0.42940554294403716,0.9999999999999898,non-essential,4.67890769191524
ARGSL,Argininosuccinate lyase,0.42940554294403716,0.9999999999999898,non-essential,4.678907691915268
GLYALDDr,D-Glyceraldehyde dehydrogenase,0.42940554294403716,0.9999999999999898,non-essential,4.678907691915265
EX_ser__L_e,R_EX_ser__L_e,0.42940554294403716,0.9999999999999898,non-essential,4.678907691915346
