reaction_id,reaction_name,distance_from_PHB,flux,abs_flux,capacity_bound,flux_to_capacity_ratio,bottleneck_score
SUCD1,Succinate dehydrogenase,3,-3.8482811042228713,3.8482811042228713,10.0,0.38482811042228715,0.07456649023291113
PYK,Pyruvate kinase,4,19.860486139097492,19.860486139097492,1000.0,0.019860486139097494,0.019860486139097494
H2Otex,H2O transport via diffusion (extracellular to periplasm),5,19.25977810055015,19.25977810055015,1000.0,0.01925977810055015,0.018677239312495878
CYTB_B2,Menaquinol oxidase  71 protons,4,13.994693221327752,13.994693221327752,1000.0,0.013994693221327752,0.009861361750532502
PGM,Phosphoglycerate mutase,6,-10.000000000000002,10.000000000000002,1000.0,0.010000000000000002,0.005035123475811568
ABUTt2r,4 aminobutyrate reversible transport in via proton symport,4,10.000000000000002,10.000000000000002,1000.0,0.010000000000000002,0.005035123475811568
TARTDC,Tartrate decarboxylase,4,10.000000000000002,10.000000000000002,1000.0,0.010000000000000002,0.005035123475811568
GALUi,UTP-glucose-1-phosphate uridylyltransferase (irreversible),5,10.000000000000002,10.000000000000002,1000.0,0.010000000000000002,0.005035123475811568
GLYCK,Glycerate kinase,5,10.000000000000002,10.000000000000002,1000.0,0.010000000000000002,0.005035123475811568
ENO,Enolase,5,10.000000000000002,10.000000000000002,1000.0,0.010000000000000002,0.005035123475811568
NAPRT,NAPRTase (rev),5,-10.000000000000002,10.000000000000002,1000.0,0.010000000000000002,0.005035123475811568
PTAr,Phosphotransacetylase,3,10.0,10.0,1000.0,0.01,0.005035123475811566
ABTA,4-aminobutyrate transaminase,4,10.0,10.0,1000.0,0.01,0.005035123475811566
ALAtpp,L-alanine export via facilited diffusion,5,10.0,10.0,1000.0,0.01,0.005035123475811566
ALAtex,L-alanine transport via diffusion (extracellular to periplasm),5,-10.0,10.0,1000.0,0.01,0.005035123475811566
SSCOARy,Succinyl-coA reductase (NADPH),3,-10.0,10.0,1000.0,0.01,0.005035123475811566
SUCOAS,Succinyl-CoA synthetase (ADP-forming),3,-10.0,10.0,1000.0,0.01,0.005035123475811566
TARTRt7,Tartrate/succinate antiporter,3,10.0,10.0,1000.0,0.01,0.005035123475811566
ACKr,Acetate kinase,3,-10.0,10.0,1000.0,0.01,0.005035123475811566
NACt,Nicotinic acid transport,6,-10.0,10.0,1000.0,0.01,0.005035123475811566
PGMT,Phosphoglucomutase,5,-10.0,10.0,1000.0,0.01,0.005035123475811566
ALATA_L,L-alanine transaminase,4,-10.0,10.0,1000.0,0.01,0.005035123475811566
NMNP,NMN permease,7,9.999999999999998,9.999999999999998,1000.0,0.009999999999999998,0.0050351234758115645
NMNDA,Nicotinamide-nucleotide amidase,6,9.999119632755857,9.999119632755857,1000.0,0.009999119632755857,0.00503423696328045
A6PAG,,5,9.920774677326829,9.920774677326829,1000.0,0.009920774677326829,0.004955657656563374
GALKr,Galactokinase,5,-9.920774677326829,9.920774677326829,1000.0,0.009920774677326829,0.004955657656563374
UDPG4E,UDPglucose 4-epimerase,6,9.920774677326827,9.920774677326827,1000.0,0.009920774677326827,0.004955657656563372
GALT,Galactose 1 phosphate uridylyltransferase,5,-9.920774677326827,9.920774677326827,1000.0,0.009920774677326827,0.004955657656563372
GALpts,Galactose transport via PTS,4,-9.920774677326827,9.920774677326827,1000.0,0.009920774677326827,0.004955657656563372
PRPPS,Phosphoribosylpyrophosphate synthetase,5,-9.770867999949548,9.770867999949548,1000.0,0.009770867999949548,0.004807025407323511
PItex,Phosphate transport via diffusion (extracellular to periplasm),5,-9.629889050275072,9.629889050275072,1000.0,0.009629889050275071,0.004669309828123966
23PDE9pp,"2',3'-cyclic-nucleotide phosphodiesterase (GMP) (periplasm)",4,9.550935412488924,9.550935412488924,1000.0,0.009550935412488923,0.004593058126304265
3NTD9pp,3'-nucleotidase (GMP) (periplasm),5,9.550935412488924,9.550935412488924,1000.0,0.009550935412488923,0.004593058126304265
GSNt2pp,Guanosine transport in via proton symport (periplasm),4,9.550935412488924,9.550935412488924,1000.0,0.009550935412488923,0.004593058126304265
23CGMPtex,23cGMP transport via diffusion (extracellular to periplasm),5,9.550935412488922,9.550935412488922,1000.0,0.009550935412488921,0.004593058126304264
3GMPtex_1,3GMP transport via diffusion (extracellular to cytoplasm),6,-9.457367214691994,9.457367214691994,1000.0,0.009457367214691993,0.004503504798780088
3NUCLE4,3  nucleotidase  guanosine 3  phosphate,5,-9.457367214691994,9.457367214691994,1000.0,0.009457367214691993,0.004503504798780088
NOX,NADH oxidase,5,9.369949381507002,9.369949381507002,1000.0,0.009369949381507002,0.004420634560357902
SUCD2,Succinate dehydrogenase dehydrogenase (menaquinone 8 as acceptor),3,8.921506486024743,8.921506486024743,1000.0,0.008921506486024742,0.004007619824748079
TRDR,Thioredoxin reductase (NADPH),4,8.742275813086705,8.742275813086705,1000.0,0.008742275813086705,0.003848213274176875
THIORDXi,Hydrogen peroxide reductase (thioredoxin),4,8.651839527557794,8.651839527557794,1000.0,0.008651839527557794,0.0037690078020423032
PGI,Glucose-6-phosphate isomerase,5,-8.209187381526132,8.209187381526132,1000.0,0.008209187381526132,0.0033932078496478465
RPI,Ribose-5-phosphate isomerase,5,6.666108482401395,6.666108482401395,1000.0,0.0066661084824013945,0.0022374579347111162
RPE,Ribulose 5-phosphate 3-epimerase,5,6.666022300708926,6.666022300708926,1000.0,0.006666022300708926,0.0022374000818676837
FUM,Fumarase,4,5.073225381801866,5.073225381801866,1000.0,0.005073225381801867,0.0012959207339789858
SUCD5_BS,Succinate dehydrogenase,4,5.073186735303003,5.073186735303003,1000.0,0.005073186735303003,0.0012959009900864343
SDPDS,Succinyl-diaminopimelate desuccinylase,3,5.073186735303001,5.073186735303001,1000.0,0.005073186735303001,0.0012959009900864332
SDPTA,Succinyldiaminopimelate transaminase,4,-5.0731867353030005,5.0731867353030005,1000.0,0.005073186735303,0.0012959009900864328
THDPS,Tetrahydrodipicolinate succinylase,3,5.0731867353030005,5.0731867353030005,1000.0,0.005073186735303,0.0012959009900864328
THPAT,"L-2,3,4,5-tetrahydrodipicolinate N2-acetyltransferase",3,-5.0693220854165055,5.0693220854165055,1000.0,0.005069322085416506,0.0012939273603732304
ADAPAT,"E N-acetyl-L,L-diaminopimelate aminotransferase",4,-5.0693220854165055,5.0693220854165055,1000.0,0.005069322085416506,0.0012939273603732304
DAPDA,"N-acetyl-L,L-diaminopimelate deacetylase",3,-5.0693220854165055,5.0693220854165055,1000.0,0.005069322085416506,0.0012939273603732304
GTHPe,Glutathione peroxidase,6,5.0,5.0,1000.0,0.005,0.0012587808689528916
ME2,Malic enzyme (NADP),4,4.975209744915556,4.975209744915556,1000.0,0.004975209744915557,0.001246329613109236
ACS,Acetyl-CoA synthetase,3,4.930677914583494,4.930677914583494,1000.0,0.004930677914583494,0.0012241183084386576
ACACT1r,Acetyl-CoA C-acetyltransferase,2,4.678907691915054,4.678907691915054,1000.0,0.004678907691915054,0.0011022981530328588
AACOAR_syn,Acetoacetyl-CoA reductase (R-specific),1,4.678907691915054,4.678907691915054,1000.0,0.004678907691915054,0.0011022981530328588
PHBS_syn_1,PHB synthetase,0,4.678907691915053,4.678907691915053,1000.0,0.0046789076919150525,0.0011022981530328581
H2tex,Hydrogen transport via diffusion (extracellular to periplasm),5,-3.4793084683793256,3.4793084683793256,1000.0,0.0034793084683793257,0.0006095312739754614
H2tpp,Hydrogen transport diffusion (periplasm),4,-3.4793084683793256,3.4793084683793256,1000.0,0.0034793084683793257,0.0006095312739754614
PHACOAOR,Phenylacetyl-CoA oxygenase/reductase,4,3.4793084683793256,3.4793084683793256,1000.0,0.0034793084683793257,0.0006095312739754614
PACALDt,Phenylacetaldehyde transport  extracellular,7,-3.4793084683793256,3.4793084683793256,1000.0,0.0034793084683793257,0.0006095312739754614
DHPACCOAHIT,"1,2-Dihydroxy-1,2-dihydrophenylacetyl-CoA Hydratase/Isomerase/Ketothiolase complex",3,3.4793084683793256,3.4793084683793256,1000.0,0.0034793084683793257,0.0006095312739754614
PACCOAL,Phenylacetate-CoA ligase,5,3.4793084683793256,3.4793084683793256,1000.0,0.0034793084683793257,0.0006095312739754614
ALDD19xr,"Aldehyde dehydrogenase (phenylacetaldehyde, NAD)",6,3.4793084683793256,3.4793084683793256,1000.0,0.0034793084683793257,0.0006095312739754614
3OXCOAT,3-oxoadipyl-CoA thiolase,3,3.4793084683793256,3.4793084683793256,1000.0,0.0034793084683793257,0.0006095312739754614
HADPCOADH,3-hydroxyadipyl-CoA dehydrogenase,4,3.479308468379325,3.479308468379325,1000.0,0.0034793084683793253,0.0006095312739754613
TKT1,Transketolase,5,3.3330111503544626,3.3330111503544626,1000.0,0.0033330111503544627,0.0005593500204669207
TKT2,Transketolase,5,3.3330111503544626,3.3330111503544626,1000.0,0.0033330111503544627,0.0005593500204669207
TALA,Transaldolase,5,3.3330111503544626,3.3330111503544626,1000.0,0.0033330111503544627,0.0005593500204669207
ALCD19,Alcohol dehydrogenase (glycerol),6,-2.6690505211441016,2.6690505211441016,1000.0,0.0026690505211441015,0.0003586936711682791
GLYCt,Glycerol transport via channel,6,-2.6690505211441016,2.6690505211441016,1000.0,0.0026690505211441015,0.0003586936711682791
GLYALDt,Glyceraldehyde facilitated diffusion,6,-2.6690505211441016,2.6690505211441016,1000.0,0.0026690505211441015,0.0003586936711682791
PDH,Pyruvate dehydrogenase,3,1.8986406353883003,1.8986406353883003,1000.0,0.0018986406353883004,0.00018150795691003672
GLUt2r,L glutamate transport via proton symport  reversible,4,1.7992129123680471,1.7992129123680471,1000.0,0.0017992129123680471,0.00016299536080636014
TPI,Triose-phosphate isomerase,5,-1.7894507158538697,1.7894507158538697,1000.0,0.0017894507158538698,0.00016123139393683743
AKGDH,2-Oxogluterate dehydrogenase,3,1.593955559921404,1.593955559921404,1000.0,0.001593955559921404,0.00012792709650760902
FBP,Fructose-bisphosphatase,5,1.5431650808172048,1.5431650808172048,1000.0,0.001543165080817205,0.00011990433919770028
FBA,Fructose-bisphosphate aldolase,5,-1.5431650808172048,1.5431650808172048,1000.0,0.001543165080817205,0.00011990433919770028
OXAtpp,OxalateH antiporter  periplasm,4,-0.15251517220565827,0.15251517220565827,10.0,0.015251517220565827,0.00011712139164171853
ACLS,Acetolactate synthase,4,1.3973792266694738,1.3973792266694738,1000.0,0.0013973792266694738,9.831928027599179e-05
DHAD1,"Dihydroxy-acid dehydratase (2,3-dihydroxy-3-methylbutanoate)",4,1.3973792266694738,1.3973792266694738,1000.0,0.0013973792266694738,9.831928027599179e-05
KARA1,"Ketol-acid reductoisomerase (2,3-dihydroxy-3-methylbutanoate)",5,-1.3973792266694736,1.3973792266694736,1000.0,0.0013973792266694736,9.831928027599178e-05
Htex,Proton transport via diffusion (extracellular to periplasm),4,1.3893328817606667,1.3893328817606667,1000.0,0.0013893328817606667,9.719026225352576e-05
VALtex,L-valine transport via diffusion (extracellular to periplasm),5,-1.2338419291425515,1.2338419291425515,1000.0,0.0012338419291425516,7.665300312630682e-05
VALt3pp,L-valine transport out via proton antiport (periplasm),4,1.2338419291424048,1.2338419291424048,1000.0,0.0012338419291424048,7.665300312628857e-05
VALTA,Valine transaminase,4,-1.2283492461041436,1.2283492461041436,1000.0,0.0012283492461041437,7.597205122961725e-05
Kt2r,Potassium reversible transport  via proton symport,5,1.0545147101200525,1.0545147101200525,1000.0,0.0010545147101200525,5.59906371914273e-05
Kt3r,Potassium transport out via proton antiport,5,0.9790794495905638,0.9790794495905638,1000.0,0.0009790794495905639,4.8266520864434505e-05
MALTt2,Maltose transport in via proton symport,5,0.8954063092369352,0.8954063092369352,1000.0,0.0008954063092369352,4.036922626193799e-05
PEPA,MNXR86162,5,0.8954063092369351,0.8954063092369351,1000.0,0.0008954063092369351,4.0369226261937984e-05
MAL6PG,Maltose 6  phosphate glucosidase,5,0.8954063092369349,0.8954063092369349,1000.0,0.0008954063092369348,4.0369226261937964e-05
HEX1,Hexokinase (D-glucose:ATP),5,0.8954063092369349,0.8954063092369349,1000.0,0.0008954063092369348,4.0369226261937964e-05
NADHPO,NADH peroxidase,5,0.8715053933990192,0.8715053933990192,1000.0,0.0008715053933990193,3.824285293945447e-05
THRt2r,L threonine reversible transport via proton symport,5,0.7255140575312572,0.7255140575312572,1000.0,0.0007255140575312572,2.6503412050888896e-05
THRD,L-threonine dehydrogenase,4,0.6274729139556966,0.6274729139556966,1000.0,0.0006274729139556966,1.9824401829367542e-05
GLYAT,Glycine C-acetyltransferase,3,-0.6274729139556966,0.6274729139556966,1000.0,0.0006274729139556966,1.9824401829367542e-05
PTA2,Phosphate acetyltransferase,4,0.6072652274952218,0.6072652274952218,1000.0,0.0006072652274952218,1.856807803907973e-05
PPAKr,Propionate kinase,5,0.6072652274952218,0.6072652274952218,1000.0,0.0006072652274952218,1.856807803907973e-05
ACS2,Acetyl-CoA synthase (propionate),4,0.6072652274952218,0.6072652274952218,1000.0,0.0006072652274952218,1.856807803907973e-05
Growth,Biomass reaction,4,0.3864649886496374,0.3864649886496374,1000.0,0.0003864649886496374,7.5202181057362295e-06
ASPTA,Aspartate transaminase,4,-0.300291798410521,0.300291798410521,1000.0,0.000300291798410521,4.540430861614486e-06
CYTK1,Cytidylate kinase (CMP),5,0.30002243231342973,0.30002243231342973,1000.0,0.00030002243231342973,4.532288850375389e-06
NDPK3,Nucleoside-diphosphate kinase (ATP:CDP),5,0.28980391154854346,0.28980391154854346,1000.0,0.00028980391154854345,4.2288142677182495e-06
G3PD1ir,Glycerol 3 phosphate dehydrogenase  NAD,5,0.24540526779251973,0.24540526779251973,1000.0,0.00024540526779251974,3.0323399456854903e-06
G3PCT,Glycerol-3-phosphate cytidylyltransferase,5,0.23767596801952703,0.23767596801952703,1000.0,0.00023767596801952702,2.8443344930420858e-06
PPM,Phosphopentomutase,6,0.22825163280630745,0.22825163280630745,1000.0,0.00022825163280630744,2.6232393061206757e-06
ASPTA6,E L-alanine-alpha-keto acid aminotransferase,4,-0.2023874634409425,0.2023874634409425,1000.0,0.0002023874634409425,2.0624210843169315e-06
NDPK2,Nucleoside-diphosphate kinase (ATP:UDP),5,0.19134036174038752,0.19134036174038752,1000.0,0.0001913403617403875,1.8434158043528156e-06
LEUt2r,L leucine reversible transport via proton symport,5,0.1782882796787259,0.1782882796787259,1000.0,0.0001782882796787259,1.60050013117373e-06
VALDHr,Valine dehydrogenase,4,-0.16902998056532983,0.16902998056532983,1000.0,0.00016902998056532984,1.4385918919512472e-06
GLYO1,Glycine oxidase,4,0.15251517220565827,0.15251517220565827,1000.0,0.00015251517220565827,1.1712139164171853e-06
OXFOtex,Oxalate:Formate antiporter (extracellular to periplasm),5,-0.15251517220565827,0.15251517220565827,1000.0,0.00015251517220565827,1.1712139164171853e-06
GLXO1,Glyoxylate oxidase,4,0.15251517220565827,0.15251517220565827,1000.0,0.00015251517220565827,1.1712139164171853e-06
LYSabc,L-lysine transport via ABC system,5,0.13261971196999825,0.13261971196999825,1000.0,0.00013261971196999826,8.855769128622416e-07
ILEt2r,L isoleucine reversible transport via proton symport,5,0.12016317245584314,0.12016317245584314,1000.0,0.00012016317245584314,7.27030945442348e-07
GLYCL,Glycine Cleavage System,4,0.11918348370931976,0.11918348370931976,1000.0,0.00011918348370931976,7.152243248027153e-07
GHMT2r,"Glycine hydroxymethyltransferase, reversible",4,-0.119011120324382,0.119011120324382,1000.0,0.00011901112032438201,7.131571030873145e-07
ARGt2r,L arganine reversible transport via proton symport,5,0.11431325192265354,0.11431325192265354,1000.0,0.00011431325192265354,6.579657453302335e-07
GLNS,Glutamine synthetase,4,0.10178830810550744,0.10178830810550744,1000.0,0.00010178830810550744,5.216820773880882e-07
MDH,Malate dehydrogenase,4,0.09801563688630975,0.09801563688630975,1000.0,9.801563688630975e-05,4.837275888889945e-07
PUNP3,Purine-nucleoside phosphorylase (Guanosine),5,0.09356819779692967,0.09356819779692967,1000.0,9.356819779692967e-05,4.408254449386404e-07
GK1,Guanylate kinase (GMP:ATP),5,0.09356819779692967,0.09356819779692967,1000.0,9.356819779692967e-05,4.408254449386404e-07
GUAPRT,Guanine phosphoribosyltransferase,5,0.09356819779692967,0.09356819779692967,1000.0,9.356819779692967e-05,4.408254449386404e-07
ASNt4,L-asparagine transport in via sodium symport,5,0.09315931783893834,0.09315931783893834,1000.0,9.315931783893834e-05,4.3698117152990863e-07
PROt2r,L proline reversible transport via proton symport,4,0.08543001806594559,0.08543001806594559,1000.0,8.543001806594559e-05,3.6747781175307334e-07
NDPK1,Nucleoside-diphosphate kinase (ATP:GDP),5,0.08312707319858241,0.08312707319858241,1000.0,8.312707319858241e-05,3.4793258584739206e-07
ADPT,Adenine phosphoribosyltransferase,5,0.07899228428501305,0.07899228428501305,1000.0,7.899228428501306e-05,3.141806767902143e-07
PUNP1,Purine-nucleoside phosphorylase (Adenosine),5,0.07899228428501305,0.07899228428501305,1000.0,7.899228428501306e-05,3.141806767902143e-07
3NTD7pp,3'-nucleotidase (AMP) (periplasm),5,0.07895363778614811,0.07895363778614811,1000.0,7.895363778614811e-05,3.1387332998836394e-07
ADNt2pp,Adenosine transport in via proton symport (periplasm),4,0.07895363778614811,0.07895363778614811,1000.0,7.895363778614811e-05,3.1387332998836394e-07
23PDE7pp,"2',3'-cyclic-nucleotide phosphodiesterase (AMP) (periplasm)",4,0.07895363778614811,0.07895363778614811,1000.0,7.895363778614811e-05,3.1387332998836394e-07
23CAMPtex,23cAMP transport via diffusion (extracellular to periplasm),5,0.07895363778614811,0.07895363778614811,1000.0,7.895363778614811e-05,3.1387332998836394e-07
GLUR,Glutamate racemase,4,-0.07536067278667931,0.07536067278667931,1000.0,7.536067278667931e-05,2.8595629347062024e-07
HCO3E,HCO3 equilibration reaction,4,0.0731191758525114,0.0731191758525114,1000.0,7.31191758525114e-05,2.6919854025252175e-07
ACCOAC,Acetyl-CoA carboxylase,3,0.0731191758525114,0.0731191758525114,1000.0,7.31191758525114e-05,2.6919854025252175e-07
PHEt2r,L phenylalanine reversible transport via proton symport,5,0.07159843612217509,0.07159843612217509,1000.0,7.159843612217509e-05,2.581173501614065e-07
ALATA_D,D-alanine transaminase,4,-0.07149602290018293,0.07149602290018293,1000.0,7.149602290018294e-05,2.573794646688225e-07
CYTDK1,ATP:cytidine 5'-phosphotransferase,5,0.06203729230298296,0.06203729230298296,1000.0,6.203729230298295e-05,1.93783052908726e-07
CYTDt2,Cytidine transport in via proton symport,6,0.06203729230298296,0.06203729230298296,1000.0,6.203729230298295e-05,1.93783052908726e-07
UMPK,UMP kinase,5,0.060715195576810044,0.060715195576810044,1000.0,6.071519557681004e-05,1.856115176694164e-07
METSR_R1,L methionine R oxide reductase  trdrd,4,0.059441793439212076,0.059441793439212076,1000.0,5.9441793439212074e-05,1.7790736754999283e-07
METSRabc,L methionine R oxide transport via ABC system,5,0.05944179343921207,0.05944179343921207,1000.0,5.944179343921207e-05,1.7790736754999277e-07
UAGDP,UDP-N-acetylglucosamine diphosphorylase,4,0.056423888342847055,0.056423888342847055,1000.0,5.6423888342847056e-05,1.6030096914187343e-07
G1PACT,Glucosamine-1-phosphate N-acetyltransferase,3,0.056423888342847034,0.056423888342847034,1000.0,5.6423888342847035e-05,1.603009691418733e-07
GAMpts,D-glucosamine transport via PEP:Pyr PTS,4,0.056423888342847034,0.056423888342847034,1000.0,5.6423888342847035e-05,1.603009691418733e-07
PGAMT,Phosphoglucosamine mutase,4,-0.056423888342847034,0.056423888342847034,1000.0,5.6423888342847035e-05,1.603009691418733e-07
UPPRT,Uracil phosphoribosyltransferase,5,0.05569115072436476,0.05569115072436476,1000.0,5.569115072436476e-05,1.5616456955191396e-07
URIt2,Uridine transport in via proton symport,5,0.05569115072436475,0.05569115072436475,1000.0,5.569115072436475e-05,1.561645695519139e-07
PYNP2r,Pyrimidine-nucleoside phosphorylase (uracil),5,0.05569115072436475,0.05569115072436475,1000.0,5.569115072436475e-05,1.561645695519139e-07
TYRt2r,L tyrosine reversible transport via proton symport,5,0.0532919760748304,0.0532919760748304,1000.0,5.32919760748304e-05,1.4299925460381272e-07
HISt2r,L histidine reversible transport via proton symport,5,0.036612920094689354,0.036612920094689354,1000.0,3.661292009468936e-05,6.749612816481759e-08
H2St1,H2s transport (diffusion),4,-0.03561506749399484,0.03561506749399484,1000.0,3.561506749399484e-05,6.386716939948221e-08
CYS,L-cysteine,4,0.03561506749399483,0.03561506749399483,1000.0,3.561506749399483e-05,6.386716939948218e-08
TRPt2r,L tryptophan reversible transport via proton symport,5,0.02196782934981134,0.02196782934981134,1000.0,2.1967829349811342e-05,2.429877712773663e-08
RNDR2,Ribonucleoside-diphosphate reductase (GDP),4,0.010441124598347255,0.010441124598347255,1000.0,1.0441124598347255e-05,5.48914473264581e-09
NDPK7,Nucleoside-diphosphate kinase (ATP:dCDP),5,0.010441124598347255,0.010441124598347255,1000.0,1.0441124598347255e-05,5.48914473264581e-09
NDPK5,Nucleoside-diphosphate kinase (ATP:dGDP),5,0.010441124598347255,0.010441124598347255,1000.0,1.0441124598347255e-05,5.48914473264581e-09
RNDR3,Ribonucleoside-diphosphate reductase (CDP),4,0.010441124598347255,0.010441124598347255,1000.0,1.0441124598347255e-05,5.48914473264581e-09
DTMPK,DTMP kinase,6,0.010112242893006414,0.010112242893006414,1000.0,1.0112242893006414e-05,5.148789189296529e-09
TMDK1,Thymidine kinase (ATP:thymidine),6,0.010112242893006414,0.010112242893006414,1000.0,1.0112242893006414e-05,5.148789189296529e-09
THMDt2,Thymidine transport in via proton symport,7,0.010112242893006412,0.010112242893006412,1000.0,1.0112242893006412e-05,5.148789189296527e-09
RNTR1,Ribonucleoside triphosphate reductase  ATP,4,0.010112242893006412,0.010112242893006412,1000.0,1.0112242893006412e-05,5.148789189296527e-09
NDPK4,Nucleoside-diphosphate kinase (ATP:dTDP),5,0.010112242893006412,0.010112242893006412,1000.0,1.0112242893006412e-05,5.148789189296527e-09
OIVD3,2-oxoisovalerate dehydrogenase (acylating; 3-methyl-2-oxopentanoate),5,0.007883885768452606,0.007883885768452606,1000.0,7.883885768452606e-06,3.1296139668831913e-09
ILETA,Isoleucine transaminase,4,0.007883885768452604,0.007883885768452604,1000.0,7.883885768452604e-06,3.1296139668831897e-09
PAP_BS,Phosphatidic acid phosphatase,5,0.00772929977299275,0.00772929977299275,1000.0,7.72929977299275e-06,3.008087242294493e-09
UGT_BS,UDP glucosyltransferase  diglucosyl,5,0.007729299772992749,0.007729299772992749,1000.0,7.729299772992748e-06,3.0080872422944917e-09
AGPATr_BS,1 acylglycerol 3 phosphate O acyltransferase,4,0.007729299772992749,0.007729299772992749,1000.0,7.729299772992748e-06,3.0080872422944917e-09
G3POA_BS,Glycerol 3 phosphate O acyltransferase,4,0.007729299772992749,0.007729299772992749,1000.0,7.729299772992748e-06,3.0080872422944917e-09
FACOAL150_anteiso,Fatty acid  CoA ligase  anteiso C150,5,0.00525592384563507,0.00525592384563507,1000.0,5.25592384563507e-06,1.3909395408369732e-09
KAS4,B-ketoacyl synthetase (Anteiso-C15:0),4,0.00525592384563507,0.00525592384563507,1000.0,5.25592384563507e-06,1.3909395408369732e-09
LEUTA,Leucine transaminase,4,0.0041738218774160845,0.0041738218774160845,1000.0,4.173821877416085e-06,8.77158239853074e-10
OIVD1r,2-oxoisovalerate dehydrogenase (acylating; 4-methyl-2-oxopentaoate),4,0.0041738218774160845,0.0041738218774160845,1000.0,4.173821877416085e-06,8.77158239853074e-10
PAPPT3,"Phospho-N-acetylmuramoyl-pentapeptide-transferase (meso-2,6-diaminopimelate)",6,0.0038646498864963745,0.0038646498864963745,1000.0,3.864649886496374e-06,7.520218105736229e-10
UDCPDP,Undecaprenyl-diphosphatase,6,0.0038646498864963745,0.0038646498864963745,1000.0,3.864649886496374e-06,7.520218105736229e-10
UAGCVT,UDP-N-acetylglucosamine 1-carboxyvinyltransferase,5,0.0038646498864963745,0.0038646498864963745,1000.0,3.864649886496374e-06,7.520218105736229e-10
ALAALAr,D-alanine-D-alanine ligase (reversible),5,0.003864649886496374,0.003864649886496374,1000.0,3.864649886496374e-06,7.520218105736228e-10
UAGPT3,UDP-N-acetylglucosamine-N-acetylmuramyl-(pentapeptide)pyrophosphoryl-undecaprenol N-acetylglucosamine transferase,5,0.003864649886496374,0.003864649886496374,1000.0,3.864649886496374e-06,7.520218105736228e-10
PPTGS_BS,Peptidoglycan subunit synthesis,5,0.003864649886496374,0.003864649886496374,1000.0,3.864649886496374e-06,7.520218105736228e-10
UAMAS,UDP-N-acetylmuramoyl-L-alanine synthetase,5,0.003864649886496374,0.003864649886496374,1000.0,3.864649886496374e-06,7.520218105736228e-10
UAPGR,UDP-N-acetylenolpyruvoylglucosamine reductase,6,0.003864649886496374,0.003864649886496374,1000.0,3.864649886496374e-06,7.520218105736228e-10
UAMAGS,UDP-N-acetylmuramoyl-L-alanyl-D-glutamate synthetase,5,0.003864649886496374,0.003864649886496374,1000.0,3.864649886496374e-06,7.520218105736228e-10
UGMDDS,"UDP-N-acetylmuramoyl-L-alanyl-D-glutamyl-meso-2,6-diaminopimeloyl-D-alanyl-D-alanine synthetase",6,0.003864649886496374,0.003864649886496374,1000.0,3.864649886496374e-06,7.520218105736228e-10
UAAGDS,"UDP-N-acetylmuramoyl-L-alanyl-D-glutamyl-meso-2,6-diaminopimelate synthetase",5,0.003864649886496374,0.003864649886496374,1000.0,3.864649886496374e-06,7.520218105736228e-10
DAPE,Diaminopimelate epimerase,4,0.003864649886496374,0.003864649886496374,1000.0,3.864649886496374e-06,7.520218105736228e-10
DHDPS,Dihydrodipicolinate synthase,4,0.0038646498864947985,0.0038646498864947985,1000.0,3.864649886494799e-06,7.520218105730098e-10
DHDPRy,Dihydrodipicolinate reductase (NADPH),4,0.0038646498864947985,0.0038646498864947985,1000.0,3.864649886494799e-06,7.520218105730098e-10
ASPK,Aspartate kinase,5,0.003864649886494798,0.003864649886494798,1000.0,3.864649886494798e-06,7.520218105730095e-10
ASAD,Aspartate-semialdehyde dehydrogenase,5,-0.0038646498864947977,0.0038646498864947977,1000.0,3.864649886494798e-06,7.520218105730094e-10
MGt5,Magnesium transport in/out via permease (no H+),5,-0.003352583776535604,0.003352583776535604,1000.0,3.3525837765356042e-06,5.659387136834958e-10
KAS3,B-ketoacyl synthetase (Iso-C15:0),4,0.0030917199091970997,0.0030917199091970997,1000.0,3.0917199091970996e-06,4.812939587671188e-10
FACOAL150_ISO,Fatty acid  CoA ligase  Iso C150,5,0.0030917199091970997,0.0030917199091970997,1000.0,3.0917199091970996e-06,4.812939587671188e-10
FE3t,"Ferric iron uptake, plasma membrane",5,0.0030175186313763686,0.0030175186313763686,1000.0,3.0175186313763688e-06,4.584690740665467e-10
FACOAL140t2pp,Fatty-acid-CoA ligase (tetradecanoate transport via vectoral Co-A coupling),4,0.002937133913737245,0.002937133913737245,1000.0,2.937133913737245e-06,4.3436779778732473e-10
TTDCAtexi,Tetradecanoate transport via facilitated irreversible diffusion (extracellular to periplasm),5,0.002937133913737245,0.002937133913737245,1000.0,2.937133913737245e-06,4.3436779778732473e-10
FACOAL170_anteiso,Fatty acid  CoA ligase  anteiso C170,5,0.002627961922817535,0.002627961922817535,1000.0,2.627961922817535e-06,3.477348852092433e-10
KAS12,B-ketoacyl synthetase (Anteiso-C17:0),4,0.002627961922817535,0.002627961922817535,1000.0,2.627961922817535e-06,3.477348852092433e-10
FE2t,Iron  II  transport,5,0.002595112398782315,0.002595112398782315,1000.0,2.595112398782315e-06,3.3909584665482605e-10
ACONT,Aconitate hydratase,4,0.002011550265921363,0.002011550265921363,1000.0,2.011550265921363e-06,2.037379369260586e-10
CITt14,Citrate transport in via Ca complex,4,0.0020115502659213626,0.0020115502659213626,1000.0,2.0115502659213625e-06,2.037379369260585e-10
ICDHyr,Isocitrate dehydrogenase (NADP),4,0.0020115502659213626,0.0020115502659213626,1000.0,2.0115502659213625e-06,2.037379369260585e-10
SO4t2,Sulfate transport in via proton symport,5,0.001676485120762127,0.001676485120762127,1000.0,1.676485120762127e-06,1.4151729924696213e-10
ACACT7r,Acetyl-CoA C-acyltransferase (tetradecanoyl-CoA) (r),3,0.00154585995459855,0.00154585995459855,1000.0,1.54585995459855e-06,1.2032348969177972e-10
ECOAH7,3-hydroxyacyl-CoA dehydratase (3-hydroxyhexadecanoyl-CoA),5,0.00154585995459855,0.00154585995459855,1000.0,1.54585995459855e-06,1.2032348969177972e-10
ACOAD7,Acyl-CoA dehydrogenase (hexadecanoyl-CoA),4,-0.0015458599545985499,0.0015458599545985499,1000.0,1.5458599545985498e-06,1.203234896917797e-10
HACD7,3-hydroxyacyl-CoA dehydrogenase (3-oxohexadecanoyl-CoA),4,0.0015458599545985499,0.0015458599545985499,1000.0,1.5458599545985498e-06,1.203234896917797e-10
r2465_1,Cation Diffusion Facilitator (Cdf) Tcdb:2.A.4.2.3,5,-0.00013178456112952636,0.00013178456112952636,10.0,1.3178456112952635e-05,8.744584815531143e-11
UAG2E,UDP-N-acetylglucosamine 2-epimerase,5,0.0011593949659489122,0.0011593949659489122,1000.0,1.1593949659489123e-06,6.768196295162606e-11
FACOAL170_ISO,Fatty acid  CoA ligase  Iso C170,5,0.001082101968218985,0.001082101968218985,1000.0,1.082101968218985e-06,5.895850994897207e-11
KAS11,B-ketoacyl synthetase (Iso-C17:0),4,0.001082101968218985,0.001082101968218985,1000.0,1.082101968218985e-06,5.895850994897207e-11
ECOAH4,3-hydroxyacyl-CoA dehydratase (3-hydroxydecanoyl-CoA),5,-0.0009275159727591299,0.0009275159727591299,1000.0,9.275159727591299e-07,4.3316456289040695e-11
ACACT6r_1,Acetyl CoA C acyltransferase  dodecanoyl CoA,3,-0.0009275159727591299,0.0009275159727591299,1000.0,9.275159727591299e-07,4.3316456289040695e-11
ACACT4r,Acetyl-CoA C-acyltransferase (octanoyl-CoA) (r),3,-0.0009275159727591299,0.0009275159727591299,1000.0,9.275159727591299e-07,4.3316456289040695e-11
ECOAH3,3-hydroxyacyl-CoA dehydratase (3-hydroxyoctanoyl-CoA),5,-0.0009275159727591299,0.0009275159727591299,1000.0,9.275159727591299e-07,4.3316456289040695e-11
HACD2,3-hydroxyacyl-CoA dehydrogenase (3-oxohexanoyl-CoA),4,-0.0009275159727591299,0.0009275159727591299,1000.0,9.275159727591299e-07,4.3316456289040695e-11
ACACT2r,Acetyl-CoA C-acyltransferase (butanoyl-CoA) (r),3,-0.0009275159727591299,0.0009275159727591299,1000.0,9.275159727591299e-07,4.3316456289040695e-11
ACOAD6,Acyl-CoA dehydrogenase (tetradecanoyl-CoA),4,0.0009275159727591299,0.0009275159727591299,1000.0,9.275159727591299e-07,4.3316456289040695e-11
ACOAD5_1,Acyl CoA dehydrogenase  dodecanoyl CoA,4,0.0009275159727591299,0.0009275159727591299,1000.0,9.275159727591299e-07,4.3316456289040695e-11
HACD3,3-hydroxyacyl-CoA dehydrogenase (3-oxooctanoyl-CoA),4,-0.0009275159727591299,0.0009275159727591299,1000.0,9.275159727591299e-07,4.3316456289040695e-11
IBTMr,Isobutyryl-CoA mutase,3,0.0009275159727591299,0.0009275159727591299,1000.0,9.275159727591299e-07,4.3316456289040695e-11
ACOAD3,Acyl-CoA dehydrogenase (octanoyl-CoA),4,0.0009275159727591299,0.0009275159727591299,1000.0,9.275159727591299e-07,4.3316456289040695e-11
HACD4,3-hydroxyacyl-CoA dehydrogenase (3-oxodecanoyl-CoA),4,-0.0009275159727591299,0.0009275159727591299,1000.0,9.275159727591299e-07,4.3316456289040695e-11
ACACT3r,Acetyl-CoA C-acyltransferase (hexanoyl-CoA) (r),3,-0.0009275159727591299,0.0009275159727591299,1000.0,9.275159727591299e-07,4.3316456289040695e-11
ECOAH6,3-hydroxyacyl-CoA dehydratase (3-hydroxytetradecanoyl-CoA),5,-0.0009275159727591299,0.0009275159727591299,1000.0,9.275159727591299e-07,4.3316456289040695e-11
HACD6,3-hydroxyacyl-CoA dehydrogenase (3-oxotetradecanoyl-CoA),4,-0.0009275159727591299,0.0009275159727591299,1000.0,9.275159727591299e-07,4.3316456289040695e-11
ECOAH5_1,3 hydroxyacyl CoA dehydratase  3 hydroxydodecanoyl CoA,5,-0.0009275159727591299,0.0009275159727591299,1000.0,9.275159727591299e-07,4.3316456289040695e-11
HACD5,3-hydroxyacyl-CoA dehydrogenase (3-oxododecanoyl-CoA),4,-0.0009275159727591299,0.0009275159727591299,1000.0,9.275159727591299e-07,4.3316456289040695e-11
ACACT5r_1,Acetyl CoA C acyltransferase  decanoyl CoA,3,-0.0009275159727591299,0.0009275159727591299,1000.0,9.275159727591299e-07,4.3316456289040695e-11
ECOAH2,3-hydroxyacyl-CoA dehydratase (3-hydroxyhexanoyl-CoA),5,-0.0009275159727591299,0.0009275159727591299,1000.0,9.275159727591299e-07,4.3316456289040695e-11
ACOAD4_1,Acyl CoA dehydrogenase  decanoyl CoA,4,0.0009275159727591299,0.0009275159727591299,1000.0,9.275159727591299e-07,4.3316456289040695e-11
ACOAD2,Acyl-CoA dehydrogenase (hexanoyl-CoA),4,-0.0009275159727591298,0.0009275159727591298,1000.0,9.275159727591298e-07,4.331645628904068e-11
ASPO6,L-aspartate oxidase,5,0.0008803672441451377,0.0008803672441451377,1000.0,8.803672441451377e-07,3.9024547492719346e-11
NNDPR,Nicotinate-nucleotide diphosphorylase (carboxylating),5,0.0008803672441451377,0.0008803672441451377,1000.0,8.803672441451377e-07,3.9024547492719346e-11
QULNS,Quinolinate synthase,5,0.0008803672441451375,0.0008803672441451375,1000.0,8.803672441451376e-07,3.9024547492719333e-11
NADDPp_1,"NAD diphosphatase, peroxisomal",7,-0.0008803672441390931,0.0008803672441390931,1000.0,8.803672441390931e-07,3.902454749218347e-11
KAS6,B-ketoacyl synthetase (Iso-C16:0),4,0.000772929977299275,0.000772929977299275,1000.0,7.72929977299275e-07,3.008087242294493e-11
FACOAL160_ISO,Fatty acid  CoA ligase  Iso C160,5,0.0007729299772992749,0.0007729299772992749,1000.0,7.729299772992749e-07,3.0080872422944925e-11
KAS13,B-ketoacyl synthetase (octadecanoate),3,0.0004637579863795649,0.0004637579863795649,1000.0,4.637579863795649e-07,1.082911407226017e-11
FACOAL180_2,Fatty acid  CoA ligase  octadecanoate,4,0.00046375798637956486,0.00046375798637956486,1000.0,4.6375798637956485e-07,1.0829114072260167e-11
TECA3S45,Glycerol teichoic acid  n45   unlinked  glucose substituted,5,0.0003864649886496374,0.0003864649886496374,1000.0,3.864649886496374e-07,7.520218105736228e-12
TECA2S45,Glycerol teichoic acid  n45   unlinked  D ala substituted,5,0.00038646498864963735,0.00038646498864963735,1000.0,3.8646498864963734e-07,7.520218105736226e-12
TECA1S45,Glycerol teichoic acid  n45   unlinked  unsubstituted,5,0.00038646498864963735,0.00038646498864963735,1000.0,3.8646498864963734e-07,7.520218105736226e-12
MEPCT,2-C-methyl-D-erythritol 4-phosphate cytidylyltransferase,5,0.00030917199091971,0.00030917199091971,1000.0,3.0917199091971e-07,4.8129395876711885e-12
CDPMEK,4-(cytidine 5'-diphospho)-2-C-methyl-D-erythritol kinase,6,0.00030917199091971,0.00030917199091971,1000.0,3.0917199091971e-07,4.8129395876711885e-12
DXPS,1-deoxy-D-xylulose 5-phosphate synthase,4,0.00030917199091971,0.00030917199091971,1000.0,3.0917199091971e-07,4.8129395876711885e-12
MECDPS,"2-C-methyl-D-erythritol 2,4-cyclodiphosphate synthase",5,0.00030917199091971,0.00030917199091971,1000.0,3.0917199091971e-07,4.8129395876711885e-12
DXPRIi,1-deoxy-D-xylulose reductoisomerase,5,0.00030917199091970996,0.00030917199091970996,1000.0,3.0917199091970994e-07,4.812939587671187e-12
MECDPDH2,"2C-methyl-D-erythritol 2,4 cyclodiphosphate dehydratase",6,0.00030917199091970996,0.00030917199091970996,1000.0,3.0917199091970994e-07,4.812939587671187e-12
CU2tex,Copper (Cu+2) transport via diffusion (extracellular to periplasm),6,0.0002740036769525929,0.0002740036769525929,1000.0,2.7400367695259293e-07,3.780270757609593e-12
CU2tpp,Copper transport in via permease (no H+),5,0.0002740036769525929,0.0002740036769525929,1000.0,2.7400367695259293e-07,3.780270757609593e-12
IPDPS,1-hydroxy-2-methyl-2-(E)-butenyl 4-diphosphate reductase (ipdp),6,0.00027052549205474626,0.00027052549205474626,1000.0,2.7052549205474626e-07,3.684906871810754e-12
MNt2,Manganese transport in via proton symport,5,0.00026704730715689944,0.00026704730715689944,1000.0,2.6704730715689943e-07,3.5907612613450396e-12
DHFR,Dihydrofolate reductase,5,0.0002585450774066119,0.0002585450774066119,1000.0,2.585450774066119e-07,3.3657563356215285e-12
FOLR2,Folate reductase,5,0.0002585450774066119,0.0002585450774066119,1000.0,2.585450774066119e-07,3.3657563356215285e-12
r0963,Facilitated diffusion,6,0.0002585450774066119,0.0002585450774066119,1000.0,2.585450774066119e-07,3.3657563356215285e-12
PTPATi,Pantetheine-phosphate adenylyltransferase,6,0.00022260383346104487,0.00022260383346104487,1000.0,2.2260383346104488e-07,2.4950278822230474e-12
PNTK,Pantothenate kinase,5,0.00022260383346104485,0.00022260383346104485,1000.0,2.2260383346104485e-07,2.4950278822230466e-12
PNTOt4pp,Pantothenate sodium symporter (periplasm),4,0.00022260383346104485,0.00022260383346104485,1000.0,2.2260383346104485e-07,2.4950278822230466e-12
PPNCL,Phosphopantothenate-cysteine ligase,4,0.00022260383346104485,0.00022260383346104485,1000.0,2.2260383346104485e-07,2.4950278822230466e-12
PNTOtex,Pantothenate transport via diffusion (extracellular to periplasm),5,0.00022260383346104485,0.00022260383346104485,1000.0,2.2260383346104485e-07,2.4950278822230466e-12
PPCDC,Phosphopantothenoylcysteine decarboxylase,5,0.00022260383346104485,0.00022260383346104485,1000.0,2.2260383346104485e-07,2.4950278822230466e-12
DPCOAK,Dephospho-CoA kinase,7,0.00022260383346104485,0.00022260383346104485,1000.0,2.2260383346104485e-07,2.4950278822230466e-12
RIBFLVt2,Riboflavin transport in via proton symport,5,0.0001723633849377383,0.0001723633849377383,1000.0,1.723633849377383e-07,1.495891704720628e-12
KAS1,B-ketoacyl synthetase (Iso-C14:0),4,0.00015458599545985498,0.00015458599545985498,1000.0,1.5458599545985497e-07,1.2032348969177967e-12
FACOAL140_ISO,Fatty acid  CoA ligase  Iso C140,5,0.00015458599545985498,0.00015458599545985498,1000.0,1.5458599545985497e-07,1.2032348969177967e-12
METAT,Methionine adenosyltransferase,4,0.0001248281913338329,0.0001248281913338329,1000.0,1.248281913338329e-07,7.845768347533552e-13
OAADCS,Oxaloacetate decarboxylase sodium pump,4,0.00011130191673127601,0.00011130191673127601,1000.0,1.1130191673127601e-07,6.237569705642082e-13
THMabc,Thiamine transport via ABC system,6,8.618169246886915e-05,8.618169246886915e-05,1000.0,8.618169246886915e-08,3.73972926180157e-13
MTHFD2i,Methylenetetrahydrofolate dehydrogenase  NAD,5,8.618169246886915e-05,8.618169246886915e-05,1000.0,8.618169246886915e-08,3.73972926180157e-13
RBFK,Riboflavin kinase,5,8.618169246886915e-05,8.618169246886915e-05,1000.0,8.618169246886915e-08,3.73972926180157e-13
PLPS_1,Pyridoxal-5-phosphate synthase,4,8.618169246886915e-05,8.618169246886915e-05,1000.0,8.618169246886915e-08,3.73972926180157e-13
TMDPK_1,Thiamine diphosphokinase,5,8.618169246886915e-05,8.618169246886915e-05,1000.0,8.618169246886915e-08,3.73972926180157e-13
MTHFC,Methenyltetrahydrofolate cyclohydrolase,5,8.618169246886915e-05,8.618169246886915e-05,1000.0,8.618169246886915e-08,3.73972926180157e-13
FMNAT,FMN adenylyltransferase,4,8.618169246886915e-05,8.618169246886915e-05,1000.0,8.618169246886915e-08,3.73972926180157e-13
OCTDPS,Octaprenyl pyrophosphate synthase,5,3.864649886496375e-05,3.864649886496375e-05,1000.0,3.864649886496375e-08,7.520218105736232e-14
BZt,Benzoate transport (diffusion),4,3.864649886496375e-05,3.864649886496375e-05,1000.0,3.864649886496375e-08,7.520218105736232e-14
DMPPS,1-hydroxy-2-methyl-2-(E)-butenyl 4-diphosphate reductase (dmpp),7,3.864649886496375e-05,3.864649886496375e-05,1000.0,3.864649886496375e-08,7.520218105736232e-14
NPHS,Naphthoate synthase,4,3.864649886496375e-05,3.864649886496375e-05,1000.0,3.864649886496375e-08,7.520218105736232e-14
DHNAOT_1,1 4 dihydroxy 2 naphthoate octaprenyltransferase,4,3.864649886496375e-05,3.864649886496375e-05,1000.0,3.864649886496375e-08,7.520218105736232e-14
COBALTt5,Cobalt (Co+2) transport via diffusion (extracellular to cytoplasm),5,-3.864649886496375e-05,3.864649886496375e-05,1000.0,3.864649886496375e-08,7.520218105736232e-14
SUCBZT1,Succinyl:benzoate CoA transferase,3,3.864649886496375e-05,3.864649886496375e-05,1000.0,3.864649886496375e-08,7.520218105736232e-14
BSCT,Benzoylsuccinyl-CoA thiolase,3,-3.864649886496375e-05,3.864649886496375e-05,1000.0,3.864649886496375e-08,7.520218105736232e-14
AMMQT8_2,S-adenosylmethione:2-demethylmenaquinone methyltransferase,4,3.8646498864963745e-05,3.8646498864963745e-05,1000.0,3.864649886496374e-08,7.52021810573623e-14
HCYSMT2,Homocysteine Methyltransferase,4,3.8646498864963745e-05,3.8646498864963745e-05,1000.0,3.864649886496374e-08,7.52021810573623e-14
FADMQOR,Menaquinone:FAD oxidoreductase,4,3.8646498864963745e-05,3.8646498864963745e-05,1000.0,3.864649886496374e-08,7.52021810573623e-14
AHCi,Adenosylhomocysteinase,4,3.8646498864963745e-05,3.8646498864963745e-05,1000.0,3.864649886496374e-08,7.52021810573623e-14
DMATT,Dimethylallyltranstransferase,6,3.8646498864963745e-05,3.8646498864963745e-05,1000.0,3.864649886496374e-08,7.52021810573623e-14
GRTT,Geranyltranstransferase,6,3.8646498864963745e-05,3.8646498864963745e-05,1000.0,3.864649886496374e-08,7.52021810573623e-14
MMETtex,S-methyl-L-methionine transport via diffusion (extracellular to periplasm),5,3.864649886496374e-05,3.864649886496374e-05,1000.0,3.8646498864963735e-08,7.520218105736227e-14
MMETt2pp,S-methylmethionine permease (periplasm),4,3.864649886496374e-05,3.864649886496374e-05,1000.0,3.8646498864963735e-08,7.520218105736227e-14
LIPO2S24_BS,Lipoteichoic acid synthesis  n24   linked  N acetylglucosamine substituted,5,1.9323249432481872e-05,1.9323249432481872e-05,1000.0,1.932324943248187e-08,1.8800545264340574e-14
LIPO1S24_BS,Lipoteichoic acid synthesis  n24   linked  glucose substituted,5,1.9323249432481872e-05,1.9323249432481872e-05,1000.0,1.932324943248187e-08,1.8800545264340574e-14
LIPO4S24_BS,Lipoteichoic acid synthesis  n24   linked  unsubstituted,5,1.9323249432481872e-05,1.9323249432481872e-05,1000.0,1.932324943248187e-08,1.8800545264340574e-14
LIPO3S24_BS,Lipoteichoic acid synthesis  n24   unliked  D alanine substituted,5,1.9323249432481872e-05,1.9323249432481872e-05,1000.0,1.932324943248187e-08,1.8800545264340574e-14
SERt2r,L serine reversible transport via proton symport,4,2.953748730254469e-13,2.953748730254469e-13,1000.0,2.953748730254469e-16,4.392959719301391e-30
13PPDH2_1,"1,3-propanediol dehydrogenase",6,5.92875530285413e-14,5.92875530285413e-14,1000.0,5.92875530285413e-17,1.7698529227803823e-31
LDH_L,L-lactate dehydrogenase,4,-8.427664504547787e-15,8.427664504547787e-15,1000.0,8.427664504547788e-18,3.5762230845595135e-33
NH4tex,Ammonia transport via diffusion (extracellular to periplasm),5,-1.913878579293638e-15,1.913878579293638e-15,1000.0,1.9138785792936377e-18,1.8443310957369574e-34
NH4tpp,Ammonia reversible transport (periplasm),5,-1.913878579293638e-15,1.913878579293638e-15,1000.0,1.9138785792936377e-18,1.8443310957369574e-34
G3PAT160,Glycerol-3-phosphate acyltransferase (C16:0),5,-4.37043890009489e-17,4.37043890009489e-17,1000.0,4.3704389000948897e-20,9.61745651424956e-38
DAGK160,Diacylglycerol kinase (n-C16:0),6,-2.795636255806322e-17,2.795636255806322e-17,1000.0,2.7956362558063216e-20,3.935242078185075e-38
3NUCLE1,3  nucleotidase  3  AMP,5,-1.756997981132023e-17,1.756997981132023e-17,1000.0,1.756997981132023e-20,1.554363717021424e-38
DNMPPA,Dihydroneopterin monophosphate dephosphorylase,6,9.214162637496408e-30,9.214162637496408e-30,1000.0,9.214162637496409e-33,4.27485976504364e-63
GLYCTO1,Glycolate oxidase,4,9.214162637496407e-30,9.214162637496407e-30,1000.0,9.214162637496406e-33,4.2748597650436377e-63
DHNPA_1,Dihydroneopterin aldolase,5,9.214162637496407e-30,9.214162637496407e-30,1000.0,9.214162637496406e-33,4.2748597650436377e-63
OHPBAT,O-Phospho-4-hydroxy-L-threonine:2-oxoglutarate aminotransferase,4,-5.295769079185221e-30,5.295769079185221e-30,1000.0,5.2957690791852206e-33,1.4121089455531685e-63
PERD,Erythronate 4-phosphate (4per) dehydrogenase,5,-5.066863841539855e-30,5.066863841539855e-30,1000.0,5.0668638415398545e-33,1.292672747731172e-63
2AACLPPEAT161,2 acyl acyl carrier protein glycerophospho glycerol acyltransferase  n C160,5,0.0,0.0,1000.0,0.0,0.0
UAG2EMA,UDP-N-acetyl-D-glucosamine 2-epimerase (Hydrolysis),5,0.0,0.0,1000.0,0.0,0.0
AGM4Pt2pp,GlcNAc-anhMurNAc tetrapeptide transport in via proton symport (periplasm),4,0.0,0.0,1000.0,0.0,0.0
GLUDy_1,Glutamate dehydrogenase (NADP),4,0.0,0.0,1000.0,0.0,0.0
2AACLPGT161,2 acyl acyl carrier protein glycerophospho glycerol acyltransferase  n C160,5,0.0,0.0,1000.0,0.0,0.0
LPLIPAL1A160pp,"Lysophospholipase L1 (2-acylglycerophosphotidate, n-C16:0) (periplasm)",4,0.0,0.0,1000.0,0.0,0.0
MANGLYCptspp,2-O-alpha-mannosyl-D-glycerate transport via PEP:Pyr PTS (periplasm),4,0.0,0.0,1000.0,0.0,0.0
CD2t5,Cadmium  Cd2  transport out via proton antiport  cytosolexternal,4,0.0,0.0,1000.0,0.0,0.0
ACGAptspp,N-Acetyl-D-glucosamine transport via PEP:Pyr PTS  (periplasm),4,0.0,0.0,1000.0,0.0,0.0
PPAtex,Propionate transport via diffusion,5,0.0,0.0,1000.0,0.0,0.0
4HPRODCtex,Cis 4 hydroxy L proline transport  extracellular,6,0.0,0.0,1000.0,0.0,0.0
HYXNtex,Hypoxanthine transport via diffusion (extracellular to periplasm),5,0.0,0.0,1000.0,0.0,0.0
BTNt2i,Biotin uptake,5,0.0,0.0,1000.0,0.0,0.0
ALR4x,Aldose reductase (acetol),6,0.0,0.0,1000.0,0.0,0.0
TYRabc,,5,0.0,0.0,1000.0,0.0,0.0
BALALEUabcpp,Beta alanyl L leucine transport via ABC system  periplasm,6,0.0,0.0,1000.0,0.0,0.0
ACPS1,Acyl-carrier protein synthase,5,0.0,0.0,1000.0,0.0,0.0
ALDD1,Aldehyde dehydrogenase  formaldehyde  NAD,5,0.0,0.0,1000.0,0.0,0.0
RNDR4,Ribonucleoside-diphosphate reductase (UDP),4,0.0,0.0,1000.0,0.0,0.0
PAPSR,Phosphoadenylyl-sulfate reductase (thioredoxin),4,0.0,0.0,1000.0,0.0,0.0
PYNP1_1,Pyrimidine-nucleoside phosphorylase (cytosine),6,0.0,0.0,0.0,0.0,0.0
NBAHH_ir,Nalpha-(beta-alanyl)-L-histidine hydrolase IR,5,0.0,0.0,1000.0,0.0,0.0
ISETACabcpp,Isethionate transport via ABC system (periplasm),5,0.0,0.0,1000.0,0.0,0.0
GLYK,Glycerol kinase,5,0.0,0.0,1000.0,0.0,0.0
PSD161,Phosphatidylserine decarboxylase (n-C16:1),5,0.0,0.0,1000.0,0.0,0.0
BGLA,Beta-glucosidase,5,0.0,0.0,1000.0,0.0,0.0
ECOAH2c,Enoyl CoA hydratase  bacterial,5,0.0,0.0,1000.0,0.0,0.0
PTRCabc,Putrescine transport via ABC system,4,0.0,0.0,1000.0,0.0,0.0
G3PD4,Glycerol 3 phosphate dehydrogenase  menaquinone 7,4,0.0,0.0,1000.0,0.0,0.0
URIC,Uricase,5,0.0,0.0,1000.0,0.0,0.0
SUCBZL,O-succinylbenzoate-CoA ligase,4,0.0,0.0,1000.0,0.0,0.0
MTRK,5-methylthioribose kinase,6,0.0,0.0,1000.0,0.0,0.0
ACOTA,Acetylornithine transaminase,4,0.0,0.0,1000.0,0.0,0.0
DHBSZ3FEexs,23dhbsz3 Fe III sequestration,5,0.0,0.0,1000.0,0.0,0.0
SULFACabcpp,Sulfoacetate transport via ABC system (periplasm),5,0.0,0.0,1000.0,0.0,0.0
HACOADr,3 hydroxyacyl CoA dehydrogenase,5,0.0,0.0,1000.0,0.0,0.0
AMPEP10,Aminopeptidase,4,0.0,0.0,1000.0,0.0,0.0
AMPEP12,Aminopeptidase,5,0.0,0.0,1000.0,0.0,0.0
PG180abcpp,"Phosphatidylglycerol transport via ABC system (n-C18:0, periplasm)",5,0.0,0.0,1000.0,0.0,0.0
ASPt2pp,L-aspartate transport in via proton symport (periplasm),4,0.0,0.0,1000.0,0.0,0.0
AHSERL2,O acetylhomoserine  thiol  lyase,3,0.0,0.0,1000.0,0.0,0.0
DSERDHr,D-serine dehydrogenase,5,0.0,0.0,1000.0,0.0,0.0
GND,Phosphogluconate dehydrogenase,5,0.0,0.0,1000.0,0.0,0.0
MBCOAi,"3-Methylbutanoyl-CoA:(acceptor) 2,3-oxidoreductase",4,0.0,0.0,1000.0,0.0,0.0
METSOXR1,L-methionine-S-oxide reductase,4,0.0,0.0,1000.0,0.0,0.0
PACCOAE,"Ring 1,2-phenylacetyl-CoA epoxidase (NADPH)",5,0.0,0.0,1000.0,0.0,0.0
FACOAL60t2pp,Fatty-acid-CoA ligase (hexanoate transport via vectoral Co-A coupling),4,0.0,0.0,1000.0,0.0,0.0
ACGAtex,N-Acetyl-D-glucosamine transport via diffusion (extracellular to periplasm),5,0.0,0.0,1000.0,0.0,0.0
ARGabc,L-arginine transport via ABC system,5,0.0,0.0,1000.0,0.0,0.0
UREA_1,Urease,5,0.0,0.0,1000.0,0.0,0.0
GLCabcpp,D-glucose transport via ABC system (periplasm),5,0.0,0.0,1000.0,0.0,0.0
ACPPAT181,Acyl-(acyl carrier protein):phosphate acyltransferase (C18:1),5,0.0,0.0,1000.0,0.0,0.0
CTPS2,CTP synthase (glutamine),4,0.0,0.0,1000.0,0.0,0.0
ECOAH1_1,3 hydroxyacyl CoA dehydratase  3 hydroxybutanoyl CoA,3,0.0,0.0,1000.0,0.0,0.0
QMO2,Quinol monooxygenase (Ubiquinol-8),5,0.0,0.0,1000.0,0.0,0.0
ACM6PH,N-acetylmuramate 6-phosphate hydrolase,4,0.0,0.0,1000.0,0.0,0.0
DKDID,"D-2,3-Diketo 4-deoxy-epi-inositol dehydratase",6,0.0,0.0,1000.0,0.0,0.0
SUCCt2_2pp,Succinate transport via proton symport (2 H) (periplasm),3,0.0,0.0,1000.0,0.0,0.0
ACHBS,2-aceto-2-hydroxybutanoate synthase,4,0.0,0.0,1000.0,0.0,0.0
ACTDa,Acetoin dehydrogenase,4,0.0,0.0,0.0,0.0,0.0
MTAM_1,,6,0.0,0.0,1000.0,0.0,0.0
THMP,Thiamin phosphatase,6,0.0,0.0,1000.0,0.0,0.0
GALM,Aldose 1 epimerase,5,0.0,0.0,1000.0,0.0,0.0
AMPEP7,Aminopeptidase,5,0.0,0.0,1000.0,0.0,0.0
AMID4,Amidase,3,0.0,0.0,1000.0,0.0,0.0
MMM2,Methylmalonyl-CoA mutase,3,0.0,0.0,1000.0,0.0,0.0
FRD2,Fumarate reductase,3,0.0,0.0,1000.0,0.0,0.0
PPPGO,Protoporphyrinogen oxidase (aerobic),6,0.0,0.0,1000.0,0.0,0.0
MCTP2App,Murein crosslinking transpeptidase 1A:(A2pm->D-ala) (periplasm),5,0.0,0.0,1000.0,0.0,0.0
NTPP8,Nucleoside triphosphate pyrophosphorylase (utp),5,0.0,0.0,1000.0,0.0,0.0
GLYC3Pabcpp,Sn-Glycerol 3-phosphate transport via ABC system (periplasm),5,0.0,0.0,1000.0,0.0,0.0
ZN2t4,Zinc transport out via antiport,5,0.0,0.0,1000.0,0.0,0.0
NTPP3,Nucleoside triphosphate pyrophosphorylase (dctp),5,0.0,0.0,1000.0,0.0,0.0
LDH_D,D-lactate dehydrogenase,4,0.0,0.0,1000.0,0.0,0.0
FE3PYOVDL2,Ferripyoverdine complex formation  P putida KT2440 specific,5,0.0,0.0,1000.0,0.0,0.0
BALAt2r,Beta Alanine transport in via proton symport,5,0.0,0.0,1000.0,0.0,0.0
CHLabc,Choline transport via ABC system,7,0.0,0.0,1000.0,0.0,0.0
DURIPP_1,Deoxyuridine phosphorylase,6,0.0,0.0,1000.0,0.0,0.0
PTHPS_1,6-pyruvoyltetrahydropterin synthase,6,0.0,0.0,1000.0,0.0,0.0
ALDD6,Aldehyde dehydrogenase  hexanal  NAD,4,0.0,0.0,1000.0,0.0,0.0
3AMPt6,3  AMP transport inout via proton symport,6,0.0,0.0,1000.0,0.0,0.0
SHGO,S-2-hydroxyglutarate oxidase,4,0.0,0.0,1000.0,0.0,0.0
FACOAE180,Fatty-acid-CoA thioesterase (octadecanoate),4,0.0,0.0,1000.0,0.0,0.0
IMPC,IMP cyclohydrolase,6,0.0,0.0,1000.0,0.0,0.0
AB6PGH,Arbutin 6-phosphate glucohydrolase,5,0.0,0.0,1000.0,0.0,0.0
GLXCBL,Glyoxalate carboligase,4,0.0,0.0,1000.0,0.0,0.0
PRATPP,Phosphoribosyl-ATP pyrophosphatase,6,0.0,0.0,1000.0,0.0,0.0
MDDCP5pp,"Murein D,D-carboxypeptidase (murein5p3p) (periplasm)",5,0.0,0.0,1000.0,0.0,0.0
M1PD,Mannitol-1-phosphate 5-dehydrogenase,5,0.0,0.0,1000.0,0.0,0.0
GALabc,D-galactose transport via ABC system,5,0.0,0.0,1000.0,0.0,0.0
NADS2,Nicotinate-mononucleotide adenylyltransferase,4,0.0,0.0,1000.0,0.0,0.0
XPPT,Xanthine phosphoribosyltransferase,5,0.0,0.0,1000.0,0.0,0.0
FDMO4,FMNH2-dependent monooxygenase (butanesulfonate),4,0.0,0.0,1000.0,0.0,0.0
PUNP2,Purine-nucleoside phosphorylase (Deoxyadenosine),6,0.0,0.0,1000.0,0.0,0.0
INSCR,Inositol catabolic reactions  lumped,4,0.0,0.0,1000.0,0.0,0.0
DHORDi,Dihydoorotic acid dehydrogenase  irreversible,5,0.0,0.0,1000.0,0.0,0.0
SHSL3,O succinylhomoserine lyase  methanethiol,3,0.0,0.0,1000.0,0.0,0.0
DUTPDP,DUTP diphosphatase,5,0.0,0.0,1000.0,0.0,0.0
DHFS,Dihydrofolate synthase,4,0.0,0.0,1000.0,0.0,0.0
AMPTASEAT,Aminopeptidase  Ala Thr,5,0.0,0.0,1000.0,0.0,0.0
PUNP5,Purine-nucleoside phosphorylase (Inosine),5,0.0,0.0,1000.0,0.0,0.0
ILEDHr,Isoleucine dehydrogenase,5,0.0,0.0,1000.0,0.0,0.0
LCADi,Lactaldehyde dehydrogenase,5,0.0,0.0,1000.0,0.0,0.0
ALALEUt,Dipeptide transport via ABC system ala-leu,6,0.0,0.0,1000.0,0.0,0.0
ALCD2ir,Alcohol dehydrogenase  reverse rxn  acetaldehyde   ethanol,4,0.0,0.0,0.0,0.0,0.0
CYTD,Cytidine deaminase,5,0.0,0.0,1000.0,0.0,0.0
THRA2,L-allo-Threonine Aldolase,4,0.0,0.0,1000.0,0.0,0.0
GLYALDDr,D-Glyceraldehyde dehydrogenase,5,0.0,0.0,1000.0,0.0,0.0
TAURabcpp,Taurine transport via ABC system (periplasm),5,0.0,0.0,1000.0,0.0,0.0
HETZK,Hydroxyethylthiazole kinase,5,0.0,0.0,1000.0,0.0,0.0
CD2abc1,Cadmium transport out via ABC system,5,0.0,0.0,1000.0,0.0,0.0
ANSN,Anthranilate synthase (NH3),4,0.0,0.0,1000.0,0.0,0.0
GLCAt2,,5,0.0,0.0,1000.0,0.0,0.0
2AACLPGT160,2 acyl acyl carrier protein glycerophospho glycerol acyltransferase  n C160,5,0.0,0.0,1000.0,0.0,0.0
PPAt4pp,Na+/Propionate symporter (periplasm),4,0.0,0.0,1000.0,0.0,0.0
DGK1,Deoxyguanylate kinase (dGMP:ATP),5,0.0,0.0,1000.0,0.0,0.0
PRMICI,1-(5-phosphoribosyl)-5-[(5-phosphoribosylamino)methylideneamino)imidazole-4-carboxamide isomerase,5,0.0,0.0,1000.0,0.0,0.0
ARGDr,Arginine deiminase,5,0.0,0.0,1000.0,0.0,0.0
AMPTASEAL,Aminopeptidase  Ala Leu,5,0.0,0.0,1000.0,0.0,0.0
XYLI1,Xylose isomerase,7,0.0,0.0,1000.0,0.0,0.0
PYRt2rpp,Pyruvate reversible transport via proton symport (periplasm),4,0.0,0.0,1000.0,0.0,0.0
PLIPA1G180pp,"Phospholipase A1 (phosphatidylglycerol, n-C18:0) (periplasm)",4,0.0,0.0,1000.0,0.0,0.0
DURIK1,Deoxyuridine kinase (ATP:Deoxyuridine),6,0.0,0.0,1000.0,0.0,0.0
DAGK_BS,Diacylglycerol kinase,5,0.0,0.0,1000.0,0.0,0.0
P5CR,Pyrroline-5-carboxylate reductase,4,0.0,0.0,0.0,0.0,0.0
FE3tex,Iron (III) transport via diffusion (extracellular to periplasm),5,0.0,0.0,1000.0,0.0,0.0
G3PEabcpp,Sn-glycerol-3-phosphoethanolamine transport via ABC system (periplasm),5,0.0,0.0,1000.0,0.0,0.0
APATi,Tetrahydrodipicolinate acetyltransferase,3,0.0,0.0,1000.0,0.0,0.0
DHPS,Dihydropteroate synthase,5,0.0,0.0,1000.0,0.0,0.0
DASYN180,CDP-diacylglycerol synthetase (n-C18:0),5,0.0,0.0,1000.0,0.0,0.0
RHA40tex,R 3 Hydroxy acid transport diffusion C40  extracellular to periplasm,5,0.0,0.0,1000.0,0.0,0.0
UPP3MT_2,Uroporphyrinogen methyltransferase,5,0.0,0.0,1000.0,0.0,0.0
AGM3PApp,N-Acetyl-D-glucosamine(anhydrous)N-Acetylmuramyl-tripeptide amidase (periplasm),5,0.0,0.0,1000.0,0.0,0.0
BLAMDtex,Beta Alaninamide transport via diffusion  extracellular to periplasm,7,0.0,0.0,1000.0,0.0,0.0
HMGL,Hydroxymethylglutaryl-CoA lyase,3,0.0,0.0,1000.0,0.0,0.0
GLYCtex,Glycerol transport via diffusion (extracellular to periplasm),7,0.0,0.0,1000.0,0.0,0.0
METt3pp,L-methionine tranport out via proton antiport (periplasm),4,0.0,0.0,1000.0,0.0,0.0
RIBabc1,D ribose transport out via ABC system,6,0.0,0.0,1000.0,0.0,0.0
AEPtex,AEP transport via diffusion extracellular to periplasm,6,0.0,0.0,1000.0,0.0,0.0
FE2tex,Iron (II) transport via diffusion (extracellular to periplasm),5,0.0,0.0,1000.0,0.0,0.0
G5SD,Glutamate-5-semialdehyde dehydrogenase,5,0.0,0.0,1000.0,0.0,0.0
FRUpts,D-fructose transport via PEP:Pyr PTS,4,0.0,0.0,1000.0,0.0,0.0
AABTN,4 acetamidobutyrate deacetylase,3,0.0,0.0,1000.0,0.0,0.0
SO4tex,Sulfate transport via diffusion (extracellular to periplasm),6,0.0,0.0,1000.0,0.0,0.0
DIPEPabc1,Dipeptide transport via ABC system  ala asp,6,0.0,0.0,1000.0,0.0,0.0
OXADC,Oxalate decarboxylase,4,0.0,0.0,1000.0,0.0,0.0
Cobalt2abcppI,Cobalt II transport via ABC system periplasm I,5,0.0,0.0,1000.0,0.0,0.0
D5KGPA,2-Deoxy-5-keto-D-gluconate 6-phosphate aldolase,4,0.0,0.0,1000.0,0.0,0.0
MEOHtrpp,Methanol reversible transport via diffusion (periplasm),7,0.0,0.0,1000.0,0.0,0.0
SSALy,Succinate-semialdehyde dehydrogenase (NADP),3,0.0,0.0,1000.0,0.0,0.0
LSERDHr,L-serine dehydrogenase,4,0.0,0.0,1000.0,0.0,0.0
DGNSK_1,ATP deoxyguanosine 5'-phosphotransferase,6,0.0,0.0,1000.0,0.0,0.0
SHSL1,O-succinylhomoserine lyase (L-cysteine),3,0.0,0.0,1000.0,0.0,0.0
MALTpts,Maltose transport via PEP:Pyr PTS,4,0.0,0.0,1000.0,0.0,0.0
ACPS,Acyl Carrier Protein Synthase,5,0.0,0.0,1000.0,0.0,0.0
VALt2rpp,L-valine reversible transport via proton symport (periplasm),4,0.0,0.0,1000.0,0.0,0.0
RIBabc,D-ribose transport via ABC system,6,0.0,0.0,1000.0,0.0,0.0
FACOAL181t2pp,Fatty-acid-CoA ligase (octadecenoate transport via vectoral Co-A coupling),4,0.0,0.0,1000.0,0.0,0.0
MTAN,Methylthioadenosine nucleosidase,5,0.0,0.0,1000.0,0.0,0.0
AMPTASEGGLN,Aminopeptidase  Gly Gln,4,0.0,0.0,1000.0,0.0,0.0
NADK3,NAD kinase  dGTP,5,0.0,0.0,1000.0,0.0,0.0
ITCY,ITP:cytidine 5'-phosphotransferase,5,0.0,0.0,1000.0,0.0,0.0
RBFSa,Riboflavin synthase,6,0.0,0.0,1000.0,0.0,0.0
METSabc,L methionine S oxide transport via ABC system,5,0.0,0.0,1000.0,0.0,0.0
GALTpts,Galactitol transport via PEP:Pyr PTS,4,0.0,0.0,1000.0,0.0,0.0
TSULP,Thiosulfate permease,4,0.0,0.0,1000.0,0.0,0.0
AHCYSNS,S-adenosylhomocysteine nucleosidase,5,0.0,0.0,1000.0,0.0,0.0
DASYN160,CDP-diacylglycerol synthetase (n-C16:0),5,0.0,0.0,1000.0,0.0,0.0
NTPP7,Nucleoside triphosphate pyrophosphorylase (dttp),5,0.0,0.0,1000.0,0.0,0.0
ECOAH5,3-hydroxyacyl-CoA dehydratase (3-hydroxydodecanoyl-CoA),5,0.0,0.0,1000.0,0.0,0.0
PPAt2pp,H+/Propionate symporter (periplasm),4,0.0,0.0,1000.0,0.0,0.0
MSULR,Metanesulfonate reductase  NADPH2,4,0.0,0.0,1000.0,0.0,0.0
NTP10,Nucleoside-triphosphatase (ITP),6,0.0,0.0,1000.0,0.0,0.0
FDMO6,FMNH2-dependent monooxygenase (sulfoacetate),4,0.0,0.0,1000.0,0.0,0.0
INSTt2,Inositol transport in via proton symport,6,0.0,0.0,1000.0,0.0,0.0
GLYGLYtex,L Glycinylglycine transport via diffusion  extracellular to periplasm,6,0.0,0.0,1000.0,0.0,0.0
DHAD3,Dihydroxy acid dehydratase  2 3 dihydroxy 3 methylpentanoate,6,0.0,0.0,1000.0,0.0,0.0
DINSK,Deoxyinosine kinase,6,0.0,0.0,1000.0,0.0,0.0
FACOAL161,Fatty acid  CoA ligase  hexadecenoate,4,0.0,0.0,1000.0,0.0,0.0
IND3ACtex,Indole 3 acetate transport  exterior,5,0.0,0.0,1000.0,0.0,0.0
RIBabcpp,D-ribose transport via ABC system (periplasm),6,0.0,0.0,1000.0,0.0,0.0
INSTabc,Inositol transport in via ABC transport,6,0.0,0.0,1000.0,0.0,0.0
METSR_S2,L methionine S oxide reductase  H2O2,4,0.0,0.0,1000.0,0.0,0.0
AACPS6,Acyl-[acyl-carrier-protein] synthetase  (n-C18:0),4,0.0,0.0,1000.0,0.0,0.0
AHSERL4,Cysteine synthase  Thiosulfate,3,0.0,0.0,1000.0,0.0,0.0
PUNP4,Purine-nucleoside phosphorylase (Deoxyguanosine),5,0.0,0.0,1000.0,0.0,0.0
ALAGLYtr,Dipeptide transport via ABC system ala-gly,5,0.0,0.0,1000.0,0.0,0.0
ADSK,Adenylyl-sulfate kinase,5,0.0,0.0,1000.0,0.0,0.0
ACPPAT180,Acyl-(acyl carrier protein):phosphate acyltransferase (C18:0),5,0.0,0.0,1000.0,0.0,0.0
DALADALAD,Beta alanine beta alanine dipeptidase,5,0.0,0.0,1000.0,0.0,0.0
G3PT,Glycerol-3-phosphatase,5,0.0,0.0,1000.0,0.0,0.0
PLIPA1E181pp,"Phospholipase A1 (phosphatidylethanolamine, n-C18:1) (periplasm)",4,0.0,0.0,1000.0,0.0,0.0
AGMT,Agmatinase,4,0.0,0.0,1000.0,0.0,0.0
SHSL4r,O succinylhomoserine lyase  elimination   reversible,3,0.0,0.0,1000.0,0.0,0.0
AACLAM,Acetyl adenylate CoA ligase AMP-forming,3,0.0,0.0,1000.0,0.0,0.0
NODOy,Nitric oxide dioxygenase,6,0.0,0.0,1000.0,0.0,0.0
GLYOX_1,Glyoxalase I; Ni-dependent,5,0.0,0.0,0.0,0.0,0.0
ETOHtrpp,Ethanol reversible transport via diffusion (periplasm),5,0.0,0.0,1000.0,0.0,0.0
AEPPYRTA,2 aminoethylphosphonate pyruvate transaminase,4,0.0,0.0,1000.0,0.0,0.0
CHORM,Chorismate mutase,5,0.0,0.0,1000.0,0.0,0.0
COBALTt4pp,Cobalt transport out via proton antiporter (periplasm),4,0.0,0.0,1000.0,0.0,0.0
GCCb_1,Glycine cleavage complex,5,0.0,0.0,1000.0,0.0,0.0
TNTHAC1,2 4 6 dinitrotoluene meisenheimer dihydrideTNT derived hydroxylamines condensation,5,0.0,0.0,1000.0,0.0,0.0
NTPP4,Nucleoside triphosphate pyrophosphorylase (ctp),5,0.0,0.0,1000.0,0.0,0.0
NO3t,"Nitrate transport, extracellular",7,0.0,0.0,1000.0,0.0,0.0
CMCBTFexs,Carboxymycobactin Fe loading reaction  spontaneous,5,0.0,0.0,1000.0,0.0,0.0
GLUTARH,Glutarate hydroxylase,3,0.0,0.0,1000.0,0.0,0.0
LEUabcpp,L-leucine transport via ABC system (periplasm),5,0.0,0.0,1000.0,0.0,0.0
FA80ACPHi,Fatty-acyl-ACP hydrolase,5,0.0,0.0,1000.0,0.0,0.0
NTPP1_1,Nucleoside triphosphate pyrophosphorylase (dgtp),5,0.0,0.0,1000.0,0.0,0.0
XYLt2,D-xylose transport in via proton symport,8,0.0,0.0,1000.0,0.0,0.0
2AGPG181tipp,2-Acyl-sn-glycero-3-phosphoglycerol (n-C18:1) transporter via facilitated diffusion (periplasm),5,0.0,0.0,1000.0,0.0,0.0
NDP7,Nucleoside diphosphatase  UDP,5,0.0,0.0,1000.0,0.0,0.0
AMPEP4,Aminopeptidase,4,0.0,0.0,1000.0,0.0,0.0
GLYGLNtr,Dipeptide transport via ABC system gly-gln,5,0.0,0.0,1000.0,0.0,0.0
CYSabc2pp,L-cysteine export via ABC system (cytoplasm to periplasm),4,0.0,0.0,1000.0,0.0,0.0
ACTNabc1,Acetoin efflux  via ABC system,4,0.0,0.0,1000.0,0.0,0.0
BHBtpp,Transport of (r)-3-hydroxybutanoate [extraorganism-cytosol](passive),4,0.0,0.0,1000.0,0.0,0.0
HXCT,Acetyl-CoA:hexanoate-CoA transferase,3,0.0,0.0,1000.0,0.0,0.0
AMPEP11,Aminopeptidase,4,0.0,0.0,1000.0,0.0,0.0
PHHL2,,4,0.0,0.0,1000.0,0.0,0.0
AHMMPS_1,4 amino 5 hydroxymethyl 2 methylpyrimidine synthetase,5,0.0,0.0,1000.0,0.0,0.0
DATPHs,DATP amine hydrolysis (spontaneous),5,0.0,0.0,1000.0,0.0,0.0
MFUMt8,Na+/fumarate symporter,4,0.0,0.0,1000.0,0.0,0.0
SMIA1Eabc,Siderophore Mediated Iron Acquisition: Staphyloferrin A export,6,0.0,0.0,1000.0,0.0,0.0
GLYLEUAP,Gly-Leu aminopeptidase,4,0.0,0.0,1000.0,0.0,0.0
DIPEPabc8,Dipeptide transport via ABC system  gly asn,5,0.0,0.0,1000.0,0.0,0.0
DRBK,Deoxyribokinase,5,0.0,0.0,1000.0,0.0,0.0
MNLptspp,Mannitol transport via PEP:Pyr PTS (periplasm),4,0.0,0.0,1000.0,0.0,0.0
CYSS_2,Cysteine synthase,3,0.0,0.0,1000.0,0.0,0.0
LALGP,L-alanyl-gamma-L-glutamate peptidase,4,0.0,0.0,1000.0,0.0,0.0
MTHFD,Methylenetetrahydrofolate dehydrogenase (NADP),5,0.0,0.0,1000.0,0.0,0.0
MACACI,Maleylacetoacetate isomerase,4,0.0,0.0,1000.0,0.0,0.0
BLAMDabcpp,Beta alanyl L alanine transport via ABC system  periplasm,6,0.0,0.0,1000.0,0.0,0.0
23PDE2pp,"2',3'-cyclic-nucleotide phosphodiesterase (UMP) (periplasm)",4,0.0,0.0,1000.0,0.0,0.0
BUTCT2,,2,0.0,0.0,1000.0,0.0,0.0
AACPS4,Acyl-[acyl-carrier-protein] synthetase  (n-C16:1),4,0.0,0.0,1000.0,0.0,0.0
G5SADs,L-glutamate 5-semialdehyde dehydratase (spontaneous),5,0.0,0.0,1000.0,0.0,0.0
AI2tpp,Quorum signal AI-2 exporter,7,0.0,0.0,1000.0,0.0,0.0
RIBtex,Ribose transport via diffusion (extracellular to periplasm),7,0.0,0.0,1000.0,0.0,0.0
OCTAtex,Octanoate transport via diffusion (extracellular to periplasm),5,0.0,0.0,1000.0,0.0,0.0
DAPDC,Diaminopimelate decarboxylase,5,0.0,0.0,1000.0,0.0,0.0
MNLpts,Mannitol transport via PEP:Pyr PTS,4,0.0,0.0,1000.0,0.0,0.0
ICITt4pp,Citrate transport via sodium symport  periplasm,4,0.0,0.0,1000.0,0.0,0.0
PSSA161,Phosphatidylserine syntase (n-C16:1),4,0.0,0.0,1000.0,0.0,0.0
METOX1s,Methionine oxidation (spontaneous),4,0.0,0.0,1000.0,0.0,0.0
MDDCP2pp,"Murein D,D-carboxypeptidase (murein5px4px4p) (periplasm)",5,0.0,0.0,1000.0,0.0,0.0
HACD1_1,3 hydroxyacyl CoA dehydrogenase  acetoacetyl CoA,2,0.0,0.0,1000.0,0.0,0.0
OCBT_1,Ornithine carbamoyltransferase,5,0.0,0.0,1000.0,0.0,0.0
ADSS,Adenylosuccinate synthase,5,0.0,0.0,1000.0,0.0,0.0
MHPGLUT2,5-methyltetrahydropteroyltriglutamate methyltransferase,5,0.0,0.0,1000.0,0.0,0.0
HISabc,L-histidine transport via ABC system,5,0.0,0.0,1000.0,0.0,0.0
GTPDPK_1,ATP:GTP 3'-diphosphotransferase,5,0.0,0.0,1000.0,0.0,0.0
TSULabcpp,Thiosulfate transport via ABC system (periplasm),4,0.0,0.0,1000.0,0.0,0.0
GAPD,Glyceraldehyde-3-phosphate dehydrogenase,5,0.0,0.0,0.0,0.0,0.0
PRFGS,Phosphoribosylformylglycinamidine synthase,4,0.0,0.0,1000.0,0.0,0.0
LYSabcpp,L-lysine transport via ABC system (periplasm),5,0.0,0.0,1000.0,0.0,0.0
APTNAT,5-aminopentanoate:2-oxoglutarate aminotransferase,4,0.0,0.0,1000.0,0.0,0.0
URIK2,Uridine kinase (GTP:Uridine),5,0.0,0.0,1000.0,0.0,0.0
MANPGH,2-O-alpha-mannosyl-6-phosphate-D-glycerate hydrolase,5,0.0,0.0,1000.0,0.0,0.0
INOSR,Ketoinositol reductase,5,0.0,0.0,10.0,0.0,0.0
AGPAT181,1-octadec-7-enoyl-sn-glycerol 3-phosphate O-acyltransferase (n-C18:1),5,0.0,0.0,1000.0,0.0,0.0
NOS1_1,Nitric Oxide Synthase (intermediate forming),5,0.0,0.0,1000.0,0.0,0.0
CYTBD2pp,Cytochrome oxidase bd (menaquinol-8: 2 protons) (periplasm),4,0.0,0.0,1000.0,0.0,0.0
AGM4PCP,"N-Acetyl-D-glucosamine(anhydrous)N-Acetylmuramyl-tetrapeptide L,D-carboxypeptidase",5,0.0,0.0,1000.0,0.0,0.0
GLYabc,Glycine transport via ABC system,4,0.0,0.0,1000.0,0.0,0.0
GUAt2pp,Guanine transport in via proton symport (periplasm),4,0.0,0.0,1000.0,0.0,0.0
GLYBt3pp,Glycine betaine transport via proton antiport (periplasm),4,0.0,0.0,1000.0,0.0,0.0
GLYMETtr,Dipeptide transport via ABC system gly-met,5,0.0,0.0,1000.0,0.0,0.0
FDH,Formate dehydrogenase,5,0.0,0.0,1000.0,0.0,0.0
ACONTb,"Aconitase (half-reaction B, Isocitrate hydro-lyase)",4,0.0,0.0,1000.0,0.0,0.0
TNTR4,TNT nitroreductase Meisenheimer dihydride complex forming,6,0.0,0.0,1000.0,0.0,0.0
DDGLK,2-dehydro-3-deoxygluconokinase,5,0.0,0.0,1000.0,0.0,0.0
NTPP1,Nucleoside triphosphate pyrophosphorylase (dgtp),5,0.0,0.0,1000.0,0.0,0.0
FACOAL140,Fatty acid  CoA ligase  tetradecanoate,4,0.0,0.0,1000.0,0.0,0.0
FE3abc,Iron (III) transport via ABC system,5,0.0,0.0,1000.0,0.0,0.0
PYNP2r_1,Pyrimidine-nucleoside phosphorylase (uracil),5,0.0,0.0,1000.0,0.0,0.0
PROt4,Na+/Proline-L symporter,4,0.0,0.0,1000.0,0.0,0.0
OXDHCOAT,"3-oxo-5,6-dehydrosuberyl-CoA thiolase",3,0.0,0.0,1000.0,0.0,0.0
NMNHYD_1,Nicotinamide ribonucleotide phosphohydrolase,7,0.0,0.0,1000.0,0.0,0.0
HSDxi,Homoserine dehydrogenase  NADH   irreversible,4,0.0,0.0,0.0,0.0,0.0
REPHACCOAI,"Ring 1,2-epoxyphenylacetyl-CoA isomerase (oxepin-CoA forming)",5,0.0,0.0,1000.0,0.0,0.0
HSDy,Homoserine dehydrogenase (NADPH),4,0.0,0.0,0.0,0.0,0.0
TSULabc,Thiosulfate transport via ABC system,4,0.0,0.0,1000.0,0.0,0.0
HSERTA,Homoserine O trans acetylase,3,0.0,0.0,1000.0,0.0,0.0
TAGURr,Tagaturonate reductase,6,0.0,0.0,1000.0,0.0,0.0
RNTR4,Ribonucleoside triphosphate reductase  UTP,4,0.0,0.0,1000.0,0.0,0.0
FE2t4pp,Iron(II) transport out via antiport (periplasm),4,0.0,0.0,1000.0,0.0,0.0
PIt2r,Phosphate reversible transport via symport,6,0.0,0.0,1000.0,0.0,0.0
MLTGY2pp,Murein lytic transglycosylase (murein4p3p) (periplasm),5,0.0,0.0,1000.0,0.0,0.0
CGLYabcpp,L-Cysteinylglycine (Cys-Gly) transport via ABC system (periplasm),5,0.0,0.0,1000.0,0.0,0.0
CHOLD,Choline dehydrogenase,6,0.0,0.0,1000.0,0.0,0.0
GLCURt2rpp,"D-glucuronate transport via proton symport, reversible (periplasm)",4,0.0,0.0,1000.0,0.0,0.0
NTP5,Nucleoside-triphosphatase (CTP),5,0.0,0.0,1000.0,0.0,0.0
DSERt2,D-serine transport via proton symport,5,0.0,0.0,1000.0,0.0,0.0
BALAGLYabcpp,Beta alanyl L glycine transport via ABC system  periplasm,5,0.0,0.0,1000.0,0.0,0.0
P5CD,1-pyrroline-5-carboxylate dehydrogenase,4,0.0,0.0,1000.0,0.0,0.0
DIPEPabc12,Dipeptide transport via ABC system  met ala,5,0.0,0.0,1000.0,0.0,0.0
MOHMT,3-methyl-2-oxobutanoate hydroxymethyltransferase,4,0.0,0.0,1000.0,0.0,0.0
GLUTRR,Glutamyl-tRNA reductase,5,0.0,0.0,1000.0,0.0,0.0
IGPDH_1,Imidazoleglycerol phosphate dehydratase,5,0.0,0.0,1000.0,0.0,0.0
NTD9,5'-nucleotidase (GMP),5,0.0,0.0,1000.0,0.0,0.0
4HTHRA,4-hydroxy-L-threonine aldolase,4,0.0,0.0,1000.0,0.0,0.0
IPMD,3-isopropylmalate dehydrogenase,6,0.0,0.0,1000.0,0.0,0.0
CAt4,Calcium transport inout via proton antiporter,5,0.0,0.0,1000.0,0.0,0.0
DNTPPA,Dihydroneopterin triphosphate pyrophosphatase,6,0.0,0.0,1000.0,0.0,0.0
ASNabc,L-asparagine transport via ABC system,5,0.0,0.0,1000.0,0.0,0.0
BPNT_1,"3',5'-bisphosphate nucleotidase",5,0.0,0.0,1000.0,0.0,0.0
NADPHQR2,NADPH Quinone Reductase (Ubiquinone-8),5,0.0,0.0,1000.0,0.0,0.0
URCN,Urocanase,6,0.0,0.0,1000.0,0.0,0.0
TNTR2x,TNT nitroreductase 2 Hydroxylamino 4 6 dinitrotoluene,5,0.0,0.0,1000.0,0.0,0.0
NIabc,Nickel transport via ABC system,5,0.0,0.0,1000.0,0.0,0.0
HIBHr,3 hydroxyisobutyryl CoA hydrolase,6,0.0,0.0,1000.0,0.0,0.0
ACOAD5,Acyl-CoA dehydrogenase (dodecanoyl-CoA),5,0.0,0.0,1000.0,0.0,0.0
CD2t4pp,Cadmium (Cd+2) transport out via proton antiport (periplasm),4,0.0,0.0,1000.0,0.0,0.0
DRPA,Deoxyribose-phosphate aldolase,4,0.0,0.0,1000.0,0.0,0.0
HISDr,Histidase r,5,0.0,0.0,1000.0,0.0,0.0
GTPCII,GTP cyclohydrolase II,5,0.0,0.0,1000.0,0.0,0.0
LEUt3pp,L-leucine transport out via proton antiport (periplasm),4,0.0,0.0,1000.0,0.0,0.0
ABUTD,Aminobutyraldehyde dehydrogenase,4,0.0,0.0,1000.0,0.0,0.0
LTHRK,L threonine kinase,5,0.0,0.0,1000.0,0.0,0.0
13PPDH2,"1,3-propanediol dehydrogenase",7,0.0,0.0,1000.0,0.0,0.0
PFK,Phosphofructokinase,5,0.0,0.0,1000.0,0.0,0.0
SERabc,L-serine transport via ABC system,4,0.0,0.0,1000.0,0.0,0.0
UREASE,Urea carboxylase,4,0.0,0.0,1000.0,0.0,0.0
ASPt2r,L aspartate reversible transport via proton symport,5,0.0,0.0,1000.0,0.0,0.0
GK2,Guanylate kinase  GMPdATP,5,0.0,0.0,1000.0,0.0,0.0
GCCa_1,Glycine-cleavage complex,4,0.0,0.0,1000.0,0.0,0.0
LYSGLUGLYtr,Tripeptide transport,5,0.0,0.0,1000.0,0.0,0.0
DIPEPabc13,Dipeptide transport via ABC system  gly asp,5,0.0,0.0,1000.0,0.0,0.0
GALS3,A-galactosidase (melibiose),5,0.0,0.0,1000.0,0.0,0.0
ASPtpp,L-aspartate uptake via facillitated diffusion,5,0.0,0.0,1000.0,0.0,0.0
ICL,Isocitrate lyase,3,0.0,0.0,1000.0,0.0,0.0
AMID_1,Acetamidase,3,0.0,0.0,1000.0,0.0,0.0
VALabcpp,L-valine transport via ABC system (periplasm),5,0.0,0.0,1000.0,0.0,0.0
SUCpts,Sucrose transport via PEP:Pyr PTS,4,0.0,0.0,1000.0,0.0,0.0
DHAK,Dihydroxyacetone kinase,5,0.0,0.0,1000.0,0.0,0.0
PRAIi,Phosphoribosylanthranilate isomerase (irreversible),6,0.0,0.0,1000.0,0.0,0.0
ADPGLC,ADPglucose diphosphatase,6,0.0,0.0,1000.0,0.0,0.0
THRD_L,L-threonine deaminase,4,0.0,0.0,1000.0,0.0,0.0
GTHRDHpp,Glutathione hydralase (periplasmic),5,0.0,0.0,1000.0,0.0,0.0
PTRCAT1,Putrescine acetyltransferase,3,0.0,0.0,1000.0,0.0,0.0
HCYSMT,Homocysteine S-methyltransferase,4,0.0,0.0,1000.0,0.0,0.0
LDGUNPD,Linear diguanylate phosphodiesterase,5,0.0,0.0,1000.0,0.0,0.0
GLYGLYCNc,Hydrolysis of glycylycine for uptake,4,0.0,0.0,1000.0,0.0,0.0
3CMPt6,3  CMP transport in via proton symport,7,0.0,0.0,1000.0,0.0,0.0
HIBD,3 hydroxyisobutyrate dehydrogenase,5,0.0,0.0,1000.0,0.0,0.0
MPTG,Murein polymerizing transglycosylase,6,0.0,0.0,1000.0,0.0,0.0
HISTP_1,Histidinol-phosphatase,5,0.0,0.0,1000.0,0.0,0.0
THRt2pp,L-threonine efflux transport via proton antiport (periplasm),4,0.0,0.0,1000.0,0.0,0.0
ICITtupp,Isocitrate transport periplasm,4,0.0,0.0,1000.0,0.0,0.0
ICITtex,Citrate transport via diffusion extracellular to periplasm,5,0.0,0.0,1000.0,0.0,0.0
G1SAT,Glutamate-1-semialdehyde aminotransferase,6,0.0,0.0,1000.0,0.0,0.0
PDHcr,Pyruvate dehydrogenase (dihydrolipoamide dehydrogenase) reversible,4,0.0,0.0,1000.0,0.0,0.0
AMANK,N-acetyl-D-mannosamine kinase,5,0.0,0.0,1000.0,0.0,0.0
3MBt4pp,Na+/Isovalerate symport (periplasm),4,0.0,0.0,1000.0,0.0,0.0
2PGLYCt6,2 Phosphoglycolate transport inout via proton symport,6,0.0,0.0,1000.0,0.0,0.0
St,Sulfur diffusion,5,0.0,0.0,1000.0,0.0,0.0
ACACT5r,Acetyl-CoA C-acyltransferase (decanoyl-CoA) (r),3,0.0,0.0,1000.0,0.0,0.0
GLYt4,Glycine transport via sodium symport,4,0.0,0.0,1000.0,0.0,0.0
MPTG2,Murein polymerizing transglycosylase 2 (three linked units),6,0.0,0.0,1000.0,0.0,0.0
GLCURDH,Glucoronate dehydrogenase,5,0.0,0.0,1000.0,0.0,0.0
FRD3,Fumarate reductase,3,0.0,0.0,1000.0,0.0,0.0
PSD180,Phosphatidylserine decarboxylase (n-C18:0),5,0.0,0.0,1000.0,0.0,0.0
PGL,6-phosphogluconolactonase,6,0.0,0.0,1000.0,0.0,0.0
4HPROLTtex,Trans 4 hydroxy L proline transport  extracellular,5,0.0,0.0,1000.0,0.0,0.0
HXANt2r,Hypoxanthine reversible transport via proton symport,5,0.0,0.0,1000.0,0.0,0.0
ATHRDHr,L-allo-threonine dehydrogenase,4,0.0,0.0,1000.0,0.0,0.0
SALCHS2FEexs,Salmochelin s2 Fe III sequestration,5,0.0,0.0,1000.0,0.0,0.0
PGMT_B,B phosphoglucomutase,6,0.0,0.0,0.0,0.0,0.0
CITt3pp,Citrate transport out via proton antiport (periplasm),4,0.0,0.0,1000.0,0.0,0.0
SMIA2abc,Siderophore Mediated Iron Acquisition: Staphyloferrin B transport via ABC,5,0.0,0.0,1000.0,0.0,0.0
DSERtex,D-serine transport via diffusion (extracellular to periplasm),5,0.0,0.0,1000.0,0.0,0.0
IG3PS_1,Imidazole glycerol 3 phosphate synthase,4,0.0,0.0,1000.0,0.0,0.0
PGMT_2,,5,0.0,0.0,0.0,0.0,0.0
GLUSy,Glutamate synthase (NADPH),4,0.0,0.0,1000.0,0.0,0.0
BALAGLYtex,Beta alanyl L glycine transport via diffusion  extracellular to periplasm,6,0.0,0.0,1000.0,0.0,0.0
MME,Methylmalonyl-CoA epimerase,4,0.0,0.0,1000.0,0.0,0.0
GLUKA_1,Glucokinase/hexokinase (glc-A),5,0.0,0.0,1000.0,0.0,0.0
CTECOAI6,3-cis-2-trans-enoyl-CoA isomerase,5,0.0,0.0,1000.0,0.0,0.0
GLCDpp,Glucose dehydrogenase (ubiquinone-8 as acceptor) (periplasm),4,0.0,0.0,1000.0,0.0,0.0
HG2abcpp,Mercury (Hg+2) ABC transporter (periplasm),5,0.0,0.0,1000.0,0.0,0.0
ACOAM,Acetate CoA ligase AMP-forming,3,0.0,0.0,1000.0,0.0,0.0
ORNTA_1,Ornithine transaminase,4,0.0,0.0,1000.0,0.0,0.0
2AACLPGT181,2 acyl acyl carrier protein glycerophospho glycerol acyltransferase  n C160,5,0.0,0.0,1000.0,0.0,0.0
ETHSO3tex,Ethanesulfonate transport via diffusion (extracellular to periplasm),6,0.0,0.0,1000.0,0.0,0.0
MLDCP1Bpp,"Murein L,D-carboxypeptidase (murein4p4p) (periplasm)",5,0.0,0.0,1000.0,0.0,0.0
ALALEUtex,L Alaninylleucine transport via diffusion  extracellular to periplasm,7,0.0,0.0,1000.0,0.0,0.0
CYTDH,Cytidine hydrolase,6,0.0,0.0,1000.0,0.0,0.0
GLYSERabcpp,L Glycinylserine  Gly Ser  transport via ABC system  periplasm,5,0.0,0.0,1000.0,0.0,0.0
NH4tpp_1,Ammonia ireversible transport (periplasm),4,0.0,0.0,1000.0,0.0,0.0
BG_MADG,Beta glucosidase  methyl alpha D glucoside,5,0.0,0.0,1000.0,0.0,0.0
MYCTR2,MYCTR2,5,0.0,0.0,1000.0,0.0,0.0
PTRCTA2,Putrescine Transaminase  pyruvate,4,0.0,0.0,1000.0,0.0,0.0
FEOXAMexs,Ferroxamine Fe3-loading reaction (spontaneous),5,0.0,0.0,1000.0,0.0,0.0
AMPTASEHH,Aminopeptidase  His His,5,0.0,0.0,1000.0,0.0,0.0
OXCOAHDH,"Oxepin-CoA hydrolase/ 3-oxo-5,6-dehydrosuberyl-CoA semialdehyde dehydrogenase (NADP+)",4,0.0,0.0,1000.0,0.0,0.0
SHKK,Shikimate kinase,6,0.0,0.0,1000.0,0.0,0.0
INSH,Inosine hydrolase,5,0.0,0.0,1000.0,0.0,0.0
FACOAE160,Fatty-acid-CoA thioesterase (hexadecanoate),4,0.0,0.0,1000.0,0.0,0.0
DADK,Deoxyadenylate kinase,5,0.0,0.0,1000.0,0.0,0.0
MYCTR,MYCTR,6,0.0,0.0,1000.0,0.0,0.0
OCOAT2r,3-oxoacid CoA-transferase (Succinyl-CoA: 3-methylbutanoate),3,0.0,0.0,1000.0,0.0,0.0
DACL,,5,0.0,0.0,1000.0,0.0,0.0
APG3PAT161,Acyl-phosphate:glycerol-3-phosphate acyltransferase (C16:1),5,0.0,0.0,1000.0,0.0,0.0
XYLK,Xylulokinase,6,0.0,0.0,1000.0,0.0,0.0
MDDCP4pp,"Murein D,D-carboxypeptidase (murein5p4p) (periplasm)",5,0.0,0.0,1000.0,0.0,0.0
CD2t4,Cadminum transport out via antiport,5,0.0,0.0,1000.0,0.0,0.0
4HPRO_LT_Et,Trans-4-Hydroxy-L-proline transport (transport mechanism unknown - evidence from biolog data),4,0.0,0.0,1000.0,0.0,0.0
GLUDxi,Glutamate dehydrogenase  NAD,4,0.0,0.0,1000.0,0.0,0.0
ALAHISabcpp,L Alaninylhistidine  Ala His  transport via ABC system  periplasm,6,0.0,0.0,1000.0,0.0,0.0
RBFSa_1,Riboflavin synthase,6,0.0,0.0,1000.0,0.0,0.0
HISTD,Histidinol dehydrogenase,5,0.0,0.0,1000.0,0.0,0.0
6PHBG_2,,5,0.0,0.0,1000.0,0.0,0.0
ALDD3y,"Aldehyde dehydrogenase (propanal, NADP)",5,0.0,0.0,1000.0,0.0,0.0
COBALT2t3pp,Cobalt (Co+2) transport out via proton antiport (periplasm),4,0.0,0.0,1000.0,0.0,0.0
PE161abcpp,"Phosphatidylethanolamine transport via ABC system (n-C16:1, periplasm)",5,0.0,0.0,1000.0,0.0,0.0
METB1,Metb1 (rev),3,0.0,0.0,1000.0,0.0,0.0
ZN2t5,Zinc  Zn2  transport out via proton antiport  cytosolexternal,4,0.0,0.0,1000.0,0.0,0.0
DADNK,Deoxyadenosine kinase,6,0.0,0.0,1000.0,0.0,0.0
NI2abcpp,Nickle (Ni+2) ABC transporter (periplasm),5,0.0,0.0,1000.0,0.0,0.0
ALATA_D2,D-alanine transaminase,4,0.0,0.0,1000.0,0.0,0.0
PROabc,L-proline transport via ABC system,4,0.0,0.0,1000.0,0.0,0.0
OXPTNDH,Glutarate-semialdehyde:NAD+ oxidoreductase,4,0.0,0.0,1000.0,0.0,0.0
2AGPG161tipp,2-Acyl-sn-glycero-3-phosphoglycerol (n-C16:1) transporter via facilitated diffusion (periplasm),5,0.0,0.0,1000.0,0.0,0.0
23PDE4pp,"2',3'-cyclic-nucleotide phosphodiesterase (CMP) (periplasm)",4,0.0,0.0,1000.0,0.0,0.0
THRS,Threonine synthase,5,0.0,0.0,1000.0,0.0,0.0
NTPP9,Nucleoside triphosphate pyrophosphorylase (itp),6,0.0,0.0,1000.0,0.0,0.0
DIPEPabc3,Dipeptide transport via ABC system  ala glu,5,0.0,0.0,1000.0,0.0,0.0
TMDPP,Thymidine phosphorylase,6,0.0,0.0,1000.0,0.0,0.0
CD2abcpp,Cadmium (Cd+2) ABC transporter (periplasm),5,0.0,0.0,1000.0,0.0,0.0
GNNUC,Ribosylpyrimidine nucleosidase,5,0.0,0.0,1000.0,0.0,0.0
MALT,Alpha glucosidase,5,0.0,0.0,1000.0,0.0,0.0
ADPRDP,ADPribose diphosphatase,6,0.0,0.0,1000.0,0.0,0.0
NI2t3pp,Nickle (Ni+2) transport out via proton antiport (periplasm),4,0.0,0.0,1000.0,0.0,0.0
BALABALAtex,Beta alanyl beta alanine transport via diffusion  extracellular to periplasm,7,0.0,0.0,1000.0,0.0,0.0
HXPRT,Hypoxanthine phosphoribosyltransferase (Hypoxanthine),5,0.0,0.0,1000.0,0.0,0.0
CD2t3pp,Cadmium (Cd+2) transport out via proton antiport (periplasm),4,0.0,0.0,1000.0,0.0,0.0
MTHFC_1,Methenyltetrahydrofolate cyclohydrolase,5,0.0,0.0,1000.0,0.0,0.0
HGNTOR,Homogentisateoxygen 1 2 oxidoreductase  decyclizing,5,0.0,0.0,1000.0,0.0,0.0
PGCD,Phosphoglycerate dehydrogenase,5,0.0,0.0,1000.0,0.0,0.0
NTPP11,Nucleoside triphosphate pyrophosphorylase (xtp),5,0.0,0.0,1000.0,0.0,0.0
FOLD3,Dihydropteroate synthase,5,0.0,0.0,1000.0,0.0,0.0
ACOAD1,Acyl-CoA dehydrogenase (butanoyl-CoA),3,0.0,0.0,1000.0,0.0,0.0
ILEabcpp,L-isoleucine transport via ABC system (periplasm),5,0.0,0.0,1000.0,0.0,0.0
GLYBtex,Glycine betaine transport via diffusion (extracellular to periplasm),5,0.0,0.0,1000.0,0.0,0.0
COabc,Cobalt transport via ABC system,5,0.0,0.0,1000.0,0.0,0.0
FFSD1r,Beta-fructofuranosidase,5,0.0,0.0,1000.0,0.0,0.0
BETALDHy,Betaine-aldehyde dehydrogenase,5,0.0,0.0,1000.0,0.0,0.0
GPDDA4,Glycerophosphodiester phosphodiesterase (Glycerophosphoglycerol),5,0.0,0.0,1000.0,0.0,0.0
AMPEP16,Aminopeptidase,4,0.0,0.0,1000.0,0.0,0.0
ANPRT,Anthranilate phosphoribosyltransferase,5,0.0,0.0,1000.0,0.0,0.0
HPPK,2-amino-4-hydroxy-6-hydroxymethyldihydropteridine diphosphokinase,6,0.0,0.0,1000.0,0.0,0.0
DHQTi,"3-dehydroquinate dehydratase, irreversible",7,0.0,0.0,1000.0,0.0,0.0
GLYPHEtex,L GlyPhe transport via diffusion  extracellular to periplasm,6,0.0,0.0,1000.0,0.0,0.0
FRUK,Fructose-1-phosphate kinase,5,0.0,0.0,1000.0,0.0,0.0
PE160abcpp,"Phosphatidylethanolamine transport via ABC system (n-C16:0, periplasm)",5,0.0,0.0,1000.0,0.0,0.0
GALURDH,Galacturonate dehydrogenase,5,0.0,0.0,1000.0,0.0,0.0
ARGSL,Argininosuccinate lyase,4,0.0,0.0,1000.0,0.0,0.0
SLCYSS,O-acetyl-L-serine sulfhydrylase,3,0.0,0.0,1000.0,0.0,0.0
DNTAep,N N bis 3 5 dinitrotolyl  amine extrusion pump,4,0.0,0.0,1000.0,0.0,0.0
PHETA1,Phenylalanine transaminase,4,0.0,0.0,1000.0,0.0,0.0
HACD1,3-hydroxyacyl-CoA dehydrogenase (acetoacetyl-CoA),2,0.0,0.0,0.0,0.0,0.0
Kabc,Potassium ABC transporter,5,0.0,0.0,1000.0,0.0,0.0
PUNP7,Purine-nucleoside phosphorylase (Xanthosine),6,0.0,0.0,1000.0,0.0,0.0
FE3abcpp,Iron (III) transport via ABC system (periplasm to cytoplasm),5,0.0,0.0,1000.0,0.0,0.0
2INSD,2-Inosose dehydratase,5,0.0,0.0,1000.0,0.0,0.0
UPP3S,Uroporphyrinogen-III synthase,6,0.0,0.0,1000.0,0.0,0.0
PSP_L,Phosphoserine phosphatase (L-serine),4,0.0,0.0,1000.0,0.0,0.0
FTHFCL,5 formethyltetrahydrofolate cyclo ligase,6,0.0,0.0,1000.0,0.0,0.0
HDECH,,4,0.0,0.0,1000.0,0.0,0.0
TNTR3,TNT nitroreductase Meisenheimer monohydride complex forming,5,0.0,0.0,1000.0,0.0,0.0
NTPP5,Nucleoside triphosphate pyrophosphorylase (datp),5,0.0,0.0,1000.0,0.0,0.0
RNTR3,Ribonucleoside triphosphate reductase  CTP,4,0.0,0.0,1000.0,0.0,0.0
PSUDS,Pseudouridylate synthase,6,0.0,0.0,1000.0,0.0,0.0
CTPS1,CTP synthase  NH3,5,0.0,0.0,1000.0,0.0,0.0
ALDD20y,Aldehyde dehydrogenase  indole 3 acetaldehyde  NADP,5,0.0,0.0,1000.0,0.0,0.0
ACGK,Acetylglutamate kinase,4,0.0,0.0,1000.0,0.0,0.0
BTS3r,Biotin synthase,4,0.0,0.0,1000.0,0.0,0.0
ACS_1,Acetyl-CoA synthetase,3,0.0,0.0,1000.0,0.0,0.0
MTRI,5-methylthioribose-1-phosphate isomerase,7,0.0,0.0,1000.0,0.0,0.0
FDMO4_1,FMN dependent monooxygenase  taurine,4,0.0,0.0,1000.0,0.0,0.0
ECOAH9ir,2 Methylprop 2 enoyl CoA  2 Methylbut 2 enoyl CoA,5,0.0,0.0,1000.0,0.0,0.0
CTECOAI8,3-cis-2-trans-enoyl-CoA isomerase,5,0.0,0.0,1000.0,0.0,0.0
SERAT,Serine O-acetyltransferase,3,0.0,0.0,1000.0,0.0,0.0
ASNN,L-asparaginase,5,0.0,0.0,1000.0,0.0,0.0
ALPHNH,Allophanate hydrolase,5,0.0,0.0,1000.0,0.0,0.0
CARNtex,L Carnosine transport via diffusion  extracellular to periplasm,7,0.0,0.0,1000.0,0.0,0.0
URIt2pp,Uridine transport in via proton symport (periplasm),4,0.0,0.0,1000.0,0.0,0.0
MCTP1Bpp,Murein crosslinking transpeptidase 1B:(A2pm->A2pm) (periplasm),6,0.0,0.0,1000.0,0.0,0.0
NTPP8_1,Nucleoside triphosphate pyrophosphorylase (utp),5,0.0,0.0,1000.0,0.0,0.0
ADtr,"Acetamide transport, extracellular",4,0.0,0.0,1000.0,0.0,0.0
ALR2,Aldose reductase (methylglyoxal),5,0.0,0.0,1000.0,0.0,0.0
RECOAH2,3 hydroxyacyl Coa dehydratase   3R  3 hydroxyhexanoyl CoA,5,0.0,0.0,1000.0,0.0,0.0
CRO4abcpp,Chromate transport via ABC system (periplasm),5,0.0,0.0,1000.0,0.0,0.0
PFK_2,Phosphofructokinase,6,0.0,0.0,1000.0,0.0,0.0
GTPCI,GTP cyclohydrolase I,5,0.0,0.0,1000.0,0.0,0.0
AM4PA,Anhydrous-N-Acetylmuramyl-tetrapeptide amidase,6,0.0,0.0,1000.0,0.0,0.0
MCSNAH,5-Methylcytosine aminohydrolase,6,0.0,0.0,1000.0,0.0,0.0
MALTTTRabc,Maltotetraose transport via ABC system,6,0.0,0.0,1000.0,0.0,0.0
APG3PAT180,Acyl-phosphate:glycerol-3-phosphate acyltransferase (C18:0),5,0.0,0.0,1000.0,0.0,0.0
GLUDC,Glutamate Decarboxylase,4,0.0,0.0,1000.0,0.0,0.0
5DKGR,5-keto-D-gluconate 5-reductase,5,0.0,0.0,0.0,0.0,0.0
CRO4t3pp,Chromate transport out via proton antiport (cytoplasm to periplasm),4,0.0,0.0,1000.0,0.0,0.0
NADN,NAD nucleosidase,7,0.0,0.0,1000.0,0.0,0.0
MLDEP1pp,"Murein L,D-endopeptidase (murein3px3p) (periplasm)",5,0.0,0.0,1000.0,0.0,0.0
AGPAT160,1-hexadecanoyl-sn-glycerol 3-phosphate O-acyltransferase (n-C16:0),5,0.0,0.0,1000.0,0.0,0.0
ATAH_1,,5,0.0,0.0,1000.0,0.0,0.0
ANS,Anthranilate synthase,4,0.0,0.0,1000.0,0.0,0.0
HISHIStex,L Histidinylhistidine transport via diffusion  extracellular to periplasm,7,0.0,0.0,1000.0,0.0,0.0
STFRNAt,,6,0.0,0.0,1000.0,0.0,0.0
ALDD2x,"Aldehyde dehydrogenase (acetaldehyde, NAD)",3,0.0,0.0,1000.0,0.0,0.0
ALAt2pp,L-alanine transport in via proton symport (periplasm),4,0.0,0.0,1000.0,0.0,0.0
PPNDH,Prephenate dehydratase,5,0.0,0.0,1000.0,0.0,0.0
PPRDNDH,Piperideine dehydrogenase,5,0.0,0.0,1000.0,0.0,0.0
FACOAE120,Fatty-acid-CoA thioesterase (dodecanoate),5,0.0,0.0,1000.0,0.0,0.0
ADMDC,Adenosylmethionine decarboxylase,5,0.0,0.0,1000.0,0.0,0.0
CYSTS,Cystathionine beta synthase,4,0.0,0.0,1000.0,0.0,0.0
HMGL_2,,3,0.0,0.0,1000.0,0.0,0.0
DGNSK,Deoxyguanosine kinase,6,0.0,0.0,1000.0,0.0,0.0
COBALT2tex,Cobalt (Co+2) transport via diffusion (extracellular to periplasm),5,0.0,0.0,1000.0,0.0,0.0
FACOAL181,Fatty acid  CoA ligase  octadecenoate,4,0.0,0.0,1000.0,0.0,0.0
AGDC,N-acetylglucosamine-6-phosphate deacetylase,3,0.0,0.0,1000.0,0.0,0.0
MLTGY3pp,Murein lytic transglycosylase (murein3p3p) (periplasm),6,0.0,0.0,1000.0,0.0,0.0
FACOAL120t2pp,Fatty-acid-CoA ligase (dodecanoate transport via vectoral Co-A coupling),4,0.0,0.0,1000.0,0.0,0.0
PROt4pp,Na+/Proline-L symporter (periplasm),4,0.0,0.0,1000.0,0.0,0.0
IPPMIa,3-isopropylmalate dehydratase,5,0.0,0.0,1000.0,0.0,0.0
G3PAT161,Glycerol-3-phosphate acyltransferase (C16:1),5,0.0,0.0,1000.0,0.0,0.0
PNP,Purine nucleoside phosphorylase,6,0.0,0.0,1000.0,0.0,0.0
PROGLYabcpp,L-Prolinylglycine (Pro-Gly) transport via ABC system (periplasm),5,0.0,0.0,1000.0,0.0,0.0
CRO4t3,Chromate transport out via proton antiport,5,0.0,0.0,1000.0,0.0,0.0
ALAHIStr,Dipeptide transport via ABC system ala-his,6,0.0,0.0,1000.0,0.0,0.0
LPLIPAL2G181,"Lysophospholipase L2 (2-acylglycerophosphoglycerol, n-C18:1)",4,0.0,0.0,1000.0,0.0,0.0
NTPP9_1,Nucleoside triphosphate pyrophosphorylase (itp),6,0.0,0.0,1000.0,0.0,0.0
UGLYCH,Ureidoglycolate hydrolase,4,0.0,0.0,1000.0,0.0,0.0
SALCpts,Salicin transport via PEP:Pyr PTS,4,0.0,0.0,1000.0,0.0,0.0
SULabcpp,Sulfate transport via ABC system (periplasm),5,0.0,0.0,1000.0,0.0,0.0
HYPOE,Hypothetical enyme,5,0.0,0.0,1000.0,0.0,0.0
ALAD_L,L-alanine dehydrogenase,4,0.0,0.0,1000.0,0.0,0.0
4PCP,"Tetrapeptide L,D-carboxypeptidase",5,0.0,0.0,1000.0,0.0,0.0
SPP,Sucrose-phosphate phosphatase,5,0.0,0.0,1000.0,0.0,0.0
MSO3abc,Methanesulfonate transport via ABC system,5,0.0,0.0,1000.0,0.0,0.0
PSERT,Phosphoserine transaminase,4,0.0,0.0,1000.0,0.0,0.0
CYTOM,Cytosine 5 methyltransferase,5,0.0,0.0,1000.0,0.0,0.0
GLYBt2r,"Glycine betaine transport via proton symport, reversible",5,0.0,0.0,1000.0,0.0,0.0
CD2tex,Cadmium (Cd+2) transport via diffusion (extracellular to periplasm),5,0.0,0.0,1000.0,0.0,0.0
FACOAL160t2pp,Fatty-acid-CoA ligase (hexadecanoate transport via vectoral Co-A coupling),4,0.0,0.0,1000.0,0.0,0.0
GLCabc,D-glucose transport via ABC system,5,0.0,0.0,1000.0,0.0,0.0
UNK5,2 keto 4 methylthiobutyrate transamination,4,0.0,0.0,1000.0,0.0,0.0
IPPS,2-isopropylmalate synthase,3,0.0,0.0,1000.0,0.0,0.0
GUI2,Glucuronate isomerase (D-galacturonate),5,0.0,0.0,1000.0,0.0,0.0
PPM2,Phosphopentomutase 2 (deoxyribose),5,0.0,0.0,1000.0,0.0,0.0
TMDS,Thymidylate synthase,5,0.0,0.0,1000.0,0.0,0.0
GTHRDH_syn,Glutathione hydralase (periplasmic),4,0.0,0.0,1000.0,0.0,0.0
XYLabc,D-xylose transport via ABC system,8,0.0,0.0,1000.0,0.0,0.0
GCCa,Glycine-cleavage complex,4,0.0,0.0,1000.0,0.0,0.0
MACCOAT,2-Methylacetyl-CoA thiolase,3,0.0,0.0,1000.0,0.0,0.0
NADK2,NAD kinase  dATP,5,0.0,0.0,1000.0,0.0,0.0
ASPO1,L-aspartate oxidase,4,0.0,0.0,1000.0,0.0,0.0
MLDCP2App,"Murein L,D-carboxypeptidase (murein5p5p) (periplasm)",5,0.0,0.0,1000.0,0.0,0.0
MLTG1,Maltodextrin glucosidase (maltotriose),5,0.0,0.0,1000.0,0.0,0.0
GLYOX,Hydroxyacylglutathione hydrolase,5,0.0,0.0,1000.0,0.0,0.0
3PEPTabcpp,Tripeptide (LalaDgluMdap) transport via ABC system (periplasm),6,0.0,0.0,1000.0,0.0,0.0
BALAtex,Beta-alanine transport via diffusion (extracellular to periplasm),5,0.0,0.0,1000.0,0.0,0.0
ADD,Adenine deaminase,5,0.0,0.0,1000.0,0.0,0.0
BALAt2pp,Beta-alanine transport in via proton symport (periplasm),4,0.0,0.0,1000.0,0.0,0.0
4HPROE,4 hydroxyproline epimerase,4,0.0,0.0,1000.0,0.0,0.0
GLYTYRabc,Gly-Try ABC transporters,5,0.0,0.0,1000.0,0.0,0.0
GUACYC,Guanylate cyclase,5,0.0,0.0,1000.0,0.0,0.0
UREA,Urease,5,0.0,0.0,1000.0,0.0,0.0
CDGUNPD,"3,5-cyclic-nucleotide phosphodiesterase",6,0.0,0.0,1000.0,0.0,0.0
3NUCLE3,3  nucleotidase  3  cMP,6,0.0,0.0,1000.0,0.0,0.0
POR_syn,Pyruvate-ferredoxin oxidoreductase,3,0.0,0.0,1000.0,0.0,0.0
H2SO,Hydrogen sulfide oxidation,4,0.0,0.0,1000.0,0.0,0.0
FAS140,Fatty acid synthase  n C140,4,0.0,0.0,1000.0,0.0,0.0
GF6PTA,Glutamine-fructose-6-phosphate transaminase,4,0.0,0.0,1000.0,0.0,0.0
ALCD2y,"Alcohol dehydrogenase (ethanol, NADP)",4,0.0,0.0,0.0,0.0,0.0
GLCADpts,,4,0.0,0.0,1000.0,0.0,0.0
GLCNt2ir,D gluconate transport via proton symport,7,0.0,0.0,1000.0,0.0,0.0
CARNabcpp,Carnosine transport via ABC system  periplasm,6,0.0,0.0,1000.0,0.0,0.0
NTD10,5'-nucleotidase (XMP),5,0.0,0.0,1000.0,0.0,0.0
METSR_R2,L methionine R oxide  H2O2,4,0.0,0.0,1000.0,0.0,0.0
NADPHQR3,NADPH Quinone Reductase (Menaquinone-8),4,0.0,0.0,1000.0,0.0,0.0
NH3c,Ammomnium proton dissociation,5,0.0,0.0,1000.0,0.0,0.0
HEXt2rpp,"Hexanoate transport via proton symport, reversible (periplasm)",4,0.0,0.0,1000.0,0.0,0.0
5DGLCNR,5-dehydro-D-gluconate reductase,5,0.0,0.0,0.0,0.0,0.0
NTPP11_1,Nucleoside triphosphate pyrophosphorylase (xtp),5,0.0,0.0,1000.0,0.0,0.0
ACACT8r,"Acetyl-CoA acyltransferase (hexadecanoyl-CoA), (r)",3,0.0,0.0,1000.0,0.0,0.0
GLYGLUabcpp,L Glycinylglutamate  Gly Glu  transport via ABC system  periplasm,5,0.0,0.0,1000.0,0.0,0.0
ADNUC,Adenosine hydrolase,5,0.0,0.0,1000.0,0.0,0.0
CU2abcpp,Copper (Cu+2) ABC transporter (periplasm),5,0.0,0.0,1000.0,0.0,0.0
INS2D,Inositol 2-dehydrogenase,5,0.0,0.0,1000.0,0.0,0.0
MSO3abcpp,Methanesulfonate transport via ABC system (periplasm),5,0.0,0.0,1000.0,0.0,0.0
MCITL2,Methylisocitrate lyase,3,0.0,0.0,1000.0,0.0,0.0
FDMO,FMNH2-dependent monooxygenase,4,0.0,0.0,1000.0,0.0,0.0
PLIPA1G181pp,"Phospholipase A1 (phosphatidylglycerol, n-C18:1) (periplasm)",4,0.0,0.0,1000.0,0.0,0.0
PROGLYtex,L-Prolinylglycine transport via diffusion (extracellular to periplasm),6,0.0,0.0,1000.0,0.0,0.0
F6PP,D-fructose 6-phosphate phosphatase,5,0.0,0.0,1000.0,0.0,0.0
FDMO3_1,FMN dependent monooxygenase  hexanesulfonate,4,0.0,0.0,1000.0,0.0,0.0
AMPTASEHG,Aminopeptidase  His Gly,4,0.0,0.0,1000.0,0.0,0.0
ALAHIStex,L Alaninylhistidine transport via diffusion  extracellular to periplasm,7,0.0,0.0,1000.0,0.0,0.0
ARGDI_1,Arginine deiminase,5,0.0,0.0,1000.0,0.0,0.0
CDPPT160,CDPPT160,5,0.0,0.0,1000.0,0.0,0.0
TMN,Thiaminase,6,0.0,0.0,1000.0,0.0,0.0
G6PI,Glucose 6 phosphate isomerase,5,0.0,0.0,0.0,0.0,0.0
NAtex,Sodium transport via diffusion (extracellular to periplasm),4,0.0,0.0,1000.0,0.0,0.0
DHNCOAS,"1,4-dihydroxy-2-napthoyl-CoA synthase",4,0.0,0.0,1000.0,0.0,0.0
PUNP6,Purine-nucleoside phosphorylase (Deoxyinosine),5,0.0,0.0,1000.0,0.0,0.0
DHAPT,Dihydroxyacetone phosphotransferase,4,0.0,0.0,1000.0,0.0,0.0
HISTP,Histidinol-phosphatase,5,0.0,0.0,1000.0,0.0,0.0
DHPTDCs2,"4,5-dihydroxy-2,3-pentanedione cyclization (spontaneous)",5,0.0,0.0,1000.0,0.0,0.0
PLIPA1G160pp,"Phospholipase A1 (phosphatidylglycerol, n-C16:0) (periplasm)",4,0.0,0.0,1000.0,0.0,0.0
APRAUR,5-amino-6-(5-phosphoribosylamino)uracil reductase,7,0.0,0.0,1000.0,0.0,0.0
ASPabc,L-aspartate transport via ABC system,5,0.0,0.0,1000.0,0.0,0.0
ALAt2r,L alanine reversible transport via proton symport,5,0.0,0.0,1000.0,0.0,0.0
METabcpp,L-methionine transport via ABC system (periplasm),4,0.0,0.0,1000.0,0.0,0.0
MGSA,Methylglyoxal synthase,5,0.0,0.0,1000.0,0.0,0.0
PPBNGS,Porphobilinogen synthase,7,0.0,0.0,1000.0,0.0,0.0
LEUtex,L-leucine transport via diffusion (extracellular to periplasm),5,0.0,0.0,1000.0,0.0,0.0
GLCNt2rpp,"D-gluconate transport via proton symport, reversible (periplasm)",4,0.0,0.0,1000.0,0.0,0.0
SUCBZS,O-succinylbenzoate-CoA synthase,5,0.0,0.0,1000.0,0.0,0.0
ALATRPabcpp,L Alaninyltryptophan  Ala Trp  transport via ABC system  periplasm,6,0.0,0.0,1000.0,0.0,0.0
MGCH,Methylglutaconyl-CoA hydratase,4,0.0,0.0,1000.0,0.0,0.0
AGM4PH,"N-Acetyl-D-glucosamine(anhydrous)N-Acetylmuramyl-tetrapeptide beta -1,4-N-acetylglucosaminidase",5,0.0,0.0,1000.0,0.0,0.0
GNP,Phosphogluconate phosphatase,5,0.0,0.0,1000.0,0.0,0.0
ACGApts,N-Acetyl-D-glucosamine transport via PEP:Pyr PTS,4,0.0,0.0,1000.0,0.0,0.0
NODOx,Nitric oxide dioxygenase,6,0.0,0.0,1000.0,0.0,0.0
GLYGLNabcpp,L Glycinylglutamine  Gly Gln  transport via ABC system  periplasm,5,0.0,0.0,1000.0,0.0,0.0
NTPP2,Nucleoside triphosphate pyrophosphorylase (gtp),5,0.0,0.0,1000.0,0.0,0.0
CYSDS,Cysteine Desulfhydrase,4,0.0,0.0,1000.0,0.0,0.0
PLIPA1E160pp,"Phospholipase A1 (phosphatidylethanolamine, n-C16:0) (periplasm)",4,0.0,0.0,1000.0,0.0,0.0
NTPP2_1,Nucleoside triphosphate pyrophosphorylase (gtp),5,0.0,0.0,1000.0,0.0,0.0
SO3tex,Sulfite transport via diffusion (extracellular to periplasm),5,0.0,0.0,1000.0,0.0,0.0
NMO,Nitronate Monooxygenase,4,0.0,0.0,1000.0,0.0,0.0
GLYTYRAP,Gly-Try aminopeptidase,4,0.0,0.0,1000.0,0.0,0.0
HG2t3pp,Mercury (Hg+2) transport out via proton antiport (periplasm),4,0.0,0.0,1000.0,0.0,0.0
PGP181abcpp,"Phosphatidylglycerophosphate transport via ABC system (n-C18:1, periplasm)",6,0.0,0.0,1000.0,0.0,0.0
ALDD20x,"Aldehyde dehydrogenase (indole-3-acetaldehyde, NAD)",5,0.0,0.0,1000.0,0.0,0.0
ACACt2pp,Acetoacetate transport via proton symport  (periplasm),3,0.0,0.0,1000.0,0.0,0.0
BUTSO3abcpp,Butanesulfonate transport via ABC system (periplasm),5,0.0,0.0,1000.0,0.0,0.0
BUTt4pp,Butyrate transport via sodium symport (periplasm),3,0.0,0.0,1000.0,0.0,0.0
ACACtex,Acetoacetate transport via diffusion (extracellular to periplasm),4,0.0,0.0,1000.0,0.0,0.0
DDGLCNt2r,"2-dehydro-3-deoxy-D-gluconate transport via proton symport, reversible",6,0.0,0.0,1000.0,0.0,0.0
LEUabc,L-leucine transport via ABC system,5,0.0,0.0,1000.0,0.0,0.0
Kt1,Potassium transport via uniport (facilitated diffusion),5,0.0,0.0,1000.0,0.0,0.0
ALLTAMH,Allantoate amidohydrolase,5,0.0,0.0,1000.0,0.0,0.0
LEULEUtex,Leucylleucine transport via diffusion  extracellular to periplasm,7,0.0,0.0,1000.0,0.0,0.0
GLYGLYabcpp,L Glycinilglycine  Gly Gly  transport via ABC system  periplasm,5,0.0,0.0,1000.0,0.0,0.0
GMPS2,GMP synthase,4,0.0,0.0,1000.0,0.0,0.0
PLIPA1E180pp,"Phospholipase A1 (phosphatidylethanolamine, n-C18:0) (periplasm)",4,0.0,0.0,1000.0,0.0,0.0
HKM1PP,2 hydroxy 3 keto 5 methylthiopentenyl 1 phosphate phophatase,6,0.0,0.0,1000.0,0.0,0.0
HXAtex,Hexanoate transport via diffusion (extracellular to periplasm),5,0.0,0.0,1000.0,0.0,0.0
NOS3,N-omega-Hydroxyarginine NADPH oxygen oxidoreductase,5,0.0,0.0,1000.0,0.0,0.0
ACOADH2,Acyl CoA dehydrogenase  isobutyryl CoA,4,0.0,0.0,1000.0,0.0,0.0
BUTCT,Acetyl-CoA:butyrate-CoA transferase,3,0.0,0.0,1000.0,0.0,0.0
AMPTASEATRP,Aminopeptidase  Ala Trp,5,0.0,0.0,1000.0,0.0,0.0
PDHbr,Pyruvate dehydrogenase (dihydrolipoamide) reversible,3,0.0,0.0,1000.0,0.0,0.0
ZNabc,Zinc transport via ABC system,5,0.0,0.0,1000.0,0.0,0.0
DALAt2pp,D-alanine transport in via proton symport (periplasm),4,0.0,0.0,1000.0,0.0,0.0
GLUDy,Glutamate dehydrogenase (NADP),4,0.0,0.0,1000.0,0.0,0.0
UAGPT2,UDP-N-acetylglucosamine-N-acetylmuramyl-(pentapeptide)pyrophosphoryl-undecaprenol N-acetylglucosamine transferase,5,0.0,0.0,1000.0,0.0,0.0
GLCURtex,D-glucuronat transport via diffusion (extracellular to periplasm),5,0.0,0.0,1000.0,0.0,0.0
SALCHS4FEexs,Salmochelin S4 Fe III binding spontaneous,5,0.0,0.0,1000.0,0.0,0.0
MLTGY4pp,Murein lytic transglycosylase (murein4px4p4p) (periplasm),5,0.0,0.0,1000.0,0.0,0.0
ACGAMK,N-acetylglucosamine kinase,4,0.0,0.0,1000.0,0.0,0.0
MALt4,Namalate symporter,4,0.0,0.0,1000.0,0.0,0.0
PLIPA2A161pp,"Phospholipase A2 (phosphatidate, n-C16:1) (periplasm)",4,0.0,0.0,1000.0,0.0,0.0
FUMAC,Fumarylacetoacetase,3,0.0,0.0,1000.0,0.0,0.0
LYSt3r,L lysine transport out via proton antiport reversible,5,0.0,0.0,1000.0,0.0,0.0
LEULEUabcpp,L leucylleucine  leuleu  transport via ABC system  periplasm,6,0.0,0.0,1000.0,0.0,0.0
ADSL2r,Adenylosuccinate lyase,4,0.0,0.0,1000.0,0.0,0.0
PC,Pyruvate carboxylase,4,0.0,0.0,1000.0,0.0,0.0
CELBpts,Cellobiose transport via PEPPyr PTS,4,0.0,0.0,1000.0,0.0,0.0
BALABALAabcpp,Beta alanyl beta alanine transport via ABC system  periplasm,6,0.0,0.0,1000.0,0.0,0.0
TNTR1x,TNT nitroreductase 4 Hydroxylamino 2 6 dinitrotoluene,5,0.0,0.0,1000.0,0.0,0.0
PSSA180,Phosphatidylserine syntase (n-C18:0),4,0.0,0.0,1000.0,0.0,0.0
METSOX1abc,L-Methionine S-oxide transport via ABC system,5,0.0,0.0,1000.0,0.0,0.0
PIt2rpp,Phosphate reversible transport via symport (periplasm),4,0.0,0.0,1000.0,0.0,0.0
GLUtex,L-glutamate transport via diffusion (extracellular to periplasm),5,0.0,0.0,1000.0,0.0,0.0
2AGPG160tipp,2-Acyl-sn-glycero-3-phosphoglycerol (n-C16:0) transporter via facilitated diffusion (periplasm),5,0.0,0.0,1000.0,0.0,0.0
DPR,2-dehydropantoate 2-reductase,5,0.0,0.0,1000.0,0.0,0.0
GLCt2pp,D-glucose transport in via proton symport (periplasm),4,0.0,0.0,1000.0,0.0,0.0
GLGC,Glucose-1-phosphate adenylyltransferase,6,0.0,0.0,1000.0,0.0,0.0
THRS_2,Threonine synthase,5,0.0,0.0,1000.0,0.0,0.0
GLYCLTDx,Glycolate dehydrogenase (NAD),4,0.0,0.0,1000.0,0.0,0.0
PPND,Prephenate dehydrogenase,5,0.0,0.0,1000.0,0.0,0.0
DALAt2r,D-alanine transport via proton symport,5,0.0,0.0,1000.0,0.0,0.0
NTD2,5'-nucleotidase (UMP),5,0.0,0.0,1000.0,0.0,0.0
NTP3,Nucleoside-triphosphatase (GTP),5,0.0,0.0,1000.0,0.0,0.0
LYStex,L-lysine transport via diffusion (extracellular to periplasm),5,0.0,0.0,1000.0,0.0,0.0
2AACLPPEAT181,2 acyl acyl carrier protein glycerophospho glycerol acyltransferase  n C160,5,0.0,0.0,1000.0,0.0,0.0
NADH4,NADH dehydrogenase  Menaquinone 7  no proton,4,0.0,0.0,1000.0,0.0,0.0
GLYGLYGLNtr,Tripeptide transport,5,0.0,0.0,1000.0,0.0,0.0
XANt2,Xanthine transport in via proton symport,6,0.0,0.0,1000.0,0.0,0.0
NO3abc,,7,0.0,0.0,1000.0,0.0,0.0
PPOR,"Phenylpyruvate:oxygen oxidoreductase (hydroxylating,decarboxylating)",5,0.0,0.0,1000.0,0.0,0.0
BG_MBDG,Beta glucosidase,5,0.0,0.0,1000.0,0.0,0.0
GLYPHEtr,Gly-Phe ABC transporters,5,0.0,0.0,1000.0,0.0,0.0
AGMtex,Agmatine transport via diffusion (extracellular to periplasm),5,0.0,0.0,1000.0,0.0,0.0
TSULtex,Thiosulfate transport via diffusion (extracellular to periplasm),5,0.0,0.0,1000.0,0.0,0.0
BALAALAtex,Beta alanyl L alanine transport via diffusion  extracellular to periplasm,7,0.0,0.0,1000.0,0.0,0.0
TAURtex,Taurine transport via diffusion (extracellular to periplasm),6,0.0,0.0,1000.0,0.0,0.0
ATPPRT,ATP phosphoribosyltransferase,5,0.0,0.0,1000.0,0.0,0.0
ACt4pp,Na+/Acetate symport (periplasm),3,0.0,0.0,1000.0,0.0,0.0
H2CO3D2,Carboxylic acid dissociation,4,0.0,0.0,1000.0,0.0,0.0
ALDD31_1,Aldehyde dehydrogenase  aminoacetaldehyde  NAD,4,0.0,0.0,1000.0,0.0,0.0
ACONCtex,Cisaconitat transport via diffusion extracellular to periplasm,5,0.0,0.0,1000.0,0.0,0.0
MDDEP2pp,"Murein D,D-endopeptidase (murein3px4p) (periplasm)",5,0.0,0.0,1000.0,0.0,0.0
MSO3tex,Methanesulfonate transport via diffusion (extracellular to periplasm),6,0.0,0.0,1000.0,0.0,0.0
MMSAD2,Methylmalonate-semialdehyde dehydrogenase (propanol),4,0.0,0.0,1000.0,0.0,0.0
NNAM,Nicotinamidase,6,0.0,0.0,1000.0,0.0,0.0
DCAtex,Decanoate transport via diffusion (extracellular to periplasm),5,0.0,0.0,1000.0,0.0,0.0
3NTD2pp,3'-nucleotidase (UMP) (periplasm),5,0.0,0.0,1000.0,0.0,0.0
ALATHRtex,L Alaninylthreonine transport via diffusion  extracellular to periplasm,7,0.0,0.0,1000.0,0.0,0.0
SHSL2,O succinylhomoserine lyase  H2S,3,0.0,0.0,1000.0,0.0,0.0
PYNP1,Pyrimidine-nucleoside phosphorylase (cytosine),6,0.0,0.0,0.0,0.0,0.0
23CUMPtex,23cUMP transport via diffusion (extracellular to periplasm),5,0.0,0.0,1000.0,0.0,0.0
Cut1,Copper export via ATPase,5,0.0,0.0,1000.0,0.0,0.0
THRA,Threonine aldolase,4,0.0,0.0,1000.0,0.0,0.0
ACP1_FMN,Acid phosphatase (FMN),5,0.0,0.0,1000.0,0.0,0.0
UPPDC1,Uroporphyrinogen decarboxylase (uroporphyrinogen III),6,0.0,0.0,1000.0,0.0,0.0
HG2tex,Mercury (Hg+2) transport via diffusion (extracellular to periplasm),5,0.0,0.0,1000.0,0.0,0.0
HACD9,3 hydroxyacyl CoA dehydrogenase  2 Methylacetoacetyl CoA,4,0.0,0.0,1000.0,0.0,0.0
SULR,Sulfite reductase (NADPH2),4,0.0,0.0,1000.0,0.0,0.0
r2136,Major Facilitator(MFS) TCDB:2.A.1.14.6,6,0.0,0.0,1000.0,0.0,0.0
MNLtex,Mannitol transport via diffusion (extracellular to periplasm),5,0.0,0.0,1000.0,0.0,0.0
PLIPA1G161pp,"Phospholipase A1 (phosphatidylglycerol, n-C16:1) (periplasm)",4,0.0,0.0,1000.0,0.0,0.0
HGt,Mercury transport,5,0.0,0.0,1000.0,0.0,0.0
AMPTASEGM,Aminopeptidase  Gly Met,4,0.0,0.0,1000.0,0.0,0.0
MANpts,D-mannose transport via PEP:Pyr PTS,4,0.0,0.0,1000.0,0.0,0.0
PRAMPC_1,Phosphoribosyl AMP cyclohydrolase,6,0.0,0.0,1000.0,0.0,0.0
CYST_II,,4,0.0,0.0,1000.0,0.0,0.0
COBALT2abcpp,Cobalt (Co+2) ABC transporter (periplasm),5,0.0,0.0,1000.0,0.0,0.0
MEOHtex,Methanol transport via diffusion (extracellular to periplasm),6,0.0,0.0,1000.0,0.0,0.0
PPCK,Phosphoenolpyruvate carboxykinase,4,0.0,0.0,1000.0,0.0,0.0
FACOAE140,Fatty-acid-CoA thioesterase (tetradecanoate),4,0.0,0.0,1000.0,0.0,0.0
MCCC,Methylcrotonoyl-CoA carboxylase,4,0.0,0.0,1000.0,0.0,0.0
SERGLUGLNtr,Tripeptide transport,5,0.0,0.0,1000.0,0.0,0.0
GLCNt2r,"D-gluconate transport via proton symport, reversible",5,0.0,0.0,1000.0,0.0,0.0
NMNAT,Nicotinamide-nucleotide adenylyltransferase,7,0.0,0.0,1000.0,0.0,0.0
GLYCTO3,Glycolate oxidase,4,0.0,0.0,1000.0,0.0,0.0
CELLBabc,Cellobiose transport via ATP transporter,5,0.0,0.0,1000.0,0.0,0.0
G6PDH2r,Glucose 6-phosphate dehydrogenase,5,0.0,0.0,1000.0,0.0,0.0
FE3Gabcpp,Iron (III) transport via ABC system (GTP) (periplasm),5,0.0,0.0,1000.0,0.0,0.0
CD2tpp,Cadmium (+2) transport in via permease (no H+),5,0.0,0.0,1000.0,0.0,0.0
GLYPHEabcpp,L Glycinilphenylalanin  Gly Phe  transport via ABC system  periplasm,5,0.0,0.0,1000.0,0.0,0.0
MCTC_1,,4,0.0,0.0,1000.0,0.0,0.0
PMANM,Phosphomannomutase,5,0.0,0.0,1000.0,0.0,0.0
ASPt2_2pp,Aspartate transport via proton symport (2 H) (periplasm),4,0.0,0.0,1000.0,0.0,0.0
PGLYCP,Phosphoglycolate phosphatase,5,0.0,0.0,1000.0,0.0,0.0
23CCMPtex,23cCMP transport via diffusion (extracellular to periplasm),5,0.0,0.0,1000.0,0.0,0.0
ACONTa,"Aconitase (half-reaction A, Citrate hydro-lyase)",4,0.0,0.0,1000.0,0.0,0.0
MDDCP1pp,"Murein D,D-carboxypeptidase (murein5px4p) (periplasm)",5,0.0,0.0,1000.0,0.0,0.0
SPMDabc,Spermidine transport via ABC system,5,0.0,0.0,1000.0,0.0,0.0
ACOAD1fr,Acyl-CoA dehydrogenase (butanoyl-CoA),3,0.0,0.0,1000.0,0.0,0.0
ECOAH8,3-hydroxyacyl-CoA dehydratase (3-hydroxyoctadecanoyl-CoA),5,0.0,0.0,1000.0,0.0,0.0
IPPMIb,2-isopropylmalate hydratase,4,0.0,0.0,1000.0,0.0,0.0
CYStpp,L-cysteine export via facilitated transport,4,0.0,0.0,1000.0,0.0,0.0
NADH10,NADH dehydrogenase (menaquinone-8 & 0 protons),4,0.0,0.0,1000.0,0.0,0.0
FMNRx,FMN reductase,5,0.0,0.0,1000.0,0.0,0.0
SADT,Sulfate adenylyltransferase,5,0.0,0.0,1000.0,0.0,0.0
NDPK8,Nucleoside-diphosphate kinase (ATP:dADP),5,0.0,0.0,1000.0,0.0,0.0
IZPN,Imidazolonepropionase,5,0.0,0.0,1000.0,0.0,0.0
GLUt4,Na+/glutamate symport,4,0.0,0.0,1000.0,0.0,0.0
CA2tex,Calcium (Ca+2) transport via diffusion (extracellular to periplasm),5,0.0,0.0,1000.0,0.0,0.0
NTD7,5'-nucleotidase (AMP),5,0.0,0.0,1000.0,0.0,0.0
RHACOAR80,3R  3 Hydroxyacyl CoANADP oxidoreductase,4,0.0,0.0,1000.0,0.0,0.0
DCMPDA,DCMP deaminase,6,0.0,0.0,1000.0,0.0,0.0
DIPEPabc15,Dipeptide transport via ABC system  cgly,5,0.0,0.0,1000.0,0.0,0.0
ASPCT,Aspartate carbamoyltransferase,5,0.0,0.0,1000.0,0.0,0.0
2AGPE160tipp,2-Acyl-sn-glycero-3-phosphoethanolamine (n-C16:0) transporter via facilitated diffusion (periplasm),5,0.0,0.0,1000.0,0.0,0.0
HSK,Homoserine kinase,4,0.0,0.0,1000.0,0.0,0.0
HACD8i,3-hydroxyacyl-CoA dehydrogenase (3-oxooctadecanoyl-CoA),4,0.0,0.0,0.0,0.0,0.0
GLUN,Glutaminase,4,0.0,0.0,1000.0,0.0,0.0
CYTDK2,Cytidine kinase (GTP),5,0.0,0.0,1000.0,0.0,0.0
MMSAD1,Methylmalonate semialdehyde dehydrogenase,4,0.0,0.0,1000.0,0.0,0.0
BTDD_RR,R R  butanediol dehydrogenase,4,0.0,0.0,1000.0,0.0,0.0
ACMANApts,N-acetyl-D-mannosamine transport via PTS,4,0.0,0.0,1000.0,0.0,0.0
MG2tex,Magnesium (Mg+2) transport via diffusion (extracellular to periplasm),6,0.0,0.0,1000.0,0.0,0.0
DHORTS,Dihydroorotase,6,0.0,0.0,1000.0,0.0,0.0
AIRCr,Phosphoribosylaminoimidazole carboxylase,6,0.0,0.0,1000.0,0.0,0.0
TRPabc,,5,0.0,0.0,1000.0,0.0,0.0
GCCb,Glycine cleavage complex,5,0.0,0.0,1000.0,0.0,0.0
ALAGLNtr,Dipeptide transport via ABC system ala-gln,6,0.0,0.0,1000.0,0.0,0.0
AMPD2,AMP deaminase,5,0.0,0.0,1000.0,0.0,0.0
ACONCtupp,Cisaconitate transport periplasm,5,0.0,0.0,1000.0,0.0,0.0
2AGPE181tipp,2-Acyl-sn-glycero-3-phosphoethanolamine (n-C18:1) transporter via facilitated diffusion (periplasm),5,0.0,0.0,1000.0,0.0,0.0
FORAMD,FORAMD,5,0.0,0.0,1000.0,0.0,0.0
2AGPE180tipp,2-Acyl-sn-glycero-3-phosphoethanolamine (n-C18:0) transporter via facilitated diffusion (periplasm),5,0.0,0.0,1000.0,0.0,0.0
ETHSO3abcpp,Ethanesulfonate transport via ABC system (periplasm),5,0.0,0.0,1000.0,0.0,0.0
KAS8,"B-ketoacyl synthetase (palmitate, n-C16:0)",3,0.0,0.0,1000.0,0.0,0.0
GLU5K,Glutamate 5-kinase,4,0.0,0.0,1000.0,0.0,0.0
AMMQLT8,S-adenosylmethione:2-demthylmenaquinole methyltransferase (menaquinone 8),4,0.0,0.0,1000.0,0.0,0.0
AGM3PH,"N-Acetyl-D-glucosamine(anhydrous)N-Acetylmuramyl-tripeptide beta -1,4-N-acetylglucosaminidase",5,0.0,0.0,1000.0,0.0,0.0
ZN2t4pp,Zinc transport out via antiport (periplasm),4,0.0,0.0,1000.0,0.0,0.0
CYTK2,Cytidylate kinase (dCMP),5,0.0,0.0,1000.0,0.0,0.0
URIK3,Uridine kinase (ITP:Uridine),5,0.0,0.0,1000.0,0.0,0.0
BGLA1,6-phospho-beta-glucosidase,5,0.0,0.0,1000.0,0.0,0.0
NADH5,NADH dehydrogenase (ubiquinone-8 ),5,0.0,0.0,1000.0,0.0,0.0
FE2Gabcpp,Iron (II) transport via ABC system (GTP) (periplasm),5,0.0,0.0,1000.0,0.0,0.0
GLYBabc,Glycine betaine transport via ABC system,5,0.0,0.0,1000.0,0.0,0.0
FOMETRi,Aminomethyltransferase,6,0.0,0.0,1000.0,0.0,0.0
KARA2,Ketol-acid reductoisomerase (2-Acetolactate),5,0.0,0.0,1000.0,0.0,0.0
NADK5,NAD kinase  dTTP,5,0.0,0.0,1000.0,0.0,0.0
PE181abcpp,"Phosphatidylethanolamine transport via ABC system (n-C18:1, periplasm)",5,0.0,0.0,1000.0,0.0,0.0
MALDtex,D-Malate transport via diffusion (extracellular to periplasm),5,0.0,0.0,1000.0,0.0,0.0
XYLI2,Xylose isomerase,5,0.0,0.0,1000.0,0.0,0.0
MLTG2,Maltodextrin glucosidase (maltotetraose),5,0.0,0.0,1000.0,0.0,0.0
DDPA,3-deoxy-D-arabino-heptulosonate 7-phosphate synthetase,5,0.0,0.0,1000.0,0.0,0.0
ALATHRabcpp,L Alaninylthreonine  Ala thr  transport via ABC system  periplasm,6,0.0,0.0,1000.0,0.0,0.0
CYTB_B3,Menauinol oxidase  72 protons,4,0.0,0.0,1000.0,0.0,0.0
SMIB1,Staphyloferrin B Mediated Iron Acquisition,6,0.0,0.0,1000.0,0.0,0.0
TYRTA,Tyrosine transaminase,4,0.0,0.0,1000.0,0.0,0.0
AMPTASEGS,Aminopeptidase  Gly Ser,4,0.0,0.0,1000.0,0.0,0.0
SUCD4,Succinate dehyrdogenase,4,0.0,0.0,1000.0,0.0,0.0
HISHISabcpp,L Histidinylhistidine  His His  transport via ABC system  periplasm,6,0.0,0.0,1000.0,0.0,0.0
NMNN,NMN nucleosidase,6,0.0,0.0,1000.0,0.0,0.0
LPLIPAL1A161pp,"Lysophospholipase L1 (2-acylglycerophosphotidate, n-C16:1) (periplasm)",4,0.0,0.0,1000.0,0.0,0.0
AACPS9,Acyl-[acyl-carrier-protein] synthetase  (n-C8:0),5,0.0,0.0,1000.0,0.0,0.0
SO3abcpp,Sulfite transport via ABC system (periplasm),4,0.0,0.0,1000.0,0.0,0.0
ICHORS,Isochorismate synthase,5,0.0,0.0,1000.0,0.0,0.0
MALS,Malate synthase,3,0.0,0.0,1000.0,0.0,0.0
ACONCt4pp,Citrate transport via sodium symport  periplasm,4,0.0,0.0,1000.0,0.0,0.0
MHPGLUT,5 methyltetrahydropteroyltriglutamate homocysteine S methyltransferase,4,0.0,0.0,1000.0,0.0,0.0
ID3ACALDt,Indoleacetaldehyde transport  extracellular,6,0.0,0.0,1000.0,0.0,0.0
IMPD,IMP dehydrogenase,5,0.0,0.0,1000.0,0.0,0.0
MLTGY1pp,Murein lytic transglycosylase (murein4p4p) (periplasm),5,0.0,0.0,1000.0,0.0,0.0
NADKd,NAD kinase dTTP,5,0.0,0.0,1000.0,0.0,0.0
HMPPtr,Hydroxymethl pyrimidine phosphate ABC transport,6,0.0,0.0,1000.0,0.0,0.0
HACD8,"3-hydroxyacyl-CoA dehydrogenase (3-oxooctadecanoyl-CoA), peroxisomal",4,0.0,0.0,0.0,0.0,0.0
AMANK_1,N-acetyl-D-mannosamine kinase,5,0.0,0.0,1000.0,0.0,0.0
FADH2D,FADH2 dehydrogenase (menaquinone 7 as acceptor),4,0.0,0.0,1000.0,0.0,0.0
ALDD2y,"Aldehyde dehydrogenase (acetaldehyde, NADP)",3,0.0,0.0,1000.0,0.0,0.0
CA2abc1,Calcium efflux  via ABC system,5,0.0,0.0,1000.0,0.0,0.0
DHNCOAT,"1,4-dihydroxy-2-napthoyl-CoA thioesterase",5,0.0,0.0,1000.0,0.0,0.0
RU5PS,Ribulose-5-P Synthetase,5,0.0,0.0,10.0,0.0,0.0
CYSabcpp,L-cysteine uptake via ABC system (periplasm),4,0.0,0.0,1000.0,0.0,0.0
PROAKGOX1,Prolyl 4-hydroxylase,3,0.0,0.0,1000.0,0.0,0.0
NTPP10_1,Nucleoside triphosphate pyrophosphorylase (ditp),6,0.0,0.0,1000.0,0.0,0.0
AMPTASECG,Alanyl aminopeptidase (cys-gly),4,0.0,0.0,1000.0,0.0,0.0
DCYTt2,Deoxycytidine transport in via proton symport,7,0.0,0.0,1000.0,0.0,0.0
ACODA,Acetylornithine deacetylase,3,0.0,0.0,1000.0,0.0,0.0
LEULEULAPc,Hydrolysis of Leucylleucine in the small intestine for cellular uptake,5,0.0,0.0,1000.0,0.0,0.0
DHQS,3-dehydroquinate synthase,6,0.0,0.0,1000.0,0.0,0.0
TAGabc,,6,0.0,0.0,1000.0,0.0,0.0
ORPT,Orotate phosphoribosyltransferase,5,0.0,0.0,1000.0,0.0,0.0
Kabcpp,Potassium ABC transporter (periplasm),5,0.0,0.0,1000.0,0.0,0.0
GLUSx,Glutamate synthase  NADH2,4,0.0,0.0,1000.0,0.0,0.0
OIVD2,2-oxoisovalerate dehydrogenase (acylating; 3-methyl-2-oxobutanoate),4,0.0,0.0,1000.0,0.0,0.0
URAt2,Uracil transport in via proton symport,6,0.0,0.0,1000.0,0.0,0.0
GLCptspp,D-glucose transport via PEP:Pyr PTS (periplasm),4,0.0,0.0,1000.0,0.0,0.0
GLYCYSabc,Gly-Cys ABC transporters,5,0.0,0.0,1000.0,0.0,0.0
PGLYCP_1,Phosphoglycolate phosphatase,5,0.0,0.0,1000.0,0.0,0.0
DGUNC,Diguanylate cyclase,5,0.0,0.0,1000.0,0.0,0.0
FGLU_1,Formimidoylglutamase,4,0.0,0.0,1000.0,0.0,0.0
MMSDHir,Methylmalonate semialdehyde dehydrogenase  acylating,4,0.0,0.0,1000.0,0.0,0.0
2HXMPt6,2  hydroxymethyl phenol transport inout via proton symport,6,0.0,0.0,1000.0,0.0,0.0
NI2tex,Nickel transport via diffusion (extracellular to periplasm),5,0.0,0.0,1000.0,0.0,0.0
DALAGLYD,Beta alanine L glycine dipeptidase,4,0.0,0.0,1000.0,0.0,0.0
GALM1,Aldose 1-epimerase (glucose),5,0.0,0.0,1000.0,0.0,0.0
THZPSN,Thiazole phosphate synthesis,4,0.0,0.0,1000.0,0.0,0.0
FCLT_2,Heme B synthesis reaction,5,0.0,0.0,1000.0,0.0,0.0
NTD8,5'-nucleotidase (dGMP),6,0.0,0.0,1000.0,0.0,0.0
G1PP,Glucose-1-phosphatase,5,0.0,0.0,1000.0,0.0,0.0
ALAGLUabcpp,L Alaninylglutamate  LalaLglu  transport via ABC system  periplasm,5,0.0,0.0,1000.0,0.0,0.0
FBA2,D Fructose 1 phosphate D glyceraldehyde 3 phosphate lyase,5,0.0,0.0,1000.0,0.0,0.0
PRAGSr,Phosphoribosylglycinamide synthase,4,0.0,0.0,1000.0,0.0,0.0
OBDHc,"2-Oxobutanoate dehydrogenase, cytosolic",4,0.0,0.0,1000.0,0.0,0.0
ACTD_1,,4,0.0,0.0,0.0,0.0,0.0
GLYCtpp,Glycerol transport via channel (periplasm),6,0.0,0.0,1000.0,0.0,0.0
MMCD,Methylmalonyl-CoA decarboxylase,4,0.0,0.0,1000.0,0.0,0.0
BETALDHx,Betaine-aldehyde dehydrogenase,5,0.0,0.0,1000.0,0.0,0.0
ACLS_a,Acetolactate synthase,4,0.0,0.0,1000.0,0.0,0.0
GCCc,Glycine-cleavage complex,5,0.0,0.0,1000.0,0.0,0.0
DHPPDA,Diaminohydroxyphosphoribosylaminopyrimidine deaminase,6,0.0,0.0,1000.0,0.0,0.0
GLYCDH,Glycerol dehydratase,6,0.0,0.0,1000.0,0.0,0.0
G6PP,Glucose-6-phosphate phosphatase,5,0.0,0.0,1000.0,0.0,0.0
4PEPTabcpp,Tetrapeptide (LalaDgluMdapDala) transport via ABC system (periplasm),6,0.0,0.0,1000.0,0.0,0.0
FACOAE161,Fatty-acid-CoA thioesterase (hexadecenoate),4,0.0,0.0,1000.0,0.0,0.0
ASNS1,Asparagine synthase (glutamine-hydrolysing),4,0.0,0.0,1000.0,0.0,0.0
LALALGLUtex,L-alanyl-L-glutamate transport via diffusion (extracellular to periplasm),6,0.0,0.0,1000.0,0.0,0.0
3MBt2pp,H+/Isovalerate symport (periplasm),4,0.0,0.0,1000.0,0.0,0.0
ILEabc,L-isoleucine transport via ABC system,5,0.0,0.0,1000.0,0.0,0.0
CITt4pp_1,Citrate transport via sodium symport  periplasm,4,0.0,0.0,1000.0,0.0,0.0
ALLTN,Allantoinase,6,0.0,0.0,1000.0,0.0,0.0
PLIPA2E180pp,"Phospholipase A2 (phosphatidylethanolamine, n-C18:0) (periplasm)",4,0.0,0.0,1000.0,0.0,0.0
AGPAT180,1-octadecanoyl-sn-glycerol 3-phosphate O-acyltransferase (n-C18:0),5,0.0,0.0,1000.0,0.0,0.0
AGPAT161,1-hexadec-7-enoyl-sn-glycerol 3-phosphate O-acyltransferase (n-C16:1),5,0.0,0.0,1000.0,0.0,0.0
METabc,L-methionine transport via ABC system,4,0.0,0.0,1000.0,0.0,0.0
FE2abc,Iron (II) transport via ABC system,5,0.0,0.0,1000.0,0.0,0.0
ATPX5P,ATP pyridoxal 5'-phosphotransferase,5,0.0,0.0,1000.0,0.0,0.0
APG3PAT181,Acyl-phosphate:glycerol-3-phosphate acyltransferase (C18:1),5,0.0,0.0,1000.0,0.0,0.0
CYSabc,L-cysteine transport via ABC system,4,0.0,0.0,1000.0,0.0,0.0
MANGLYCtex,2-O-alpha-mannosyl-D-glycerate transport via diffusion (extracellular to periplasm),5,0.0,0.0,1000.0,0.0,0.0
ALDD4,"Aldehyde dehydrogenase (butanal, NAD)",3,0.0,0.0,1000.0,0.0,0.0
APG3PAT160,Acyl-phosphate:glycerol-3-phosphate acyltransferase (C16:0),5,0.0,0.0,1000.0,0.0,0.0
ADK2,Adenylate kinase (Inorganic triphosphate),7,0.0,0.0,1000.0,0.0,0.0
HEX4,Hexokinase (D-mannose:ATP),5,0.0,0.0,1000.0,0.0,0.0
NDPK6,Nucleoside-diphosphate kinase (ATP:dUDP),5,0.0,0.0,1000.0,0.0,0.0
ACLS_d,2-alpha-Hydroxyethylthiamine diphosphate lipoamide,4,0.0,0.0,1000.0,0.0,0.0
PLCD,PLCD,6,0.0,0.0,1000.0,0.0,0.0
TRSARr,Tartronate semialdehyde reductase,5,0.0,0.0,1000.0,0.0,0.0
AMPTASEGGLU,Aminopeptidase  Gly Glu,4,0.0,0.0,1000.0,0.0,0.0
PYDXPP,Pyridoxal 5-phosphate phosphatase,5,0.0,0.0,1000.0,0.0,0.0
TNTtpp,Trinitrotoluene transport via diffusion  periplasm to cytosol  irreversible,5,0.0,0.0,1000.0,0.0,0.0
UM3PL,UDP-N-acetylmuramate:L-alanyl-gamma-D-glutamyl-meso-diaminopimelate ligase,6,0.0,0.0,1000.0,0.0,0.0
HSTPTr,Histidinol phosphate transaminase,4,0.0,0.0,1000.0,0.0,0.0
NTD5,5'-nucleotidase (dTMP),6,0.0,0.0,1000.0,0.0,0.0
MCA,Methyl cis aconitase,4,0.0,0.0,1000.0,0.0,0.0
FACOAL80t2pp,Fatty-acid-CoA ligase (octanoate transport via vectoral Co-A coupling),4,0.0,0.0,1000.0,0.0,0.0
AMPEP17,Aminopeptidase,4,0.0,0.0,1000.0,0.0,0.0
MDDEP1pp,"Murein D,D-endopeptidase (murein4px4p) (periplasm)",5,0.0,0.0,1000.0,0.0,0.0
FACOAL161t2pp,Fatty-acid-CoA ligase (hexadecenoate transport via vectoral Co-A coupling),4,0.0,0.0,1000.0,0.0,0.0
FRDO,FRDO,4,0.0,0.0,10.0,0.0,0.0
D5KGK,2-Deoxy-5-Keto-D-gluconate kinase,5,0.0,0.0,1000.0,0.0,0.0
AGMPTRCtpp,Agmatine/putrescine antiporter (periplasm),4,0.0,0.0,1000.0,0.0,0.0
FE2abcpp,Iron (II) transport via ABC system (periplasm),5,0.0,0.0,1000.0,0.0,0.0
4HPRODCabcpp,Cis 4 Hydroxy D proline transport via ABC system,5,0.0,0.0,1000.0,0.0,0.0
GLYPHEHYc,Hydrolysis of glycylphenylalanine,4,0.0,0.0,1000.0,0.0,0.0
TNTR2,TNT nitroreductase 2 Hydroxylamino 4 6 dinitrotoluene,5,0.0,0.0,1000.0,0.0,0.0
PG181abcpp,"Phosphatidylglycerol transport via ABC system (n-C18:1, periplasm)",5,0.0,0.0,1000.0,0.0,0.0
NDP3,Nucleoside diphosphatase  GDP,5,0.0,0.0,1000.0,0.0,0.0
PSCVT,3-phosphoshikimate 1-carboxyvinyltransferase,5,0.0,0.0,1000.0,0.0,0.0
BUTKr,Butyrate kinase,3,0.0,0.0,1000.0,0.0,0.0
ADPDA,N6 acetyl LL 2 6 diaminoheptanedioate amidohydrolase,3,0.0,0.0,1000.0,0.0,0.0
MDDEP3pp,"Murein D,D-endopeptidase (murein5px4p) (periplasm)",5,0.0,0.0,1000.0,0.0,0.0
OXGDC,2 oxoglutarate decarboxylase,4,0.0,0.0,1000.0,0.0,0.0
YUMPS,YUMP synthetase,6,0.0,0.0,1000.0,0.0,0.0
AGMH,"N-Acetyl-D-glucosamine(anhydrous)N-Acetylmuramyl beta -1,4-N-acetylglucosaminidase",5,0.0,0.0,1000.0,0.0,0.0
GLNabc,L-glutamine transport via ABC system,5,0.0,0.0,1000.0,0.0,0.0
BUTtex,Butyrate transport via diffusion (extracellular to periplasm),4,0.0,0.0,1000.0,0.0,0.0
PYDXK_1,Pyridoxal kinase,5,0.0,0.0,1000.0,0.0,0.0
GalMr,Aldose 1-epimerase,6,0.0,0.0,1000.0,0.0,0.0
RHCCE,S-ribosylhomocysteine cleavage enzyme,4,0.0,0.0,1000.0,0.0,0.0
KAS2,B-ketoacyl synthetase (n-C14:0),3,0.0,0.0,1000.0,0.0,0.0
4HTHRS_1,4-Hydroxy-L-threonine synthase,5,0.0,0.0,1000.0,0.0,0.0
UAGPT2_1,UDP-N-acetylglucosamine-N-acetylmuramyl-(pentapeptide)pyrophosphoryl-undecaprenol N-acetylglucosamine transferase,5,0.0,0.0,1000.0,0.0,0.0
FFSD,Beta-fructofuranosidase,5,0.0,0.0,1000.0,0.0,0.0
MTHFR3,5 10 methylenetetrahydrofolatereductase  NADPH,5,0.0,0.0,1000.0,0.0,0.0
13PPDH,"1,3-propanediol dehydrogenase",7,0.0,0.0,1000.0,0.0,0.0
TRPS1,Tryptophan synthase (indoleglycerol phosphate),4,0.0,0.0,1000.0,0.0,0.0
AMPTASEAH,Aminopeptidase  Ala His,5,0.0,0.0,1000.0,0.0,0.0
PRAIS_1,Phosphoribosylaminoimidazole synthetase,5,0.0,0.0,1000.0,0.0,0.0
GTHRDabc2pp,Glutathione export via ABC system (cytoplasm to periplasm),5,0.0,0.0,1000.0,0.0,0.0
LYSDC,Lysine decarboxylase,5,0.0,0.0,1000.0,0.0,0.0
TNTR1,TNT nitroreductase 4 Hydroxylamino 2 6 dinitrotoluene,5,0.0,0.0,1000.0,0.0,0.0
ACt2rpp,Acetate reversible transport via proton symport (periplasm),3,0.0,0.0,1000.0,0.0,0.0
OCBT,Ornithine carbamoyltransferase,4,0.0,0.0,1000.0,0.0,0.0
NDPK9,Nucleoside diphosphate kinase  ATPIDP,6,0.0,0.0,1000.0,0.0,0.0
ACTNabc,Acetoin transport via ABC system,4,0.0,0.0,1000.0,0.0,0.0
Ktex,Potassium transport via diffusion (extracellular to periplasm),5,0.0,0.0,1000.0,0.0,0.0
PHEabc,,5,0.0,0.0,1000.0,0.0,0.0
GLUabc,L-glutamate transport via ABC system,4,0.0,0.0,1000.0,0.0,0.0
DASYN181,CDP-diacylglycerol synthetase (n-C18:1),5,0.0,0.0,1000.0,0.0,0.0
TRE6PH,Trehalose-6-phosphate hydrolase,5,0.0,0.0,1000.0,0.0,0.0
ALAALAabcpp,D-alanyl-D-alanine (DalaDala) transport via ABC system (periplasm),6,0.0,0.0,1000.0,0.0,0.0
PG160abcpp,"Phosphatidylglycerol transport via ABC system (n-C16:0, periplasm)",5,0.0,0.0,1000.0,0.0,0.0
4ABUTD,4-Aminobutyraldehyde:NAD+ oxidoreductase,4,0.0,0.0,1000.0,0.0,0.0
ADSL1r,Adenylsuccinate lyase,4,0.0,0.0,1000.0,0.0,0.0
Zn2tex,Zinc (Zn+2) transport via diffusion (extracellular to periplasm),5,0.0,0.0,1000.0,0.0,0.0
PMDPHT,Pyrimidine phosphatase,6,0.0,0.0,1000.0,0.0,0.0
HISGLYabcpp,L Histidinylglycine  His Gly  transport via ABC system  periplasm,5,0.0,0.0,1000.0,0.0,0.0
PFK_4,Phosphofructokinase (s7p),6,0.0,0.0,1000.0,0.0,0.0
PGSA181,Phosphatidylglycerol synthase (n-C18:1),5,0.0,0.0,1000.0,0.0,0.0
ACACCT,Acetyl-CoA:acetoacetyl-CoA transferase,2,0.0,0.0,1000.0,0.0,0.0
DNADDP,Deamino-NAD+ nucleotidohydrolase,5,0.0,0.0,1000.0,0.0,0.0
GMPR,GMP reductase,5,0.0,0.0,1000.0,0.0,0.0
VALt2r,L valine reversible transport via proton symport,5,0.0,0.0,1000.0,0.0,0.0
SPMDt3i,Spermidine transport in via proton antiport,5,0.0,0.0,10.0,0.0,0.0
AMPEP5,Aminopeptidase,4,0.0,0.0,1000.0,0.0,0.0
MN6PP,Mannose 6-phosphate phosphatase,5,0.0,0.0,1000.0,0.0,0.0
MLDCP1App,"Murein L,D-carboxypeptidase (murein5px4p) (periplasm)",5,0.0,0.0,1000.0,0.0,0.0
RNDR1,Ribonucleoside-diphosphate reductase (ADP),4,0.0,0.0,1000.0,0.0,0.0
H2Otpp,H2O transport via diffusion (periplasm),5,0.0,0.0,1000.0,0.0,0.0
PGI1c,"Glucose-6-phosphateisomerase,glycosome",5,0.0,0.0,1000.0,0.0,0.0
GNK_1,Gluconokinase,5,0.0,0.0,1000.0,0.0,0.0
SMIA1,Staphyloferrin A Mediated Iron Acquisition,6,0.0,0.0,1000.0,0.0,0.0
ACTD,Acetoin dehydrogenase,4,0.0,0.0,0.0,0.0,0.0
FTHFLi,Formate-tetrahydrofolate ligase,5,0.0,0.0,1000.0,0.0,0.0
BG_CELLB,Beta glucosidase  cellobiose,5,0.0,0.0,1000.0,0.0,0.0
ACPpds,[acyl-carrier-protein] phosphodiesterase,5,0.0,0.0,1000.0,0.0,0.0
ALATHRtr,Dipeptide transport via ABC system ala-thr,6,0.0,0.0,1000.0,0.0,0.0
AIRC1,Phosphoribosylaminoimidazole carboxylase  ATP dependent,6,0.0,0.0,1000.0,0.0,0.0
FBA3,"Sedoheptulose 1,7-bisphosphate D-glyceraldehyde-3-phosphate-lyase",5,0.0,0.0,1000.0,0.0,0.0
ALATA_L2,Alanine transaminase,4,0.0,0.0,1000.0,0.0,0.0
HEXSabc,Hexanesulfonate transport via ABC system,5,0.0,0.0,1000.0,0.0,0.0
NADDP,NAD diphosphatase,7,0.0,0.0,1000.0,0.0,0.0
GLYPHEAP,Gly-Phe aminopeptidase,4,0.0,0.0,1000.0,0.0,0.0
FACOAL100t2pp,Fatty-acid-CoA ligase (decanoate transport via vectoral Co-A coupling),4,0.0,0.0,1000.0,0.0,0.0
MALTabc,Maltose transport via ABC system,5,0.0,0.0,1000.0,0.0,0.0
AMPEP13,Aminopeptidase,5,0.0,0.0,1000.0,0.0,0.0
PTHRP,Phospho-threonine phosphatase,5,0.0,0.0,1000.0,0.0,0.0
MNabc,Manganese transport via ABC system,5,0.0,0.0,1000.0,0.0,0.0
TARTRtpp,Tartrate facilitated transport periplasm,4,0.0,0.0,1000.0,0.0,0.0
RECOAH3,3 hydroxyacyl Coa dehydratase   3R  3 hydroxyoctanoyl CoA,5,0.0,0.0,1000.0,0.0,0.0
TREpts,Trehalose transport via PEP:Pyr PTS,4,0.0,0.0,1000.0,0.0,0.0
TRPS2,Tryptophan synthase (indole),4,0.0,0.0,1000.0,0.0,0.0
CYSGL,Cystathionine gamma-lyase,3,0.0,0.0,1000.0,0.0,0.0
AACPS3,Acyl-[acyl-carrier-protein] synthetase  (n-C16:0),4,0.0,0.0,1000.0,0.0,0.0
ANS2,Anthranilate synthase 2,4,0.0,0.0,1000.0,0.0,0.0
LLEUDr,L leucine dehydrogenase,5,0.0,0.0,1000.0,0.0,0.0
URIK1,Uridine kinase  ATPUridine,5,0.0,0.0,1000.0,0.0,0.0
IPDDI,Isopentenyl-diphosphate D-isomerase,6,0.0,0.0,1000.0,0.0,0.0
PPC,Phosphoenolpyruvate carboxylase,4,0.0,0.0,1000.0,0.0,0.0
OMCDC,2-Oxo-4-methyl-3-carboxypentanoate decarboxylation,5,0.0,0.0,1000.0,0.0,0.0
HEMEOS_1,Heme O synthase,6,0.0,0.0,1000.0,0.0,0.0
CAT,Catalase,5,0.0,0.0,1000.0,0.0,0.0
IND3ACtpp,Indole 3 acetic acid export  periplasm,4,0.0,0.0,1000.0,0.0,0.0
ASP1DC,Aspartate 1-decarboxylase,5,0.0,0.0,1000.0,0.0,0.0
SUCRt2,Sucrose transport in via proton symport,5,0.0,0.0,1000.0,0.0,0.0
4HALDD,Aldehyde dehydrogenase  4 hydroxyphenylacetaldehyde  NAD,6,0.0,0.0,1000.0,0.0,0.0
NADH9,NADH dehydrogenase (demethylmenaquinone-8 & 0 protons),4,0.0,0.0,1000.0,0.0,0.0
RBFSb,Riboflavin synthase,5,0.0,0.0,1000.0,0.0,0.0
SERD_L,L-serine deaminase,4,0.0,0.0,1000.0,0.0,0.0
MALTTRabc,Maltotriose transport via ABC system,6,0.0,0.0,1000.0,0.0,0.0
NOR_syn_1,Ferredoxin-Nitrite Reductase,4,0.0,0.0,1000.0,0.0,0.0
PNTK_1,Pantothenate kinase,5,0.0,0.0,1000.0,0.0,0.0
BALAMDAH,Beta Alaninamide amidohydrolase,5,0.0,0.0,1000.0,0.0,0.0
HSTPT,Histidinol-phosphate transaminase,4,0.0,0.0,1000.0,0.0,0.0
IGPS,Indole-3-glycerol-phosphate synthase,5,0.0,0.0,1000.0,0.0,0.0
GLYtex,Glycine transport via diffusion (extracellular to periplasm),5,0.0,0.0,1000.0,0.0,0.0
GNKr,Gluconokinase,6,0.0,0.0,1000.0,0.0,0.0
ALAabcpp,L-alanine transport via ABC system (periplasm),5,0.0,0.0,1000.0,0.0,0.0
GLUPRT,Glutamine phosphoribosyldiphosphate amidotransferase,4,0.0,0.0,1000.0,0.0,0.0
FDMO3,FMNH2-dependent monooxygenase (ethanesulfonate),4,0.0,0.0,1000.0,0.0,0.0
GARFT,Phosphoribosylglycinamide formyltransferase,5,0.0,0.0,1000.0,0.0,0.0
AMPEP6,Aminopeptidase,5,0.0,0.0,1000.0,0.0,0.0
ARGN_1,Arginase,5,0.0,0.0,1000.0,0.0,0.0
HQNt6,Hydroquinone transport inout via proton symport,6,0.0,0.0,1000.0,0.0,0.0
EDA,2-dehydro-3-deoxy-phosphogluconate aldolase,4,0.0,0.0,1000.0,0.0,0.0
AMPTASEPG,Aminopeptidase (pro-gly),4,0.0,0.0,1000.0,0.0,0.0
PBUTT,Phosphate butyryltransferase,3,0.0,0.0,1000.0,0.0,0.0
ACtex,Acetate transport via diffusion (extracellular to periplasm),4,0.0,0.0,1000.0,0.0,0.0
MTHTHFSs,"(2R,4S)-2-methyl-2,3,3,4-tetrahydroxytetrahydrofuran synthesis (spontaneous)",6,0.0,0.0,1000.0,0.0,0.0
E4PD,Erythrose 4-phosphate dehydrogenase,6,0.0,0.0,1000.0,0.0,0.0
BALAALAabcpp,Beta alanyl L alanine transport via ABC system  periplasm,6,0.0,0.0,1000.0,0.0,0.0
GLYt2pp,Glycine transport in via proton symport (periplasm),4,0.0,0.0,1000.0,0.0,0.0
NO3tex,Nitrate transport via diffusion (extracellular to periplasm),8,0.0,0.0,1000.0,0.0,0.0
METGL,Methionine g lyase,4,0.0,0.0,1000.0,0.0,0.0
CPPPGO,Coproporphyrinogen oxidase (O2 required),7,0.0,0.0,1000.0,0.0,0.0
DALAOX,D amino acid oxidase,4,0.0,0.0,1000.0,0.0,0.0
ALAabc,L-alanine transport via ABC system,5,0.0,0.0,1000.0,0.0,0.0
VALabc,L-valine transport via ABC system,5,0.0,0.0,1000.0,0.0,0.0
ILEtex,L-isoleucine transport via diffusion (extracellular to periplasm),6,0.0,0.0,1000.0,0.0,0.0
CTECOAI7,3-cis-2-trans-enoyl-CoA isomerase,5,0.0,0.0,1000.0,0.0,0.0
PE180abcpp,"Phosphatidylethanolamine transport via ABC system (n-C18:0, periplasm)",5,0.0,0.0,1000.0,0.0,0.0
TRPS3,Tryptophan synthase (indoleglycerol phosphate),5,0.0,0.0,1000.0,0.0,0.0
MNtex,Manganese (Mn+2) transport via diffusion (extracellular to periplasm),5,0.0,0.0,1000.0,0.0,0.0
ATPHs,ATP amine hydrolysis (spontaneous),6,0.0,0.0,1000.0,0.0,0.0
ADCL,4-aminobenzoate synthase,4,0.0,0.0,1000.0,0.0,0.0
4HBAt,MNXR68734,5,0.0,0.0,1000.0,0.0,0.0
DDCAtexi,Fatty acid (dodecanoate) transport via facilitated irreversible diffusion (extracellular to periplasm),5,0.0,0.0,1000.0,0.0,0.0
NI2uabcpp,"Nickel transport via ABC system (uptake, periplasm)",5,0.0,0.0,1000.0,0.0,0.0
NADK1,NAD kinase  GTP,5,0.0,0.0,1000.0,0.0,0.0
HMR_9610,Na+/succinate symporter,3,0.0,0.0,1000.0,0.0,0.0
AEPabcpp,AEP transport via ABC system periplasm,5,0.0,0.0,1000.0,0.0,0.0
GLYGLUtex,L Histidinylglycine transport via diffusion  extracellular to periplasm,6,0.0,0.0,1000.0,0.0,0.0
DALALEUD,Beta alanine L leucine dipeptidase,5,0.0,0.0,1000.0,0.0,0.0
PA160abcpp,"Phosphatidate transport via ABC system (n-C16:0, periplasm)",5,0.0,0.0,1000.0,0.0,0.0
UDCPDPex,Undecaprenyl-diphosphatase (periplasm),6,0.0,0.0,1000.0,0.0,0.0
TNTHAC2,2 4 6 dinitrotoluene meisenheimer dihydrideTNT derived hydroxylamines condensation,5,0.0,0.0,1000.0,0.0,0.0
ACTD2,Acetoin dehydrogenase,3,0.0,0.0,1000.0,0.0,0.0
AMANAPEr,N-acetylmannosamine 6-phosphate epimerase,4,0.0,0.0,1000.0,0.0,0.0
GLYSERtex,L Glycinylserine transport via diffusion  extracellular to periplasm,6,0.0,0.0,1000.0,0.0,0.0
GLTPD,Galactitol-1-phosphate dehydrogenase,5,0.0,0.0,1000.0,0.0,0.0
ISETACtex,Isethionate transport via diffusion (extracellular to periplasm),6,0.0,0.0,1000.0,0.0,0.0
ACGS,N-acetylglutamate synthase,3,0.0,0.0,1000.0,0.0,0.0
AICART,Phosphoribosylaminoimidazolecarboxamide formyltransferase,5,0.0,0.0,1000.0,0.0,0.0
2AGPE161tipp,2-Acyl-sn-glycero-3-phosphoethanolamine (n-C16:1) transporter via facilitated diffusion (periplasm),5,0.0,0.0,1000.0,0.0,0.0
2AACLPGT180,2 acyl acyl carrier protein glycerophospho glycerol acyltransferase  n C160,5,0.0,0.0,1000.0,0.0,0.0
BUTSO3tex,Butanesulfonate transport via diffusion (extracellular to periplasm),6,0.0,0.0,1000.0,0.0,0.0
MDNTHAep,N  2 methyl 3 5 dinitrophenyl  4 methyl 3 5 dinitroaniline extrusion pump,4,0.0,0.0,1000.0,0.0,0.0
MMSAD3,Methylmalonate-semialdehyde dehydrogenase (malonic semialdehyde),3,0.0,0.0,1000.0,0.0,0.0
NO3abcpp,Nitrate transport via ABC system (periplasm),7,0.0,0.0,1000.0,0.0,0.0
RBK,Ribokinase,6,0.0,0.0,1000.0,0.0,0.0
P52O,,4,0.0,0.0,1000.0,0.0,0.0
ASPCT_2,Aspartate carbamoyltransferase,5,0.0,0.0,1000.0,0.0,0.0
HEX7,Hexokinase (D-fructose:ATP),5,0.0,0.0,1000.0,0.0,0.0
PANTS,Pantothenate synthase,5,0.0,0.0,1000.0,0.0,0.0
APSR,Adenosine 5'-phosphosulfate reductase;,4,0.0,0.0,1000.0,0.0,0.0
FE3DCITexs,Dicitrate Fe(III) binding (spontaneous),5,0.0,0.0,1000.0,0.0,0.0
FRDx,Fumarate reductase NADH,3,0.0,0.0,1000.0,0.0,0.0
DSERt2pp,D-serine transport in via proton symport (periplasm),4,0.0,0.0,1000.0,0.0,0.0
HOXPRx,2 hydroxy 3 oxopropionate reductase  NAD,5,0.0,0.0,1000.0,0.0,0.0
GALabcpp,D-galactose transport via ABC system (periplasm),5,0.0,0.0,1000.0,0.0,0.0
ANHMK,"1,6-anhydrous-N-Acetylmuramate kinase",5,0.0,0.0,1000.0,0.0,0.0
ORNTAC_1,Ornithine transacetylase,4,0.0,0.0,1000.0,0.0,0.0
AMPEP2,Aminopeptidase,5,0.0,0.0,1000.0,0.0,0.0
PRFGS_1,Phosphoribosylformylglycinamidine synthase,4,0.0,0.0,1000.0,0.0,0.0
DADNK_1,Deoxyadenosine kinase,6,0.0,0.0,1000.0,0.0,0.0
SHSL2r,O-succinylhomoserine lyase (H2S),3,0.0,0.0,1000.0,0.0,0.0
SHCHD2_1,Sirohydrochlorin dehydrogenase  NAD,6,0.0,0.0,1000.0,0.0,0.0
G6PBDH,Beta-D-Glucose-6-phosphate NADP+ 1-oxoreductase,6,0.0,0.0,1000.0,0.0,0.0
PANO,,4,0.0,0.0,1000.0,0.0,0.0
DCYTD,Deoxycytidine deaminase,7,0.0,0.0,1000.0,0.0,0.0
G3PAT181,Glycerol-3-phosphate acyltransferase (C18:1),5,0.0,0.0,1000.0,0.0,0.0
METOX2s,Methionine oxidation 2 (spontaneous),4,0.0,0.0,1000.0,0.0,0.0
ACALDtpp,Acetaldehyde reversible transport (periplasm),4,0.0,0.0,1000.0,0.0,0.0
3MBtex,3-methylbutanoic acid transport via diffusion (extracellular to periplasm),5,0.0,0.0,1000.0,0.0,0.0
2MAHMP,2-Methyl-4-amino-5-hydroxymethylpyrimidine diphosphatase,6,0.0,0.0,1000.0,0.0,0.0
PROt2rpp,L-proline reversible transport via proton symport (periplasm),4,0.0,0.0,1000.0,0.0,0.0
FACOAL160,Fatty acid  CoA ligase  hexadecanoate,4,0.0,0.0,1000.0,0.0,0.0
NTD1,5'-nucleotidase (dUMP),6,0.0,0.0,1000.0,0.0,0.0
ACSERHS,O3-Acetyl-L-serine acetate-lyase (adding hydrogen sulfide),3,0.0,0.0,1000.0,0.0,0.0
GLYt2r,Glycine reversible transport via proton symport,4,0.0,0.0,1000.0,0.0,0.0
FE2t3pp,Iron (Fe+2) transport out via proton antiport (periplasm),4,0.0,0.0,1000.0,0.0,0.0
GAPDi_nadp,Glyceraldehyde-3-phosphate dehydrogenase (NAD(P)+) (phosphorylating),5,0.0,0.0,0.0,0.0,0.0
BGLK,Beta-glucoside kinase,5,0.0,0.0,1000.0,0.0,0.0
TAURabc,Taurine transport via ABC system,5,0.0,0.0,1000.0,0.0,0.0
NTD6,5'-nucleotidase (dAMP),6,0.0,0.0,1000.0,0.0,0.0
AGPR,N-acetyl-g-glutamyl-phosphate reductase,5,0.0,0.0,1000.0,0.0,0.0
CRO4tex,Cromate transport via diffusion (extracellular to periplasm),5,0.0,0.0,1000.0,0.0,0.0
ALATRPtex,L Alaninyltryptophan transport via diffusion  extracellular to periplasm,7,0.0,0.0,1000.0,0.0,0.0
PLIPA1E161pp,"Phospholipase A1 (phosphatidylethanolamine, n-C16:1) (periplasm)",4,0.0,0.0,1000.0,0.0,0.0
HMBS,Hydroxymethylbilane synthase,7,0.0,0.0,1000.0,0.0,0.0
ACPPAT161,Acyl-(acyl carrier protein):phosphate acyltransferase (C16:1),5,0.0,0.0,1000.0,0.0,0.0
DASYN161,CDP-diacylglycerol synthetase (n-C16:1),5,0.0,0.0,1000.0,0.0,0.0
PGPP181pp,"Phosphatidylglycerol phosphate phosphatase (periplasm, n-C18:1)",5,0.0,0.0,1000.0,0.0,0.0
TRPAS1,Tryptophanase  L cysteine,4,0.0,0.0,1000.0,0.0,0.0
DABAAT2,DABA aminotransferase,4,0.0,0.0,1000.0,0.0,0.0
FEDCabc,Iron  III  dicitrate transport via ABC system,4,0.0,0.0,1000.0,0.0,0.0
OCOAT1,3-oxoacid CoA-transferase (Succinyl-CoA: acetoacetate),2,0.0,0.0,1000.0,0.0,0.0
LGTHL,Lactoylglutathione lyase,5,0.0,0.0,0.0,0.0,0.0
SHCHF_2,Sirohydrochlorin ferrochetalase,5,0.0,0.0,1000.0,0.0,0.0
DKMD2K,1 2 dihydroxy 3 keto 5 methylthiopentene dioxygenase  2 keto 4 methylthiobutyrate,5,0.0,0.0,1000.0,0.0,0.0
C4HP,,5,0.0,0.0,1000.0,0.0,0.0
NAt3pp,Sodium transport out via proton antiport (cytoplasm to periplasm),4,0.0,0.0,1000.0,0.0,0.0
CYSTGL,Cystathionine g lyase,4,0.0,0.0,1000.0,0.0,0.0
G6PDA,Glucosamine-6-phosphate deaminase,4,0.0,0.0,1000.0,0.0,0.0
ZN2abcpp,"Zinc (Zn+2) ABC transporter, efflux (periplasm)",5,0.0,0.0,1000.0,0.0,0.0
GLYGLNtex,L Glycinylglutamine transport via diffusion  extracellular to periplasm,6,0.0,0.0,1000.0,0.0,0.0
GCCc_1,Glycine-cleavage complex,5,0.0,0.0,1000.0,0.0,0.0
AKP1,Alkaline phosphatase  Dihydroneopterin,6,0.0,0.0,1000.0,0.0,0.0
MAN6PI,Mannose-6-phosphate isomerase,5,0.0,0.0,1000.0,0.0,0.0
DM1PE,2 3 diketo 5 methylthiopentyl 1 phosphate enolase,7,0.0,0.0,1000.0,0.0,0.0
CYSS,Cysteine synthase,3,0.0,0.0,1000.0,0.0,0.0
BTNt,Biotin ABC transporter,5,0.0,0.0,1000.0,0.0,0.0
MN2t3pp,Manganese (Mn+2) transport out via proton antiport (periplasm),4,0.0,0.0,1000.0,0.0,0.0
CS,Citrate synthase,3,0.0,0.0,1000.0,0.0,0.0
XYLabcpp,D-xylose transport via ABC system (periplasm),8,0.0,0.0,1000.0,0.0,0.0
CYSK2_I,O-Phospho-L-Serine-dependent S-Suflocysteine Synthase,4,0.0,0.0,1000.0,0.0,0.0
ICHORT,Isochorismatase,4,0.0,0.0,1000.0,0.0,0.0
METSR_S1,L methionine S oxide reductase  trdrd,4,0.0,0.0,1000.0,0.0,0.0
BUTt2rpp,"Butyrate transport via proton symport, reversible (periplasm)",3,0.0,0.0,1000.0,0.0,0.0
MANt2,D mannose transport in via proton symport,5,0.0,0.0,1000.0,0.0,0.0
MCITS,2-methylcitrate synthase,4,0.0,0.0,1000.0,0.0,0.0
PPCOAC,Propionyl-CoA carboxylase,4,0.0,0.0,1000.0,0.0,0.0
GLUt2rpp,"L-glutamate transport via proton symport, reversible (periplasm)",4,0.0,0.0,1000.0,0.0,0.0
ALR3,Aldose reductase (acetol),6,0.0,0.0,1000.0,0.0,0.0
AMPEP9,Aminopeptidase,4,0.0,0.0,1000.0,0.0,0.0
BTNTe,Release of biotin across the basolatral membrane,5,0.0,0.0,1000.0,0.0,0.0
DHAD2,"Dihydroxy-acid dehydratase (2,3-dihydroxy-3-methylpentanoate)",5,0.0,0.0,1000.0,0.0,0.0
AM3PA,Anhydrous-N-Acetylmuramyl-tripeptide amidase,6,0.0,0.0,1000.0,0.0,0.0
SPODM,Superoxide dismutase,5,0.0,0.0,1000.0,0.0,0.0
ORNTA,Ornithine transaminase,4,0.0,0.0,1000.0,0.0,0.0
ACLDC,Acetolactate decarboxylase,4,0.0,0.0,1000.0,0.0,0.0
MLDCP2Bpp,"Murein L,D-carboxypeptidase (murein4p3p) (periplasm)",5,0.0,0.0,1000.0,0.0,0.0
PRO1x,Proline oxidase  L proline  NAD,4,0.0,0.0,0.0,0.0,0.0
CYSTL,Cystathionine b-lyase,4,0.0,0.0,1000.0,0.0,0.0
ADNK1,Adenosine kinase,5,0.0,0.0,1000.0,0.0,0.0
AACPS5,Acyl-[acyl-carrier-protein] synthetase  (n-C18:1),4,0.0,0.0,1000.0,0.0,0.0
NTD4,5'-nucleotidase (CMP),5,0.0,0.0,1000.0,0.0,0.0
SPMS,Spermidine synthase,4,0.0,0.0,1000.0,0.0,0.0
2AACLPPEAT180,2 acyl acyl carrier protein glycerophospho glycerol acyltransferase  n C160,5,0.0,0.0,1000.0,0.0,0.0
3NTD4pp,3'-nucleotidase (CMP) (periplasm),5,0.0,0.0,1000.0,0.0,0.0
PTRCTA,Putrescine Transaminase,4,0.0,0.0,1000.0,0.0,0.0
CPGNexs,Coprogen Fe-loading reaction (spontaneaous),5,0.0,0.0,1000.0,0.0,0.0
GTHRDt2_1,Glutathione transport,5,0.0,0.0,1000.0,0.0,0.0
CITtupp,Citrate transport periplasm,4,0.0,0.0,1000.0,0.0,0.0
CYTDtex,Cytidine transport via diffusion (extracellular to periplasm),6,0.0,0.0,1000.0,0.0,0.0
F1PP,D-fructose 1-phosphate phosphatase,5,0.0,0.0,1000.0,0.0,0.0
GUAt2r,Guanine reversible transport via proton symport,5,0.0,0.0,1000.0,0.0,0.0
ZNabcpp,Zinc (Zn+2) transport via ABC system (periplasm),5,0.0,0.0,1000.0,0.0,0.0
ALKP,Alkaline phosphatase,5,0.0,0.0,1000.0,0.0,0.0
3UMPt6,3  UMP transport in via proton symport,6,0.0,0.0,1000.0,0.0,0.0
TNTep,2 4 6 trinitrotoluene extrusion pump,4,0.0,0.0,1000.0,0.0,0.0
DHACOAH,"2,3-dehydroadipyl-CoA hydratase",4,0.0,0.0,1000.0,0.0,0.0
AMPEP1,Aminopeptidase,4,0.0,0.0,1000.0,0.0,0.0
NI2t4pp,Nickel transport out via antiport (periplasm),4,0.0,0.0,1000.0,0.0,0.0
MDRPD,5-Methylthio-5-deoxy-D-ribulose 1-phosphate dehydratase,8,0.0,0.0,1000.0,0.0,0.0
GPDDA2,Glycerophosphodiester phosphodiesterase (Glycerophosphoethanolamine),5,0.0,0.0,1000.0,0.0,0.0
PTRCabcpp,Putrescine transport via ABC system (periplasm),4,0.0,0.0,1000.0,0.0,0.0
ZN2t3pp,Zinc (Zn+2) transport out via proton antiport (periplasm),4,0.0,0.0,1000.0,0.0,0.0
GLCRt1,Transport by Glut-5 Transporter into Extracellular Space,6,0.0,0.0,1000.0,0.0,0.0
GCALDD,Glycolaldehyde dehydrogenase,5,0.0,0.0,1000.0,0.0,0.0
PIabc,Phosphate transport via ABC system,6,0.0,0.0,1000.0,0.0,0.0
GALURtex,D-galacturonate transport via diffusion (extracellular to periplasm),5,0.0,0.0,1000.0,0.0,0.0
VPAMTr,Valine-pyruvate aminotransferase,4,0.0,0.0,1000.0,0.0,0.0
LPLIPAL2E161,"Lysophospholipase L2 (2-acylglycerophosphoethanolamine, n-C16:1)",4,0.0,0.0,1000.0,0.0,0.0
URATEt_1,Urate permease,6,0.0,0.0,1000.0,0.0,0.0
ECOAH1,3-hydroxyacyl-CoA dehydratase (3-hydroxybutanoyl-CoA),3,0.0,0.0,1000.0,0.0,0.0
FACOAL141t2pp,Fatty-acid-CoA ligase (tetradecenoate transport via vectoral Co-A coupling),4,0.0,0.0,1000.0,0.0,0.0
GLUt4pp,Na+/glutamate symport (periplasm),4,0.0,0.0,1000.0,0.0,0.0
NABTNO,N4 AcetylaminobutanalNAD oxidoreductase,4,0.0,0.0,1000.0,0.0,0.0
RNTR2,Ribonucleoside triphosphate reductase  GTP,4,0.0,0.0,1000.0,0.0,0.0
CELBt2,,5,0.0,0.0,1000.0,0.0,0.0
GTPDPK,GTP diphosphokinase,5,0.0,0.0,1000.0,0.0,0.0
ARBTpts,Arbutin transport via PEPPyr PTS,4,0.0,0.0,1000.0,0.0,0.0
MMM,Methylmalonyl-CoA mutase,3,0.0,0.0,1000.0,0.0,0.0
PTHPS,6-pyruvoyltetrahydropterin synthase,6,0.0,0.0,1000.0,0.0,0.0
ACOXT,Acetyl-CoA:oxalate CoA-transferase,3,0.0,0.0,1000.0,0.0,0.0
AMPEP18,Aminopeptidase,4,0.0,0.0,1000.0,0.0,0.0
TNTtex,Trinitrotoluene transport via diffusion  extracellular to periplasm  irreversible,5,0.0,0.0,1000.0,0.0,0.0
CBPS,Carbamoyl-phosphate synthase (glutamine-hydrolysing),4,0.0,0.0,1000.0,0.0,0.0
PROHISGLUtr,Tripeptide Opp3 transport,5,0.0,0.0,1000.0,0.0,0.0
HMPK1,Hydroxymethylpyrimidine kinase (ATP),6,0.0,0.0,1000.0,0.0,0.0
2S6HCCi,2 succinyl 6 hydroxy 2 4 cyclohexadiene 1 carboxylate synthase,4,0.0,0.0,1000.0,0.0,0.0
ALAt4,Alanine-Sodium symporter,5,0.0,0.0,1000.0,0.0,0.0
TGBPA,Tagatose-bisphosphate aldolase,5,0.0,0.0,1000.0,0.0,0.0
3NUCLE2,3  nucleotidase  3  UMP,5,0.0,0.0,1000.0,0.0,0.0
SHK3Dr,Shikimate dehydrogenase,7,0.0,0.0,1000.0,0.0,0.0
HACD1i,3-hydroxyacyl-CoA dehydrogenase (acetoacetyl-CoA),2,0.0,0.0,0.0,0.0,0.0
GALURt2rpp,"D-galacturonate transport via proton symport, reversible (periplasm)",4,0.0,0.0,1000.0,0.0,0.0
PRASCSi,Phosphoribosylaminoimidazolesuccinocarboxamide synthase,5,0.0,0.0,1000.0,0.0,0.0
CD2t6,Cadmium  Cd2  transport out via proton antiport  periplasmexternal,4,0.0,0.0,1000.0,0.0,0.0
2AACLPPEAT160,2 acyl acyl carrier protein glycerophospho glycerol acyltransferase  n C160,5,0.0,0.0,1000.0,0.0,0.0
R5PP,Ribose 5-phosphate phosphatase,6,0.0,0.0,1000.0,0.0,0.0
NTD3,5'-nucleotidase (dCMP),6,0.0,0.0,1000.0,0.0,0.0
MDDEP4pp,"Murein D,D-endopeptidase (murein4px4px4p) (periplasm)",5,0.0,0.0,1000.0,0.0,0.0
IZPN_1,Imidazolonepropionase,5,0.0,0.0,1000.0,0.0,0.0
ACALDt,Acetaldehyde reversible transport,4,0.0,0.0,1000.0,0.0,0.0
CELLBpts_2,,4,0.0,0.0,1000.0,0.0,0.0
DB4PS,"3,4-Dihydroxy-2-butanone-4-phosphate synthase",5,0.0,0.0,1000.0,0.0,0.0
GLUTRS,Glutamyl-tRNA synthetase,4,0.0,0.0,1000.0,0.0,0.0
GDH1,Glutamate dehydrogenase (NAD),4,0.0,0.0,1000.0,0.0,0.0
P5CRx,Pyrroline-5-carboxylate reductase(nadh),4,0.0,0.0,0.0,0.0,0.0
34HPPOR,4 Hydroxyphenylpyruvateoxygen oxidoreductase,5,0.0,0.0,1000.0,0.0,0.0
DRIBabc,Deoxyribose transport via ABC system,6,0.0,0.0,1000.0,0.0,0.0
GLYMETtex,L Glycinylmethionine transport via diffusion  extracellular to periplasm,6,0.0,0.0,1000.0,0.0,0.0
FMNRy,FMN reductase  NADPH dependent,5,0.0,0.0,1000.0,0.0,0.0
S6PG,Salicin 6 phosphate glucohydrolase,5,0.0,0.0,1000.0,0.0,0.0
PYRtex,Pyruvate transport via diffusion (extracellular to periplasm),5,0.0,0.0,1000.0,0.0,0.0
DH23t,,6,0.0,0.0,1000.0,0.0,0.0
GTHOr,Glutathione oxidoreductase,5,0.0,0.0,1000.0,0.0,0.0
AGM4PApp,N-Acetyl-D-glucosamine(anhydrous)N-Acetylmuramyl-tetrapeptide amidase (periplasm),5,0.0,0.0,1000.0,0.0,0.0
HXANt2pp,Hypoxanthine transport in via proton symport (periplasm),4,0.0,0.0,1000.0,0.0,0.0
XTSNH,Xanthosine hydrolase,6,0.0,0.0,1000.0,0.0,0.0
ALAR,Alanine racemase,5,0.0,0.0,1000.0,0.0,0.0
LYSt3pp,L-lysine transport out via proton antiport (cytoplasm to periplasm),4,0.0,0.0,1000.0,0.0,0.0
PYRt4pp,Pyruvate transport via sodium symport,4,0.0,0.0,1000.0,0.0,0.0
TTDCEAtexi,Tetradecenoate transport via facilitated irreversible diffusion (extracellular to periplasm),5,0.0,0.0,1000.0,0.0,0.0
MCBTFUexs,Mycobactin Fe loading reaction  spontaneous,5,0.0,0.0,1000.0,0.0,0.0
AMPEP14,Aminopeptidase,4,0.0,0.0,1000.0,0.0,0.0
MCTP1App,Murein crosslinking transpeptidase 1A:(A2pm->D-ala) (periplasm),5,0.0,0.0,1000.0,0.0,0.0
TMPPP,Thiamine-phosphate diphosphorylase,5,0.0,0.0,1000.0,0.0,0.0
TDP,Thiamin pyrophosphatase,5,0.0,0.0,1000.0,0.0,0.0
ALDD3,Aldehyde dehydrogenase  propanal  NAD,5,0.0,0.0,1000.0,0.0,0.0
ALCD2x,Alcohol dehydrogenase (ethanol),4,0.0,0.0,0.0,0.0,0.0
ZN2t6,Zinc  Zn2  transport out via proton antiport  periplasmexternal,4,0.0,0.0,1000.0,0.0,0.0
NADK4,NAD kinase  dCTP,5,0.0,0.0,1000.0,0.0,0.0
PLIPA2A160pp,"Phospholipase A2 (phosphatidate, n-C16:0) (periplasm)",4,0.0,0.0,1000.0,0.0,0.0
SCYSSL,S-sulfo-L-cysteine sulfite lyase,4,0.0,0.0,1000.0,0.0,0.0
APRTO2,N acetylputrescine oxygen oxireductase  deaminating,4,0.0,0.0,1000.0,0.0,0.0
GTPHs,GTP amine hydrolysis (spontaneous),5,0.0,0.0,1000.0,0.0,0.0
CDPPH,CDP phosphohydrolase,5,0.0,0.0,1000.0,0.0,0.0
CMPDAi,CMP deaminase,5,0.0,0.0,1000.0,0.0,0.0
4HPROLTabcpp,Trans 4 Hydroxy D proline transport via ABC system,4,0.0,0.0,1000.0,0.0,0.0
GLUSfx,Glutamate synthase (ferredoxin),4,0.0,0.0,1000.0,0.0,0.0
URIH,Uridine hydrolase,5,0.0,0.0,1000.0,0.0,0.0
SULFACtex,Sulfoaceate transport via diffusion (extracellular to periplasm),6,0.0,0.0,1000.0,0.0,0.0
AH6PI,Arabino-3-hexulose-6-P Isomerase,5,0.0,0.0,10.0,0.0,0.0
DIPEPabc10,Dipeptide transport via ABC system  gly glu,5,0.0,0.0,1000.0,0.0,0.0
AMPEP3,Aminopeptidase,4,0.0,0.0,1000.0,0.0,0.0
NTPP10,Nucleoside triphosphate pyrophosphorylase (ditp),6,0.0,0.0,1000.0,0.0,0.0
GLYLEUtr,Gly-Leu ABC transporters,5,0.0,0.0,1000.0,0.0,0.0
PGK,Phosphoglycerate kinase,6,0.0,0.0,1000.0,0.0,0.0
RNMK,Ribosylnicotinamide kinase,7,0.0,0.0,1000.0,0.0,0.0
DAAOP,D alanyl aminopeptidase,6,0.0,0.0,1000.0,0.0,0.0
APTA1i,Acetyl L L diaminopimelate aminotransferase,4,0.0,0.0,1000.0,0.0,0.0
PA161abcpp,"Phosphatidate transport via ABC system (n-C16:1, periplasm)",5,0.0,0.0,1000.0,0.0,0.0
SUCR,Sucrose hydrolyzing enzyme,5,0.0,0.0,1000.0,0.0,0.0
ALALEUabcpp,L Alaninylleucine  Ala Leu  transport via ABC system  periplasm,6,0.0,0.0,1000.0,0.0,0.0
FACOAL180t2pp,Fatty-acid-CoA ligase (octadecanoate transport via vectoral Co-A coupling),4,0.0,0.0,1000.0,0.0,0.0
MALDDH,Malate decarboxylating oxidoreductase (decarboxylating),4,0.0,0.0,1000.0,0.0,0.0
SULabc,Sulfate transport via ABC system,5,0.0,0.0,1000.0,0.0,0.0
DHBD,"2,3-dihydro-2,3-dihydroxybenzoate dehydrogenase",5,0.0,0.0,1000.0,0.0,0.0
BZDH,Benzaldehyde dehydrogenase,4,0.0,0.0,1000.0,0.0,0.0
PHEMEt,Heme transport,6,0.0,0.0,1000.0,0.0,0.0
GALt2_3,,6,0.0,0.0,1000.0,0.0,0.0
AI2tex,"Ai2 transport, outer membrane",8,0.0,0.0,1000.0,0.0,0.0
ACOAD20,Acyl CoA dehydrogenase  2 methylbutnoyl CoA,5,0.0,0.0,1000.0,0.0,0.0
OMPDC,Orotidine-5'-phosphate decarboxylase,6,0.0,0.0,1000.0,0.0,0.0
KAS7,B-ketoacyl synthetase (n-C16:1),3,0.0,0.0,1000.0,0.0,0.0
MLDEP2pp,"Murein L,D-endopeptidase (murein5px3p) (periplasm)",5,0.0,0.0,1000.0,0.0,0.0
MDDCP3pp,"Murein D,D-carboxypeptidase (murein5p5p) (periplasm)",5,0.0,0.0,1000.0,0.0,0.0
GDPTPDP,Guanosine 3'-diphosphate 5'-triphosphate 3'-diphosphatase,5,0.0,0.0,1000.0,0.0,0.0
THRabc,L-threonine transport via ABC system,5,0.0,0.0,1000.0,0.0,0.0
GALK2,Galactokinase,6,0.0,0.0,1000.0,0.0,0.0
2AGPG180tipp,2-Acyl-sn-glycero-3-phosphoglycerol (n-C18:0) transporter via facilitated diffusion (periplasm),5,0.0,0.0,1000.0,0.0,0.0
DAPAT,Cadaverine aminotranferase,4,0.0,0.0,1000.0,0.0,0.0
DURIPP,Deoxyuridine phosphorylase,6,0.0,0.0,1000.0,0.0,0.0
PG161abcpp,"Phosphatidylglycerol transport via ABC system (n-C16:1, periplasm)",5,0.0,0.0,1000.0,0.0,0.0
CHORS,Chorismate synthase,5,0.0,0.0,1000.0,0.0,0.0
FEENTERexs,Enterobactin Fe(III) binding (spontaneous),5,0.0,0.0,1000.0,0.0,0.0
ABG4t2,,6,0.0,0.0,1000.0,0.0,0.0
FALDep,Formaldehyde extrusion pump,4,0.0,0.0,1000.0,0.0,0.0
CBPS_1,Carbamoyl-phosphate synthase (glutamine-hydrolysing),4,0.0,0.0,1000.0,0.0,0.0
LPLIPAL1E180pp,"Lysophospholipase L1 (2-acylglycerophosphoethanolamine, n-C18:0) (periplasm)",4,0.0,0.0,1000.0,0.0,0.0
BALALEUtex,L Histidinylglycine transport via diffusion  extracellular to periplasm,7,0.0,0.0,1000.0,0.0,0.0
A6PAG2,,5,0.0,0.0,1000.0,0.0,0.0
AGMt2pp,GlcNAc-anhMurNAc transport in via proton symport (periplasm),4,0.0,0.0,1000.0,0.0,0.0
GALM2,Aldose 1-epimerase (galactose),5,0.0,0.0,1000.0,0.0,0.0
MELIBabc,Melibiose transport via ABC system (import),6,0.0,0.0,1000.0,0.0,0.0
G3PAT180,Glycerol-3-phosphate acyltransferase (C18:0),5,0.0,0.0,1000.0,0.0,0.0
NNATr,Nicotinate-nucleotide adenylyltransferase,5,0.0,0.0,1000.0,0.0,0.0
FMNRx2,FMN reductase,5,0.0,0.0,1000.0,0.0,0.0
AMPEP8,Aminopeptidase,4,0.0,0.0,1000.0,0.0,0.0
ADCS,4-amino-4-deoxychorismate synthase,4,0.0,0.0,1000.0,0.0,0.0
ADPRDP_1,ADPribose diphosphatase,6,0.0,0.0,1000.0,0.0,0.0
GALt2pp,D-galactose transport in via proton symport (periplasm),4,0.0,0.0,1000.0,0.0,0.0
DALAALAD,Beta alanine L alanine dipeptidase,5,0.0,0.0,1000.0,0.0,0.0
ADADir,Deoxycytidine kinase,6,0.0,0.0,1000.0,0.0,0.0
BDH,3-HYDROXYBUTYRATE-DEHYDROGENASE-RXN,3,0.0,0.0,1000.0,0.0,0.0
METS,Methionine synthase,4,0.0,0.0,1000.0,0.0,0.0
KAS17,B-ketoacyl synthetase (n-C18:1),3,0.0,0.0,1000.0,0.0,0.0
MI1PP,Myo-inositol 1-phosphatase,6,0.0,0.0,1000.0,0.0,0.0
PPDD,Propanediol dehydratase,5,0.0,0.0,1000.0,0.0,0.0
HISGLYtex,L Histidinylglycine transport via diffusion  extracellular to periplasm,6,0.0,0.0,1000.0,0.0,0.0
PHHL,,3,0.0,0.0,1000.0,0.0,0.0
URIDK2r,Uridylate kinase (dUMP),5,0.0,0.0,1000.0,0.0,0.0
GLYMETabcpp,L Glycinylmethionine  Gly Met  transport via ABC system  periplasm,5,0.0,0.0,1000.0,0.0,0.0
AMPEP15,Aminopeptidase,4,0.0,0.0,1000.0,0.0,0.0
ALCD19y,Alcohol dehydrogenase  glycerol  NADP,6,0.0,0.0,1000.0,0.0,0.0
GTHRDabcpp,Reduced glutathione via ABC system (periplasm),5,0.0,0.0,1000.0,0.0,0.0
METSOXR2,L-methionine-R-sulfoxide reductase,4,0.0,0.0,1000.0,0.0,0.0
PIt7,Phosphate transport in/out via three Na+ symporter,6,0.0,0.0,1000.0,0.0,0.0
NADS1,NAD synthase (nh3),5,0.0,0.0,1000.0,0.0,0.0
GTHPi,Glutathione peridoxase,5,0.0,0.0,1000.0,0.0,0.0
GUAtex,Guanine transport via diffusion (extracellular to periplasm),5,0.0,0.0,1000.0,0.0,0.0
SSALx,Succinate-semialdehyde dehydrogenase (NAD),3,0.0,0.0,1000.0,0.0,0.0
MALDt2_2pp,D-Malate transport via proton symport (2 H) (periplasm),4,0.0,0.0,1000.0,0.0,0.0
PMPK,Phosphomethylpyrimidine kinase,6,0.0,0.0,1000.0,0.0,0.0
GLYCYSAP,Gly-Cys aminopeptidase,4,0.0,0.0,1000.0,0.0,0.0
GLCpts,D-glucose transport via PEP:Pyr PTS,4,0.0,0.0,1000.0,0.0,0.0
ACPS1_1,"CoA:apo-[acyl-carrier-protein] pantetheinephosphotransferase, cytosol",5,0.0,0.0,1000.0,0.0,0.0
ALTRH,Altronate hydrolase,6,0.0,0.0,1000.0,0.0,0.0
DIPEPabc14,Dipeptide transport via ABC system  gly pro L,5,0.0,0.0,1000.0,0.0,0.0
ACPPAT160,Acyl-(acyl carrier protein):phosphate acyltransferase (C16:0),5,0.0,0.0,1000.0,0.0,0.0
THRabcpp,L-threonine transport via ABC system (periplasm),5,0.0,0.0,1000.0,0.0,0.0
ETOHtex,Ethanol transport via diffusion (extracellular to periplasm),6,0.0,0.0,1000.0,0.0,0.0
PDE4,"3',5'-cyclic-nucleotide phosphodiesterase",5,0.0,0.0,1000.0,0.0,0.0
ARGDC,Arginine decarboxylase,5,0.0,0.0,1000.0,0.0,0.0
PROtex,L-proline transport via diffusion (extracellular to periplasm),5,0.0,0.0,1000.0,0.0,0.0
NTD12,5'-nucleotidase (dIMP),6,0.0,0.0,1000.0,0.0,0.0
METSOX2abc,L-Methionine R-oxide transport via ABC system,5,0.0,0.0,1000.0,0.0,0.0
HPHACA,2--hydroxyphenylacetate hydroxylase,6,0.0,0.0,1000.0,0.0,0.0
TARTRt7pp,Tartrate/succinate antiporter (periplasm),3,0.0,0.0,1000.0,0.0,0.0
THZPSN_1,Thiazole phosphate synthesis,4,0.0,0.0,1000.0,0.0,0.0
FRUpts2,Fructose transport via PEP:Pyr PTS (f6p generating),4,0.0,0.0,1000.0,0.0,0.0
12PPDRDH,R Propane 1 2 diol dehydratase,5,0.0,0.0,1000.0,0.0,0.0
MLDCP3App,"Murein L,D-carboxypeptidase (murein5px3p) (periplasm)",5,0.0,0.0,1000.0,0.0,0.0
ARGSS,Argininosuccinate synthase,5,0.0,0.0,1000.0,0.0,0.0
