id	direction	compartment	gpr	name	enzyme	deltag	reference	equation	definition	ms id	bigg id	kegg id	kegg pathways	metacyc pathways
rxn00192_c0	>	Cytosol	BHNFPM_00776_gene	acetyl-CoA:L-glutamate N-acetyltransferase [c0]		-5.29		(1)  cpd00022[c0] + (1)  cpd00023[c0] => (1)  cpd00010[c0] + (1)  cpd00067[c0] + (1)  cpd00477[c0]	(1)  Acetyl-CoA [c0][c0] + (1)  L-Glutamate [c0][c0] => (1)  CoA [c0][c0] + (1)  H+ [c0][c0] + (1)  N-Acetyl-L-glutamate [c0][c0]	rxn00192	ACGS	R00259	Arginine and proline metabolism	ARG+POLYAMINE-SYN|ARGININE-SYN|ARGSYN-PWY|ARGSYNBSUB-PWY|Amino-Acid-Biosynthesis|Biosynthesis|GLUTORN-PWY|IND-AMINO-ACID-SYN|Other-Amino-Acid-Biosynthesis|Polyamine-Biosynthesis
rxn10126_c0	>	Cytosol	BHNFPM_03159_gene	succinate dehyrdogenase [c0]		-8.12		(1)  cpd00982[c0] + (1)  cpd15560[c0] => (1)  cpd00015[c0] + (1)  cpd00067[c0] + (1)  cpd15561[c0]	(1)  FADH2 [c0][c0] + (1)  Ubiquinone-8 [c0][c0] => (1)  FAD [c0][c0] + (1)  H+ [c0][c0] + (1)  Ubiquinol-8 [c0][c0]	rxn10126	SUCD4			
rxn05346_c0	>	Cytosol	(BHNFPM_01021_gene or BHNFPM_02895_gene)	butyryl-[acyl-carrier protein]:malonyl-[acyl-carrier-protein] C-acyltransferase (decarboxylating) [c0]		-7.37		(1)  cpd11464[c0] + (1)  cpd11492[c0] => (1)  cpd00011[c0] + (1)  cpd11486[c0] + (1)  cpd11493[c0]	(1)  Butyryl-ACP [c0][c0] + (1)  Malonyl-acyl-carrierprotein- [c0][c0] => (1)  CO2 [c0][c0] + (1)  3-Oxohexanoyl-[acp] [c0][c0] + (1)  ACP [c0][c0]	rxn05346	3OAS60	R04952	Fatty acid biosynthesis	Biosynthesis|Fatty-acid-biosynthesis|Lipid-Biosynthesis|Palmitate-Biosynthesis
rxn01729_c0	>	Cytosol	(BHNFPM_00609_gene or BHNFPM_01082_gene or BHNFPM_01180_gene or BHNFPM_01393_gene or BHNFPM_03424_gene)	glutarate-semialdehyde:NAD+ oxidoreductase [c0]		-9.8		(1)  cpd00001[c0] + (1)  cpd00003[c0] + (1)  cpd02089[c0] => (1)  cpd00004[c0] + (2)  cpd00067[c0] + (1)  cpd00379[c0]	(1)  H2O [c0][c0] + (1)  NAD [c0][c0] + (1)  5-Oxopentanoate [c0][c0] => (1)  NADH [c0][c0] + (2)  H+ [c0][c0] + (1)  Glutarate [c0][c0]	rxn01729	GLUSD	R02401	Lysine degradation	Amino-Acid-Degradation|Degradation|LYSDEGII-PWY|LYSINE-DEG
rxn08017_c0	>	Cytosol	(BHNFPM_01022_gene or BHNFPM_02001_gene)	acyl-[acyl-carrier-protein] synthetase  (n-C16:1) [c0]				(1)  cpd00002[c0] + (1)  cpd11493[c0] + (1)  cpd15237[c0] => (1)  cpd00012[c0] + (1)  cpd00018[c0] + (2)  cpd00067[c0] + (1)  cpd15239[c0]	(1)  ATP [c0][c0] + (1)  ACP [c0][c0] + (1)  hexadecenoate [c0][c0] => (1)  PPi [c0][c0] + (1)  AMP [c0][c0] + (2)  H+ [c0][c0] + (1)  Hexadecenoyl-ACP [c0][c0]	rxn08017	AACPS4			
rxn02679_c0	=	Cytosol	(BHNFPM_00492_gene or BHNFPM_02959_gene or BHNFPM_03511_gene or BHNFPM_04190_gene or BHNFPM_04191_gene)	Octanoyl-CoA:oxygen 2-oxidoreductase [c0]		7.23		(1)  cpd00015[c0] + (1)  cpd00067[c0] + (1)  cpd01335[c0] <=> (1)  cpd00982[c0] + (1)  cpd03130[c0]	(1)  FAD [c0][c0] + (1)  H+ [c0][c0] + (1)  Octanoyl-CoA [c0][c0] <=> (1)  FADH2 [c0][c0] + (1)  (2E) -Octenoyl-CoA [c0][c0]	rxn02679	ACOAD3f	R03777	Fatty acid degradation	
rxn05350_c0	>	Cytosol	(BHNFPM_01021_gene or BHNFPM_02895_gene)	hexanoyl-[acyl-carrier protein]:malonyl-[acyl-carrier-protein] C-acyltransferase (decarboxylating) [c0]		-7.37		(1)  cpd00067[c0] + (1)  cpd11472[c0] + (1)  cpd11492[c0] => (1)  cpd00011[c0] + (1)  cpd11490[c0] + (1)  cpd11493[c0]	(1)  H+ [c0][c0] + (1)  Hexanoyl-ACP [c0][c0] + (1)  Malonyl-acyl-carrierprotein- [c0][c0] => (1)  CO2 [c0][c0] + (1)  3-oxooctanoyl-acp [c0][c0] + (1)  ACP [c0][c0]	rxn05350	3OAS80	R04957	Fatty acid biosynthesis	Biosynthesis|Fatty-acid-biosynthesis|Lipid-Biosynthesis|Palmitate-Biosynthesis
rxn05514_c0	=	Cytosol	BHNFPM_00695_gene	calcium transport in/out via proton antiporter [c0]	2.A.19|TC-2.A.19	0		(1)  cpd00063[c0] + (1)  cpd00067[e0] <=> (1)  cpd00063[e0] + (1)  cpd00067[c0]	(1)  Ca2+ [c0][c0] + (1)  H+ [e0][e0] <=> (1)  Ca2+ [e0][e0] + (1)  H+ [c0][c0]	rxn05514	CAt4			
rxn02720_c0	=	Cytosol	(BHNFPM_00492_gene or BHNFPM_02959_gene or BHNFPM_03511_gene or BHNFPM_04190_gene or BHNFPM_04191_gene)	Lauroyl-CoA:(acceptor) 2,3-oxidoreductase [c0]		7.23		(1)  cpd00015[c0] + (1)  cpd00067[c0] + (1)  cpd01260[c0] <=> (1)  cpd00982[c0] + (1)  cpd02060[c0]	(1)  FAD [c0][c0] + (1)  H+ [c0][c0] + (1)  Lauroyl-CoA [c0][c0] <=> (1)  FADH2 [c0][c0] + (1)  (2E) -Dodecenoyl-CoA [c0][c0]	rxn02720	ACOAD5f	R03857	Fatty acid degradation	
rxn01997_c0	>	Cytosol	BHNFPM_03623_gene	dTDPglucose 4,6-hydro-lyase [c0]		-13.9		(1)  cpd00626[c0] => (1)  cpd00001[c0] + (1)  cpd00521[c0]	(1)  dTDPglucose [c0][c0] => (1)  H2O [c0][c0] + (1)  dTDP-4-oxo-6-deoxy-D-glucose [c0][c0]	rxn01997	TDPGDH	R06513	Streptomycin biosynthesis|Polyketide sugar unit biosynthesis|Biosynthesis of vancomycin group antibiotics	Antibiotic-Biosynthesis|Biosynthesis|CARBO-BIOSYNTHESIS|Carbohydrates-Biosynthesis|Cell-Structure-Biosynthesis|Cell-Wall-Biosynthesis|DTDPRHAMSYN-PWY|ECASYN-PWY|Lipopolysaccharide-Biosynthesis|O-Antigen-Biosynthesis|OANTIGEN-PWY|Rhamnose-Biosynthesis|SECONDARY-METABOLITE-BIOSYNTHESIS|SUGAR-NUCLEOTIDES
rxn00178_c0	=	Cytosol	BHNFPM_01771_gene	Acetyl-CoA:acetyl-CoA C-acetyltransferase [c0]		7.06		(2)  cpd00022[c0] <=> (1)  cpd00010[c0] + (1)  cpd00279[c0]	(2)  Acetyl-CoA [c0][c0] <=> (1)  CoA [c0][c0] + (1)  Acetoacetyl-CoA [c0][c0]	rxn00178	AACOAT	R00238	Fatty acid degradation|Synthesis and degradation of ketone bodies|Valine, leucine and isoleucine degradation|Lysine degradation|Benzoate degradation|Tryptophan metabolism|Pyruvate metabolism|Glyoxylate and dicarboxylate metabolism|Propanoate metabolism|Butanoate metabolism|Carbon fixation pathways in prokaryotes|Terpenoid backbone biosynthesis	ACETOACETATE-DEG-PWY|AROMATIC-COMPOUNDS-DEGRADATION|Acetyl-CoA-Butyrate|Amino-Acid-Degradation|Autotrophic-CO2-Fixation|Biosynthesis|C1-COMPOUNDS|CARBOXYLATES-DEG|CENTFERM-PWY|CO2-Fixation|Cofactor-Biosynthesis|DITERPENOID-SYN|Degradation|ERGOSTEROL-SYN-PWY|Energy-Metabolism|Fatty-Acid-and-Lipid-Degradation|Fermentation|GGPP-Biosynthesis|GLUDEG-II-PWY|GLUTAMATE-DEG|ISOPRENOIDS|LYSINE-DEG|Lipid-Biosynthesis|OTHER-ENERGY|Other-biosynthesis|P163-PWY|PWY1-3|PWY66-367|PWY66-368|PWY66-5|Polyprenyl-Biosynthesis|Pyruvate-Degradation|SECONDARY-METABOLITE-BIOSYNTHESIS|Sterol-Biosynthesis|TOLUENE-DEG|TRYPTOPHAN-DEG|TRYPTOPHAN-DEGRADATION-1|Terpenoid-Biosynthesis
rxn05161_c0	>	Cytosol	BHNFPM_02891_gene	nonpolar-amino-acid-transporting ATPase [c0]		-6.82		(1)  cpd00001[c0] + (1)  cpd00002[c0] + (1)  cpd00107[e0] => (1)  cpd00008[c0] + (1)  cpd00009[c0] + (1)  cpd00067[c0] + (1)  cpd00107[c0]	(1)  H2O [c0][c0] + (1)  ATP [c0][c0] + (1)  L-Leucine [e0][e0] => (1)  ADP [c0][c0] + (1)  Phosphate [c0][c0] + (1)  H+ [c0][c0] + (1)  L-Leucine [c0][c0]	rxn05161	LEUabc			
rxn05571_c0	=	Cytosol	BHNFPM_03946_gene	D-gluconate transport via proton symport, reversible [c0]		0		(1)  cpd00067[e0] + (1)  cpd00222[e0] <=> (1)  cpd00067[c0] + (1)  cpd00222[c0]	(1)  H+ [e0][e0] + (1)  GLCN [e0][e0] <=> (1)  H+ [c0][c0] + (1)  GLCN [c0][c0]	rxn05571	GLCNt2			
rxn05466_c0	=	Cytosol	BHNFPM_01689_gene	TRANS-RXN-173.ce [c0]		0		(1)  cpd00013[e0] <=> (1)  cpd00013[c0]	(1)  NH3 [e0][e0] <=> (1)  NH3 [c0][c0]	rxn05466	NH3t			
rxn08792_c0	>	Cytosol	BHNFPM_01548_gene	lactate oxidation [c0]		-11.22		(1)  cpd00159[c0] + (1)  cpd15560[c0] => (1)  cpd00020[c0] + (1)  cpd15561[c0]	(1)  L-Lactate [c0][c0] + (1)  Ubiquinone-8 [c0][c0] => (1)  Pyruvate [c0][c0] + (1)  Ubiquinol-8 [c0][c0]	rxn08792	L-LACD2			
rxn05348_c0	>	Cytosol	(BHNFPM_01021_gene or BHNFPM_02895_gene)	Decanoyl-[acyl-carrier protein]:malonyl-[acyl-carrier-protein] C-acyltransferase (decarboxylating) [c0]		-7.37		(1)  cpd11474[c0] + (1)  cpd11492[c0] => (1)  cpd00011[c0] + (1)  cpd11489[c0] + (1)  cpd11493[c0]	(1)  Decanoyl-ACP [c0][c0] + (1)  Malonyl-acyl-carrierprotein- [c0][c0] => (1)  CO2 [c0][c0] + (1)  3-oxododecanoyl-acp [c0][c0] + (1)  ACP [c0][c0]	rxn05348	3OAS120	R04963	Fatty acid biosynthesis	Biosynthesis|Fatty-acid-biosynthesis|Lipid-Biosynthesis|Palmitate-Biosynthesis
rxn05345_c0	>	Cytosol	(BHNFPM_01021_gene or BHNFPM_02895_gene)	dodecanoyl-[acyl-carrier-protein]:malonyl-[acyl-carrier-protein] C-acyltransferase (decarboxylating) [c0]		-7.37		(1)  cpd11468[c0] + (1)  cpd11492[c0] => (1)  cpd00011[c0] + (1)  cpd11491[c0] + (1)  cpd11493[c0]	(1)  Dodecanoyl-ACP [c0][c0] + (1)  Malonyl-acyl-carrierprotein- [c0][c0] => (1)  CO2 [c0][c0] + (1)  3-oxotetradecanoyl-acp [c0][c0] + (1)  ACP [c0][c0]	rxn05345	3OAS140	R04726	Fatty acid biosynthesis	Biosynthesis|Fatty-acid-biosynthesis|Lipid-Biosynthesis|Palmitate-Biosynthesis
rxn05145_c0	>	Cytosol	(BHNFPM_00319_gene or BHNFPM_00485_gene or BHNFPM_00536_gene or BHNFPM_00774_gene or BHNFPM_01003_gene or BHNFPM_01005_gene or BHNFPM_01086_gene or BHNFPM_01201_gene or BHNFPM_01234_gene or BHNFPM_01275_gene or BHNFPM_01306_gene or BHNFPM_01364_gene or BHNFPM_01389_gene or BHNFPM_01472_gene or BHNFPM_01589_gene or BHNFPM_02092_gene or BHNFPM_02302_gene or BHNFPM_03573_gene or BHNFPM_03848_gene or BHNFPM_04359_gene or BHNFPM_04446_gene)	phosphate-transporting ATPase [c0]	3.A.1.7|TC-3.A.1.7	-6.82		(1)  cpd00001[c0] + (1)  cpd00002[c0] + (1)  cpd00009[e0] => (1)  cpd00008[c0] + (2)  cpd00009[c0] + (1)  cpd00067[c0]	(1)  H2O [c0][c0] + (1)  ATP [c0][c0] + (1)  Phosphate [e0][e0] => (1)  ADP [c0][c0] + (2)  Phosphate [c0][c0] + (1)  H+ [c0][c0]	rxn05145	PIabc			
rxn00499_c0	=	Cytosol	BHNFPM_01548_gene	(S)-Lactate:NAD+ oxidoreductase [c0]		6.22		(1)  cpd00003[c0] + (1)  cpd00159[c0] <=> (1)  cpd00004[c0] + (1)  cpd00020[c0] + (1)  cpd00067[c0]	(1)  NAD [c0][c0] + (1)  L-Lactate [c0][c0] <=> (1)  NADH [c0][c0] + (1)  Pyruvate [c0][c0] + (1)  H+ [c0][c0]	rxn00499	LDH_L	R00703	Glycolysis / Gluconeogenesis|Pyruvate metabolism	ANAEROFRUCAT-PWY|Carbohydrates-Degradation|Degradation|Energy-Metabolism|Fermentation|P122-PWY|P124-PWY|P41-PWY|P461-PWY|Pyruvate-Degradation|SECONDARY-METABOLITE-DEGRADATION|SUCROSE-DEG|SUGAR-ALCOHOLS-DEG|Sugar-Derivatives|Sugars-And-Polysaccharides|Xylose-Degradation
rxn05219_c0	>	Cytosol	(BHNFPM_01057_gene or BHNFPM_03504_gene or BHNFPM_03839_gene)	nonpolar-amino-acid-transporting ATPase [c0]		-6.82		(1)  cpd00001[c0] + (1)  cpd00002[c0] + (1)  cpd00060[e0] => (1)  cpd00008[c0] + (1)  cpd00009[c0] + (1)  cpd00060[c0] + (1)  cpd00067[c0]	(1)  H2O [c0][c0] + (1)  ATP [c0][c0] + (1)  L-Methionine [e0][e0] => (1)  ADP [c0][c0] + (1)  Phosphate [c0][c0] + (1)  L-Methionine [c0][c0] + (1)  H+ [c0][c0]	rxn05219	METabc			
rxn05211_c0	=	Cytosol	(BHNFPM_03309_gene or BHNFPM_03999_gene)	Transport of citrate, extracellular [c0]		0		(1)  cpd00067[e0] + (1)  cpd00137[e0] <=> (1)  cpd00067[c0] + (1)  cpd00137[c0]	(1)  H+ [e0][e0] + (1)  Citrate [e0][e0] <=> (1)  H+ [c0][c0] + (1)  Citrate [c0][c0]	rxn05211	CITt2			
rxn08044_c0	=	Cytosol	BHNFPM_03881_gene	N-acetylmuramate 6-phosphate hydro-lyase (N-acetyl-D-glucosamine 6-phosphate forming) [c0]		-3.11		(1)  cpd00001[c0] + (1)  cpd15391[c0] <=> (1)  cpd00067[c0] + (1)  cpd00221[c0] + (1)  cpd00293[c0]	(1)  H2O [c0][c0] + (1)  MurNAc 6-phosphate [c0][c0] <=> (1)  H+ [c0][c0] + (1)  D-Lactate [c0][c0] + (1)  N-Acetyl-D-glucosamine 6-phosphate [c0][c0]	rxn08044	ACM6PH	R08555	Amino sugar and nucleotide sugar metabolism	
rxn05175_c0	>	Cytosol	(BHNFPM_00574_gene or BHNFPM_00575_gene or BHNFPM_03056_gene or BHNFPM_03336_gene)	spermidine transport via ABC system [c0]		-6.82		(1)  cpd00001[c0] + (1)  cpd00002[c0] + (1)  cpd00264[e0] => (1)  cpd00008[c0] + (1)  cpd00009[c0] + (1)  cpd00067[c0] + (1)  cpd00264[c0]	(1)  H2O [c0][c0] + (1)  ATP [c0][c0] + (1)  Spermidine [e0][e0] => (1)  ADP [c0][c0] + (1)  Phosphate [c0][c0] + (1)  H+ [c0][c0] + (1)  Spermidine [c0][c0]	rxn05175	SPMDabc			
rxn08546_c0	>	Cytosol	(BHNFPM_01022_gene or BHNFPM_02001_gene)	glycerol-3-phosphate acyltransferase (C12:0) [c0]		-3.61		(1)  cpd00080[c0] + (1)  cpd11468[c0] => (1)  cpd11493[c0] + (1)  cpd15325[c0]	(1)  Glycerol-3-phosphate [c0][c0] + (1)  Dodecanoyl-ACP [c0][c0] => (1)  ACP [c0][c0] + (1)  1-dodecanoyl-sn-glycerol 3-phosphate [c0][c0]	rxn08546	G3PAT120			
rxn00776_c0	>	Cytosol	BHNFPM_00657_gene	uracil hydro-lyase (adding D-ribose 5-phosphate;pseudouridine-5'-phosphate-forming) [c0]		-11.95		(1)  cpd00092[c0] + (1)  cpd00101[c0] => (1)  cpd00001[c0] + (1)  cpd00859[c0]	(1)  Uracil [c0][c0] + (1)  ribose-5-phosphate [c0][c0] => (1)  H2O [c0][c0] + (1)  Pseudouridine 5'-phosphate [c0][c0]	rxn00776		R01055	Pyrimidine metabolism	Degradation|NUCLEO-DEG|Purine-Degradation
rxn08527_c0	=	Cytosol	BHNFPM_03159_gene	fumarate reductase [c0]		-162.01		(1)  cpd00106[c0] + (1)  cpd15499[c0] <=> (1)  cpd00036[c0] + (1)  cpd15500[c0]	(1)  Fumarate [c0][c0] + (1)  Menaquinol 8 [c0][c0] <=> (1)  Succinate [c0][c0] + (1)  Menaquinone 8 [c0][c0]	rxn08527	FRD2			
rxn03253_c0	=	Cytosol	(BHNFPM_00492_gene or BHNFPM_02959_gene or BHNFPM_03511_gene or BHNFPM_04190_gene or BHNFPM_04191_gene)	Decanoyl-CoA:(acceptor) 2,3-oxidoreductase [c0]		7.23		(1)  cpd00015[c0] + (1)  cpd00067[c0] + (1)  cpd03128[c0] <=> (1)  cpd00982[c0] + (1)  cpd03129[c0]	(1)  FAD [c0][c0] + (1)  H+ [c0][c0] + (1)  Decanoyl-CoA [c0][c0] <=> (1)  FADH2 [c0][c0] + (1)  (2E) -Decenoyl-CoA [c0][c0]	rxn03253	ACOAD4f	R04754	Fatty acid degradation	
rxn08528_c0	=	Cytosol	BHNFPM_03159_gene	fumarate reductase [c0]		-31.4		(1)  cpd00106[c0] + (1)  cpd15353[c0] <=> (1)  cpd00036[c0] + (1)  cpd15352[c0]	(1)  Fumarate [c0][c0] + (1)  2-Demethylmenaquinol 8 [c0][c0] <=> (1)  Succinate [c0][c0] + (1)  2-Demethylmenaquinone 8 [c0][c0]	rxn08528	FRD3			
rxn05163_c0	>	Cytosol	(BHNFPM_00574_gene or BHNFPM_00575_gene or BHNFPM_03056_gene or BHNFPM_03336_gene)	putrescine transport via ABC system [c0]		-6.82		(1)  cpd00001[c0] + (1)  cpd00002[c0] + (1)  cpd00118[e0] => (1)  cpd00008[c0] + (1)  cpd00009[c0] + (1)  cpd00067[c0] + (1)  cpd00118[c0]	(1)  H2O [c0][c0] + (1)  ATP [c0][c0] + (1)  Putrescine [e0][e0] => (1)  ADP [c0][c0] + (1)  Phosphate [c0][c0] + (1)  H+ [c0][c0] + (1)  Putrescine [c0][c0]	rxn05163	PTRCabc			
rxn05202_c0	=	Cytosol	BHNFPM_02408_gene	TRANS-RXN-206.ce [c0]		0		(1)  cpd00067[e0] + (1)  cpd00309[e0] <=> (1)  cpd00067[c0] + (1)  cpd00309[c0]	(1)  H+ [e0][e0] + (1)  XAN [e0][e0] <=> (1)  H+ [c0][c0] + (1)  XAN [c0][c0]	rxn05202	XANt2			
rxn01802_c0	>	Cytosol	(BHNFPM_00492_gene or BHNFPM_02959_gene or BHNFPM_03511_gene or BHNFPM_04190_gene or BHNFPM_04191_gene)	Glutaryl-CoA:(acceptor) 2,3-oxidoreductase (decarboxylating) [c0]		2.33		(1)  cpd00015[c0] + (1)  cpd00067[c0] + (1)  cpd00413[c0] => (1)  cpd00011[c0] + (1)  cpd00650[c0] + (1)  cpd00982[c0]	(1)  FAD [c0][c0] + (1)  H+ [c0][c0] + (1)  Glutaryl-CoA [c0][c0] => (1)  CO2 [c0][c0] + (1)  Crotonyl-CoA [c0][c0] + (1)  FADH2 [c0][c0]	rxn01802	GLTCOAD	R02487	Fatty acid degradation	
rxn05465_c0	=	Cytosol	(BHNFPM_01022_gene or BHNFPM_02001_gene)	Malonyl-CoA:[acyl-carrier-protein] S-malonyltransferase [c0]	2.3.1.39	9.53		(1)  cpd00067[c0] + (1)  cpd00070[c0] + (1)  cpd11493[c0] <=> (1)  cpd00010[c0] + (1)  cpd11492[c0]	(1)  H+ [c0][c0] + (1)  Malonyl-CoA [c0][c0] + (1)  ACP [c0][c0] <=> (1)  CoA [c0][c0] + (1)  Malonyl-acyl-carrierprotein- [c0][c0]	rxn05465	FAS1_1	R01626	Fatty acid biosynthesis	Biosynthesis|FASYN-INITIAL-PWY|Fatty-acid-biosynthesis|Lipid-Biosynthesis|PWY0-881
rxn05347_c0	>	Cytosol	(BHNFPM_01021_gene or BHNFPM_02895_gene)	Acyl-[acyl-carrier-protein]:malonyl-[acyl-carrier-protein] C-acyltransferase (decarboxylating) [c0]		-7.37		(1)  cpd11492[c0] + (1)  cpd11494[c0] => (1)  cpd00011[c0] + (1)  cpd11488[c0] + (1)  cpd11493[c0]	(1)  Malonyl-acyl-carrierprotein- [c0][c0] + (1)  Acetyl-ACP [c0][c0] => (1)  CO2 [c0][c0] + (1)  Acetoacetyl-ACP [c0][c0] + (1)  ACP [c0][c0]	rxn05347	ACMAT1	R04355	Fatty acid biosynthesis	Biosynthesis|FASYN-INITIAL-PWY|Fatty-acid-biosynthesis|Lipid-Biosynthesis|PWY0-881
rxn00145_c0	=	Cytosol	BHNFPM_01548_gene	(S)-Lactate:ferricytochrome-c 2-oxidoreductase [c0]		-8.58		(2)  cpd00109[c0] + (1)  cpd00159[c0] <=> (1)  cpd00020[c0] + (2)  cpd00067[c0] + (2)  cpd00110[c0]	(2)  Cytochrome c3+ [c0][c0] + (1)  L-Lactate [c0][c0] <=> (1)  Pyruvate [c0][c0] + (2)  H+ [c0][c0] + (2)  Cytochrome c2+ [c0][c0]	rxn00145	L-LACD	R00196	Pyruvate metabolism	
rxn00872_c0	<	Cytosol	(BHNFPM_00492_gene or BHNFPM_02959_gene or BHNFPM_03511_gene or BHNFPM_04190_gene or BHNFPM_04191_gene)	Butanoyl-CoA:oxygen 2-oxidoreductase [c0]		7.23		(1)  cpd00015[c0] + (1)  cpd00067[c0] + (1)  cpd00120[c0] <= (1)  cpd00650[c0] + (1)  cpd00982[c0]	(1)  FAD [c0][c0] + (1)  H+ [c0][c0] + (1)  Butyryl-CoA [c0][c0] <= (1)  Crotonyl-CoA [c0][c0] + (1)  FADH2 [c0][c0]	rxn00872	ACOAD1f	R01175	Fatty acid degradation	
rxn05527_c0	=	Cytosol	BHNFPM_03228_gene	TRANS-RXN-199.ce [c0]		0		(1)  cpd00067[e0] + (1)  cpd00307[e0] <=> (1)  cpd00067[c0] + (1)  cpd00307[c0]	(1)  H+ [e0][e0] + (1)  Cytosine [e0][e0] <=> (1)  H+ [c0][c0] + (1)  Cytosine [c0][c0]	rxn05527	CSNt2			
rxn00650_c0	=	Cytosol	(BHNFPM_03275_gene or BHNFPM_03456_gene or BHNFPM_03564_gene)	L-cysteinylglycine dipeptidase [c0]		-0.46		(1)  cpd00001[c0] + (1)  cpd01017[c0] <=> (1)  cpd00033[c0] + (1)  cpd00084[c0]	(1)  H2O [c0][c0] + (1)  Cys-Gly [c0][c0] <=> (1)  Glycine [c0][c0] + (1)  L-Cysteine [c0][c0]	rxn00650	AMPTASECG	R00899	Glutathione metabolism	Biosynthesis|Cofactor-Biosynthesis|Reductants
rxn03167_c0	>	Cytosol	(BHNFPM_02269_gene or BHNFPM_04101_gene or BHNFPM_04401_gene or BHNFPM_04404_gene)	2-Amino-4-hydroxy-6-(erythro-1,2,3-trihydroxypropyl) dihydropteridine triphosphate phosphohydrolase (alkaline optimum) [c0]		-15.95		(3)  cpd00001[c0] + (1)  cpd02978[c0] => (3)  cpd00009[c0] + (3)  cpd00067[c0] + (1)  cpd02961[c0]	(3)  H2O [c0][c0] + (1)  7,8-Dihydroneopterin 3'-triphosphate [c0][c0] => (3)  Phosphate [c0][c0] + (3)  H+ [c0][c0] + (1)  Dihydroneopterin [c0][c0]	rxn03167	AKP1	R04620	Folate biosynthesis	
rxn08020_c0	>	Cytosol	(BHNFPM_01022_gene or BHNFPM_02001_gene)	laurate-[acyl-carrier-protein] ligase [c0]		-21.55		(1)  cpd00002[c0] + (1)  cpd01741[c0] + (1)  cpd11493[c0] => (1)  cpd00012[c0] + (1)  cpd00018[c0] + (1)  cpd00067[c0] + (1)  cpd11468[c0]	(1)  ATP [c0][c0] + (1)  ddca [c0][c0] + (1)  ACP [c0][c0] => (1)  PPi [c0][c0] + (1)  AMP [c0][c0] + (1)  H+ [c0][c0] + (1)  Dodecanoyl-ACP [c0][c0]	rxn08020	AACPS7			
rxn00543_c0	=	Cytosol	(BHNFPM_00407_gene or BHNFPM_00611_gene or BHNFPM_00795_gene or BHNFPM_00823_gene)	ethanol:NAD+ oxidoreductase [c0]		5.78		(1)  cpd00003[c0] + (1)  cpd00363[c0] <=> (1)  cpd00004[c0] + (1)  cpd00067[c0] + (1)  cpd00071[c0]	(1)  NAD [c0][c0] + (1)  Ethanol [c0][c0] <=> (1)  NADH [c0][c0] + (1)  H+ [c0][c0] + (1)  Acetaldehyde [c0][c0]	rxn00543	ADH1	R00754	Glycolysis / Gluconeogenesis	Alcohol-Degradation|Biosynthesis|CARBOXYLATES-DEG|Carbohydrates-Biosynthesis|Carbohydrates-Degradation|Degradation|ETOH-ACETYLCOA-ANA-PWY|Energy-Metabolism|Ethanol-Degradation|FERMENTATION-PWY|Fermentation|Other-Degradation|P122-PWY|P161-PWY|P441-PWY|P461-PWY|PWY66-21|Pyruvate-Degradation|SECONDARY-METABOLITE-DEGRADATION|SUCROSE-DEG|SUGAR-ALCOHOLS-DEG|Sugar-Derivatives|Sugars-And-Polysaccharides
rxn05460_c0	>	Cytosol	(BHNFPM_01021_gene or BHNFPM_02895_gene)	3-Oxooctodecanoyl-ACP:malonyl-[acyl-carrier-protein] C-acyltransferase (decarboxylating) [c0]		2.156		(1)  cpd11476[c0] + (1)  cpd11492[c0] => (1)  cpd00011[c0] + (1)  cpd11493[c0] + (1)  cpd11570[c0]	(1)  hexadecanoyl-acp [c0][c0] + (1)  Malonyl-acyl-carrierprotein- [c0][c0] => (1)  CO2 [c0][c0] + (1)  ACP [c0][c0] + (1)  3-Oxooctodecanoyl-ACP [c0][c0]	rxn05460				
rxn05506_c0	>	Cytosol	BHNFPM_04352_gene	Arsenate transporter [c0]		0		(1)  cpd01048[c0] => (1)  cpd01048[e0]	(1)  Arsenate [c0][c0] => (1)  Arsenate [e0][e0]	rxn05506				
rxn08793_c0	>	Cytosol	BHNFPM_01548_gene	L-Lactate dehydrogenase (menaquinone) [c0]		153.23		(1)  cpd00159[c0] + (1)  cpd15500[c0] => (1)  cpd00020[c0] + (1)  cpd15499[c0]	(1)  L-Lactate [c0][c0] + (1)  Menaquinone 8 [c0][c0] => (1)  Pyruvate [c0][c0] + (1)  Menaquinol 8 [c0][c0]	rxn08793	L-LACD3			
rxn05349_c0	=	Cytosol	(BHNFPM_01022_gene or BHNFPM_02001_gene)	acetyl-CoA:[acyl-carrier-protein] S-acetyltransferase [c0]		0		(1)  cpd00022[c0] + (1)  cpd11493[c0] <=> (1)  cpd00010[c0] + (1)  cpd11494[c0]	(1)  Acetyl-CoA [c0][c0] + (1)  ACP [c0][c0] <=> (1)  CoA [c0][c0] + (1)  Acetyl-ACP [c0][c0]	rxn05349	ACOATA	R01624	Fatty acid biosynthesis	Biosynthesis|FASYN-INITIAL-PWY|Fatty-acid-biosynthesis|Lipid-Biosynthesis|PWY0-881
rxn08975_c0	>	Cytosol	BHNFPM_01394_gene	dihydronicotinamide adenine dinucleotide-coenzyme Q reductase [c0]		-17.44		(1)  cpd00004[c0] + (1)  cpd00067[c0] + (1)  cpd15560[c0] => (1)  cpd00003[c0] + (1)  cpd15561[c0]	(1)  NADH [c0][c0] + (1)  H+ [c0][c0] + (1)  Ubiquinone-8 [c0][c0] => (1)  NAD [c0][c0] + (1)  Ubiquinol-8 [c0][c0]	rxn08975	NADH12			AEROBIC-RESPIRATION|Biosynthesis|Cofactor-Biosynthesis|Degradation|Electron-Transfer|Energy-Metabolism|NAD-Metabolism|Noncarbon-Nutrients|PWY0-1334|PWY0-1335|Respiration
rxn05294_c0	>	Cytosol	((BHNFPM_04105_gene or BHNFPM_04455_gene) and BHNFPM_00001_gene)	DNA synthesis				(0.516637656497864)  cpd00115[c0] + (0.516637656497864)  cpd00241[c0] + (0.516637656497864)  cpd00356[c0] + (0.516637656497864)  cpd00357[c0] => (2.06655062599146)  cpd00012[c0] + (1)  cpd11461[c0]	(0.516637656497864)  dATP [c0][c0] + (0.516637656497864)  dGTP [c0][c0] + (0.516637656497864)  dCTP [c0][c0] + (0.516637656497864)  TTP [c0][c0] => (2.06655062599146)  PPi [c0][c0] + (1)  DNA [c0][c0]	rxn05294				
rxn05209_c0	=	Cytosol	((BHNFPM_00296_gene or BHNFPM_00325_gene or BHNFPM_00584_gene or BHNFPM_01746_gene or BHNFPM_03460_gene or BHNFPM_03491_gene) or (BHNFPM_01787_gene or BHNFPM_03962_gene))	TRANS-RXNBWI-115525.ce.maizeexp.NA+_NA+ [c0]		0		(1)  cpd00067[c0] + (1)  cpd00971[e0] <=> (1)  cpd00067[e0] + (1)  cpd00971[c0]	(1)  H+ [c0][c0] + (1)  Na+ [e0][e0] <=> (1)  H+ [e0][e0] + (1)  Na+ [c0][c0]	rxn05209	NAt3			
rxn02803_c0	=	Cytosol	(BHNFPM_00492_gene or BHNFPM_02959_gene or BHNFPM_03511_gene or BHNFPM_04190_gene or BHNFPM_04191_gene)	Tetradecanoyl-CoA:(acceptor) 2,3-oxidoreductase [c0]		7.23		(1)  cpd00015[c0] + (1)  cpd00067[c0] + (1)  cpd01695[c0] <=> (1)  cpd00982[c0] + (1)  cpd03127[c0]	(1)  FAD [c0][c0] + (1)  H+ [c0][c0] + (1)  Myristoyl-CoA [c0][c0] <=> (1)  FADH2 [c0][c0] + (1)  (2E) -Tetradecenoyl-CoA [c0][c0]	rxn02803	ACOAD6f	R03990	Fatty acid degradation	
rxn05239_c0	>	Cytosol	(BHNFPM_00461_gene or BHNFPM_01571_gene or BHNFPM_03165_gene or BHNFPM_03281_gene or BHNFPM_03532_gene)	adenosine 3',5'-bisphosphate,sulfite:oxidized-thioredoxin oxidoreductase (3'-phosphoadenosine-5'-phosphosulfate -forming) [c0]				(1)  cpd00044[c0] + (1)  cpd11421[c0] => (1)  cpd00045[c0] + (1)  cpd00067[c0] + (1)  cpd00081[c0] + (1)  cpd11420[c0]	(1)  3-phosphoadenylylsulfate [c0][c0] + (1)  trdrd [c0][c0] => (1)  Adenosine 3-5-bisphosphate [c0][c0] + (1)  H+ [c0][c0] + (1)  Sulfite [c0][c0] + (1)  trdox [c0][c0]	rxn05239	PAPR	R02021	Sulfur metabolism	
rxn09272_c0	>	Cytosol	BHNFPM_03159_gene	fumarate reductase complex (i.e. FRD, involved in anaerobic respiration, repressed in aerobic respiration) [c0]		-2.44		(1)  cpd00036[c0] + (1)  cpd15560[c0] => (1)  cpd00106[c0] + (1)  cpd15561[c0]	(1)  Succinate [c0][c0] + (1)  Ubiquinone-8 [c0][c0] => (1)  Fumarate [c0][c0] + (1)  Ubiquinol-8 [c0][c0]	rxn09272	SUCD7			AEROBIC-RESPIRATION|Electron-Transfer|Energy-Metabolism|GLYCOLYSIS-TCA-GLYOX-BYPASS|GLYCOLYSIS-VARIANTS|PWY0-1329|PWY0-1353|Respiration|TCA|TCA-GLYOX-BYPASS|TCA-VARIANTS
rxn08548_c0	>	Cytosol	(BHNFPM_01022_gene or BHNFPM_02001_gene)	glycerol-3-phosphate acyltransferase (C14:1) [c0]				(2)  cpd00067[c0] + (1)  cpd00080[c0] + (1)  cpd15294[c0] => (1)  cpd11493[c0] + (1)  cpd15330[c0]	(2)  H+ [c0][c0] + (1)  Glycerol-3-phosphate [c0][c0] + (1)  Tetradecenoyl-ACP [c0][c0] => (1)  ACP [c0][c0] + (1)  1-tetradec-7-enoyl-sn-glycerol 3-phosphate [c0][c0]	rxn08548	G3PAT141			
rxn08130_c0	=	Cytosol	BHNFPM_02714_gene	ADOMET-DMK-METHYLTRANSFER-RXN.c [c0]		-20.64		(1)  cpd00017[c0] + (1)  cpd15353[c0] <=> (1)  cpd00019[c0] + (1)  cpd00067[c0] + (1)  cpd15499[c0]	(1)  S-Adenosyl-L-methionine [c0][c0] + (1)  2-Demethylmenaquinol 8 [c0][c0] <=> (1)  S-Adenosyl-homocysteine [c0][c0] + (1)  H+ [c0][c0] + (1)  Menaquinol 8 [c0][c0]	rxn08130	AMMQLT8			ALL-CHORISMATE-PWY|Biosynthesis|Cofactor-Biosynthesis|MENAQUINONESYN-PWY|Menaquinone-Biosynthesis|Quinone-Biosynthesis
rxn05313_c0	>	Cytosol	BHNFPM_02938_gene	phosphate transport in/out via three Na+ symporter [c0]	2.A.58|TC-2.A.58	0		(1)  cpd00009[e0] + (3)  cpd00971[e0] => (1)  cpd00009[c0] + (3)  cpd00971[c0]	(1)  Phosphate [e0][e0] + (3)  Na+ [e0][e0] => (1)  Phosphate [c0][c0] + (3)  Na+ [c0][c0]	rxn05313	PIt7			
rxn01101_c0	=	Cytosol	BHNFPM_03751_gene	3-Phospho-D-glycerate:NAD+ 2-oxidoreductase [c0]		6.22		(1)  cpd00003[c0] + (1)  cpd00169[c0] <=> (1)  cpd00004[c0] + (1)  cpd00067[c0] + (1)  cpd02069[c0]	(1)  NAD [c0][c0] + (1)  3-Phosphoglycerate [c0][c0] <=> (1)  NADH [c0][c0] + (1)  H+ [c0][c0] + (1)  3-Phosphonooxypyruvate [c0][c0]	rxn01101	PGCD	R01513	Glycine, serine and threonine metabolism|Methane metabolism	Amino-Acid-Biosynthesis|Biosynthesis|IND-AMINO-ACID-SYN|SER-GLYSYN-PWY|SERINE-BIOSYNTHESIS|SERSYN-PWY|SULFATE-CYS-PWY
rxn05616_c0	=	Cytosol	BHNFPM_01745_gene	TRANS-RXN-141.ce [c0]	1.A.35|TC-1.A.35	0		(1)  cpd00254[c0] <=> (1)  cpd00254[e0]	(1)  Mg [c0][c0] <=> (1)  Mg [e0][e0]	rxn05616	MGt5			
rxn01790_c0	=	Cytosol	(BHNFPM_01929_gene or BHNFPM_02869_gene)	(R)-Pantoate:NADP+ 2-oxidoreductase [c0]	1.1.1.169	6.22		(1)  cpd00006[c0] + (1)  cpd00408[c0] <=> (1)  cpd00005[c0] + (1)  cpd00067[c0] + (1)  cpd00712[c0]	(1)  NADP [c0][c0] + (1)  Pantoate [c0][c0] <=> (1)  NADPH [c0][c0] + (1)  H+ [c0][c0] + (1)  2-Dehydropantoate [c0][c0]	rxn01790	DPR	R02472	Pantothenate and CoA biosynthesis	Biosynthesis|CoA-Biosynthesis|Cofactor-Biosynthesis|PANTO-PWY|PANTOSYN-PWY|Pantothenate-Biosynthesis|Vitamin-Biosynthesis
rxn05651_c0	=	Cytosol	(BHNFPM_02151_gene or BHNFPM_02418_gene)	sulfate transport in via proton symport [c0]	2.A.53|TC-2.A.53	0		(1)  cpd00048[e0] + (1)  cpd00067[e0] <=> (1)  cpd00048[c0] + (1)  cpd00067[c0]	(1)  Sulfate [e0][e0] + (1)  H+ [e0][e0] <=> (1)  Sulfate [c0][c0] + (1)  H+ [c0][c0]	rxn05651	SO4t2			
rxn05233_c0	>	Cytosol	(BHNFPM_00461_gene or BHNFPM_01571_gene or BHNFPM_03165_gene or BHNFPM_03281_gene or BHNFPM_03532_gene)	2'-Deoxyguanosine 5'-diphosphate:oxidized-thioredoxin 2'-oxidoreductase [c0]				(1)  cpd00031[c0] + (1)  cpd11421[c0] => (1)  cpd00001[c0] + (1)  cpd00295[c0] + (1)  cpd11420[c0]	(1)  GDP [c0][c0] + (1)  trdrd [c0][c0] => (1)  H2O [c0][c0] + (1)  dGDP [c0][c0] + (1)  trdox [c0][c0]	rxn05233	RNDR2	R02019	Purine metabolism	
rxn00288_c0	>	Cytosol	BHNFPM_03159_gene	Succinate:(acceptor) oxidoreductase [c0]		5.68		(1)  cpd00015[c0] + (1)  cpd00036[c0] + (1)  cpd00067[c0] => (1)  cpd00106[c0] + (1)  cpd00982[c0]	(1)  FAD [c0][c0] + (1)  Succinate [c0][c0] + (1)  H+ [c0][c0] => (1)  Fumarate [c0][c0] + (1)  FADH2 [c0][c0]	rxn00288	FRD	R00408	Butanoate metabolism|Carbon fixation pathways in prokaryotes	
rxn05179_c0	>	Cytosol	BHNFPM_02891_gene	nonpolar-amino-acid-transporting ATPase [c0]		-6.82		(1)  cpd00001[c0] + (1)  cpd00002[c0] + (1)  cpd00322[e0] => (1)  cpd00008[c0] + (1)  cpd00009[c0] + (1)  cpd00067[c0] + (1)  cpd00322[c0]	(1)  H2O [c0][c0] + (1)  ATP [c0][c0] + (1)  L-Isoleucine [e0][e0] => (1)  ADP [c0][c0] + (1)  Phosphate [c0][c0] + (1)  H+ [c0][c0] + (1)  L-Isoleucine [c0][c0]	rxn05179	ILEabc			
rxn05344_c0	>	Cytosol	(BHNFPM_01021_gene or BHNFPM_02895_gene)	Tetradecanoyl-[acyl-carrier protein]:malonyl-[acyl-carrier-protein] C-acyltransferase (decarboxylating) [c0]		-7.37		(1)  cpd11466[c0] + (1)  cpd11492[c0] => (1)  cpd00011[c0] + (1)  cpd11485[c0] + (1)  cpd11493[c0]	(1)  Myristoyl-ACP [c0][c0] + (1)  Malonyl-acyl-carrierprotein- [c0][c0] => (1)  CO2 [c0][c0] + (1)  3-oxohexadecanoyl-acp [c0][c0] + (1)  ACP [c0][c0]	rxn05344	FAS2_7_1	R04968	Fatty acid biosynthesis	
rxn05149_c0	>	Cytosol	BHNFPM_02641_gene	ABC-type manganese permease complex [c0]		-6.82		(1)  cpd00001[c0] + (1)  cpd00002[c0] + (1)  cpd00030[e0] => (1)  cpd00008[c0] + (1)  cpd00009[c0] + (1)  cpd00030[c0] + (1)  cpd00067[c0]	(1)  H2O [c0][c0] + (1)  ATP [c0][c0] + (1)  Mn2+ [e0][e0] => (1)  ADP [c0][c0] + (1)  Phosphate [c0][c0] + (1)  Mn2+ [c0][c0] + (1)  H+ [c0][c0]	rxn05149	MNabc			
rxn08549_c0	>	Cytosol	(BHNFPM_01022_gene or BHNFPM_02001_gene)	glycerol-3-phosphate acyltransferase (C16:0) [c0]				(2)  cpd00067[c0] + (1)  cpd00080[c0] + (1)  cpd15277[c0] => (1)  cpd11493[c0] + (1)  cpd15327[c0]	(2)  H+ [c0][c0] + (1)  Glycerol-3-phosphate [c0][c0] + (1)  Palmitoyl-ACP [c0][c0] => (1)  ACP [c0][c0] + (1)  1-hexadecanoyl-sn-glycerol 3-phosphate [c0][c0]	rxn08549	G3PAT160			
rxn05106_c0	>	Cytosol	BHNFPM_01809_gene	2-hydroxy-5-(methylthio)-3-oxopent-1-enyl phosphate phosphohydrolase [c0]	3.1.3.87	7.21		(1)  cpd00001[c0] + (1)  cpd11296[c0] => (1)  cpd00009[c0] + (1)  cpd11255[c0]	(1)  H2O [c0][c0] + (1)  2-Hydroxy-3-keto-5-methylthiopentenyl-1-phosphate [c0][c0] => (1)  Phosphate [c0][c0] + (1)  1,2-dihydroxy-3-keto-5-methylthiopentene [c0][c0]	rxn05106	HKM1PP	R07394	Cysteine and methionine metabolism	Amino-Acid-Biosynthesis|Biosynthesis|Degradation|IND-AMINO-ACID-SYN|METHIONINE-SYN|NUCLEO-DEG
rxn08015_c0	>	Cytosol	(BHNFPM_01022_gene or BHNFPM_02001_gene)	acyl-[acyl-carrier-protein] synthetase  (n-C14:1) [c0]				(1)  cpd00002[c0] + (1)  cpd11493[c0] + (1)  cpd15298[c0] => (1)  cpd00012[c0] + (1)  cpd00018[c0] + (2)  cpd00067[c0] + (1)  cpd15294[c0]	(1)  ATP [c0][c0] + (1)  ACP [c0][c0] + (1)  tetradecenoate [c0][c0] => (1)  PPi [c0][c0] + (1)  AMP [c0][c0] + (2)  H+ [c0][c0] + (1)  Tetradecenoyl-ACP [c0][c0]	rxn08015	AACPS2			
rxn05295_c0	>	Cytosol	BHNFPM_02961_gene	mRNA synthesis				(0.524959258476131)  cpd00002[c0] + (0.647182597281642)  cpd00038[c0] + (0.398728597086832)  cpd00052[c0] + (0.43078717775713)  cpd00062[c0] => (2.00165763060173)  cpd00012[c0] + (1)  cpd11462[c0]	(0.524959258476131)  ATP [c0][c0] + (0.647182597281642)  GTP [c0][c0] + (0.398728597086832)  CTP [c0][c0] + (0.43078717775713)  UTP [c0][c0] => (2.00165763060173)  PPi [c0][c0] + (1)  mRNA [c0][c0]	rxn05295				
rxn00946_c0	=	Cytosol	(BHNFPM_00492_gene or BHNFPM_02959_gene or BHNFPM_03511_gene or BHNFPM_04190_gene or BHNFPM_04191_gene)	Palmitoyl-CoA:oxygen 2-oxidoreductase [c0]		7.23		(1)  cpd00015[c0] + (1)  cpd00067[c0] + (1)  cpd00134[c0] <=> (1)  cpd00982[c0] + (1)  cpd03126[c0]	(1)  FAD [c0][c0] + (1)  H+ [c0][c0] + (1)  Palmitoyl-CoA [c0][c0] <=> (1)  FADH2 [c0][c0] + (1)  (2E) -Hexadecenoyl-CoA [c0][c0]	rxn00946	ACOAD7f	R01279	Fatty acid degradation	
rxn05197_c0	=	Cytosol	BHNFPM_01963_gene	Uracil permease [c0]		0		(1)  cpd00067[e0] + (1)  cpd00092[e0] <=> (1)  cpd00067[c0] + (1)  cpd00092[c0]	(1)  H+ [e0][e0] + (1)  Uracil [e0][e0] <=> (1)  H+ [c0][c0] + (1)  Uracil [c0][c0]	rxn05197	FUR4			
rxn05507_c0	=	Cytosol	BHNFPM_04352_gene	arsenite transp or ter via unip or t [c0]		0		(1)  cpd04098[c0] <=> (1)  cpd04098[e0]	(1)  Arsenite [c0][c0] <=> (1)  Arsenite [e0][e0]	rxn05507	ARSt1			
rxn03251_c0	=	Cytosol	(BHNFPM_00492_gene or BHNFPM_02959_gene or BHNFPM_03511_gene or BHNFPM_04190_gene or BHNFPM_04191_gene)	Hexanoyl-CoA:(acceptor) 2,3-oxidoreductase [c0]		7.23		(1)  cpd00015[c0] + (1)  cpd00067[c0] + (1)  cpd03124[c0] <=> (1)  cpd00982[c0] + (1)  cpd03125[c0]	(1)  FAD [c0][c0] + (1)  H+ [c0][c0] + (1)  Hexanoyl-CoA [c0][c0] <=> (1)  FADH2 [c0][c0] + (1)  (2E) -Hexenoyl-CoA [c0][c0]	rxn03251	ACOAD2f	R04751	Fatty acid degradation	
rxn03644_c0	=	Cytosol	BHNFPM_01217_gene	D-arabino-hex-3-ulose-6-phosphate isomerase [c0]		-1.75		(1)  cpd03583[c0] <=> (1)  cpd00072[c0]	(1)  D-arabino-6-Phospho-hex-3-ulose [c0][c0] <=> (1)  D-fructose-6-phosphate [c0][c0]	rxn03644		R05339	Pentose and glucuronate interconversions|Methane metabolism	
rxn06729_c0	>	Cytosol	(BHNFPM_01022_gene or BHNFPM_02001_gene)	(R)-3-Hydroxytetradecanoly-[acyl-carrier-protein]:UDP-N-acetyl-glucosamine 3-O-(3-hydroxytetradecanoyl)transferase [c0]	2.3.1.129	-3.61		(1)  cpd00037[c0] + (1)  cpd00067[c0] + (1)  cpd11484[c0] => (1)  cpd02886[c0] + (1)  cpd11493[c0]	(1)  UDP-N-acetylglucosamine [c0][c0] + (1)  H+ [c0][c0] + (1)  HMA [c0][c0] => (1)  UDP-3-O-(beta-hydroxymyristoyl) -N-acetylglucosamine [c0][c0] + (1)  ACP [c0][c0]	rxn06729	UAGAAT	R04567	Lipopolysaccharide biosynthesis	Biosynthesis|Cell-Structure-Biosynthesis|KDO-NAGLIPASYN-PWY|LPSSYN-PWY|Lipid-Biosynthesis|Lipopolysaccharide-Biosynthesis|NAGLIPASYN-PWY
rxn05168_c0	>	Cytosol	BHNFPM_02891_gene	nonpolar-amino-acid-transporting ATPase [c0]		-6.82		(1)  cpd00001[c0] + (1)  cpd00002[c0] + (1)  cpd00156[e0] => (1)  cpd00008[c0] + (1)  cpd00009[c0] + (1)  cpd00067[c0] + (1)  cpd00156[c0]	(1)  H2O [c0][c0] + (1)  ATP [c0][c0] + (1)  L-Valine [e0][e0] => (1)  ADP [c0][c0] + (1)  Phosphate [c0][c0] + (1)  H+ [c0][c0] + (1)  L-Valine [c0][c0]	rxn05168	VALabc			
rxn02167_c0	>	Cytosol	(BHNFPM_00524_gene or BHNFPM_00525_gene or BHNFPM_01622_gene or BHNFPM_01656_gene or BHNFPM_01923_gene or BHNFPM_02896_gene or BHNFPM_03168_gene or BHNFPM_03207_gene)	(S)-3-Hydroxybutanoyl-CoA hydro-lyase [c0]		2.16		(1)  cpd00842[c0] => (1)  cpd00001[c0] + (1)  cpd00650[c0]	(1)  (S) -3-Hydroxybutyryl-CoA [c0][c0] => (1)  H2O [c0][c0] + (1)  Crotonyl-CoA [c0][c0]	rxn02167	ECOAH1	R03026	Fatty acid degradation|Lysine degradation|Benzoate degradation|Tryptophan metabolism|Aminobenzoate degradation|Butanoate metabolism|Carbon fixation pathways in prokaryotes	AROMATIC-COMPOUNDS-DEGRADATION|Amino-Acid-Degradation|Autotrophic-CO2-Fixation|C1-COMPOUNDS|CARBOXYLATES-DEG|CENTFERM-PWY|CO2-Fixation|Degradation|Energy-Metabolism|Fermentation|GALLATE-DEG|GLUDEG-II-PWY|GLUTAMATE-DEG|P3-PWY|Pyruvate-Degradation|TOLUENE-DEG|TRYPTOPHAN-DEG|TRYPTOPHAN-DEGRADATION-1
rxn08021_c0	>	Cytosol	(BHNFPM_01022_gene or BHNFPM_02001_gene)	acyl-[acyl-carrier-protein] synthetase  (n-C10:0) [c0]		-21.55		(1)  cpd00002[c0] + (1)  cpd01107[c0] + (1)  cpd11493[c0] => (1)  cpd00012[c0] + (1)  cpd00018[c0] + (1)  cpd00067[c0] + (1)  cpd11474[c0]	(1)  ATP [c0][c0] + (1)  Decanoate [c0][c0] + (1)  ACP [c0][c0] => (1)  PPi [c0][c0] + (1)  AMP [c0][c0] + (1)  H+ [c0][c0] + (1)  Decanoyl-ACP [c0][c0]	rxn08021	AACPS8			
rxn05105_c0	=	Cytosol	BHNFPM_01808_gene	2,3-diketo-5-methylthiopentyl-1-phosphate keto---enol-isomerase [c0]	5.3.2.5	9.77		(1)  cpd11295[c0] <=> (1)  cpd11296[c0]	(1)  2,3-diketo5-methylthio-1-phosphopentane [c0][c0] <=> (1)  2-Hydroxy-3-keto-5-methylthiopentenyl-1-phosphate [c0][c0]	rxn05105	DM1PE	R07393	Cysteine and methionine metabolism	Amino-Acid-Biosynthesis|Biosynthesis|Degradation|IND-AMINO-ACID-SYN|METHIONINE-SYN|NUCLEO-DEG
rxn01286_c0	>	Cytosol	(BHNFPM_00609_gene or BHNFPM_01082_gene or BHNFPM_01180_gene or BHNFPM_01393_gene or BHNFPM_03424_gene)	D-Glyceraldehyde:NAD+ oxidoreductase [c0]		-9.8		(1)  cpd00001[c0] + (1)  cpd00003[c0] + (1)  cpd00448[c0] => (1)  cpd00004[c0] + (2)  cpd00067[c0] + (1)  cpd00223[c0]	(1)  H2O [c0][c0] + (1)  NAD [c0][c0] + (1)  D-Glyceraldehyde [c0][c0] => (1)  NADH [c0][c0] + (2)  H+ [c0][c0] + (1)  Glycerate [c0][c0]	rxn01286	ALDD8x	R01752	Glycerolipid metabolism	Carbohydrates-Degradation|Degradation|NPGLUCAT-PWY|Sugars-And-Polysaccharides
rxn05343_c0	>	Cytosol	(BHNFPM_01021_gene or BHNFPM_02895_gene)	Octanoyl-[acyl-carrier protein]:malonyl-[acyl-carrier-protein] C-acyltransferase (decarboxylating) [c0]		-7.37		(1)  cpd11470[c0] + (1)  cpd11492[c0] => (1)  cpd00011[c0] + (1)  cpd11487[c0] + (1)  cpd11493[c0]	(1)  Octanoyl-ACP [c0][c0] + (1)  Malonyl-acyl-carrierprotein- [c0][c0] => (1)  CO2 [c0][c0] + (1)  3-oxodecanoyl-acp [c0][c0] + (1)  ACP [c0][c0]	rxn05343	3OAS100	R04960	Fatty acid biosynthesis	Biosynthesis|Fatty-acid-biosynthesis|Lipid-Biosynthesis|Palmitate-Biosynthesis
rxn47768_c0	=	Cytosol	(BHNFPM_01021_gene or BHNFPM_02895_gene)	3-oxo-glutaryl-[acp] methyl ester synthase [c0]				(1)  cpd11492[c0] + (1)  cpd36635[c0] <=> (1)  cpd00011[c0] + (1)  cpd11493[c0] + (1)  cpd22027[c0]	(1)  Malonyl-acyl-carrierprotein- [c0][c0] + (1)  Malonyl-acp-methyl-ester [c0][c0] <=> (1)  CO2 [c0][c0] + (1)  ACP [c0][c0] + (1)  3-Ketoglutaryl-ACP-methyl-ester [c0][c0]	rxn47768				
rxn27362_c0	=	Cytosol	BHNFPM_00313_gene	TRANS-RXN-213.ce [c0]		0		(1)  cpd00047[c0] + (1)  cpd00180[e0] <=> (1)  cpd00047[e0] + (1)  cpd00180[c0]	(1)  Formate [c0][c0] + (1)  Oxalate [e0][e0] <=> (1)  Formate [e0][e0] + (1)  Oxalate [c0][c0]	rxn27362				CARBOXYLATES-DEG|Degradation|Oxalate-Degradation
rxn21860_c0	>	Cytosol	(BHNFPM_01021_gene or BHNFPM_02895_gene)	RXN-11479.c [c0]				(1)  cpd11492[c0] + (1)  cpd27180[c0] => (1)  cpd00011[c0] + (1)  cpd11493[c0] + (1)  cpd22028[c0]	(1)  Malonyl-acyl-carrierprotein- [c0][c0] + (1)  Glutaryl-ACP-methyl-esters [c0][c0] => (1)  CO2 [c0][c0] + (1)  ACP [c0][c0] + (1)  3-Ketopimeloyl-ACP-methyl-esters [c0][c0]	rxn21860				7-Keto-8-aminopelargonate-Biosynthesis|BIOTIN-BIOSYNTHESIS-PWY|BIOTIN-SYN|Biosynthesis|Cofactor-Biosynthesis|Vitamin-Biosynthesis
rxn05469_c0	=	Cytosol	Unknown	pyruvate reversible transport via proton symport [c0]		0		(1)  cpd00020[e0] + (1)  cpd00067[e0] <=> (1)  cpd00020[c0] + (1)  cpd00067[c0]	(1)  Pyruvate [e0][e0] + (1)  H+ [e0][e0] <=> (1)  Pyruvate [c0][c0] + (1)  H+ [c0][c0]	rxn05469	JEN1_2			
rxn05064_c0	>	Cytosol	Unknown	carbamate hydro-lyase [c0]		3.53		(2)  cpd00067[c0] + (1)  cpd01101[c0] => (1)  cpd00011[c0] + (1)  cpd00013[c0]	(2)  H+ [c0][c0] + (1)  Carbamate [c0][c0] => (1)  CO2 [c0][c0] + (1)  NH3 [c0][c0]	rxn05064		R07316		CYANCAT-PWY|Degradation|Detoxification|NITROGEN-DEG|NUCLEO-DEG|Noncarbon-Nutrients|PWY0-1471|Pyrimidine-Degradation|Uracil-Degradation
rxn02374_c0	>	Cytosol	Unknown	R03314 [c0]		-14.06		(1)  cpd00858[c0] => (1)  cpd00001[c0] + (1)  cpd00067[c0] + (1)  cpd02431[c0]	(1)  L-Glutamate5-semialdehyde [c0][c0] => (1)  H2O [c0][c0] + (1)  H+ [c0][c0] + (1)  1-Pyrroline-5-carboxylate [c0][c0]	rxn02374	G5SADr	R03314	Arginine and proline metabolism	ARG-PRO-PWY|ARGASEDEG-PWY|ARGININE-DEG|ARGORNPROST-PWY|Activation-Inactivation-Interconversion|Amino-Acid-Biosynthesis|Amino-Acid-Degradation|Antibiotic-Biosynthesis|Biosynthesis|CITRULBIO-PWY|Citrulline-Biosynthesis|Degradation|GLUTAMATE-SYN|IND-AMINO-ACID-SYN|Interconversion|Other-Amino-Acid-Biosynthesis|PROLINE-SYN|PROSYN-PWY|SECONDARY-METABOLITE-BIOSYNTHESIS
rxn05319_c0	=	Cytosol	Unknown	TRANS-RXNBWI-115401.ce.maizeexp.OH_OH [c0]		0		(1)  cpd00001[e0] <=> (1)  cpd00001[c0]	(1)  H2O [e0][e0] <=> (1)  H2O [c0][c0]	rxn05319	H2Ot			
rxn05730_c0	=	Cytosol	Unknown	Tetrathionate transport in via proton symport [c0]		0		(1)  cpd00067[e0] + (1)  cpd01414[e0] <=> (1)  cpd00067[c0] + (1)  cpd01414[c0]	(1)  H+ [e0][e0] + (1)  Tetrathionate [e0][e0] <=> (1)  H+ [c0][c0] + (1)  Tetrathionate [c0][c0]	rxn05730				
rxn04457_c0	>	Cytosol	Unknown	R06605 [c0]		-9.78		(1)  cpd09027[c0] => (1)  cpd00011[c0] + (1)  cpd01567[c0]	(1)  5-Hydroxy-2-oxo-4-ureido-2,5-dihydro-1H-imidazole-5-carboxylate [c0][c0] => (1)  CO2 [c0][c0] + (1)  (R) -Allantoin [c0][c0]	rxn04457		R06605	Purine metabolism	
rxn05129_c0	>	Cytosol	Unknown	R07420 [c0]		-6.03		(1)  cpd01550[c0] => (1)  cpd00009[c0] + (1)  cpd00585[c0]	(1)  Phosphocreatine [c0][c0] => (1)  Phosphate [c0][c0] + (1)  Creatinine [c0][c0]	rxn05129		R07420	Arginine and proline metabolism	
rxn02916_c0	>	Cytosol	Unknown	R04175 [c0]		-14.94		(1)  cpd02074[c0] => (1)  cpd00001[c0] + (1)  cpd00067[c0] + (1)  cpd00922[c0]	(1)  2-Oxo-6-aminocaproate [c0][c0] => (1)  H2O [c0][c0] + (1)  H+ [c0][c0] + (1)  delta1-Piperideine-2-carboxylate [c0][c0]	rxn02916	AOXHEXCYCL	R04175	Tropane, piperidine and pyridine alkaloid biosynthesis	Amino-Acid-Degradation|Degradation|LYSINE-DEG
rxn05488_c0	=	Cytosol	Unknown	acetate reversible transport via proton symport [c0]	2.A.1.13|TC-2.A.1.13	0		(1)  cpd00029[e0] + (1)  cpd00067[e0] <=> (1)  cpd00029[c0] + (1)  cpd00067[c0]	(1)  Acetate [e0][e0] + (1)  H+ [e0][e0] <=> (1)  Acetate [c0][c0] + (1)  H+ [c0][c0]	rxn05488	ACt2r			
rxn03012_c0	>	Cytosol	Unknown	R04336 [c0]		-16.74		(1)  cpd02414[c0] => (1)  cpd00001[c0] + (1)  cpd00067[c0] + (1)  cpd02465[c0]	(1)  L-2-Amino-6-oxopimelate [c0][c0] => (1)  H2O [c0][c0] + (1)  H+ [c0][c0] + (1)  tetrahydrodipicolinate [c0][c0]	rxn03012		R04336	Lysine biosynthesis	Amino-Acid-Biosynthesis|Biosynthesis|IND-AMINO-ACID-SYN|LYSINE-SYN
rxn04132_c0	>	Cytosol	Unknown	R06063 [c0]		-34.57		(1)  cpd00001[c0] + (1)  cpd08625[c0] => (1)  cpd00011[c0] + (1)  cpd00067[c0] + (1)  cpd01567[c0]	(1)  H2O [c0][c0] + (1)  5-Hydroxyisourate [c0][c0] => (1)  CO2 [c0][c0] + (1)  H+ [c0][c0] + (1)  (R) -Allantoin [c0][c0]	rxn04132		R06063		
rxn05559_c0	=	Cytosol	Unknown	formate transport in via proton symport [c0]		0		(1)  cpd00047[e0] + (1)  cpd00067[e0] <=> (1)  cpd00047[c0] + (1)  cpd00067[c0]	(1)  Formate [e0][e0] + (1)  H+ [e0][e0] <=> (1)  Formate [c0][c0] + (1)  H+ [c0][c0]	rxn05559	FORt2			
rxn05195_c0	>	Cytosol	Unknown	ATP phosphohydrolase (ferric-ion-transporting) [c0]		-6.82		(1)  cpd00001[c0] + (1)  cpd00002[c0] + (1)  cpd10516[e0] => (1)  cpd00008[c0] + (1)  cpd00009[c0] + (1)  cpd00067[c0] + (1)  cpd10516[c0]	(1)  H2O [c0][c0] + (1)  ATP [c0][c0] + (1)  fe3 [e0][e0] => (1)  ADP [c0][c0] + (1)  Phosphate [c0][c0] + (1)  H+ [c0][c0] + (1)  fe3 [c0][c0]	rxn05195	FE3abc			
rxn01208_c0	<	Cytosol	Unknown	R01652 [c0]		3.09		(1)  cpd00011[c0] + (1)  cpd00200[c0] <= (1)  cpd00067[c0] + (1)  cpd02605[c0]	(1)  CO2 [c0][c0] + (1)  4MOP [c0][c0] <= (1)  H+ [c0][c0] + (1)  2-isopropyl-3-oxosuccinate [c0][c0]	rxn01208	OMCDC	R01652	Valine, leucine and isoleucine biosynthesis	Amino-Acid-Biosynthesis|BRANCHED-CHAIN-AA-SYN-PWY|Biosynthesis|Energy-Metabolism|IND-AMINO-ACID-SYN|LEUCINE-SYN|LEUSYN-PWY
rxn02989_c0	<	Cytosol	Unknown	R04293 [c0]		27.96		(1)  cpd00001[c0] + (1)  cpd02333[c0] <= (1)  cpd02692[c0]	(1)  H2O [c0][c0] + (1)  Quinolinate [c0][c0] <= (1)  2-Amino-3-carboxymuconate semialdehyde [c0][c0]	rxn02989	QUILSYN	R04293	Tryptophan metabolism	Biosynthesis|Cofactor-Biosynthesis|NAD-Metabolism|NAD-SYN|NADSYN-PWY
rxn00064_c0	>	Cytosol	Unknown	ATP aminohydrolase [c0]		-8.48		(1)  cpd00001[c0] + (1)  cpd00002[c0] + (1)  cpd00067[c0] => (1)  cpd00013[c0] + (1)  cpd00068[c0]	(1)  H2O [c0][c0] + (1)  ATP [c0][c0] + (1)  H+ [c0][c0] => (1)  NH3 [c0][c0] + (1)  ITP [c0][c0]	rxn00064		R00088		
rxn04133_c0	>	Cytosol	Unknown	R06064 [c0]		-34.57		(1)  cpd00001[c0] + (1)  cpd08625[c0] => (1)  cpd00011[c0] + (1)  cpd00067[c0] + (1)  cpd01092[c0]	(1)  H2O [c0][c0] + (1)  5-Hydroxyisourate [c0][c0] => (1)  CO2 [c0][c0] + (1)  H+ [c0][c0] + (1)  Allantoin [c0][c0]	rxn04133		R06064		
rxn02666_c0	<	Cytosol	Unknown	R03758 [c0]		3.09		(1)  cpd00011[c0] + (1)  cpd01298[c0] <= (1)  cpd00067[c0] + (1)  cpd02211[c0]	(1)  CO2 [c0][c0] + (1)  Aminoacetone [c0][c0] <= (1)  H+ [c0][c0] + (1)  L-2-Amino-acetoacetate [c0][c0]	rxn02666	AOBUTDs	R03758		Amino-Acid-Biosynthesis|Amino-Acid-Degradation|Biosynthesis|Cobalamin-Biosynthesis|Cofactor-Biosynthesis|Degradation|GLYCINE-SYN|IND-AMINO-ACID-SYN|THRDLCTCAT-PWY|THREOCAT-PWY|THREONINE-DEG|Vitamin-Biosynthesis
rxn05467_c0	=	Cytosol	Unknown	CO2 transporter via diffusion [c0]		0		(1)  cpd00011[e0] <=> (1)  cpd00011[c0]	(1)  CO2 [e0][e0] <=> (1)  CO2 [c0][c0]	rxn05467	CO2t			
rxn24718_c0	>	Cytosol	Unknown	RXN-8243.c [c0]		-90.96		(1)  cpd00025[c0] + (1)  cpd02074[c0] => (1)  cpd00001[c0] + (1)  cpd00011[c0] + (1)  cpd00339[c0]	(1)  H2O2 [c0][c0] + (1)  2-Oxo-6-aminocaproate [c0][c0] => (1)  H2O [c0][c0] + (1)  CO2 [c0][c0] + (1)  5-Aminopentanoate [c0][c0]	rxn24718				Amino-Acid-Degradation|Degradation|LYSINE-DEG
rxn23589_c0	<	Cytosol	Unknown	RXN-13329.c [c0]		31.23		(1)  cpd00001[c0] + (1)  cpd14545[c0] <= (1)  cpd00013[c0] + (1)  cpd00040[c0]	(1)  H2O [c0][c0] + (1)  Iminoglycine [c0][c0] <= (1)  NH3 [c0][c0] + (1)  Glyoxalate [c0][c0]	rxn23589				
rxn08502_e0	=	Extracellular	Unknown	enterobactin Fe(III) binding (spontaneous) [e0]		-56.08		(1)  cpd03453[e0] + (1)  cpd10516[e0] <=> (1)  cpd03726[e0]	(1)  Enterobactin [e0][e0] + (1)  fe3 [e0][e0] <=> (1)  Fe-enterochlin [e0][e0]	rxn08502	FEENTERexs			
rxn08428_c0	=	Cytosol	Unknown	ethanol transport via diffusion (extracellular to periplasm) [c0]		0		(1)  cpd00363[c0] <=> (1)  cpd00363[e0]	(1)  Ethanol [c0][c0] <=> (1)  Ethanol [e0][e0]	rxn08428	ETOHtex			
rxn08032_c0	=	Cytosol	Unknown	acetaldehyde transport via diffusion (extracellular to periplasm) [c0]		0		(1)  cpd00071[c0] <=> (1)  cpd00071[e0]	(1)  Acetaldehyde [c0][c0] <=> (1)  Acetaldehyde [e0][e0]	rxn08032	ACALDtex			
rxn08350_c0	=	Cytosol	Unknown	D-lactate transport via proton symport (periplasm) [c0]		0		(1)  cpd00067[e0] + (1)  cpd00221[e0] <=> (1)  cpd00067[c0] + (1)  cpd00221[c0]	(1)  H+ [e0][e0] + (1)  D-Lactate [e0][e0] <=> (1)  H+ [c0][c0] + (1)  D-Lactate [c0][c0]	rxn08350	D-LACt2pp			
rxn09260_c0	=	Cytosol	Unknown	sulfite transport via diffusion (extracellular to periplasm) [c0]		0		(1)  cpd00081[c0] <=> (1)  cpd00081[e0]	(1)  Sulfite [c0][c0] <=> (1)  Sulfite [e0][e0]	rxn09260	SO3tex			
rxn05296_c0	>	Cytosol	Unknown	Protein synthesis				(27.0993697627546)  cpd00001[c0] + (34.8420468378274)  cpd00002[c0] + (0.493257855467681)  cpd00023[c0] + (0.773570796879456)  cpd00033[c0] + (0.505647377740025)  cpd00035[c0] + (0.611732662196967)  cpd00039[c0] + (0.280312941411775)  cpd00041[c0] + (0.365490907034137)  cpd00051[c0] + (0.493257855467681)  cpd00053[c0] + (0.409628580129362)  cpd00054[c0] + (0.214493604339949)  cpd00060[c0] + (0.102987903888857)  cpd00065[c0] + (0.332968411069235)  cpd00066[c0] + (0.20984753348782)  cpd00069[c0] + (0.107633974740985)  cpd00084[c0] + (0.656644680434213)  cpd00107[c0] + (0.154869028404296)  cpd00119[c0] + (0.304317640814441)  cpd00129[c0] + (0.280312941411775)  cpd00132[c0] + (0.58153320165813)  cpd00156[c0] + (0.353101384761794)  cpd00161[c0] + (0.511067793734175)  cpd00322[c0] => (34.8420468378274)  cpd00008[c0] + (34.8420468378274)  cpd00009[c0] + (34.8420468378274)  cpd00067[c0] + (1)  cpd11463[c0]	(27.0993697627546)  H2O [c0][c0] + (34.8420468378274)  ATP [c0][c0] + (0.493257855467681)  L-Glutamate [c0][c0] + (0.773570796879456)  Glycine [c0][c0] + (0.505647377740025)  L-Alanine [c0][c0] + (0.611732662196967)  L-Lysine [c0][c0] + (0.280312941411775)  L-Aspartate [c0][c0] + (0.365490907034137)  L-Arginine [c0][c0] + (0.493257855467681)  L-Glutamine [c0][c0] + (0.409628580129362)  L-Serine [c0][c0] + (0.214493604339949)  L-Methionine [c0][c0] + (0.102987903888857)  L-Tryptophan [c0][c0] + (0.332968411069235)  L-Phenylalanine [c0][c0] + (0.20984753348782)  L-Tyrosine [c0][c0] + (0.107633974740985)  L-Cysteine [c0][c0] + (0.656644680434213)  L-Leucine [c0][c0] + (0.154869028404296)  L-Histidine [c0][c0] + (0.304317640814441)  L-Proline [c0][c0] + (0.280312941411775)  L-Asparagine [c0][c0] + (0.58153320165813)  L-Valine [c0][c0] + (0.353101384761794)  L-Threonine [c0][c0] + (0.511067793734175)  L-Isoleucine [c0][c0] => (34.8420468378274)  ADP [c0][c0] + (34.8420468378274)  Phosphate [c0][c0] + (34.8420468378274)  H+ [c0][c0] + (1)  Protein [c0][c0]	rxn05296				
rxn00062_c0	>	Cytosol	Unknown	ATP hydrolysis	3.6.1.3|3.6.3.15|3.6.3.50|3.6.3.51|3.6.3.52|3.6.4.1|3.6.4.10|3.6.4.11|3.6.4.12|3.6.4.13|3.6.4.2|3.6.4.4|3.6.4.5|3.6.4.6|3.6.4.7|3.6.4.8|3.6.4.9	-6.82		(1)  cpd00001[c0] + (1)  cpd00002[c0] => (1)  cpd00008[c0] + (1)  cpd00009[c0] + (1)  cpd00067[c0]	(1)  H2O [c0][c0] + (1)  ATP [c0][c0] => (1)  ADP [c0][c0] + (1)  Phosphate [c0][c0] + (1)  H+ [c0][c0]	rxn00062	ATPM	R00086	Purine metabolism|Methane metabolism	
rxn00544_c0	<	Cytosol	Unknown	R00755		-3.43		(1)  cpd00056[c0] + (1)  cpd00071[c0] <= (1)  cpd03049[c0]	(1)  TPP [c0][c0] + (1)  Acetaldehyde [c0][c0] <= (1)  2-Hydroxyethyl-ThPP [c0][c0]	rxn00544		R00755	Glycolysis / Gluconeogenesis	
rxn00171_c0	>	Cytosol	Unknown	acetaldehyde:NAD+ oxidoreductase (CoA-acetylating)		-4.7		(1)  cpd00003[c0] + (1)  cpd00010[c0] + (1)  cpd00071[c0] => (1)  cpd00004[c0] + (1)  cpd00022[c0] + (1)  cpd00067[c0]	(1)  NAD [c0][c0] + (1)  CoA [c0][c0] + (1)  Acetaldehyde [c0][c0] => (1)  NADH [c0][c0] + (1)  Acetyl-CoA [c0][c0] + (1)  H+ [c0][c0]	rxn00171	ACALD	R00228	Benzoate degradation|Pyruvate metabolism|Dioxin degradation|Xylene degradation	2-Aminoethylphosphonate-Degradation|AROMATIC-COMPOUNDS-DEGRADATION|Alcohol-Degradation|Amino-Acid-Biosynthesis|Amino-Acid-Degradation|Benzoate-Degradation|Biosynthesis|CARBOXYLATES-DEG|Catechol-Degradation|Degradation|ETOH-ACETYLCOA-ANA-PWY|Energy-Metabolism|Ethanol-Degradation|FERMENTATION-PWY|Fermentation|GLYCINE-SYN|IND-AMINO-ACID-SYN|MANDELATE-DEG|NUCLEO-DEG|Noncarbon-Nutrients|Other-Degradation|P122-PWY|P161-PWY|P441-PWY|P461-PWY|PHOSPHONOTASE-PWY|PWY0-1277|PWY0-1297|PWY0-1298|Phosphorus-Compounds|Pyrimidine-Degradation|Pyruvate-Degradation|SECONDARY-METABOLITE-DEGRADATION|SUGAR-ALCOHOLS-DEG|Sugar-Derivatives|THREOCAT-PWY|THREONINE-DEG|TOLUENE-DEG|TRYPTOPHAN-DEG
rxn00225_c0	<	Cytosol	Unknown	ATP:acetate phosphotransferase		-5.36		(1)  cpd00002[c0] + (1)  cpd00029[c0] <= (1)  cpd00008[c0] + (1)  cpd00196[c0]	(1)  ATP [c0][c0] + (1)  Acetate [c0][c0] <= (1)  ADP [c0][c0] + (1)  Acetylphosphate [c0][c0]	rxn00225	ACKr	R00315	Taurine and hypotaurine metabolism|Pyruvate metabolism|Methane metabolism|Carbon fixation pathways in prokaryotes	ACETATEUTIL-PWY|AROMATIC-COMPOUNDS-DEGRADATION|Acetate-Formation|Acetyl-CoA-Butyrate|Amino-Acid-Degradation|CARBOXYLATES-DEG|Carbohydrates-Degradation|Degradation|Energy-Metabolism|FERMENTATION-PWY|Fermentation|GALLATE-DEG|LYSINE-DEG|METH-ACETATE-PWY|METHANOGENESIS|NUCLEO-DEG|Other-Degradation|P124-PWY|P142-PWY|P161-PWY|P163-PWY|P164-PWY|P3-PWY|P41-PWY|P441-PWY|P461-PWY|PROPFERM-PWY|PWY0-1312|Purine-Degradation|Pyruvate-Degradation|SECONDARY-METABOLITE-DEGRADATION|SUGAR-ALCOHOLS-DEG|Sugar-Derivatives|Sugars-And-Polysaccharides
rxn00173_c0	>	Cytosol	Unknown	acetyl-CoA:phosphate acetyltransferase		-5.84		(1)  cpd00009[c0] + (1)  cpd00022[c0] => (1)  cpd00010[c0] + (1)  cpd00196[c0]	(1)  Phosphate [c0][c0] + (1)  Acetyl-CoA [c0][c0] => (1)  CoA [c0][c0] + (1)  Acetylphosphate [c0][c0]	rxn00173	PTA	R00230	Taurine and hypotaurine metabolism|Pyruvate metabolism|Methane metabolism|Carbon fixation pathways in prokaryotes	ACETATEUTIL-PWY|AROMATIC-COMPOUNDS-DEGRADATION|Acetate-Formation|Acetyl-CoA-Butyrate|Amino-Acid-Degradation|CARBOXYLATES-DEG|Degradation|Energy-Metabolism|FERMENTATION-PWY|Fermentation|GALLATE-DEG|LYSINE-DEG|METH-ACETATE-PWY|METHANOGENESIS|MISCELLANEOUS-DEG|NUCLEO-DEG|Noncarbon-Nutrients|Other-Degradation|P122-PWY|P142-PWY|P161-PWY|P163-PWY|P3-PWY|P41-PWY|P441-PWY|P461-PWY|PROPFERM-PWY|PWY0-1312|Purine-Degradation|Pyruvate-Degradation|SECONDARY-METABOLITE-DEGRADATION|SUGAR-ALCOHOLS-DEG|Sugar-Derivatives|Sulfoacetaldehyde-Degradation|Sulfolactate-Degradation|Sulfur-Assimilation|Taurine-degradation
rxn00011_c0	<	Cytosol	Unknown	pyruvate:thiamin diphosphate acetaldehydetransferase (decarboxylating)		-6.87		(1)  cpd00011[c0] + (1)  cpd03049[c0] <= (1)  cpd00020[c0] + (1)  cpd00056[c0] + (1)  cpd00067[c0]	(1)  CO2 [c0][c0] + (1)  2-Hydroxyethyl-ThPP [c0][c0] <= (1)  Pyruvate [c0][c0] + (1)  TPP [c0][c0] + (1)  H+ [c0][c0]	rxn00011		R00014	Glycolysis / Gluconeogenesis|Citrate cycle (TCA cycle)|Valine, leucine and isoleucine biosynthesis|Pyruvate metabolism|Butanoate metabolism	
rxn00568_c0	<	Cytosol	Unknown	NIRBD-RXN.c		-91.6		(2)  cpd00001[c0] + (3)  cpd00003[c0] + (1)  cpd00013[c0] <= (3)  cpd00004[c0] + (5)  cpd00067[c0] + (1)  cpd00075[c0]	(2)  H2O [c0][c0] + (3)  NAD [c0][c0] + (1)  NH3 [c0][c0] <= (3)  NADH [c0][c0] + (5)  H+ [c0][c0] + (1)  Nitrite [c0][c0]	rxn00568	NTRIR2x			Degradation|NITROGEN-DEG|Nitrate-Reduction|Noncarbon-Nutrients|Other-Degradation
rxn00371_c0	>	Cytosol	Unknown	Formate:NAD+ oxidoreductase		-3.09		(1)  cpd00003[c0] + (1)  cpd00047[c0] => (1)  cpd00004[c0] + (1)  cpd00011[c0]	(1)  NAD [c0][c0] + (1)  Formate [c0][c0] => (1)  NADH [c0][c0] + (1)  CO2 [c0][c0]	rxn00371	FDH	R00519	Glyoxylate and dicarboxylate metabolism|Methane metabolism	C1-COMPOUNDS|CARBOXYLATES-DEG|CHEMOAUTOTROPHIC-ENERGY-METABOLISM|Degradation|Energy-Metabolism|NUCLEO-DEG|Oxalate-Degradation|P164-PWY|Purine-Degradation
rxn08173_c0	>	Cytosol	Unknown	F(1)-ATPase		-6.82		(1)  cpd00008[c0] + (1)  cpd00009[c0] + (4)  cpd00067[e0] => (1)  cpd00001[c0] + (1)  cpd00002[c0] + (3)  cpd00067[c0]	(1)  ADP [c0][c0] + (1)  Phosphate [c0][c0] + (4)  H+ [e0][e0] => (1)  H2O [c0][c0] + (1)  ATP [c0][c0] + (3)  H+ [c0][c0]	rxn08173	ATPS4rpp			
rxn05625_c0	>	Cytosol	Unknown	nitrite transport in via proton symport, reversible		0		(1)  cpd00067[e0] + (1)  cpd00075[e0] => (1)  cpd00067[c0] + (1)  cpd00075[c0]	(1)  H+ [e0][e0] + (1)  Nitrite [e0][e0] => (1)  H+ [c0][c0] + (1)  Nitrite [c0][c0]	rxn05625	NO2t2			
rxn00364_c0	>	Cytosol	BHNFPM_02731_gene	ATP:CMP phosphotransferase		9.53		(1)  cpd00002[c0] + (1)  cpd00046[c0] + (1)  cpd00067[c0] => (1)  cpd00008[c0] + (1)  cpd00096[c0]	(1)  ATP [c0][c0] + (1)  CMP [c0][c0] + (1)  H+ [c0][c0] => (1)  ADP [c0][c0] + (1)  CDP [c0][c0]	rxn00364	CYTK1	R00512	Pyrimidine metabolism	Biosynthesis|Metabolic-Clusters|Nucleotide-Biosynthesis|P1-PWY|PRPP-PWY|PUR-NUC-SYN|PWY0-162|PWY0-163|PYR-NUC-SYN|Purine-Nucleotides-Salvage|Pyrimidine-De-Novo-Biosyn|Pyrimidine-Nucleotide-Salvage
rxn03408_c0	>	Cytosol	BHNFPM_02578_gene	UDP-N-acetyl-D-glucosamine:undecaprenyl-diphospho-N-acetylmuramoyl-L-alanyl-gamma-D-glutamyl-meso-2,6-diaminopimeloyl-D-alanyl-D-alanine 4-beta-N-acetylglucosaminlytransferase		-1.7		(1)  cpd00037[c0] + (1)  cpd03494[c0] => (1)  cpd00014[c0] + (1)  cpd03495[c0]	(1)  UDP-N-acetylglucosamine [c0][c0] + (1)  Undecaprenyl-diphospho-N-acetylmuramoyl-L-alanyl-D-glutamyl-meso-2-6-diaminopimeloyl-D-alanyl-D-alanine [c0][c0] => (1)  UDP [c0][c0] + (1)  Undecaprenyl-diphospho-N-acetylmuramoyl--N-acetylglucosamine-L-ala-D-glu-meso-2-6-diaminopimeloyl-D-ala-D-ala [c0][c0]	rxn03408		R05032	Peptidoglycan biosynthesis	
rxn01673_c0	>	Cytosol	BHNFPM_02712_gene	ATP:dCDP phosphotransferase		0		(1)  cpd00002[c0] + (1)  cpd00533[c0] => (1)  cpd00008[c0] + (1)  cpd00356[c0]	(1)  ATP [c0][c0] + (1)  dCDP [c0][c0] => (1)  ADP [c0][c0] + (1)  dCTP [c0][c0]	rxn01673	NDPK7	R02326	Pyrimidine metabolism	Biosynthesis|Nucleotide-Biosynthesis|PWY0-166|PYR-NUC-SYN|Pyrimid-Deoxyribonucleot-De-Novo-Biosyn
rxn00973_c0	>	Cytosol	BHNFPM_02343_gene	citrate hydroxymutase		1.42		(1)  cpd00137[c0] => (1)  cpd00260[c0]	(1)  Citrate [c0][c0] => (1)  Isocitrate [c0][c0]	rxn00973	ACONT	R01324		
rxn12008_c0	<	Cytosol	Unknown	R05611		22.53		(1)  cpd00012[c0] + (1)  cpd00067[c0] + (1)  cpd02557[c0] <= (1)  cpd00113[c0] + (1)  cpd02590[c0]	(1)  PPi [c0][c0] + (1)  H+ [c0][c0] + (1)  Farnesylfarnesylgeraniol [c0][c0] <= (1)  Isopentenyldiphosphate [c0][c0] + (1)  all-trans-Heptaprenyl diphosphate [c0][c0]	rxn12008	HEPTT	R05611		
rxn03086_c0	<	Cytosol	Unknown	R04467		0		(1)  cpd00024[c0] + (1)  cpd02685[c0] <= (1)  cpd00023[c0] + (1)  cpd03289[c0]	(1)  2-Oxoglutarate [c0][c0] + (1)  N-acetyl-LL-2,6-diaminopimelate [c0][c0] <= (1)  L-Glutamate [c0][c0] + (1)  L-2-Acetamido-6-oxopimelate [c0][c0]	rxn03086	APTA1i	R04467	Lysine biosynthesis	Amino-Acid-Biosynthesis|Biosynthesis|IND-AMINO-ACID-SYN|LYSINE-SYN
rxn01219_c0	>	Cytosol	BHNFPM_02731_gene	ATP:dCMP phosphotransferase		9.53		(1)  cpd00002[c0] + (1)  cpd00067[c0] + (1)  cpd00206[c0] => (1)  cpd00008[c0] + (1)  cpd00533[c0]	(1)  ATP [c0][c0] + (1)  H+ [c0][c0] + (1)  dCMP [c0][c0] => (1)  ADP [c0][c0] + (1)  dCDP [c0][c0]	rxn01219	CYTK2	R01665	Pyrimidine metabolism	
rxn08333_c0	>	Cytosol	BHNFPM_00733_gene	1,4-dihydroxy-2-naphthoate octaprenyltransferase		10.17		(1)  cpd02295[c0] + (1)  cpd02557[c0] => (1)  cpd00011[c0] + (1)  cpd00012[c0] + (1)  cpd15353[c0]	(1)  1-4-Dihydroxy-2-naphthoate [c0][c0] + (1)  Farnesylfarnesylgeraniol [c0][c0] => (1)  CO2 [c0][c0] + (1)  PPi [c0][c0] + (1)  2-Demethylmenaquinol 8 [c0][c0]	rxn08333	DHNAOT4			ALL-CHORISMATE-PWY|Biosynthesis|Cofactor-Biosynthesis|Demethylmenaquinol-8-Biosynthesis|Demethylmenaquinone-Biosynthesis|Menaquinone-Biosynthesis|Quinone-Biosynthesis
rxn00509_c0	>	Cytosol	Unknown	Succinate-semialdehyde:NADP+ oxidoreductase	1.2.1.79	-9.8		(1)  cpd00001[c0] + (1)  cpd00006[c0] + (1)  cpd00199[c0] => (1)  cpd00005[c0] + (1)  cpd00036[c0] + (2)  cpd00067[c0]	(1)  H2O [c0][c0] + (1)  NADP [c0][c0] + (1)  4-Oxobutanoate [c0][c0] => (1)  NADPH [c0][c0] + (1)  Succinate [c0][c0] + (2)  H+ [c0][c0]	rxn00509	SSALy	R00714	Alanine, aspartate and glutamate metabolism|Tyrosine metabolism|Butanoate metabolism	3-HYDROXYPHENYLACETATE-DEGRADATION-PWY|4-Aminobutyraye-Degradation|4AMINOBUTMETAB-PWY|AMINE-DEG|ARGDEG-PWY|ARGININE-DEG|AROMATIC-COMPOUNDS-DEGRADATION|Amino-Acid-Degradation|Degradation|Energy-Metabolism|GLUTAMATE-DEG|Nicotine-Degradation|ORNARGDEG-PWY|Other-Degradation|P105-PWY|P181-PWY|PWY3O-210|TCA-VARIANTS
rxn02898_c0	>	Cytosol	BHNFPM_03356_gene	O-Succinylbenzoyl-CoA 1,4-dihydroxy-2-naphthoate-lyase		-14.27		(1)  cpd02021[c0] => (1)  cpd00010[c0] + (1)  cpd02295[c0]	(1)  Succinylbenzoyl-CoA [c0][c0] => (1)  CoA [c0][c0] + (1)  1-4-Dihydroxy-2-naphthoate [c0][c0]	rxn02898	NPHS	R04150		
rxn12549_c0	>	Cytosol	Unknown	4-Hydroxybenzoate transport via proton symport		0		(1)  cpd00067[e0] + (1)  cpd00136[e0] => (1)  cpd00067[c0] + (1)  cpd00136[c0]	(1)  H+ [e0][e0] + (1)  4-Hydroxybenzoate [e0][e0] => (1)  H+ [c0][c0] + (1)  4-Hydroxybenzoate [c0][c0]	rxn12549				
rxn00501_c0	<	Cytosol	Unknown	3-Oxopropanoate:NAD+ oxidoreductase (decarboxylating, CoA-acetylating)		-8.95		(1)  cpd00003[c0] + (1)  cpd00010[c0] + (1)  cpd00191[c0] <= (1)  cpd00004[c0] + (1)  cpd00011[c0] + (1)  cpd00022[c0]	(1)  NAD [c0][c0] + (1)  CoA [c0][c0] + (1)  3-Oxopropanoate [c0][c0] <= (1)  NADH [c0][c0] + (1)  CO2 [c0][c0] + (1)  Acetyl-CoA [c0][c0]	rxn00501	MMSAD3	R00705	beta-Alanine metabolism|Inositol phosphate metabolism|Propanoate metabolism	Amino-Acid-Degradation|BETA-ALA-DEGRADATION-I-PWY|Beta-Alanine-Degradation|CARBOXYLATES-DEG|Degradation|P562-PWY|SECONDARY-METABOLITE-DEGRADATION|SUGAR-ALCOHOLS-DEG|Sugar-Derivatives
rxn00257_c0	>	Cytosol	Unknown	acetyl-CoA:oxaloacetate C-acetyltransferase [(pro-S)-carboxymethyl-forming, ADP-phosphorylating]		2.11		(1)  cpd00002[c0] + (1)  cpd00010[c0] + (1)  cpd00137[c0] => (1)  cpd00008[c0] + (1)  cpd00009[c0] + (1)  cpd00022[c0] + (1)  cpd00032[c0]	(1)  ATP [c0][c0] + (1)  CoA [c0][c0] + (1)  Citrate [c0][c0] => (1)  ADP [c0][c0] + (1)  Phosphate [c0][c0] + (1)  Acetyl-CoA [c0][c0] + (1)  Oxaloacetate [c0][c0]	rxn00257		R00352	Citrate cycle (TCA cycle)|Carbon fixation pathways in prokaryotes	Acetyl-CoA-Biosynthesis|Autotrophic-CO2-Fixation|C1-COMPOUNDS|CO2-Fixation|Degradation|Energy-Metabolism|P23-PWY|Reductive-TCA-Cycles
rxn10336_c0	>	Cytosol	Unknown	stearoyl-cardiolipin synthase		0		(2)  cpd15540[c0] => (1)  cpd00100[c0] + (1)  cpd15793[c0]	(2)  Phosphatidylglycerol dioctadecanoyl [c0][c0] => (1)  Glycerol [c0][c0] + (1)  Stearoylcardiolipin (B. subtilis)  [c0][c0]	rxn10336				
rxn05497_c0	>	Cytosol	Unknown	TRANS-RXNBWI-115572.ce.maizeexp.AMP_AMP		0		(1)  cpd00018[e0] + (1)  cpd00067[e0] => (1)  cpd00018[c0] + (1)  cpd00067[c0]	(1)  AMP [e0][e0] + (1)  H+ [e0][e0] => (1)  AMP [c0][c0] + (1)  H+ [c0][c0]	rxn05497				
rxn10832_c0	>	Cytosol	Unknown	CoA transporter		0		(1)  cpd00010[e0] => (1)  cpd00010[c0]	(1)  CoA [e0][e0] => (1)  CoA [c0][c0]	rxn10832	COAt			
rxn01486_c0	>	Cytosol	Unknown	trans,trans-Farnesyl-diphosphate:isopentenyl-diphosphate farnesyltranstransferase		-22.53		(1)  cpd00113[c0] + (1)  cpd00350[c0] => (1)  cpd00012[c0] + (1)  cpd00067[c0] + (1)  cpd00289[c0]	(1)  Isopentenyldiphosphate [c0][c0] + (1)  Farnesyldiphosphate [c0][c0] => (1)  PPi [c0][c0] + (1)  H+ [c0][c0] + (1)  Geranylgeranyl diphosphate [c0][c0]	rxn01486	FRTT	R02061	Terpenoid backbone biosynthesis	Biosynthesis|Cofactor-Biosynthesis|DITERPENOID-SYN|GGPP-Biosynthesis|Phylloquinone-Biosynthesis|Polyprenyl-Biosynthesis|Quinone-Biosynthesis|SECONDARY-METABOLITE-BIOSYNTHESIS|Terpenoid-Biosynthesis
rxn03030_c0	>	Cytosol	BHNFPM_01846_gene	Acetyl-CoA:L-2,3,4,5-tetrahydrodipicolinate N2-acetyltransferase	2.3.1.89	11.44		(1)  cpd00001[c0] + (1)  cpd00022[c0] + (1)  cpd02465[c0] => (1)  cpd00010[c0] + (1)  cpd03289[c0]	(1)  H2O [c0][c0] + (1)  Acetyl-CoA [c0][c0] + (1)  tetrahydrodipicolinate [c0][c0] => (1)  CoA [c0][c0] + (1)  L-2-Acetamido-6-oxopimelate [c0][c0]	rxn03030	APATi	R04364	Lysine biosynthesis	Amino-Acid-Biosynthesis|Biosynthesis|IND-AMINO-ACID-SYN|LYSINE-SYN
rxn08773_c0	<	Cytosol	Unknown	L-alanyl-gamma-D-glutamyl-meso-diaminopimelate hydrolase		-301.89		(1)  cpd00001[c0] + (1)  cpd15386[c0] <= (1)  cpd00516[c0] + (1)  cpd15385[c0]	(1)  H2O [c0][c0] + (1)  L-alanine-D-glutamate-meso-2,6-diaminoheptanedioate [c0][c0] <= (1)  meso-2,6-Diaminopimelate [c0][c0] + (1)  L-alanine-D-glutamate [c0][c0]	rxn08773	LADGMDH			
rxn01129_c0	<	Cytosol	BHNFPM_03035_gene	dATP:uridine 5'-phosphotransferase		-14.03		(1)  cpd00115[c0] + (1)  cpd00249[c0] <= (1)  cpd00067[c0] + (1)  cpd00091[c0] + (1)  cpd00177[c0]	(1)  dATP [c0][c0] + (1)  Uridine [c0][c0] <= (1)  H+ [c0][c0] + (1)  UMP [c0][c0] + (1)  dADP [c0][c0]	rxn01129		R01549	Pyrimidine metabolism	
rxn01974_c0	>	Cytosol	BHNFPM_02559_gene	LL-2,6-Diaminoheptanedioate 2-epimerase	5.1.1.7	0		(1)  cpd00504[c0] => (1)  cpd00516[c0]	(1)  LL-2,6-Diaminopimelate [c0][c0] => (1)  meso-2,6-Diaminopimelate [c0][c0]	rxn01974	DAPE	R02735	Lysine biosynthesis	Amino-Acid-Biosynthesis|Biosynthesis|DAPLYSINESYN-PWY|IND-AMINO-ACID-SYN|LYSINE-SYN|P4-PWY|PWY0-781
rxn00068_c0	<	Cytosol	Unknown	Fe2+:NAD+ oxidoreductase		50.3		(1)  cpd00003[c0] + (1)  cpd00067[c0] + (2)  cpd10515[c0] <= (1)  cpd00004[c0] + (2)  cpd10516[c0]	(1)  NAD [c0][c0] + (1)  H+ [c0][c0] + (2)  Fe2+ [c0][c0] <= (1)  NADH [c0][c0] + (2)  fe3 [c0][c0]	rxn00068		R00092		Biosynthesis|Degradation|Ethylene-Biosynthesis|HORMONE-SYN|Noncarbon-Nutrients|Plant-Hormone-Biosynthesis
rxn00060_c0	>	Cytosol	BHNFPM_03133_gene	porphobilinogen:(4-[2-carboxyethyl]-3-[carboxymethyl]pyrrol-2-yl)methyltransferase (hydrolysing)		-25.97		(1)  cpd00001[c0] + (4)  cpd00689[c0] => (4)  cpd00013[c0] + (1)  cpd00755[c0]	(1)  H2O [c0][c0] + (4)  Porphobilinogen [c0][c0] => (4)  NH3 [c0][c0] + (1)  Hydroxymethylbilane [c0][c0]	rxn00060	HEM3	R00084	Porphyrin and chlorophyll metabolism	Biosynthesis|Chlorophyll-Biosynthesis|Chlorophyll-a-Biosynthesis|Cofactor-Biosynthesis|HEME-SYN|Porphyrin-Compounds-Biosynthesis|Tetrapyrrole-Biosynthesis
rxn10197_c0	>	Cytosol	Unknown	TECA4S		-190.813		(1)  cpd00001[c0] + (30)  cpd00026[c0] + (30)  cpd00175[c0] => (30)  cpd00014[c0] + (30)  cpd00067[c0] + (30)  cpd00091[c0] + (1)  cpd11459[c0]	(1)  H2O [c0][c0] + (30)  UDP-glucose [c0][c0] + (30)  UDP-N-acetyl-D-galactosamine [c0][c0] => (30)  UDP [c0][c0] + (30)  H+ [c0][c0] + (30)  UMP [c0][c0] + (1)  tcam [c0][c0]	rxn10197				
rxn02264_c0	>	Cytosol	Unknown	Hydroxymethylbilane hydro-lyase(cyclizing)				(1)  cpd00755[c0] => (1)  cpd00001[c0] + (1)  cpd00774[c0]	(1)  Hydroxymethylbilane [c0][c0] => (1)  H2O [c0][c0] + (1)  UroporphyrinogenIII [c0][c0]	rxn02264	HEM4	R03165	Porphyrin and chlorophyll metabolism	Biosynthesis|Chlorophyll-Biosynthesis|Chlorophyll-a-Biosynthesis|Cofactor-Biosynthesis|HEME-SYN|Porphyrin-Compounds-Biosynthesis|Tetrapyrrole-Biosynthesis
rxn09202_c0	>	Cytosol	BHNFPM_03015_gene	Phosphatidylserine decarboxylase (n-C18:0)		-73.2		(2)  cpd00067[c0] + (1)  cpd15557[c0] => (1)  cpd00011[c0] + (1)  cpd15533[c0]	(2)  H+ [c0][c0] + (1)  phosphatidylserine dioctadecanoyl [c0][c0] => (1)  CO2 [c0][c0] + (1)  phosphatidylethanolamine dioctadecanoyl [c0][c0]	rxn09202	PSD180			
rxn00097_c0	>	Cytosol	Unknown	ATP:AMP phosphotransferase		9.53		(1)  cpd00002[c0] + (1)  cpd00018[c0] + (1)  cpd00067[c0] => (2)  cpd00008[c0]	(1)  ATP [c0][c0] + (1)  AMP [c0][c0] + (1)  H+ [c0][c0] => (2)  ADP [c0][c0]	rxn00097	ADK1	R00127	Purine metabolism	Biosynthesis|DENOVOPURINE2-PWY|Metabolic-Clusters|Nucleotide-Biosynthesis|P1-PWY|PRPP-PWY|PUR-NUC-SYN|PYR-NUC-SYN|Purine-Nucleotide-De-Novo-Biosynthesis|Purine-Nucleotides-Salvage
rxn10481_c0	>	Cytosol	Unknown	Copper transport via ABC system		-6.82		(1)  cpd00001[c0] + (1)  cpd00002[c0] + (1)  cpd00058[e0] => (1)  cpd00008[c0] + (1)  cpd00009[c0] + (1)  cpd00058[c0] + (1)  cpd00067[c0]	(1)  H2O [c0][c0] + (1)  ATP [c0][c0] + (1)  Cu2+ [e0][e0] => (1)  ADP [c0][c0] + (1)  Phosphate [c0][c0] + (1)  Cu2+ [c0][c0] + (1)  H+ [c0][c0]	rxn10481	Cuabc			
rxn00198_c0	>	Cytosol	BHNFPM_03209_gene	Isocitrate:NADP+ oxidoreductase (decarboxylating)		3.13		(1)  cpd00006[c0] + (1)  cpd00260[c0] => (1)  cpd00005[c0] + (1)  cpd00011[c0] + (1)  cpd00024[c0]	(1)  NADP [c0][c0] + (1)  Isocitrate [c0][c0] => (1)  NADPH [c0][c0] + (1)  CO2 [c0][c0] + (1)  2-Oxoglutarate [c0][c0]	rxn00198	ICDHy	R00267	Glutathione metabolism|Carbon fixation pathways in prokaryotes	
rxn00131_c0	<	Cytosol	Unknown	AMP phosphoribohydrolase		-0.73		(1)  cpd00001[c0] + (1)  cpd00018[c0] <= (1)  cpd00101[c0] + (1)  cpd00128[c0]	(1)  H2O [c0][c0] + (1)  AMP [c0][c0] <= (1)  ribose-5-phosphate [c0][c0] + (1)  Adenine [c0][c0]	rxn00131		R00182	Purine metabolism	Adenosine-Nucleotides-Degradation|Degradation|NUCLEO-DEG|Purine-Degradation
rxn05578_c0	>	Cytosol	Unknown	TRANS-RXNBWI-115531.ce		0		(1)  cpd00067[e0] + (1)  cpd00080[e0] => (1)  cpd00067[c0] + (1)  cpd00080[c0]	(1)  H+ [e0][e0] + (1)  Glycerol-3-phosphate [e0][e0] => (1)  H+ [c0][c0] + (1)  Glycerol-3-phosphate [c0][c0]	rxn05578				
rxn12539_c0	>	Cytosol	Unknown	Glutathione transport via proton symport		0		(1)  cpd00042[e0] + (1)  cpd00067[e0] => (1)  cpd00042[c0] + (1)  cpd00067[c0]	(1)  GSH [e0][e0] + (1)  H+ [e0][e0] => (1)  GSH [c0][c0] + (1)  H+ [c0][c0]	rxn12539				
rxn05522_c0	>	Cytosol	Unknown	citrate transport in via Co complex		0		(1)  cpd00067[e0] + (1)  cpd00137[e0] + (1)  cpd00149[e0] => (1)  cpd00067[c0] + (1)  cpd00137[c0] + (1)  cpd00149[c0]	(1)  H+ [e0][e0] + (1)  Citrate [e0][e0] + (1)  Co2+ [e0][e0] => (1)  H+ [c0][c0] + (1)  Citrate [c0][c0] + (1)  Co2+ [c0][c0]	rxn05522				
rxn03852_c0	>	Cytosol	Unknown	UDP-N-acetyl-D-mannosamine:N-acetyl-beta-D-glucosaminyldiphosphoundecaprenol beta-1,4-N-acetylmannosaminyltransferase	2.4.1.187	-1.7		(1)  cpd00861[c0] + (1)  cpd00946[c0] => (1)  cpd00014[c0] + (1)  cpd02967[c0]	(1)  UDP-N-acetyl-D-mannosamine [c0][c0] + (1)  Undecaprenyl diphospho N-acetyl-glucosamine [c0][c0] => (1)  UDP [c0][c0] + (1)  N-Acetyl-beta-D-mannosaminyl-1,4-N-acetyl-D- glucosaminyldiphosphoundecaprenol [c0][c0]	rxn03852		R05566		Biosynthesis|Cell-Structure-Biosynthesis|TEICHOICACID-PWY
rxn12638_c0	>	Cytosol	Unknown	methionyl aminopeptidase		-93.58		(1)  cpd00001[c0] + (1)  cpd11588[c0] => (1)  cpd00033[c0] + (1)  cpd00129[c0]	(1)  H2O [c0][c0] + (1)  gly-pro-L [c0][c0] => (1)  Glycine [c0][c0] + (1)  L-Proline [c0][c0]	rxn12638	MEAMP1(gly-pro-L)			
rxn05722_c0	>	Cytosol	Unknown	Trimetaphosphate transport in via proton symport		0		(1)  cpd00067[e0] + (1)  cpd00793[e0] => (1)  cpd00067[c0] + (1)  cpd00793[c0]	(1)  H+ [e0][e0] + (1)  Thiamine phosphate [e0][e0] => (1)  H+ [c0][c0] + (1)  Thiamine phosphate [c0][c0]	rxn05722				
rxn08551_c0	>	Cytosol	Unknown	glycerol-3-phosphate acyltransferase (C18:0)		-3.61		(1)  cpd00067[c0] + (1)  cpd00080[c0] + (1)  cpd15268[c0] => (1)  cpd11493[c0] + (1)  cpd15329[c0]	(1)  H+ [c0][c0] + (1)  Glycerol-3-phosphate [c0][c0] + (1)  Octadecanoyl-ACP [c0][c0] => (1)  ACP [c0][c0] + (1)  1-octadecanoyl-sn-glycerol 3-phosphate [c0][c0]	rxn08551	G3PAT180			
rxn11946_c0	>	Cytosol	Unknown	R05614		-4.36		(1)  cpd00017[c0] + (1)  cpd03449[c0] => (1)  cpd00019[c0] + (1)  cpd00067[c0] + (1)  cpd15560[c0]	(1)  S-Adenosyl-L-methionine [c0][c0] + (1)  2-Octaprenyl-3-methyl-5-hydroxy-6-methoxy-1,4-benzoquinone [c0][c0] => (1)  S-Adenosyl-homocysteine [c0][c0] + (1)  H+ [c0][c0] + (1)  Ubiquinone-8 [c0][c0]	rxn11946		R05614	Ubiquinone and other terpenoid-quinone biosynthesis	
rxn01644_c0	>	Cytosol	BHNFPM_02085_gene	L-Aspartate-4-semialdehyde hydro-lyase (adding pyruvate and cyclizing)		-30.86		(1)  cpd00020[c0] + (1)  cpd00346[c0] => (2)  cpd00001[c0] + (1)  cpd00067[c0] + (1)  cpd02120[c0]	(1)  Pyruvate [c0][c0] + (1)  L-Aspartate4-semialdehyde [c0][c0] => (2)  H2O [c0][c0] + (1)  H+ [c0][c0] + (1)  Dihydrodipicolinate [c0][c0]	rxn01644	DHDPS	R02292	Lysine biosynthesis	Amino-Acid-Biosynthesis|Biosynthesis|DAPLYSINESYN-PWY|IND-AMINO-ACID-SYN|LYSINE-SYN|P4-PWY|PWY0-781
rxn03891_c0	>	Cytosol	BHNFPM_02713_gene	R05612		-22.53		(1)  cpd00113[c0] + (1)  cpd00906[c0] => (1)  cpd00012[c0] + (1)  cpd00067[c0] + (1)  cpd02590[c0]	(1)  Isopentenyldiphosphate [c0][c0] + (1)  all-trans-Hexaprenyl diphosphate [c0][c0] => (1)  PPi [c0][c0] + (1)  H+ [c0][c0] + (1)  all-trans-Heptaprenyl diphosphate [c0][c0]	rxn03891	HEXTT	R05612		
rxn09341_c0	<	Cytosol	Unknown	UDP-N-acetyl-D-glucosamine pyrophosphohydrolase (periplasm)		-28.37		(1)  cpd00001[c0] + (1)  cpd00037[c0] <= (2)  cpd00067[c0] + (1)  cpd00091[c0] + (1)  cpd02611[c0]	(1)  H2O [c0][c0] + (1)  UDP-N-acetylglucosamine [c0][c0] <= (2)  H+ [c0][c0] + (1)  UMP [c0][c0] + (1)  N-Acetyl-D-glucosamine1-phosphate [c0][c0]	rxn09341	UACGAMPpp			
rxn00295_c0	>	Cytosol	BHNFPM_03865_gene	UDP-N-acetyl-D-glucosamine 4-epimerase	5.1.3.7	0		(1)  cpd00037[c0] => (1)  cpd00175[c0]	(1)  UDP-N-acetylglucosamine [c0][c0] => (1)  UDP-N-acetyl-D-galactosamine [c0][c0]	rxn00295	UAG4E	R00418	Amino sugar and nucleotide sugar metabolism	Biosynthesis|Cell-Structure-Biosynthesis|Polyamine-Biosynthesis|UDP-Nac-Galactosamine-Biosynthesis
rxn09696_c0	>	Cytosol	Unknown	S-adenosylmethionine permease SAM3		0		(1)  cpd00017[e0] + (1)  cpd00067[e0] => (1)  cpd00017[c0] + (1)  cpd00067[c0]	(1)  S-Adenosyl-L-methionine [e0][e0] + (1)  H+ [e0][e0] => (1)  S-Adenosyl-L-methionine [c0][c0] + (1)  H+ [c0][c0]	rxn09696	AMETt2			
rxn01220_c0	>	Cytosol	Unknown	ATP:deoxycitidine 5'-phosphotransferase		-14.03		(1)  cpd00002[c0] + (1)  cpd00654[c0] => (1)  cpd00008[c0] + (1)  cpd00067[c0] + (1)  cpd00206[c0]	(1)  ATP [c0][c0] + (1)  Deoxycytidine [c0][c0] => (1)  ADP [c0][c0] + (1)  H+ [c0][c0] + (1)  dCMP [c0][c0]	rxn01220	ADADir	R01666	Pyrimidine metabolism	
rxn02284_c0	<	Cytosol	BHNFPM_03822_gene	UDP-N-acetylmuramate:NADP+ oxidoreductase		15.33		(1)  cpd00003[c0] + (1)  cpd00773[c0] <= (1)  cpd00004[c0] + (1)  cpd00067[c0] + (1)  cpd02820[c0]	(1)  NAD [c0][c0] + (1)  UDP-MurNAc [c0][c0] <= (1)  NADH [c0][c0] + (1)  H+ [c0][c0] + (1)  UDP-N-acetylglucosamine enolpyruvate [c0][c0]	rxn02284		R03191	Amino sugar and nucleotide sugar metabolism|Peptidoglycan biosynthesis	
rxn00392_c0	>	Cytosol	Unknown	ATP:riboflavin 5'-phosphotransferase		-14.03		(1)  cpd00002[c0] + (1)  cpd00220[c0] => (1)  cpd00008[c0] + (1)  cpd00050[c0] + (1)  cpd00067[c0]	(1)  ATP [c0][c0] + (1)  Riboflavin [c0][c0] => (1)  ADP [c0][c0] + (1)  FMN [c0][c0] + (1)  H+ [c0][c0]	rxn00392	FMN1_1	R00549	Riboflavin metabolism	Biosynthesis|Cobalamin-Biosynthesis|Cofactor-Biosynthesis|Flavin-Biosynthesis|PWY66-366|RIBOSYN2-PWY|Vitamin-Biosynthesis
rxn00747_c0	>	Cytosol	BHNFPM_03657_gene	D-glyceraldehyde-3-phosphate aldose-ketose-isomerase		-1.46		(1)  cpd00102[c0] => (1)  cpd00095[c0]	(1)  Glyceraldehyde3-phosphate [c0][c0] => (1)  Glycerone-phosphate [c0][c0]	rxn00747	TPI	R01015	Glycolysis / Gluconeogenesis|Fructose and mannose metabolism|Inositol phosphate metabolism|Carbon fixation in photosynthetic organisms	ANAEROFRUCAT-PWY|ANAGLYCOLYSIS-PWY|Autotrophic-CO2-Fixation|Biosynthesis|C1-COMPOUNDS|CALVIN-PWY|CARBO-BIOSYNTHESIS|CARBOXYLATES-DEG|CO2-Fixation|Carbohydrates-Biosynthesis|Carbohydrates-Degradation|Degradation|Energy-Metabolism|Fermentation|Formaldehyde-Assimilation|GLYCOLYSIS|GLYCOLYSIS-E-D|GLYCOLYSIS-TCA-GLYOX-BYPASS|GLYCOLYSIS-VARIANTS|Gluconeogenesis|P185-PWY|P341-PWY|P441-PWY|P461-PWY|PHOTOALL-PWY|PWY66-373|Photosynthesis|SECONDARY-METABOLITE-DEGRADATION|SUCROSE-DEG|SUGAR-ALCOHOLS-DEG|Sugar-Derivatives|Sugars-And-Polysaccharides|TCA-VARIANTS
rxn00830_c0	>	Cytosol	BHNFPM_02728_gene	Isopentenyl-diphosphate delta3-delta2-isomerase		0.66		(1)  cpd00113[c0] => (1)  cpd00202[c0]	(1)  Isopentenyldiphosphate [c0][c0] => (1)  DMAPP [c0][c0]	rxn00830	IDI1	R01123	Terpenoid backbone biosynthesis	All-Trans-Farnesyl-PP-Biosynthesis|Biosynthesis|Cell-Structure-Biosynthesis|Cell-Wall-Biosynthesis|Cofactor-Biosynthesis|DITERPENOID-SYN|ERGOSTEROL-SYN-PWY|Energy-Metabolism|GGPP-Biosynthesis|ISOPRENOIDS|Lipid-Biosynthesis|NONMEVIPP-PWY|Other-biosynthesis|POLYISOPRENSYN-PWY|PWY66-5|Polyprenyl-Biosynthesis|SECONDARY-METABOLITE-BIOSYNTHESIS|Sterol-Biosynthesis|Terpenoid-Biosynthesis
rxn00029_c0	>	Cytosol	BHNFPM_03131_gene	5-aminolevulinate hydro-lyase (adding 5-aminolevulinate and cyclizing; porphobilinogen-forming)	4.2.1.24	-15.3		(2)  cpd00338[c0] => (2)  cpd00001[c0] + (1)  cpd00067[c0] + (1)  cpd00689[c0]	(2)  5-Aminolevulinate [c0][c0] => (2)  H2O [c0][c0] + (1)  H+ [c0][c0] + (1)  Porphobilinogen [c0][c0]	rxn00029	HEM2	R00036	Porphyrin and chlorophyll metabolism	Biosynthesis|Chlorophyll-Biosynthesis|Chlorophyll-a-Biosynthesis|Cofactor-Biosynthesis|HEME-SYN|Porphyrin-Compounds-Biosynthesis|Tetrapyrrole-Biosynthesis
rxn12646_c0	>	Cytosol	Unknown	RXN0-6983.c		-0.46		(1)  cpd00001[c0] + (1)  cpd11580[c0] => (1)  cpd00033[c0] + (1)  cpd00053[c0]	(1)  H2O [c0][c0] + (1)  Gly-Gln [c0][c0] => (1)  Glycine [c0][c0] + (1)  L-Glutamine [c0][c0]	rxn12646	MEAMP1(gly-gln)			
rxn05317_c0	>	Cytosol	Unknown	Transport of deoxyadenosine, extracellular		0		(1)  cpd00067[e0] + (1)  cpd00438[e0] => (1)  cpd00067[c0] + (1)  cpd00438[c0]	(1)  H+ [e0][e0] + (1)  Deoxyadenosine [e0][e0] => (1)  H+ [c0][c0] + (1)  Deoxyadenosine [c0][c0]	rxn05317	DADNt2			
rxn10291_c0	>	Cytosol	Unknown	stearoyl-lipoteichoic acid synthesis (n=24), linked, unsubstituted		-108		(24)  cpd00402[c0] + (1)  cpd15730[c0] => (24)  cpd00046[c0] + (24)  cpd00067[c0] + (1)  cpd15748[c0]	(24)  CDPglycerol [c0][c0] + (1)  Diglucosyl-1,2 distearoylglycerol [c0][c0] => (24)  CMP [c0][c0] + (24)  H+ [c0][c0] + (1)  Stearoyllipoteichoic acid (n=24) , linked, unsubstituted [c0][c0]	rxn10291				
rxn02774_c0	>	Cytosol	Unknown	S-Adenosyl-L-methionine:uroporphyrin-III C-methyltransferase	1.3.1.76			(1)  cpd00003[c0] + (1)  cpd01620[c0] => (1)  cpd00004[c0] + (2)  cpd00067[c0] + (1)  cpd03426[c0]	(1)  NAD [c0][c0] + (1)  Precorrin 2 [c0][c0] => (1)  NADH [c0][c0] + (2)  H+ [c0][c0] + (1)  Sirohydrochlorin [c0][c0]	rxn02774	SHCHD2	R03947	Porphyrin and chlorophyll metabolism	Biosynthesis|Cofactor-Biosynthesis|Porphyrin-Compounds-Biosynthesis
rxn10057_c0	<	Cytosol	BHNFPM_00464_gene	NAD kinase (dATP)		-4.5		(1)  cpd00003[c0] + (1)  cpd00115[c0] <= (1)  cpd00006[c0] + (1)  cpd00067[c0] + (1)  cpd00177[c0]	(1)  NAD [c0][c0] + (1)  dATP [c0][c0] <= (1)  NADP [c0][c0] + (1)  H+ [c0][c0] + (1)  dADP [c0][c0]	rxn10057				
rxn03536_c0	>	Cytosol	Unknown	R05221		-14.03		(1)  cpd00002[c0] + (1)  cpd03918[c0] => (1)  cpd00008[c0] + (1)  cpd00067[c0] + (1)  cpd03919[c0]	(1)  ATP [c0][c0] + (1)  Adenosyl cobinamide [c0][c0] => (1)  ADP [c0][c0] + (1)  H+ [c0][c0] + (1)  Adenosyl cobinamide phosphate [c0][c0]	rxn03536	ADCOBAK	R05221	Porphyrin and chlorophyll metabolism	Adenosylcobalamin-Biosynthesis|Biosynthesis|COBALSYN-PWY|Cobalamin-Biosynthesis|Cofactor-Biosynthesis|Vitamin-Biosynthesis
rxn01454_c0	<	Cytosol	Unknown	acetyl-CoA:acetoacetyl-CoA C-acetyltransferase (thioester-hydrolysing, carboxymethyl-forming)	2.3.3.10|4.1.3.5	6.47		(1)  cpd00010[c0] + (1)  cpd00067[c0] + (1)  cpd00292[c0] <= (1)  cpd00001[c0] + (1)  cpd00022[c0] + (1)  cpd00279[c0]	(1)  CoA [c0][c0] + (1)  H+ [c0][c0] + (1)  HMG-CoA [c0][c0] <= (1)  H2O [c0][c0] + (1)  Acetyl-CoA [c0][c0] + (1)  Acetoacetyl-CoA [c0][c0]	rxn01454	HMGCOAS	R01978	Synthesis and degradation of ketone bodies|Valine, leucine and isoleucine degradation|Butanoate metabolism|Terpenoid backbone biosynthesis	Biosynthesis|Cofactor-Biosynthesis|DITERPENOID-SYN|ERGOSTEROL-SYN-PWY|Energy-Metabolism|GGPP-Biosynthesis|ISOPRENOIDS|Lipid-Biosynthesis|OTHER-ENERGY|PWY66-367|PWY66-5|Polyprenyl-Biosynthesis|SECONDARY-METABOLITE-BIOSYNTHESIS|Sterol-Biosynthesis|Terpenoid-Biosynthesis
rxn05150_c0	>	Cytosol	Unknown	zinc transport via ABC system	TC-3.A.1.15	-6.82		(1)  cpd00001[c0] + (1)  cpd00002[c0] + (1)  cpd00034[e0] => (1)  cpd00008[c0] + (1)  cpd00009[c0] + (1)  cpd00034[c0] + (1)  cpd00067[c0]	(1)  H2O [c0][c0] + (1)  ATP [c0][c0] + (1)  Zn2+ [e0][e0] => (1)  ADP [c0][c0] + (1)  Phosphate [c0][c0] + (1)  Zn2+ [c0][c0] + (1)  H+ [c0][c0]	rxn05150	ZN2abc2			
rxn09562_c0	>	Cytosol	Unknown	Guanylate kinase		9.53		(1)  cpd00067[c0] + (1)  cpd00115[c0] + (1)  cpd00126[c0] => (1)  cpd00031[c0] + (1)  cpd00177[c0]	(1)  H+ [c0][c0] + (1)  dATP [c0][c0] + (1)  GMP [c0][c0] => (1)  GDP [c0][c0] + (1)  dADP [c0][c0]	rxn09562	GK2			
rxn00555_c0	>	Cytosol	BHNFPM_00219_gene	L-glutamine:D-fructose-6-phosphate isomerase (deaminating)		-6.3		(1)  cpd00053[c0] + (1)  cpd00072[c0] => (1)  cpd00023[c0] + (1)  cpd00288[c0]	(1)  L-Glutamine [c0][c0] + (1)  D-fructose-6-phosphate [c0][c0] => (1)  L-Glutamate [c0][c0] + (1)  D-Glucosamine phosphate [c0][c0]	rxn00555	GF6PTA	R00768	Alanine, aspartate and glutamate metabolism|Amino sugar and nucleotide sugar metabolism	
rxn05010_c0	<	Cytosol	Unknown	S-adenosyl-L-methionine:sarcosine N-methyltransferase		-13.11		(1)  cpd00017[c0] + (1)  cpd00183[c0] <= (1)  cpd00019[c0] + (1)  cpd00067[c0] + (1)  cpd00756[c0]	(1)  S-Adenosyl-L-methionine [c0][c0] + (1)  Sarcosine [c0][c0] <= (1)  S-Adenosyl-homocysteine [c0][c0] + (1)  H+ [c0][c0] + (1)  Dimethylglycine [c0][c0]	rxn05010		R07243		Betaine-Biosynthesis|Biosynthesis|P541-PWY|Polyamine-Biosynthesis
rxn12648_c0	>	Cytosol	Unknown	TRANS-RXNAVI-26378.ce.brachyexp.DGTP_DGTP		0		(1)  cpd00241[e0] => (1)  cpd00241[c0]	(1)  dGTP [e0][e0] => (1)  dGTP [c0][c0]	rxn12648				
rxn01505_c0	>	Cytosol	Unknown	N-Acetyl-D-glucosamine 1-phosphate 1,6-phosphomutase		0		(1)  cpd00293[c0] => (1)  cpd02611[c0]	(1)  N-Acetyl-D-glucosamine 6-phosphate [c0][c0] => (1)  N-Acetyl-D-glucosamine1-phosphate [c0][c0]	rxn01505		R08193	Amino sugar and nucleotide sugar metabolism	Biosynthesis|Carbohydrates-Biosynthesis|Carbohydrates-Degradation|Cell-Structure-Biosynthesis|Chitin-Degradation|Degradation|POLYSACCHARIDES-DEG|Polyamine-Biosynthesis|Polymer-Degradation|Polysaccharides-Biosynthesis|UDP-NAc-Glucosamine-Biosynthesis|UDP-Nac-Galactosamine-Biosynthesis|UDPNACETYLGALSYN-PWY
rxn00777_c0	<	Cytosol	BHNFPM_04143_gene	D-ribose-5-phosphate aldose-ketose-isomerase		0.62		(1)  cpd00101[c0] <= (1)  cpd00171[c0]	(1)  ribose-5-phosphate [c0][c0] <= (1)  D-Ribulose5-phosphate [c0][c0]	rxn00777		R01056	Pentose phosphate pathway|Carbon fixation in photosynthetic organisms	Autotrophic-CO2-Fixation|Biosynthesis|C1-COMPOUNDS|CALVIN-PWY|CARBO-BIOSYNTHESIS|CO2-Fixation|Carbohydrates-Biosynthesis|Carbohydrates-Degradation|Degradation|Energy-Metabolism|Fermentation|Formaldehyde-Assimilation|NONOXIPENT-PWY|P124-PWY|P185-PWY|PENTOSE-P-PWY|PHOTOALL-PWY|Pentose-Phosphate-Cycle|Photosynthesis|Sugars-And-Polysaccharides|Xylose-Degradation
rxn05205_c0	>	Cytosol	Unknown	Transport of deoxycytidine, extracellular		0		(1)  cpd00067[e0] + (1)  cpd00654[e0] => (1)  cpd00067[c0] + (1)  cpd00654[c0]	(1)  H+ [e0][e0] + (1)  Deoxycytidine [e0][e0] => (1)  H+ [c0][c0] + (1)  Deoxycytidine [c0][c0]	rxn05205	DCYTt2			
rxn05655_c0	>	Cytosol	Unknown	sucrose transport via PEP:Pyr PTS		-9.11		(1)  cpd00061[c0] + (1)  cpd00076[e0] => (1)  cpd00020[c0] + (1)  cpd01693[c0]	(1)  Phosphoenolpyruvate [c0][c0] + (1)  Sucrose [e0][e0] => (1)  Pyruvate [c0][c0] + (1)  6-Phosphosucrose [c0][c0]	rxn05655	SUCpts			
rxn00620_c0	<	Cytosol	Unknown	CDPglycerol phosphoglycerohydrolase	3.6.1.16	-28.37		(1)  cpd00001[c0] + (1)  cpd00402[c0] <= (1)  cpd00046[c0] + (2)  cpd00067[c0] + (1)  cpd00080[c0]	(1)  H2O [c0][c0] + (1)  CDPglycerol [c0][c0] <= (1)  CMP [c0][c0] + (2)  H+ [c0][c0] + (1)  Glycerol-3-phosphate [c0][c0]	rxn00620		R00855	Glycerophospholipid metabolism	
rxn00237_c0	>	Cytosol	BHNFPM_02712_gene	ATP:GDP phosphotransferase		0		(1)  cpd00002[c0] + (1)  cpd00031[c0] => (1)  cpd00008[c0] + (1)  cpd00038[c0]	(1)  ATP [c0][c0] + (1)  GDP [c0][c0] => (1)  ADP [c0][c0] + (1)  GTP [c0][c0]	rxn00237	NDPK1	R00330	Purine metabolism	Biosynthesis|DENOVOPURINE2-PWY|Metabolic-Regulators|Nucleotide-Biosynthesis|PPGPPMET-PWY|PRPP-PWY|PUR-NUC-SYN|Purine-Nucleotide-De-Novo-Biosynthesis
rxn08311_c0	>	Cytosol	Unknown	CDP-diacylglycerol synthetase (n-C18:0)		-360.2		(1)  cpd00052[c0] + (1)  cpd15526[c0] => (1)  cpd00012[c0] + (1)  cpd00067[c0] + (1)  cpd15421[c0]	(1)  CTP [c0][c0] + (1)  1,2-dioctadecanoyl-sn-glycerol 3-phosphate [c0][c0] => (1)  PPi [c0][c0] + (1)  H+ [c0][c0] + (1)  CDP-1,2-dioctadecanoylglycerol [c0][c0]	rxn08311	DASYN180			
rxn09210_c0	>	Cytosol	BHNFPM_02207_gene	Phosphatidylserine syntase (n-C18:0)		390.83		(1)  cpd00054[c0] + (1)  cpd15421[c0] => (1)  cpd00046[c0] + (2)  cpd00067[c0] + (1)  cpd15557[c0]	(1)  L-Serine [c0][c0] + (1)  CDP-1,2-dioctadecanoylglycerol [c0][c0] => (1)  CMP [c0][c0] + (2)  H+ [c0][c0] + (1)  phosphatidylserine dioctadecanoyl [c0][c0]	rxn09210	PSSA180			
rxn01484_c0	<	Cytosol	BHNFPM_03400_gene	N-Acetyl-D-glucosamine-6-phosphate amidohydrolase		-2		(1)  cpd00001[c0] + (1)  cpd00293[c0] <= (1)  cpd00029[c0] + (1)  cpd00288[c0]	(1)  H2O [c0][c0] + (1)  N-Acetyl-D-glucosamine 6-phosphate [c0][c0] <= (1)  Acetate [c0][c0] + (1)  D-Glucosamine phosphate [c0][c0]	rxn01484	AGDC	R02059	Amino sugar and nucleotide sugar metabolism	AMINE-DEG|CARBOXYLATES-DEG|Carbohydrates-Degradation|Chitin-Degradation|Degradation|GLCMANNANAUT-PWY|GLUAMCAT-PWY|N-Acetylglucosamine-Degradation|P441-PWY|POLYSACCHARIDES-DEG|Polymer-Degradation|SECONDARY-METABOLITE-DEGRADATION|Sugar-Derivatives
rxn01953_c0	>	Cytosol	BHNFPM_02121_gene	N-acetyl-D-mannosamine N-acetylmannosaminohydrolase		4.81		(1)  cpd00014[c0] + (1)  cpd00492[c0] => (1)  cpd00001[c0] + (1)  cpd00861[c0]	(1)  UDP [c0][c0] + (1)  N-Acetyl-D-mannosamine [c0][c0] => (1)  H2O [c0][c0] + (1)  UDP-N-acetyl-D-mannosamine [c0][c0]	rxn01953		R02707	Amino sugar and nucleotide sugar metabolism	
rxn00285_c0	>	Cytosol	Unknown	Succinate:CoA ligase (ADP-forming)		-1.06		(1)  cpd00002[c0] + (1)  cpd00010[c0] + (1)  cpd00036[c0] => (1)  cpd00008[c0] + (1)  cpd00009[c0] + (1)  cpd00078[c0]	(1)  ATP [c0][c0] + (1)  CoA [c0][c0] + (1)  Succinate [c0][c0] => (1)  ADP [c0][c0] + (1)  Phosphate [c0][c0] + (1)  Succinyl-CoA [c0][c0]	rxn00285	SUCOAS	R00405	Citrate cycle (TCA cycle)|Propanoate metabolism|Carbon fixation pathways in prokaryotes	Autotrophic-CO2-Fixation|Biosynthesis|C1-COMPOUNDS|CO2-Fixation|Degradation|Energy-Metabolism|Fermentation|GLYCOLYSIS-TCA-GLYOX-BYPASS|GLYCOLYSIS-VARIANTS|P23-PWY|P42-PWY|Pyruvate-Degradation|Reductive-TCA-Cycles|TCA|TCA-GLYOX-BYPASS|TCA-VARIANTS
rxn09686_c0	>	Cytosol	Unknown	TRANS-RXNAVI-26378.ce.brachyexp.TTP_TTP		0		(1)  cpd00357[e0] => (1)  cpd00357[c0]	(1)  TTP [e0][e0] => (1)  TTP [c0][c0]	rxn09686	DTTPt			
rxn00856_c0	>	Cytosol	Unknown	putrescine:2-oxoglutarate aminotransferase		-1		(1)  cpd00024[c0] + (1)  cpd00118[c0] => (1)  cpd00023[c0] + (1)  cpd00434[c0]	(1)  2-Oxoglutarate [c0][c0] + (1)  Putrescine [c0][c0] => (1)  L-Glutamate [c0][c0] + (1)  4-Aminobutanal [c0][c0]	rxn00856	PTRCTA	R01155	Arginine and proline metabolism	AMINE-DEG|ARGDEG-PWY|ARGININE-DEG|Amino-Acid-Degradation|Degradation|ORNARGDEG-PWY|ORNDEG-PWY|PUTDEG-PWY|Putrescine-Degradation
rxn01204_c0	>	Cytosol	Unknown	4-aminobutanoate:2-oxoglutarate aminotransferase		-1		(1)  cpd00024[c0] + (1)  cpd00281[c0] => (1)  cpd00023[c0] + (1)  cpd00199[c0]	(1)  2-Oxoglutarate [c0][c0] + (1)  GABA [c0][c0] => (1)  L-Glutamate [c0][c0] + (1)  4-Oxobutanoate [c0][c0]	rxn01204	ABTA	R01648	Alanine, aspartate and glutamate metabolism|Butanoate metabolism	4-Aminobutyraye-Degradation|4AMINOBUTMETAB-PWY|AMINE-DEG|ARGDEG-PWY|ARGININE-DEG|Amino-Acid-Degradation|Degradation|GLUDEG-I-PWY|GLUTAMATE-DEG|Nicotine-Degradation|ORNARGDEG-PWY|Other-Degradation|P181-PWY|PWY3O-210
rxn05303_c0	>	Cytosol	Unknown	TRANS-RXNBWI-115637.ce.maizeexp.ARG_ARG		0		(1)  cpd00051[e0] + (1)  cpd00067[e0] => (1)  cpd00051[c0] + (1)  cpd00067[c0]	(1)  L-Arginine [e0][e0] + (1)  H+ [e0][e0] => (1)  L-Arginine [c0][c0] + (1)  H+ [c0][c0]	rxn05303	ALP1			
rxn05307_c0	>	Cytosol	Unknown	TRANS-RXNBWI-115637.ce.maizeexp.SER_SER	2.A.42|TC-2.A.42	0		(1)  cpd00054[e0] + (1)  cpd00067[e0] => (1)  cpd00054[c0] + (1)  cpd00067[c0]	(1)  L-Serine [e0][e0] + (1)  H+ [e0][e0] => (1)  L-Serine [c0][c0] + (1)  H+ [c0][c0]	rxn05307	AGP1_12			
rxn03397_c0	>	Cytosol	Unknown	UDP-L-rhamnose:flavonol-3-O-D-glucoside L-rhamnosyltransferase		-19.42		(1)  cpd00017[c0] + (1)  cpd03447[c0] => (1)  cpd00019[c0] + (1)  cpd00067[c0] + (1)  cpd03448[c0]	(1)  S-Adenosyl-L-methionine [c0][c0] + (1)  2-Octaprenyl-6-methoxy-1,4-benzoquinone [c0][c0] => (1)  S-Adenosyl-homocysteine [c0][c0] + (1)  H+ [c0][c0] + (1)  2-Octaprenyl-3-methyl-6-methoxy-1,4-benzoquinone [c0][c0]	rxn03397	URFGTT	R04990	Ubiquinone and other terpenoid-quinone biosynthesis	
rxn10663_c0	<	Cytosol	Unknown	Fatty acid oxidation (n-C16:1)		-59.64		(7)  cpd00001[c0] + (1)  cpd00002[c0] + (7)  cpd00003[c0] + (8)  cpd00010[c0] + (6)  cpd00015[c0] + (1)  cpd15237[c0] <= (7)  cpd00004[c0] + (1)  cpd00012[c0] + (1)  cpd00018[c0] + (8)  cpd00022[c0] + (2)  cpd00067[c0] + (6)  cpd00982[c0]	(7)  H2O [c0][c0] + (1)  ATP [c0][c0] + (7)  NAD [c0][c0] + (8)  CoA [c0][c0] + (6)  FAD [c0][c0] + (1)  hexadecenoate [c0][c0] <= (7)  NADH [c0][c0] + (1)  PPi [c0][c0] + (1)  AMP [c0][c0] + (8)  Acetyl-CoA [c0][c0] + (2)  H+ [c0][c0] + (6)  FADH2 [c0][c0]	rxn10663	FAO11			
rxn01972_c0	>	Cytosol	Unknown	N6-Acetyl-LL-2,6-diaminoheptanedioate amidohydrolase	3.5.1.47	-2		(1)  cpd00001[c0] + (1)  cpd02685[c0] => (1)  cpd00029[c0] + (1)  cpd00504[c0]	(1)  H2O [c0][c0] + (1)  N-acetyl-LL-2,6-diaminopimelate [c0][c0] => (1)  Acetate [c0][c0] + (1)  LL-2,6-Diaminopimelate [c0][c0]	rxn01972	ADPDA	R02733	Lysine biosynthesis	Amino-Acid-Biosynthesis|Biosynthesis|IND-AMINO-ACID-SYN|LYSINE-SYN
rxn00786_c0	>	Cytosol	BHNFPM_04177_gene	D-fructose-1,6-bisphosphate D-glyceraldehyde-3-phosphate-lyase (glycerone-phosphate-forming)		4.31		(1)  cpd00290[c0] => (1)  cpd00095[c0] + (1)  cpd00102[c0]	(1)  D-fructose-1,6-bisphosphate [c0][c0] => (1)  Glycerone-phosphate [c0][c0] + (1)  Glyceraldehyde3-phosphate [c0][c0]	rxn00786	FBA	R01068	Methane metabolism|Carbon fixation in photosynthetic organisms	
rxn10195_c0	>	Cytosol	Unknown	Teichoic acid (glucose substituted) export		-4.5		(1)  cpd15662[c0] + (1)  cpd15666[c0] => (1)  cpd00067[c0] + (1)  cpd00286[c0] + (1)  cpd15669[c0]	(1)  Prenol-45n teichoic acid-glucose substituted [c0][c0] + (1)  Peptidoglycan polymer (n-1 subunits)  [c0][c0] => (1)  H+ [c0][c0] + (1)  Undecaprenylphosphate [c0][c0] + (1)  glycerol teichoic acid (n=45) , linked, glucose substituted [c0][c0]	rxn10195				
rxn00102_c0	<	Cytosol	Unknown	carbonate hydro-lyase (carbon-dioxide-forming)		0.84		(1)  cpd00067[c0] + (1)  cpd00242[c0] <= (1)  cpd00001[c0] + (1)  cpd00011[c0]	(1)  H+ [c0][c0] + (1)  H2CO3 [c0][c0] <= (1)  H2O [c0][c0] + (1)  CO2 [c0][c0]	rxn00102	H2CO3D	R00132	Nitrogen metabolism	Biosynthesis|C1-COMPOUNDS|CARBO-BIOSYNTHESIS|CO2-Fixation|CYANCAT-PWY|Carbohydrates-Biosynthesis|Degradation|Detoxification|Gluconeogenesis|NITROGEN-DEG|Noncarbon-Nutrients|PWYQT-4429
rxn01352_c0	<	Cytosol	Unknown	dGTP triphosphohydrolase				(1)  cpd00001[c0] + (1)  cpd00241[c0] <= (1)  cpd00277[c0] + (1)  cpd00421[c0]	(1)  H2O [c0][c0] + (1)  dGTP [c0][c0] <= (1)  Deoxyguanosine [c0][c0] + (1)  Triphosphate [c0][c0]	rxn01352	DGTPH	R01856	Purine metabolism	
rxn00553_c0	<	Cytosol	Unknown	UDP-glucose:D-fructose-6-phosphate 2-alpha-D-glucosyltransferase		-1.7		(1)  cpd00026[c0] + (1)  cpd00072[c0] <= (1)  cpd00014[c0] + (1)  cpd01693[c0]	(1)  UDP-glucose [c0][c0] + (1)  D-fructose-6-phosphate [c0][c0] <= (1)  UDP [c0][c0] + (1)  6-Phosphosucrose [c0][c0]	rxn00553		R00766	Starch and sucrose metabolism	
rxn05485_c0	>	Cytosol	Unknown	N-Acetyl-D-glucosamine transport via PEP:Pyr PTS		-9.11		(1)  cpd00061[c0] + (1)  cpd00122[e0] => (1)  cpd00020[c0] + (1)  cpd00293[c0]	(1)  Phosphoenolpyruvate [c0][c0] + (1)  N-Acetyl-D-glucosamine [e0][e0] => (1)  Pyruvate [c0][c0] + (1)  N-Acetyl-D-glucosamine 6-phosphate [c0][c0]	rxn05485	ACGApts			
rxn12224_c0	>	Cytosol	Unknown	2-octaprenyl-6-methoxyphenol hydroxylase		-80.8267		(1)  cpd00007[c0] + (1)  cpd03446[c0] => (1)  cpd00001[c0] + (1)  cpd03447[c0]	(1)  O2 [c0][c0] + (1)  2-Octaprenyl-6-methoxyphenol [c0][c0] => (1)  H2O [c0][c0] + (1)  2-Octaprenyl-6-methoxy-1,4-benzoquinone [c0][c0]	rxn12224				
rxn00252_c0	>	Cytosol	Unknown	diphosphate:oxaloacetate carboxy-lyase (transphosphorylating;phosphoenolpyruvate-forming)		1.14		(1)  cpd00012[c0] + (1)  cpd00032[c0] => (1)  cpd00009[c0] + (1)  cpd00011[c0] + (1)  cpd00061[c0]	(1)  PPi [c0][c0] + (1)  Oxaloacetate [c0][c0] => (1)  Phosphate [c0][c0] + (1)  CO2 [c0][c0] + (1)  Phosphoenolpyruvate [c0][c0]	rxn00252		R00346	Pyruvate metabolism	
rxn05151_c0	>	Cytosol	Unknown	ATP phosphohydrolase (polar-amino-acid-importing)		-6.82		(1)  cpd00001[c0] + (1)  cpd00002[c0] + (1)  cpd00039[e0] => (1)  cpd00008[c0] + (1)  cpd00009[c0] + (1)  cpd00039[c0] + (1)  cpd00067[c0]	(1)  H2O [c0][c0] + (1)  ATP [c0][c0] + (1)  L-Lysine [e0][e0] => (1)  ADP [c0][c0] + (1)  Phosphate [c0][c0] + (1)  L-Lysine [c0][c0] + (1)  H+ [c0][c0]	rxn05151	LYSabc			
rxn03537_c0	>	Cytosol	Unknown	R05222	2.7.7.62			(1)  cpd00038[c0] + (1)  cpd03919[c0] => (1)  cpd00012[c0] + (1)  cpd00067[c0] + (1)  cpd03920[c0]	(1)  GTP [c0][c0] + (1)  Adenosyl cobinamide phosphate [c0][c0] => (1)  PPi [c0][c0] + (1)  H+ [c0][c0] + (1)  Adenosylcobinamide-GDP [c0][c0]	rxn03537	ACBIPGT	R05222	Porphyrin and chlorophyll metabolism	Adenosylcobalamin-Biosynthesis|Biosynthesis|COBALSYN-PWY|Cobalamin-Biosynthesis|Cofactor-Biosynthesis|P381-PWY|Vitamin-Biosynthesis
rxn10282_c0	>	Cytosol	Unknown	stearoyl-UDP-glucosyltransferase (monoglucosyl)		-1.7		(1)  cpd00026[c0] + (1)  cpd15311[c0] => (1)  cpd00014[c0] + (1)  cpd15739[c0]	(1)  UDP-glucose [c0][c0] + (1)  1,2-Diacyl-sn-glycerol dioctadecanoyl [c0][c0] => (1)  UDP [c0][c0] + (1)  Monoglucosyl-1,2 distearoylglycerol [c0][c0]	rxn10282				
rxn01548_c0	>	Cytosol	BHNFPM_02781_gene	guanosine:phosphate alpha-D-ribosyltransferase		-7.95		(1)  cpd00009[c0] + (1)  cpd00311[c0] => (1)  cpd00207[c0] + (1)  cpd00475[c0]	(1)  Phosphate [c0][c0] + (1)  Guanosine [c0][c0] => (1)  Guanine [c0][c0] + (1)  Ribose 1-phosphate [c0][c0]	rxn01548	PNP1_8	R02147	Purine metabolism	Biosynthesis|Degradation|Guanine-Guanosine-Salvage|Guanosine-Nucleotides-Degradation|Metabolic-Clusters|NUCLEO-DEG|Nucleotide-Biosynthesis|P1-PWY|PUR-NUC-SYN|PWY0-1296|PYR-NUC-SYN|Purine-Degradation|Purine-Nucleotides-Salvage
rxn05547_c0	>	Cytosol	Unknown	oligopeptide-transporting ATPase		-6.82		(1)  cpd00001[c0] + (1)  cpd00002[c0] + (1)  cpd11580[e0] => (1)  cpd00008[c0] + (1)  cpd00009[c0] + (1)  cpd00067[c0] + (1)  cpd11580[c0]	(1)  H2O [c0][c0] + (1)  ATP [c0][c0] + (1)  Gly-Gln [e0][e0] => (1)  ADP [c0][c0] + (1)  Phosphate [c0][c0] + (1)  H+ [c0][c0] + (1)  Gly-Gln [c0][c0]	rxn05547	DIPEPabc9			
rxn09106_c0	>	Cytosol	Unknown	phosphatidylglycerol phosphate phosphatase (periplasm, n-C18:0)		-214.82		(1)  cpd00001[c0] + (1)  cpd15547[c0] => (1)  cpd00009[c0] + (1)  cpd00067[c0] + (1)  cpd15540[c0]	(1)  H2O [c0][c0] + (1)  Phosphatidylglycerophosphate dioctadecanoyl [c0][c0] => (1)  Phosphate [c0][c0] + (1)  H+ [c0][c0] + (1)  Phosphatidylglycerol dioctadecanoyl [c0][c0]	rxn09106	PGPP180pp			
rxn05508_c0	>	Cytosol	Unknown	TRANS-RXNBWI-115637.ce.maizeexp.ASN_ASN		0		(1)  cpd00067[e0] + (1)  cpd00132[e0] => (1)  cpd00067[c0] + (1)  cpd00132[c0]	(1)  H+ [e0][e0] + (1)  L-Asparagine [e0][e0] => (1)  H+ [c0][c0] + (1)  L-Asparagine [c0][c0]	rxn05508	AGP1_3			
rxn05645_c0	>	Cytosol	Unknown	riboflavin transport in via proton symport		0		(1)  cpd00067[e0] + (1)  cpd00220[e0] => (1)  cpd00067[c0] + (1)  cpd00220[c0]	(1)  H+ [e0][e0] + (1)  Riboflavin [e0][e0] => (1)  H+ [c0][c0] + (1)  Riboflavin [c0][c0]	rxn05645	RIBFLVt2			
rxn02028_c0	>	Cytosol	BHNFPM_01330_gene	Trimethylaminoacetate:L-homosysteine S-methyltransferase	2.1.1.5	-36.39		(1)  cpd00135[c0] + (1)  cpd00540[c0] => (1)  cpd00060[c0] + (1)  cpd00756[c0]	(1)  Homocysteine [c0][c0] + (1)  BET [c0][c0] => (1)  L-Methionine [c0][c0] + (1)  Dimethylglycine [c0][c0]	rxn02028	BHMT	R02821	Glycine, serine and threonine metabolism|Cysteine and methionine metabolism	ADENOSYLHOMOCYSCAT-PWY|AMINE-DEG|Amino-Acid-Biosynthesis|Amino-Acid-Degradation|Biosynthesis|Degradation|IND-AMINO-ACID-SYN|METHIONINE-DEG|METHIONINE-SYN
rxn00829_c0	>	Cytosol	Unknown	ATP:(R)-5-diphosphomevalonate carboxy-lyase (adding ATP; isopentenyl-diphosphate-forming)		-7.8		(1)  cpd00002[c0] + (1)  cpd00841[c0] => (1)  cpd00008[c0] + (1)  cpd00009[c0] + (1)  cpd00011[c0] + (1)  cpd00113[c0]	(1)  ATP [c0][c0] + (1)  5-diphosphomevalonate [c0][c0] => (1)  ADP [c0][c0] + (1)  Phosphate [c0][c0] + (1)  CO2 [c0][c0] + (1)  Isopentenyldiphosphate [c0][c0]	rxn00829	DPMVD	R01121	Terpenoid backbone biosynthesis	Biosynthesis|Cofactor-Biosynthesis|DITERPENOID-SYN|ERGOSTEROL-SYN-PWY|GGPP-Biosynthesis|ISOPRENOIDS|Lipid-Biosynthesis|PWY66-5|Polyprenyl-Biosynthesis|SECONDARY-METABOLITE-BIOSYNTHESIS|Sterol-Biosynthesis|Terpenoid-Biosynthesis
rxn09113_c0	>	Cytosol	BHNFPM_02101_gene	Phosphatidylglycerol synthase (n-C18:0)		614.42		(1)  cpd00080[c0] + (1)  cpd15421[c0] => (1)  cpd00046[c0] + (1)  cpd15547[c0]	(1)  Glycerol-3-phosphate [c0][c0] + (1)  CDP-1,2-dioctadecanoylglycerol [c0][c0] => (1)  CMP [c0][c0] + (1)  Phosphatidylglycerophosphate dioctadecanoyl [c0][c0]	rxn09113	PGSA180			
rxn10626_c0	>	Cytosol	Unknown	2-succinyl-6-hydroxy-2,4-cyclohexadiene-1-carboxylate synthase		-25.41		(1)  cpd00199[c0] + (1)  cpd00658[c0] => (1)  cpd00020[c0] + (1)  cpd03451[c0]	(1)  4-Oxobutanoate [c0][c0] + (1)  Isochorismate [c0][c0] => (1)  Pyruvate [c0][c0] + (1)  SHCHC [c0][c0]	rxn10626	SHCHCS			
rxn01607_c0	>	Cytosol	Unknown	ATP:(R)-mevalonate 5-phosphotransferase		-14.03		(1)  cpd00002[c0] + (1)  cpd00332[c0] => (1)  cpd00008[c0] + (1)  cpd00067[c0] + (1)  cpd00812[c0]	(1)  ATP [c0][c0] + (1)  Mevalonic acid [c0][c0] => (1)  ADP [c0][c0] + (1)  H+ [c0][c0] + (1)  5-phosphomevalonate [c0][c0]	rxn01607	ERG12_1	R02245	Terpenoid backbone biosynthesis	Biosynthesis|Cofactor-Biosynthesis|DITERPENOID-SYN|ERGOSTEROL-SYN-PWY|GGPP-Biosynthesis|ISOPRENOIDS|Lipid-Biosynthesis|PWY66-5|Polyprenyl-Biosynthesis|SECONDARY-METABOLITE-BIOSYNTHESIS|Sterol-Biosynthesis|Terpenoid-Biosynthesis
rxn00941_c0	>	Cytosol	Unknown	nicotinamide-D-ribonucleotide:diphosphate phospho-alpha-D-ribosyltransferase	2.4.2.12	9.6		(1)  cpd00012[c0] + (1)  cpd00355[c0] => (1)  cpd00103[c0] + (1)  cpd00133[c0]	(1)  PPi [c0][c0] + (1)  Nicotinamide ribonucleotide [c0][c0] => (1)  PRPP [c0][c0] + (1)  Nicotinamide [c0][c0]	rxn00941		R01271	Nicotinate and nicotinamide metabolism	Biosynthesis|Cofactor-Biosynthesis|NAD-BIOSYNTHESIS-III|NAD-Metabolism|NAD-SYN
rxn05148_c0	>	Cytosol	Unknown	Heme transport via ABC system		-6.82		(1)  cpd00001[c0] + (1)  cpd00002[c0] + (1)  cpd00028[e0] => (1)  cpd00008[c0] + (1)  cpd00009[c0] + (1)  cpd00028[c0] + (1)  cpd00067[c0]	(1)  H2O [c0][c0] + (1)  ATP [c0][c0] + (1)  Heme [e0][e0] => (1)  ADP [c0][c0] + (1)  Phosphate [c0][c0] + (1)  Heme [c0][c0] + (1)  H+ [c0][c0]	rxn05148	HEMEti			
rxn00297_c0	<	Cytosol	BHNFPM_02121_gene	UDP-N-acetyl-D-glucosamine 2-epimerase		0		(1)  cpd00037[c0] <= (1)  cpd00861[c0]	(1)  UDP-N-acetylglucosamine [c0][c0] <= (1)  UDP-N-acetyl-D-mannosamine [c0][c0]	rxn00297	UAG2E	R00420	Amino sugar and nucleotide sugar metabolism	Biosynthesis|Cell-Structure-Biosynthesis|ECASYN-PWY|TEICHOICACID-PWY
rxn00137_c0	>	Cytosol	Unknown	Adenosine 3',5'-bisphosphate 3'-phosphohydrolase		7.21		(1)  cpd00001[c0] + (1)  cpd00045[c0] => (1)  cpd00009[c0] + (1)  cpd00018[c0]	(1)  H2O [c0][c0] + (1)  Adenosine 3-5-bisphosphate [c0][c0] => (1)  Phosphate [c0][c0] + (1)  AMP [c0][c0]	rxn00137	BPNT	R00188		
rxn06023_c0	>	Cytosol	Unknown	CoA:apo-[acyl-carrier-protein] pantetheinephosphotransferase				(1)  cpd00010[c0] + (1)  cpd12370[c0] => (1)  cpd00045[c0] + (1)  cpd11493[c0]	(1)  CoA [c0][c0] + (1)  apo-ACP [c0][c0] => (1)  Adenosine 3-5-bisphosphate [c0][c0] + (1)  ACP [c0][c0]	rxn06023		R01625	Pantothenate and CoA biosynthesis	Biosynthesis|Cofactor-Biosynthesis
rxn11337_c0	>	Cytosol	Unknown	rxn11337		0		(1)  cpd00067[e0] + (1)  cpd01400[e0] => (1)  cpd00066[c0] + (1)  cpd00067[c0]	(1)  H+ [e0][e0] + (1)  Phenylalanine [e0][e0] => (1)  L-Phenylalanine [c0][c0] + (1)  H+ [c0][c0]	rxn11337				
rxn00611_c0	<	Cytosol	BHNFPM_02722_gene	sn-Glycerol-3-phosphate:NAD+ 2-oxidoreductase	1.1.1.8	3.76		(1)  cpd00003[c0] + (1)  cpd00080[c0] <= (1)  cpd00004[c0] + (1)  cpd00067[c0] + (1)  cpd00095[c0]	(1)  NAD [c0][c0] + (1)  Glycerol-3-phosphate [c0][c0] <= (1)  NADH [c0][c0] + (1)  H+ [c0][c0] + (1)  Glycerone-phosphate [c0][c0]	rxn00611	G3PD1	R00842	Glycerophospholipid metabolism	Biosynthesis|CDP-diacylglycerol-Biosynthesis|Energy-Metabolism|Lipid-Biosynthesis|OTHER-ENERGY|PHOSLIPSYN-PWY|PHOSLIPSYN2-PWY|PWY0-1319|PWY4FS-7|PWY4FS-8|PhosphatidylglycerolBiosynthesis|Phospholipid-Biosynthesis
rxn10193_c0	>	Cytosol	Unknown	Poly(glycerol-phosphate) alpha-glucosyltransferase		-76.5		(45)  cpd00026[c0] + (1)  cpd15661[c0] => (45)  cpd00014[c0] + (1)  cpd15662[c0]	(45)  UDP-glucose [c0][c0] + (1)  Prenol-45n teichoic acid [c0][c0] => (45)  UDP [c0][c0] + (1)  Prenol-45n teichoic acid-glucose substituted [c0][c0]	rxn10193				
rxn00690_c0	>	Cytosol	BHNFPM_02635_gene	Formate:tetrahydrofolate ligase (ADP-forming)		13.43		(1)  cpd00002[c0] + (1)  cpd00047[c0] + (1)  cpd00087[c0] => (1)  cpd00008[c0] + (1)  cpd00009[c0] + (1)  cpd00201[c0]	(1)  ATP [c0][c0] + (1)  Formate [c0][c0] + (1)  Tetrahydrofolate [c0][c0] => (1)  ADP [c0][c0] + (1)  Phosphate [c0][c0] + (1)  10-Formyltetrahydrofolate [c0][c0]	rxn00690	ADE3_2	R00943	One carbon pool by folate|Carbon fixation pathways in prokaryotes	1CMET2-PWY|Autotrophic-CO2-Fixation|Biosynthesis|C1-COMPOUNDS|CARBO-BIOSYNTHESIS|CO2-Fixation|CODH-PWY|Carbohydrates-Biosynthesis|Cofactor-Biosynthesis|Degradation|Folate-Biosynthesis|Formaldehyde-Oxidation|Gluconeogenesis|NUCLEO-DEG|P164-PWY|Purine-Degradation|Vitamin-Biosynthesis
rxn00069_c0	<	Cytosol	Unknown	L-glutamate:NAD+ oxidoreductase (transaminating)	1.4.1.14	13.41		(1)  cpd00003[c0] + (2)  cpd00023[c0] <= (1)  cpd00004[c0] + (1)  cpd00024[c0] + (1)  cpd00053[c0] + (1)  cpd00067[c0]	(1)  NAD [c0][c0] + (2)  L-Glutamate [c0][c0] <= (1)  NADH [c0][c0] + (1)  2-Oxoglutarate [c0][c0] + (1)  L-Glutamine [c0][c0] + (1)  H+ [c0][c0]	rxn00069	GLT1	R00093	Alanine, aspartate and glutamate metabolism|Nitrogen metabolism	Amino-Acid-Biosynthesis|Ammonia-Assimilation|Biosynthesis|Degradation|GLUGLNSYN-PWY|GLUTAMATE-SYN|GLUTAMINE-SYN|IND-AMINO-ACID-SYN|Metabolic-Clusters|NITROGEN-DEG|Noncarbon-Nutrients
rxn13838_c0	<	Cytosol	Unknown	Hexadecanoyl-[acyl-carrier protein]:malonyl-CoA  C-acyltransferase		18.1		(1)  cpd00003[c0] + (1)  cpd15277[c0] <= (1)  cpd00004[c0] + (1)  cpd00067[c0] + (1)  cpd15239[c0]	(1)  NAD [c0][c0] + (1)  Palmitoyl-ACP [c0][c0] <= (1)  NADH [c0][c0] + (1)  H+ [c0][c0] + (1)  Hexadecenoyl-ACP [c0][c0]	rxn13838				
rxn14120_c0	<	Cytosol	Unknown	5,6,7,8-tetrahydrofolate:NAD+ oxidoreductase	 1.5.1.3	-2.35		(2)  cpd00003[c0] + (1)  cpd00087[c0] <= (2)  cpd00004[c0] + (2)  cpd00067[c0] + (1)  cpd00393[c0]	(2)  NAD [c0][c0] + (1)  Tetrahydrofolate [c0][c0] <= (2)  NADH [c0][c0] + (2)  H+ [c0][c0] + (1)  Folate [c0][c0]	rxn14120		R00937	One carbon pool by folate|Folate biosynthesis	
rxn09358_c0	>	Cytosol	Unknown	UDP-N-acetylmuramate:L-alanyl-gamma-D-glutamyl-meso-diaminopimelate ligase		-307.78		(1)  cpd00002[c0] + (1)  cpd00773[c0] + (1)  cpd15386[c0] => (1)  cpd00008[c0] + (1)  cpd00009[c0] + (1)  cpd00067[c0] + (1)  cpd02964[c0]	(1)  ATP [c0][c0] + (1)  UDP-MurNAc [c0][c0] + (1)  L-alanine-D-glutamate-meso-2,6-diaminoheptanedioate [c0][c0] => (1)  ADP [c0][c0] + (1)  Phosphate [c0][c0] + (1)  H+ [c0][c0] + (1)  UDP-N-acetylmuramoyl-L-alanyl-D-gamma-glutamyl-meso-2-6-diaminopimelate [c0][c0]	rxn09358	UM3PL			
rxn04139_c0	>	Cytosol	Unknown	2-Octaprenyl-3-methyl-6-methoxy-1,4-benzoquinone ,NADPH2:oxygen oxidoreductase		-94.61		(1)  cpd00005[c0] + (1)  cpd00007[c0] + (1)  cpd00067[c0] + (1)  cpd03448[c0] => (1)  cpd00001[c0] + (1)  cpd00006[c0] + (1)  cpd03449[c0]	(1)  NADPH [c0][c0] + (1)  O2 [c0][c0] + (1)  H+ [c0][c0] + (1)  2-Octaprenyl-3-methyl-6-methoxy-1,4-benzoquinone [c0][c0] => (1)  H2O [c0][c0] + (1)  NADP [c0][c0] + (1)  2-Octaprenyl-3-methyl-5-hydroxy-6-methoxy-1,4-benzoquinone [c0][c0]	rxn04139		R06146	Ubiquinone and other terpenoid-quinone biosynthesis	
rxn05299_c0	>	Cytosol	Unknown	TRANS-RXNBWI-115637.ce.maizeexp.HIS_HIS		0		(1)  cpd00067[e0] + (1)  cpd00119[e0] => (1)  cpd00067[c0] + (1)  cpd00119[c0]	(1)  H+ [e0][e0] + (1)  L-Histidine [e0][e0] => (1)  H+ [c0][c0] + (1)  L-Histidine [c0][c0]	rxn05299	AGP1_5			
rxn01500_c0	<	Cytosol	Unknown	(R)-Mevalonate:NAD+ oxidoreductase (CoA-acetylating)		1.17		(2)  cpd00003[c0] + (1)  cpd00010[c0] + (1)  cpd00332[c0] <= (2)  cpd00004[c0] + (2)  cpd00067[c0] + (1)  cpd00292[c0]	(2)  NAD [c0][c0] + (1)  CoA [c0][c0] + (1)  Mevalonic acid [c0][c0] <= (2)  NADH [c0][c0] + (2)  H+ [c0][c0] + (1)  HMG-CoA [c0][c0]	rxn01500		R02081	Terpenoid backbone biosynthesis	CARBOXYLATES-DEG|Degradation
rxn05005_c0	>	Cytosol	Unknown	S-adenosyl-L-methionine:uroporphyrinogen-III C-methyltransferase				(1)  cpd00017[c0] + (1)  cpd00774[c0] => (1)  cpd00019[c0] + (1)  cpd00067[c0] + (1)  cpd11206[c0]	(1)  S-Adenosyl-L-methionine [c0][c0] + (1)  UroporphyrinogenIII [c0][c0] => (1)  S-Adenosyl-homocysteine [c0][c0] + (1)  H+ [c0][c0] + (1)  Precorrin 1 [c0][c0]	rxn05005		R07237		Adenosylcobalamin-Biosynthesis|Biosynthesis|Cobalamin-Biosynthesis|Cofactor-Biosynthesis|P381-PWY|Porphyrin-Compounds-Biosynthesis|Vitamin-Biosynthesis
rxn00283_c0	>	Cytosol	BHNFPM_00336_gene	alanine racemase		0		(1)  cpd00035[c0] => (1)  cpd00117[c0]	(1)  L-Alanine [c0][c0] => (1)  D-Alanine [c0][c0]	rxn00283	ALAR	R00401	D-Alanine metabolism	ALADEG-PWY|ALANINE-DEG|ALANINE-SYN|ALANINE-VALINESYN-PWY|Amino-Acid-Biosynthesis|Amino-Acid-Degradation|Biosynthesis|Degradation|IND-AMINO-ACID-SYN|PWY0-1061
rxn09702_c0	>	Cytosol	Unknown	GABA-specific permease		0		(1)  cpd00067[e0] + (1)  cpd00338[e0] => (1)  cpd00067[c0] + (1)  cpd00338[c0]	(1)  H+ [e0][e0] + (1)  5-Aminolevulinate [e0][e0] => (1)  H+ [c0][c0] + (1)  5-Aminolevulinate [c0][c0]	rxn09702	5AOPt2			
rxn00914_c0	>	Cytosol	Unknown	ATP:guanosine 5'-phosphotransferase		-14.03		(1)  cpd00002[c0] + (1)  cpd00311[c0] => (1)  cpd00008[c0] + (1)  cpd00067[c0] + (1)  cpd00126[c0]	(1)  ATP [c0][c0] + (1)  Guanosine [c0][c0] => (1)  ADP [c0][c0] + (1)  H+ [c0][c0] + (1)  GMP [c0][c0]	rxn00914	GSNK	R01228	Purine metabolism	Biosynthesis|Guanine-Guanosine-Salvage|Nucleotide-Biosynthesis|PUR-NUC-SYN|Purine-Nucleotides-Salvage
rxn09045_c0	>	Cytosol	Unknown	2-Octaprenylphenol hydroxylase (anaerobic)		-0.69		(3)  cpd00001[c0] + (2)  cpd00002[c0] + (1)  cpd00003[c0] + (1)  cpd03444[c0] => (1)  cpd00004[c0] + (2)  cpd00008[c0] + (2)  cpd00009[c0] + (3)  cpd00067[c0] + (1)  cpd03445[c0]	(3)  H2O [c0][c0] + (2)  ATP [c0][c0] + (1)  NAD [c0][c0] + (1)  2-Octaprenylphenol [c0][c0] => (1)  NADH [c0][c0] + (2)  ADP [c0][c0] + (2)  Phosphate [c0][c0] + (3)  H+ [c0][c0] + (1)  2-Octaprenyl-6-hydroxyphenol [c0][c0]	rxn09045	OPHHX3			
rxn00278_c0	<	Cytosol	BHNFPM_01373_gene	L-Alanine:NAD+ oxidoreductase (deaminating)		8.69		(1)  cpd00001[c0] + (1)  cpd00003[c0] + (1)  cpd00035[c0] <= (1)  cpd00004[c0] + (1)  cpd00013[c0] + (1)  cpd00020[c0] + (1)  cpd00067[c0]	(1)  H2O [c0][c0] + (1)  NAD [c0][c0] + (1)  L-Alanine [c0][c0] <= (1)  NADH [c0][c0] + (1)  NH3 [c0][c0] + (1)  Pyruvate [c0][c0] + (1)  H+ [c0][c0]	rxn00278		R00396	Alanine, aspartate and glutamate metabolism|Taurine and hypotaurine metabolism	ALANINE-DEG|Amino-Acid-Degradation|Degradation|PWY1-2
rxn03893_c0	>	Cytosol	Unknown	all-trans-octaprenyl-diphosphate:4-hydroxybenzoate 3-octaprenyltransferase		-26.44		(1)  cpd00136[c0] + (1)  cpd02557[c0] => (1)  cpd00012[c0] + (1)  cpd00067[c0] + (1)  cpd03443[c0]	(1)  4-Hydroxybenzoate [c0][c0] + (1)  Farnesylfarnesylgeraniol [c0][c0] => (1)  PPi [c0][c0] + (1)  H+ [c0][c0] + (1)  3-Octaprenyl-4-hydroxybenzoate [c0][c0]	rxn03893	HBZOPT	R05615	Ubiquinone and other terpenoid-quinone biosynthesis	
rxn00270_c0	<	Cytosol	Unknown	S-Adenosyl-L-methionine:glycine N-methyltransferase	2.1.1.20	-10.46		(1)  cpd00017[c0] + (1)  cpd00033[c0] <= (1)  cpd00019[c0] + (1)  cpd00067[c0] + (1)  cpd00183[c0]	(1)  S-Adenosyl-L-methionine [c0][c0] + (1)  Glycine [c0][c0] <= (1)  S-Adenosyl-homocysteine [c0][c0] + (1)  H+ [c0][c0] + (1)  Sarcosine [c0][c0]	rxn00270		R00367	Glycine, serine and threonine metabolism	Betaine-Biosynthesis|Biosynthesis|P541-PWY|Polyamine-Biosynthesis
rxn09428_c0	>	Cytosol	Unknown	fatty-acyl-ACP synthase (n-C18:0ACP), mitochondrial				(2)  cpd00005[c0] + (2)  cpd00067[c0] + (1)  cpd11492[c0] + (1)  cpd15277[c0] => (1)  cpd00001[c0] + (2)  cpd00006[c0] + (1)  cpd00011[c0] + (1)  cpd11493[c0] + (1)  cpd15268[c0]	(2)  NADPH [c0][c0] + (2)  H+ [c0][c0] + (1)  Malonyl-acyl-carrierprotein- [c0][c0] + (1)  Palmitoyl-ACP [c0][c0] => (1)  H2O [c0][c0] + (2)  NADP [c0][c0] + (1)  CO2 [c0][c0] + (1)  ACP [c0][c0] + (1)  Octadecanoyl-ACP [c0][c0]	rxn09428	FAS180ACPm			
rxn03150_c0	>	Cytosol	Unknown	R04594		7.21		(1)  cpd00001[c0] + (1)  cpd02904[c0] => (1)  cpd00009[c0] + (1)  cpd03423[c0]	(1)  H2O [c0][c0] + (1)  alpha-Ribazole 5'-phosphate [c0][c0] => (1)  Phosphate [c0][c0] + (1)  alpha-Ribazole [c0][c0]	rxn03150	RBZP	R04594	Porphyrin and chlorophyll metabolism	Adenosylcobalamin-Biosynthesis|Biosynthesis|Cobalamin-Biosynthesis|Cofactor-Biosynthesis|P381-PWY|Vitamin-Biosynthesis
rxn01646_c0	<	Cytosol	BHNFPM_02781_gene	N-Ribosylnicotinamide:orthophosphate ribosyltransferase		-10.89		(1)  cpd00009[c0] + (1)  cpd02016[c0] <= (1)  cpd00067[c0] + (1)  cpd00133[c0] + (1)  cpd00475[c0]	(1)  Phosphate [c0][c0] + (1)  N-Ribosylnicotinamide [c0][c0] <= (1)  H+ [c0][c0] + (1)  Nicotinamide [c0][c0] + (1)  Ribose 1-phosphate [c0][c0]	rxn01646	PNP	R02294	Nicotinate and nicotinamide metabolism	
rxn05519_c0	>	Cytosol	Unknown	chorismate transport in/out via proton symport		0		(1)  cpd00067[e0] + (1)  cpd00216[e0] => (1)  cpd00067[c0] + (1)  cpd00216[c0]	(1)  H+ [e0][e0] + (1)  Chorismate [e0][e0] => (1)  H+ [c0][c0] + (1)  Chorismate [c0][c0]	rxn05519				
rxn01302_c0	>	Cytosol	Unknown	L-homoserine:NADP+ oxidoreductase		5.22		(1)  cpd00006[c0] + (1)  cpd00227[c0] => (1)  cpd00005[c0] + (1)  cpd00067[c0] + (1)  cpd00346[c0]	(1)  NADP [c0][c0] + (1)  L-Homoserine [c0][c0] => (1)  NADPH [c0][c0] + (1)  H+ [c0][c0] + (1)  L-Aspartate4-semialdehyde [c0][c0]	rxn01302	HOM6_2	R01775	Glycine, serine and threonine metabolism|Cysteine and methionine metabolism|Lysine biosynthesis	Amino-Acid-Biosynthesis|Biosynthesis|HOMOSERSYN-PWY|IND-AMINO-ACID-SYN|ISOLEUCINE-SYN|MET-SAM-PWY|METHIONINE-SYN|METSYN-PWY|Other-Amino-Acid-Biosynthesis|P4-PWY|PWY0-781|THREONINE-BIOSYNTHESIS|THRESYN-PWY
rxn05029_c0	>	Cytosol	Unknown	ATP:cobinamide Cobeta-adenosyltransferase				(1)  cpd00002[c0] + (1)  cpd00067[c0] + (1)  cpd03422[c0] => (1)  cpd00421[c0] + (1)  cpd03918[c0]	(1)  ATP [c0][c0] + (1)  H+ [c0][c0] + (1)  Cobinamide [c0][c0] => (1)  Triphosphate [c0][c0] + (1)  Adenosyl cobinamide [c0][c0]	rxn05029	CBIAT	R07268	Porphyrin and chlorophyll metabolism	Adenosylcobalamin-Biosynthesis|Biosynthesis|COBALSYN-PWY|Cobalamin-Biosynthesis|Cofactor-Biosynthesis|Vitamin-Biosynthesis
rxn05663_c0	>	Cytosol	Unknown	TRANS-RXNBWI-115637.ce.maizeexp.TRP_TRP		0		(1)  cpd00065[e0] + (1)  cpd00067[e0] => (1)  cpd00065[c0] + (1)  cpd00067[c0]	(1)  L-Tryptophan [e0][e0] + (1)  H+ [e0][e0] => (1)  L-Tryptophan [c0][c0] + (1)  H+ [c0][c0]	rxn05663	BAP2_6			
rxn13360_c0	<	Cytosol	Unknown	NADP transporter		0		(1)  cpd00006[c0] <= (1)  cpd00006[e0]	(1)  NADP [c0][c0] <= (1)  NADP [e0][e0]	rxn13360	NADPt			
rxn10194_c0	>	Cytosol	Unknown	Teichoic acid (unsubstituted) export		-4.5		(1)  cpd15661[c0] + (1)  cpd15666[c0] => (1)  cpd00067[c0] + (1)  cpd00286[c0] + (1)  cpd15667[c0]	(1)  Prenol-45n teichoic acid [c0][c0] + (1)  Peptidoglycan polymer (n-1 subunits)  [c0][c0] => (1)  H+ [c0][c0] + (1)  Undecaprenylphosphate [c0][c0] + (1)  glycerol teichoic acid (n=45) , linked, unsubstituted [c0][c0]	rxn10194				
rxn03538_c0	>	Cytosol	Unknown	R05223		14.03		(1)  cpd03423[c0] + (1)  cpd03920[c0] => (1)  cpd00067[c0] + (1)  cpd00126[c0] + (1)  cpd00166[c0]	(1)  alpha-Ribazole [c0][c0] + (1)  Adenosylcobinamide-GDP [c0][c0] => (1)  H+ [c0][c0] + (1)  GMP [c0][c0] + (1)  Calomide [c0][c0]	rxn03538	ADOCBLS	R05223	Porphyrin and chlorophyll metabolism	Adenosylcobalamin-Biosynthesis|Biosynthesis|Cobalamin-Biosynthesis|Cofactor-Biosynthesis|P381-PWY|Vitamin-Biosynthesis
rxn01213_c0	>	Cytosol	Unknown	GPPSYN-RXN		195		(1)  cpd00113[c0] + (1)  cpd00202[c0] => (1)  cpd00012[c0] + (1)  cpd00067[c0] + (1)  cpd00283[c0]	(1)  Isopentenyldiphosphate [c0][c0] + (1)  DMAPP [c0][c0] => (1)  PPi [c0][c0] + (1)  H+ [c0][c0] + (1)  Geranyldiphosphate [c0][c0]	rxn01213	DMATT	R01658	Terpenoid backbone biosynthesis	All-Trans-Farnesyl-PP-Biosynthesis|Biosynthesis|Cell-Structure-Biosynthesis|Cell-Wall-Biosynthesis|Cofactor-Biosynthesis|DITERPENOID-SYN|ERGOSTEROL-SYN-PWY|Energy-Metabolism|GGPP-Biosynthesis|Lipid-Biosynthesis|POLYISOPRENSYN-PWY|PWY66-5|Polyprenyl-Biosynthesis|SECONDARY-METABOLITE-BIOSYNTHESIS|Sterol-Biosynthesis|Terpenoid-Biosynthesis
rxn05011_c0	<	Cytosol	Unknown	S-adenosyl-L-methionine:N,N-dimethylglycine N-methyltransferase	2.1.1.161	23.24		(1)  cpd00017[c0] + (1)  cpd00756[c0] <= (1)  cpd00019[c0] + (1)  cpd00067[c0] + (1)  cpd00540[c0]	(1)  S-Adenosyl-L-methionine [c0][c0] + (1)  Dimethylglycine [c0][c0] <= (1)  S-Adenosyl-homocysteine [c0][c0] + (1)  H+ [c0][c0] + (1)  BET [c0][c0]	rxn05011		R07244		Betaine-Biosynthesis|Biosynthesis|P541-PWY|Polyamine-Biosynthesis
rxn05579_c0	>	Cytosol	Unknown	Glycine betaine transport via proton symport, reversible		0		(1)  cpd00067[e0] + (1)  cpd00540[e0] => (1)  cpd00067[c0] + (1)  cpd00540[c0]	(1)  H+ [e0][e0] + (1)  BET [e0][e0] => (1)  H+ [c0][c0] + (1)  BET [c0][c0]	rxn05579	GLYBt2r			
rxn00260_c0	<	Cytosol	Unknown	L-Aspartate:2-oxoglutarate aminotransferase		0		(1)  cpd00024[c0] + (1)  cpd00041[c0] <= (1)  cpd00023[c0] + (1)  cpd00032[c0]	(1)  2-Oxoglutarate [c0][c0] + (1)  L-Aspartate [c0][c0] <= (1)  L-Glutamate [c0][c0] + (1)  Oxaloacetate [c0][c0]	rxn00260	AAT2_1	R00355	Alanine, aspartate and glutamate metabolism|Carbon fixation in photosynthetic organisms	ASPARTATE-DEG|ASPARTATE-DEG1-PWY|ASPARTATE-SYN|ASPARTATESYN-PWY|ASPASN-PWY|Amino-Acid-Biosynthesis|Amino-Acid-Degradation|Biosynthesis|Degradation|Energy-Metabolism|GLUTAMATE-DEG|GLUTDEG-PWY|IND-AMINO-ACID-SYN|ISOLEUCINE-SYN|MALATE-ASPARTATE-SHUTTLE-PWY|METHIONINE-SYN|Metabolic-Clusters|P4-PWY|PWY0-781|TCA-VARIANTS|THREONINE-BIOSYNTHESIS|THRESYN-PWY
rxn05204_c0	>	Cytosol	Unknown	TRANS-RXNBWI-115572.ce.maizeexp.GUANOSINE_GUANOSINE		0		(1)  cpd00067[e0] + (1)  cpd00311[e0] => (1)  cpd00067[c0] + (1)  cpd00311[c0]	(1)  H+ [e0][e0] + (1)  Guanosine [e0][e0] => (1)  H+ [c0][c0] + (1)  Guanosine [c0][c0]	rxn05204	GSNt2			
rxn00461_c0	>	Cytosol	BHNFPM_04125_gene	Phosphoenolpyruvate:UDP-N-acetyl-D-glucosamine 1-carboxyvinyl-transferase	2.5.1.7	10.33		(1)  cpd00037[c0] + (1)  cpd00061[c0] => (1)  cpd00009[c0] + (1)  cpd02820[c0]	(1)  UDP-N-acetylglucosamine [c0][c0] + (1)  Phosphoenolpyruvate [c0][c0] => (1)  Phosphate [c0][c0] + (1)  UDP-N-acetylglucosamine enolpyruvate [c0][c0]	rxn00461	UAGCVT	R00660	Amino sugar and nucleotide sugar metabolism|Peptidoglycan biosynthesis	Acetylmuramoyl-Pentapeptide-Biosynthesis|Antibiotic-Resistance|Biosynthesis|Cell-Structure-Biosynthesis|Cell-Wall-Biosynthesis|Detoxification|PEPTIDOGLYCANSYN-PWY|Peptidoglycan-Biosynthesis
rxn00502_c0	>	Cytosol	Unknown	3-Oxopropanoate:NADP+ oxidoreductase (decarboxylating, CoA-acetylating)		-8.95		(1)  cpd00006[c0] + (1)  cpd00010[c0] + (1)  cpd00191[c0] => (1)  cpd00005[c0] + (1)  cpd00011[c0] + (1)  cpd00022[c0]	(1)  NADP [c0][c0] + (1)  CoA [c0][c0] + (1)  3-Oxopropanoate [c0][c0] => (1)  NADPH [c0][c0] + (1)  CO2 [c0][c0] + (1)  Acetyl-CoA [c0][c0]	rxn00502		R00706	beta-Alanine metabolism|Inositol phosphate metabolism|Propanoate metabolism	CARBOXYLATES-DEG|Degradation
rxn05287_c0	>	Cytosol	Unknown	geranylgeranyl-diphosphate:isopentenyl-diphosphate transtransferase		-22.53		(1)  cpd00113[c0] + (1)  cpd00289[c0] => (1)  cpd00012[c0] + (1)  cpd00067[c0] + (1)  cpd02591[c0]	(1)  Isopentenyldiphosphate [c0][c0] + (1)  Geranylgeranyl diphosphate [c0][c0] => (1)  PPi [c0][c0] + (1)  H+ [c0][c0] + (1)  pendp [c0][c0]	rxn05287	GGTT	R07475		
rxn08088_c0	>	Cytosol	Unknown	1-octadecanoyl-sn-glycerol 3-phosphate O-acyltransferase (n-C18:0)		357.66		(2)  cpd00067[c0] + (1)  cpd15268[c0] + (1)  cpd15329[c0] => (1)  cpd11493[c0] + (1)  cpd15526[c0]	(2)  H+ [c0][c0] + (1)  Octadecanoyl-ACP [c0][c0] + (1)  1-octadecanoyl-sn-glycerol 3-phosphate [c0][c0] => (1)  ACP [c0][c0] + (1)  1,2-dioctadecanoyl-sn-glycerol 3-phosphate [c0][c0]	rxn08088	AGPAT180			
rxn00350_c0	>	Cytosol	Unknown	glutathione gamma-glutamylaminopeptidase		-0.46		(1)  cpd00001[c0] + (1)  cpd00042[c0] => (1)  cpd00023[c0] + (1)  cpd01017[c0]	(1)  H2O [c0][c0] + (1)  GSH [c0][c0] => (1)  L-Glutamate [c0][c0] + (1)  Cys-Gly [c0][c0]	rxn00350	GGTAe2	R00494	Glutathione metabolism	
rxn01115_c0	>	Cytosol	BHNFPM_01774_gene	6-phospho-D-gluconate:NADP+ 2-oxidoreductase (decarboxylating)		0.67		(1)  cpd00006[c0] + (1)  cpd00284[c0] => (1)  cpd00005[c0] + (1)  cpd00011[c0] + (1)  cpd00171[c0]	(1)  NADP [c0][c0] + (1)  6-Phospho-D-gluconate [c0][c0] => (1)  NADPH [c0][c0] + (1)  CO2 [c0][c0] + (1)  D-Ribulose5-phosphate [c0][c0]	rxn01115	GND	R01528	Pentose phosphate pathway|Glutathione metabolism	Carbohydrates-Degradation|Degradation|Energy-Metabolism|Fermentation|OXIDATIVEPENT-PWY|P122-PWY|PENTOSE-P-PWY|Pentose-Phosphate-Cycle|Sugars-And-Polysaccharides|Xylose-Degradation
rxn05684_c0	>	Cytosol	Unknown	TRANS-RXNBWI-115359.ce		0		(1)  cpd00067[e0] + (1)  cpd00227[e0] => (1)  cpd00067[c0] + (1)  cpd00227[c0]	(1)  H+ [e0][e0] + (1)  L-Homoserine [e0][e0] => (1)  H+ [c0][c0] + (1)  L-Homoserine [c0][c0]	rxn05684				
rxn01128_c0	<	Cytosol	BHNFPM_03035_gene	dATP:cytidine 5'-phosphotransferase		-14.03		(1)  cpd00115[c0] + (1)  cpd00367[c0] <= (1)  cpd00046[c0] + (1)  cpd00067[c0] + (1)  cpd00177[c0]	(1)  dATP [c0][c0] + (1)  Cytidine [c0][c0] <= (1)  CMP [c0][c0] + (1)  H+ [c0][c0] + (1)  dADP [c0][c0]	rxn01128		R01548	Pyrimidine metabolism	
rxn00121_c0	<	Cytosol	Unknown	FAD nucleotidohydrolase		-28.37		(1)  cpd00001[c0] + (1)  cpd00015[c0] <= (1)  cpd00018[c0] + (1)  cpd00050[c0] + (2)  cpd00067[c0]	(1)  H2O [c0][c0] + (1)  FAD [c0][c0] <= (1)  AMP [c0][c0] + (1)  FMN [c0][c0] + (2)  H+ [c0][c0]	rxn00121		R00160	Riboflavin metabolism	
rxn08040_c0	>	Cytosol	Unknown	UDP-N-acetyl-D-glucosamine:undecaprenyl-phosphate N-acetyl-D-glucosamine phosphotransferase		0		(1)  cpd00037[c0] + (1)  cpd00286[c0] => (1)  cpd00091[c0] + (1)  cpd00946[c0]	(1)  UDP-N-acetylglucosamine [c0][c0] + (1)  Undecaprenylphosphate [c0][c0] => (1)  UMP [c0][c0] + (1)  Undecaprenyl diphospho N-acetyl-glucosamine [c0][c0]	rxn08040	ACGAMT	R08856		Biosynthesis|Cell-Structure-Biosynthesis|ECASYN-PWY|TEICHOICACID-PWY
rxn05006_c0	>	Cytosol	Unknown	S-adenosyl-L-methionine:precorrin-1 C-methyltransferase				(1)  cpd00017[c0] + (1)  cpd11206[c0] => (1)  cpd00019[c0] + (1)  cpd01620[c0]	(1)  S-Adenosyl-L-methionine [c0][c0] + (1)  Precorrin 1 [c0][c0] => (1)  S-Adenosyl-homocysteine [c0][c0] + (1)  Precorrin 2 [c0][c0]	rxn05006		R07238		Adenosylcobalamin-Biosynthesis|Biosynthesis|Cobalamin-Biosynthesis|Cofactor-Biosynthesis|P381-PWY|Porphyrin-Compounds-Biosynthesis|Vitamin-Biosynthesis
rxn00533_c0	>	Cytosol	BHNFPM_02854_gene	Acetyl-CoA:carbon-dioxide ligase (ADP-forming)		-1.07		(1)  cpd00002[c0] + (1)  cpd00022[c0] + (1)  cpd00242[c0] => (1)  cpd00008[c0] + (1)  cpd00009[c0] + (1)  cpd00067[c0] + (1)  cpd00070[c0]	(1)  ATP [c0][c0] + (1)  Acetyl-CoA [c0][c0] + (1)  H2CO3 [c0][c0] => (1)  ADP [c0][c0] + (1)  Phosphate [c0][c0] + (1)  H+ [c0][c0] + (1)  Malonyl-CoA [c0][c0]	rxn00533	ACC1	R00742	Tetracycline biosynthesis|Pyruvate metabolism|Propanoate metabolism|Carbon fixation pathways in prokaryotes	Antibiotic-Biosynthesis|Autotrophic-CO2-Fixation|Biosynthesis|C1-COMPOUNDS|CO2-Fixation|Degradation|FASYN-INITIAL-PWY|Fatty-acid-biosynthesis|Lipid-Biosynthesis|Other-Degradation|PWY0-881|SECONDARY-METABOLITE-BIOSYNTHESIS
rxn09067_c0	>	Cytosol	Unknown	Phosphatidate phosphatase (periplasmic, n-C18:0)		-214.82		(1)  cpd00001[c0] + (1)  cpd15526[c0] => (1)  cpd00009[c0] + (1)  cpd00067[c0] + (1)  cpd15311[c0]	(1)  H2O [c0][c0] + (1)  1,2-dioctadecanoyl-sn-glycerol 3-phosphate [c0][c0] => (1)  Phosphate [c0][c0] + (1)  H+ [c0][c0] + (1)  1,2-Diacyl-sn-glycerol dioctadecanoyl [c0][c0]	rxn09067	PAPA180pp			
rxn03892_c0	>	Cytosol	Unknown	R05613		-22.53		(1)  cpd00113[c0] + (1)  cpd02591[c0] => (1)  cpd00012[c0] + (1)  cpd00067[c0] + (1)  cpd00906[c0]	(1)  Isopentenyldiphosphate [c0][c0] + (1)  pendp [c0][c0] => (1)  PPi [c0][c0] + (1)  H+ [c0][c0] + (1)  all-trans-Hexaprenyl diphosphate [c0][c0]	rxn03892	PPTT	R05613		
rxn00615_c0	>	Cytosol	BHNFPM_02324_gene	ATP:glycerol 3-phosphotransferase	2.7.1.30	-14.03		(1)  cpd00002[c0] + (1)  cpd00100[c0] => (1)  cpd00008[c0] + (1)  cpd00067[c0] + (1)  cpd00080[c0]	(1)  ATP [c0][c0] + (1)  Glycerol [c0][c0] => (1)  ADP [c0][c0] + (1)  H+ [c0][c0] + (1)  Glycerol-3-phosphate [c0][c0]	rxn00615	GLYK	R00847	Glycerolipid metabolism	Alcohol-Degradation|Degradation|Fatty-Acid-and-Lipid-Degradation|GLYCEROL-DEG|PWY0-381
rxn03393_c0	>	Cytosol	Unknown	3-octaprenyl-4-hydroxybenzoate carboxy-lyase		-0.1		(1)  cpd00067[c0] + (1)  cpd03443[c0] => (1)  cpd00011[c0] + (1)  cpd03444[c0]	(1)  H+ [c0][c0] + (1)  3-Octaprenyl-4-hydroxybenzoate [c0][c0] => (1)  CO2 [c0][c0] + (1)  2-Octaprenylphenol [c0][c0]	rxn03393	OPHBDC	R04986	Ubiquinone and other terpenoid-quinone biosynthesis	ALL-CHORISMATE-PWY|Biosynthesis|Cofactor-Biosynthesis|Quinone-Biosynthesis|UBISYN-PWY|Ubiquinone-Biosynthesis
rxn12647_c0	>	Cytosol	Unknown	TRANS-RXNAVI-26378.ce.brachyexp.DATP_DATP		0		(1)  cpd00115[e0] => (1)  cpd00115[c0]	(1)  dATP [e0][e0] => (1)  dATP [c0][c0]	rxn12647				
rxn10191_c0	>	Cytosol	Unknown	D-alanine-poly(phosphoribitol) ligase		-330.3		(45)  cpd00002[c0] + (45)  cpd00117[c0] + (1)  cpd15661[c0] => (45)  cpd00012[c0] + (45)  cpd00018[c0] + (90)  cpd00067[c0] + (1)  cpd15663[c0]	(45)  ATP [c0][c0] + (45)  D-Alanine [c0][c0] + (1)  Prenol-45n teichoic acid [c0][c0] => (45)  PPi [c0][c0] + (45)  AMP [c0][c0] + (90)  H+ [c0][c0] + (1)  Prenol-45n teichoic acid-alanine substituted [c0][c0]	rxn10191				
rxn01265_c0	<	Cytosol	BHNFPM_00405_gene	Nicotinate D-ribonucleotide:diphosphate phosphoribosyltransferase		9.6		(1)  cpd00012[c0] + (1)  cpd00873[c0] <= (1)  cpd00103[c0] + (1)  cpd00218[c0]	(1)  PPi [c0][c0] + (1)  Nicotinate ribonucleotide [c0][c0] <= (1)  PRPP [c0][c0] + (1)  Niacin [c0][c0]	rxn01265	NAPRT	R01724	Nicotinate and nicotinamide metabolism	Biosynthesis|Cofactor-Biosynthesis|NAD-Metabolism|NAD-SYN|PYRIDNUCSAL-PWY
rxn00362_c0	<	Cytosol	Unknown	Cytidine-5'-monophosphate phosphoribohydrolase		-0.73		(1)  cpd00001[c0] + (1)  cpd00046[c0] <= (1)  cpd00101[c0] + (1)  cpd00307[c0]	(1)  H2O [c0][c0] + (1)  CMP [c0][c0] <= (1)  ribose-5-phosphate [c0][c0] + (1)  Cytosine [c0][c0]	rxn00362		R00510	Pyrimidine metabolism	
rxn00599_c0	>	Cytosol	Unknown	succinyl-CoA:glycine C-succinyltransferase (decarboxylating)		2.16		(1)  cpd00033[c0] + (1)  cpd00067[c0] + (1)  cpd00078[c0] => (1)  cpd00010[c0] + (1)  cpd00011[c0] + (1)  cpd00338[c0]	(1)  Glycine [c0][c0] + (1)  H+ [c0][c0] + (1)  Succinyl-CoA [c0][c0] => (1)  CoA [c0][c0] + (1)  CO2 [c0][c0] + (1)  5-Aminolevulinate [c0][c0]	rxn00599		R00830	Glycine, serine and threonine metabolism|Porphyrin and chlorophyll metabolism	Biosynthesis|Chlorophyll-Biosynthesis|Chlorophyll-a-Biosynthesis|Cofactor-Biosynthesis|HEME-SYN|Porphyrin-Compounds-Biosynthesis|Tetrapyrrole-Biosynthesis
rxn01459_c0	>	Cytosol	Unknown	4-Aminobutyraldehyde:NAD+ oxidoreductase		-9.8		(1)  cpd00001[c0] + (1)  cpd00006[c0] + (1)  cpd00434[c0] => (1)  cpd00005[c0] + (2)  cpd00067[c0] + (1)  cpd00281[c0]	(1)  H2O [c0][c0] + (1)  NADP [c0][c0] + (1)  4-Aminobutanal [c0][c0] => (1)  NADPH [c0][c0] + (2)  H+ [c0][c0] + (1)  GABA [c0][c0]	rxn01459		R01986	Arginine and proline metabolism	
rxn01671_c0	>	Cytosol	BHNFPM_03992_gene	ATP:N-ribosylnicotinamide 5'-phosphotransferase		-14.03		(1)  cpd00002[c0] + (1)  cpd02016[c0] => (1)  cpd00008[c0] + (1)  cpd00067[c0] + (1)  cpd00355[c0]	(1)  ATP [c0][c0] + (1)  N-Ribosylnicotinamide [c0][c0] => (1)  ADP [c0][c0] + (1)  H+ [c0][c0] + (1)  Nicotinamide ribonucleotide [c0][c0]	rxn01671	RNMK	R02324	Nicotinate and nicotinamide metabolism	Biosynthesis|Cofactor-Biosynthesis|NAD-BIOSYNTHESIS-II|NAD-Metabolism|NAD-SYN|PWY3O-4106
rxn02322_c0	>	Cytosol	Unknown	ATP:(R)-5-phosphomevalonate phosphotransferase		9.53		(1)  cpd00002[c0] + (1)  cpd00067[c0] + (1)  cpd00812[c0] => (1)  cpd00008[c0] + (1)  cpd00841[c0]	(1)  ATP [c0][c0] + (1)  H+ [c0][c0] + (1)  5-phosphomevalonate [c0][c0] => (1)  ADP [c0][c0] + (1)  5-diphosphomevalonate [c0][c0]	rxn02322	ERG8	R03245	Terpenoid backbone biosynthesis	Biosynthesis|Cofactor-Biosynthesis|DITERPENOID-SYN|ERGOSTEROL-SYN-PWY|GGPP-Biosynthesis|ISOPRENOIDS|Lipid-Biosynthesis|PWY66-5|Polyprenyl-Biosynthesis|SECONDARY-METABOLITE-BIOSYNTHESIS|Sterol-Biosynthesis|Terpenoid-Biosynthesis
rxn10273_c0	>	Cytosol	Unknown	stearoyl-UDP-glucosyltransferase (diglucosyl)		-1.7		(1)  cpd00026[c0] + (1)  cpd15739[c0] => (1)  cpd00014[c0] + (1)  cpd15730[c0]	(1)  UDP-glucose [c0][c0] + (1)  Monoglucosyl-1,2 distearoylglycerol [c0][c0] => (1)  UDP [c0][c0] + (1)  Diglucosyl-1,2 distearoylglycerol [c0][c0]	rxn10273				
rxn00693_c0	<	Cytosol	BHNFPM_02191_gene	5-Methyltetrahydrofolate:L-homocysteine S-methyltransferase		-6.41		(1)  cpd00135[c0] + (1)  cpd00345[c0] <= (1)  cpd00060[c0] + (1)  cpd00087[c0]	(1)  Homocysteine [c0][c0] + (1)  5-Methyltetrahydrofolate [c0][c0] <= (1)  L-Methionine [c0][c0] + (1)  Tetrahydrofolate [c0][c0]	rxn00693	METS	R00946	Cysteine and methionine metabolism|One carbon pool by folate	1CMET2-PWY|ADENOSYLHOMOCYSCAT-PWY|Amino-Acid-Biosynthesis|Amino-Acid-Degradation|Biosynthesis|Cofactor-Biosynthesis|Degradation|Folate-Biosynthesis|HOMOSER-METSYN-PWY|HSERMETANA-PWY|IND-AMINO-ACID-SYN|MET-SAM-PWY|METHIONINE-DEG|METHIONINE-SYN|METSYN-PWY|P4-PWY|PWY0-781|Vitamin-Biosynthesis
rxn00551_c0	>	Cytosol	Unknown	diphosphate:D-fructose-6-phosphate 1-phosphotransferase		-3.07		(1)  cpd00012[c0] + (1)  cpd00072[c0] => (1)  cpd00009[c0] + (1)  cpd00067[c0] + (1)  cpd00290[c0]	(1)  PPi [c0][c0] + (1)  D-fructose-6-phosphate [c0][c0] => (1)  Phosphate [c0][c0] + (1)  H+ [c0][c0] + (1)  D-fructose-1,6-bisphosphate [c0][c0]	rxn00551		R00764	Methane metabolism	
rxn01859_c0	>	Cytosol	BHNFPM_02781_gene	Deoxyadenosine:orthophosphate ribosyltransferase		-7.95		(1)  cpd00009[c0] + (1)  cpd00438[c0] => (1)  cpd00128[c0] + (1)  cpd00509[c0]	(1)  Phosphate [c0][c0] + (1)  Deoxyadenosine [c0][c0] => (1)  Adenine [c0][c0] + (1)  deoxyribose-1-phosphate [c0][c0]	rxn01859	PNP1_4	R02557	Purine metabolism	
rxn10578_c0	>	Cytosol	Unknown	Na+/K+-exchanging ATPase		-6.82		(1)  cpd00001[c0] + (1)  cpd00002[c0] + (1)  cpd00205[e0] + (1)  cpd00971[c0] => (1)  cpd00008[c0] + (1)  cpd00009[c0] + (1)  cpd00067[c0] + (1)  cpd00205[c0] + (1)  cpd00971[e0]	(1)  H2O [c0][c0] + (1)  ATP [c0][c0] + (1)  K+ [e0][e0] + (1)  Na+ [c0][c0] => (1)  ADP [c0][c0] + (1)  Phosphate [c0][c0] + (1)  H+ [c0][c0] + (1)  K+ [c0][c0] + (1)  Na+ [e0][e0]	rxn10578	NaKt			
rxn05538_c0	>	Cytosol	Unknown	Dipeptide transport via ABC system (gly-pro-L)		-6.82		(1)  cpd00001[c0] + (1)  cpd00002[c0] + (1)  cpd11588[e0] => (1)  cpd00008[c0] + (1)  cpd00009[c0] + (1)  cpd00067[c0] + (1)  cpd11588[c0]	(1)  H2O [c0][c0] + (1)  ATP [c0][c0] + (1)  gly-pro-L [e0][e0] => (1)  ADP [c0][c0] + (1)  Phosphate [c0][c0] + (1)  H+ [c0][c0] + (1)  gly-pro-L [c0][c0]	rxn05538	DIPEPabc14			
rxn02897_c0	>	Cytosol	Unknown	Nicotinate-nucleotide:dimethylbenzimidazole phospho-D-ribosyltransferase	2.4.2.21	-2.94		(1)  cpd00873[c0] + (1)  cpd01997[c0] => (1)  cpd00067[c0] + (1)  cpd00218[c0] + (1)  cpd02904[c0]	(1)  Nicotinate ribonucleotide [c0][c0] + (1)  Dimethylbenzimidazole [c0][c0] => (1)  H+ [c0][c0] + (1)  Niacin [c0][c0] + (1)  alpha-Ribazole 5'-phosphate [c0][c0]	rxn02897	NNDMBRT	R04148	Porphyrin and chlorophyll metabolism	Adenosylcobalamin-Biosynthesis|Biosynthesis|COBALSYN-PWY|Cobalamin-Biosynthesis|Cofactor-Biosynthesis|P381-PWY|Vitamin-Biosynthesis
rxn01446_c0	<	Cytosol	BHNFPM_02781_gene	Deoxyguanosine:orthophosphate ribosyltransferase		-7.95		(1)  cpd00009[c0] + (1)  cpd00277[c0] <= (1)  cpd00207[c0] + (1)  cpd00509[c0]	(1)  Phosphate [c0][c0] + (1)  Deoxyguanosine [c0][c0] <= (1)  Guanine [c0][c0] + (1)  deoxyribose-1-phosphate [c0][c0]	rxn01446	PNP1_5	R01969	Purine metabolism	
rxn10309_c0	>	Cytosol	Unknown	stearoyl-lipoteichoic acid synthesis (n=24), linked, N-acetylglucosamine substituted		-40.8		(24)  cpd00037[c0] + (1)  cpd15748[c0] => (24)  cpd00014[c0] + (1)  cpd15766[c0]	(24)  UDP-N-acetylglucosamine [c0][c0] + (1)  Stearoyllipoteichoic acid (n=24) , linked, unsubstituted [c0][c0] => (24)  UDP [c0][c0] + (1)  Stearoyllipoteichoic acid (n=24) , linked, N-acetyl-D-glucosamine [c0][c0]	rxn10309				
rxn02056_c0	<	Cytosol	Unknown	S-Adenosyl-L-methionine:uroporphyrin-III C-methyltransferase				(2)  cpd00067[c0] + (1)  cpd00557[c0] <= (1)  cpd03426[c0] + (1)  cpd10515[c0]	(2)  H+ [c0][c0] + (1)  Siroheme [c0][c0] <= (1)  Sirohydrochlorin [c0][c0] + (1)  Fe2+ [c0][c0]	rxn02056	SHCHF	R02864	Porphyrin and chlorophyll metabolism	Biosynthesis|Cofactor-Biosynthesis|Porphyrin-Compounds-Biosynthesis
rxn00541_c0	<	Cytosol	Unknown	L-threonine acetaldehyde-lyase (glycine-forming)		3.21		(1)  cpd00161[c0] <= (1)  cpd00033[c0] + (1)  cpd00071[c0]	(1)  L-Threonine [c0][c0] <= (1)  Glycine [c0][c0] + (1)  Acetaldehyde [c0][c0]	rxn00541	GLY1	R00751	Glycine, serine and threonine metabolism	Amino-Acid-Biosynthesis|Amino-Acid-Degradation|Biosynthesis|Degradation|GLYCINE-SYN|GLYSYN-THR-PWY|IND-AMINO-ACID-SYN|THREOCAT-PWY|THREONINE-DEG
rxn01368_c0	>	Cytosol	Unknown	Cytidine aminohydrolase		-5.14		(1)  cpd00001[c0] + (1)  cpd00067[c0] + (1)  cpd00367[c0] => (1)  cpd00013[c0] + (1)  cpd00249[c0]	(1)  H2O [c0][c0] + (1)  H+ [c0][c0] + (1)  Cytidine [c0][c0] => (1)  NH3 [c0][c0] + (1)  Uridine [c0][c0]	rxn01368	CDD1_1	R01878	Pyrimidine metabolism	Biosynthesis|Degradation|Metabolic-Clusters|NUCLEO-DEG|Nucleotide-Biosynthesis|P1-PWY|PUR-NUC-SYN|PWY0-1295|PWY0-163|PYR-NUC-SYN|Purine-Nucleotides-Salvage|Pyrimidine-Degradation|Pyrimidine-Nucleotide-Salvage|Pyrimidine-Ribonucleosides-Degradation
rxn00851_c0	>	Cytosol	BHNFPM_00326_gene	D-alanine:D-alanine ligase (ADP-forming)		-6.35		(1)  cpd00002[c0] + (2)  cpd00117[c0] => (1)  cpd00008[c0] + (1)  cpd00009[c0] + (1)  cpd00067[c0] + (1)  cpd00731[c0]	(1)  ATP [c0][c0] + (2)  D-Alanine [c0][c0] => (1)  ADP [c0][c0] + (1)  Phosphate [c0][c0] + (1)  H+ [c0][c0] + (1)  Ala-Ala [c0][c0]	rxn00851	ALAALA	R01150	D-Alanine metabolism|Peptidoglycan biosynthesis	Acetylmuramoyl-Pentapeptide-Biosynthesis|Antibiotic-Resistance|Biosynthesis|Cell-Structure-Biosynthesis|Cell-Wall-Biosynthesis|Detoxification|PEPTIDOGLYCANSYN-PWY|Peptidoglycan-Biosynthesis
rxn00438_c0	>	Cytosol	Unknown	ATP:thiamin-phosphate phosphotransferase	2.7.4.16	9.53		(1)  cpd00002[c0] + (1)  cpd00067[c0] + (1)  cpd00793[c0] => (1)  cpd00008[c0] + (1)  cpd00056[c0]	(1)  ATP [c0][c0] + (1)  H+ [c0][c0] + (1)  Thiamine phosphate [c0][c0] => (1)  ADP [c0][c0] + (1)  TPP [c0][c0]	rxn00438	TMPK	R00617	Thiamine metabolism	Biosynthesis|Cofactor-Biosynthesis|THISYN-PWY|Thiamin-Salvage|Thiamine-Biosynthesis|Vitamin-Biosynthesis
rxn01275_c0	>	Cytosol	BHNFPM_00578_gene	ATP:D-Gluconate 6-phosphotransferase	2.7.1.12	-14.03		(1)  cpd00002[c0] + (1)  cpd00222[c0] => (1)  cpd00008[c0] + (1)  cpd00067[c0] + (1)  cpd00284[c0]	(1)  ATP [c0][c0] + (1)  GLCN [c0][c0] => (1)  ADP [c0][c0] + (1)  H+ [c0][c0] + (1)  6-Phospho-D-gluconate [c0][c0]	rxn01275	GNK	R01737	Pentose phosphate pathway	Biosynthesis|CARBO-BIOSYNTHESIS|CARBOXYLATES-DEG|Carbohydrates-Biosynthesis|Degradation|GLUCONSUPER-PWY|IDNCAT-PWY|KETOGLUCONMET-PWY|SECONDARY-METABOLITE-DEGRADATION|SUGAR-ACIDS-DEG|Sorbitol-Biosynthesis|Sugar-Alcohols-Biosynthesis|Sugar-Derivatives
rxn02928_c0	<	Cytosol	Unknown	2,3,4,5-Tetrahydrodipicolinate:NAD+ oxidoreductase		1.01		(1)  cpd00003[c0] + (1)  cpd02465[c0] <= (1)  cpd00004[c0] + (1)  cpd00067[c0] + (1)  cpd02120[c0]	(1)  NAD [c0][c0] + (1)  tetrahydrodipicolinate [c0][c0] <= (1)  NADH [c0][c0] + (1)  H+ [c0][c0] + (1)  Dihydrodipicolinate [c0][c0]	rxn02928		R04198	Lysine biosynthesis	Amino-Acid-Biosynthesis|Biosynthesis|DAPLYSINESYN-PWY|IND-AMINO-ACID-SYN|LYSINE-SYN|P4-PWY|PWY0-781
rxn05301_c0	>	Cytosol	Unknown	TRANS-RXNBWI-115637.ce.maizeexp.TYR_TYR		0		(1)  cpd00067[e0] + (1)  cpd00069[e0] => (1)  cpd00067[c0] + (1)  cpd00069[c0]	(1)  H+ [e0][e0] + (1)  L-Tyrosine [e0][e0] => (1)  H+ [c0][c0] + (1)  L-Tyrosine [c0][c0]	rxn05301	AGP1_10			
rxn05223_c0	>	Cytosol	Unknown	Biotin ABC transporter		-6.817		(1)  cpd00001[c0] + (1)  cpd00002[c0] + (1)  cpd00104[e0] => (1)  cpd00008[c0] + (1)  cpd00009[c0] + (1)  cpd00067[c0] + (1)  cpd00104[c0]	(1)  H2O [c0][c0] + (1)  ATP [c0][c0] + (1)  BIOT [e0][e0] => (1)  ADP [c0][c0] + (1)  Phosphate [c0][c0] + (1)  H+ [c0][c0] + (1)  BIOT [c0][c0]	rxn05223				
rxn05144_c0	>	Cytosol	Unknown	Pyridoxal 5-phosphate synthase		-43.3		(1)  cpd00053[c0] + (1)  cpd00102[c0] + (1)  cpd00171[c0] => (3)  cpd00001[c0] + (1)  cpd00009[c0] + (1)  cpd00016[c0] + (1)  cpd00023[c0] + (1)  cpd00067[c0]	(1)  L-Glutamine [c0][c0] + (1)  Glyceraldehyde3-phosphate [c0][c0] + (1)  D-Ribulose5-phosphate [c0][c0] => (3)  H2O [c0][c0] + (1)  Phosphate [c0][c0] + (1)  Pyridoxal phosphate [c0][c0] + (1)  L-Glutamate [c0][c0] + (1)  H+ [c0][c0]	rxn05144				
rxn00709_c0	>	Cytosol	BHNFPM_03035_gene	ATP:uridine 5'-phosphotransferase		-14.03		(1)  cpd00002[c0] + (1)  cpd00249[c0] => (1)  cpd00008[c0] + (1)  cpd00067[c0] + (1)  cpd00091[c0]	(1)  ATP [c0][c0] + (1)  Uridine [c0][c0] => (1)  ADP [c0][c0] + (1)  H+ [c0][c0] + (1)  UMP [c0][c0]	rxn00709	URIK1	R00964	Pyrimidine metabolism	Biosynthesis|Metabolic-Clusters|Nucleotide-Biosynthesis|P1-PWY|PUR-NUC-SYN|PYR-NUC-SYN|Purine-Nucleotides-Salvage
rxn05468_c0	>	Cytosol	Unknown	TRANS-RXNAVI-26568.ce		0		(1)  cpd00007[e0] => (1)  cpd00007[c0]	(1)  O2 [e0][e0] => (1)  O2 [c0][c0]	rxn05468	O2t			
rxn09345_c0	>	Cytosol	Unknown	Undecaprenyl diphosphate synthase		-104		(8)  cpd00113[c0] + (1)  cpd00350[c0] => (8)  cpd00012[c0] + (8)  cpd00067[c0] + (1)  cpd02229[c0]	(8)  Isopentenyldiphosphate [c0][c0] + (1)  Farnesyldiphosphate [c0][c0] => (8)  PPi [c0][c0] + (8)  H+ [c0][c0] + (1)  Bactoprenyl diphosphate [c0][c0]	rxn09345				
rxn01466_c0	>	Cytosol	Unknown	Geranyl-diphosphate:isopentenyl-diphosphate geranyltrans-transferase		-22.53		(1)  cpd00113[c0] + (1)  cpd00283[c0] => (1)  cpd00012[c0] + (1)  cpd00067[c0] + (1)  cpd00350[c0]	(1)  Isopentenyldiphosphate [c0][c0] + (1)  Geranyldiphosphate [c0][c0] => (1)  PPi [c0][c0] + (1)  H+ [c0][c0] + (1)  Farnesyldiphosphate [c0][c0]	rxn01466	GRTT	R02003	Terpenoid backbone biosynthesis	All-Trans-Farnesyl-PP-Biosynthesis|Biosynthesis|Cofactor-Biosynthesis|DITERPENOID-SYN|ERGOSTEROL-SYN-PWY|Energy-Metabolism|GGPP-Biosynthesis|Lipid-Biosynthesis|MONOTERPENOID-SYN|POLYISOPRENSYN-PWY|PWY2OL-4|PWY66-5|Polyprenyl-Biosynthesis|SECONDARY-METABOLITE-BIOSYNTHESIS|Sterol-Biosynthesis|Terpenoid-Biosynthesis
rxn05486_c0	>	Cytosol	Unknown	N-acetyl-D-mannosamine proton symport		0		(1)  cpd00067[e0] + (1)  cpd00492[e0] => (1)  cpd00067[c0] + (1)  cpd00492[c0]	(1)  H+ [e0][e0] + (1)  N-Acetyl-D-mannosamine [e0][e0] => (1)  H+ [c0][c0] + (1)  N-Acetyl-D-mannosamine [c0][c0]	rxn05486				
rxn08775_c0	<	Cytosol	Unknown	RXN0-6981.c		-0.46		(1)  cpd00001[c0] + (1)  cpd15388[c0] <= (1)  cpd00023[c0] + (1)  cpd00035[c0]	(1)  H2O [c0][c0] + (1)  L-alanine-L-glutamate [c0][c0] <= (1)  L-Glutamate [c0][c0] + (1)  L-Alanine [c0][c0]	rxn08775	AMPEPAE			
rxn03904_c0	>	Cytosol	BHNFPM_01939_gene	UDP-N-acetylmuramoyl-L-alanyl-gamma-D-glutamyl-meso-2,6-diaminopimeloyl-D-alanyl-D-alanine:undecaprenyl-phosphate phospho-N-acetylmuramoyl-pentapeptide-transferase		0		(1)  cpd00286[c0] + (1)  cpd02968[c0] => (1)  cpd00091[c0] + (1)  cpd03494[c0]	(1)  Undecaprenylphosphate [c0][c0] + (1)  UDP-N-acetylmuramoyl-L-alanyl-D-glutamyl-6-carboxy-L-lysyl-D-alanyl- D-alanine [c0][c0] => (1)  UMP [c0][c0] + (1)  Undecaprenyl-diphospho-N-acetylmuramoyl-L-alanyl-D-glutamyl-meso-2-6-diaminopimeloyl-D-alanyl-D-alanine [c0][c0]	rxn03904	PAPPT3	R05630	Peptidoglycan biosynthesis	Biosynthesis|Cell-Structure-Biosynthesis|Cell-Wall-Biosynthesis|PEPTIDOGLYCANSYN-PWY|Peptidoglycan-Biosynthesis
rxn10199_c0	>	Cytosol	Unknown	Peptidoglycan subunit synthesis		-1.7		(1)  cpd03495[c0] + (1)  cpd15666[c0] => (1)  cpd02229[c0] + (1)  cpd15665[c0]	(1)  Undecaprenyl-diphospho-N-acetylmuramoyl--N-acetylglucosamine-L-ala-D-glu-meso-2-6-diaminopimeloyl-D-ala-D-ala [c0][c0] + (1)  Peptidoglycan polymer (n-1 subunits)  [c0][c0] => (1)  Bactoprenyl diphosphate [c0][c0] + (1)  Peptidoglycan polymer (n subunits)  [c0][c0]	rxn10199				
rxn00409_c0	>	Cytosol	BHNFPM_02712_gene	ATP:CDP phosphotransferase		0		(1)  cpd00002[c0] + (1)  cpd00096[c0] => (1)  cpd00008[c0] + (1)  cpd00052[c0]	(1)  ATP [c0][c0] + (1)  CDP [c0][c0] => (1)  ADP [c0][c0] + (1)  CTP [c0][c0]	rxn00409	NDPK3	R00570	Pyrimidine metabolism	Biosynthesis|Nucleotide-Biosynthesis|PRPP-PWY|PWY0-162|PWY0-163|PYR-NUC-SYN|Pyrimidine-De-Novo-Biosyn|Pyrimidine-Nucleotide-Salvage
rxn02831_c0	>	Cytosol	BHNFPM_03355_gene	O-Succinylbenzoate:CoA ligase (AMP-forming)		-21.55		(1)  cpd00002[c0] + (1)  cpd00010[c0] + (1)  cpd01772[c0] => (1)  cpd00012[c0] + (1)  cpd00018[c0] + (1)  cpd00067[c0] + (1)  cpd02021[c0]	(1)  ATP [c0][c0] + (1)  CoA [c0][c0] + (1)  Succinylbenzoate [c0][c0] => (1)  PPi [c0][c0] + (1)  AMP [c0][c0] + (1)  H+ [c0][c0] + (1)  Succinylbenzoyl-CoA [c0][c0]	rxn02831	SUCBZL	R04030	Ubiquinone and other terpenoid-quinone biosynthesis	ALL-CHORISMATE-PWY|Biosynthesis|Cofactor-Biosynthesis|DHNA-Biosynthesis|Demethylmenaquinone-Biosynthesis|Menaquinone-Biosynthesis|Quinone-Biosynthesis
rxn10192_c0	>	Cytosol	Unknown	CDP-glycerol:poly(glycerophosphate) glycerophosphotransferase		-202.5		(45)  cpd00402[c0] + (1)  cpd02967[c0] => (45)  cpd00046[c0] + (45)  cpd00067[c0] + (1)  cpd15661[c0]	(45)  CDPglycerol [c0][c0] + (1)  N-Acetyl-beta-D-mannosaminyl-1,4-N-acetyl-D- glucosaminyldiphosphoundecaprenol [c0][c0] => (45)  CMP [c0][c0] + (45)  H+ [c0][c0] + (1)  Prenol-45n teichoic acid [c0][c0]	rxn10192				
rxn01258_c0	>	Cytosol	Unknown	chorismate hydroxymutase	5.4.99.6	0		(1)  cpd00216[c0] => (1)  cpd00658[c0]	(1)  Chorismate [c0][c0] => (1)  Isochorismate [c0][c0]	rxn01258	ICH or Si	R01717	Ubiquinone and other terpenoid-quinone biosynthesis|Biosynthesis of siderophore group nonribosomal peptides	ALL-CHORISMATE-PWY|AROMATIC-COMPOUNDS-BIOSYN|BENZENOID-SYN|Biosynthesis|Cofactor-Biosynthesis|DHNA-Biosynthesis|Demethylmenaquinone-Biosynthesis|ENTBACSYN-PWY|Menaquinone-Biosynthesis|PHENYLPROPANOID-SYN|Phylloquinone-Biosynthesis|QUINONE-SYN|Quinone-Biosynthesis|SECONDARY-METABOLITE-BIOSYNTHESIS|Salicylate-Biosynthesis|Siderophores-Biosynthesis
rxn05255_c0	>	Cytosol	Unknown	folate transport via proton simport		0		(1)  cpd00067[e0] + (1)  cpd00393[e0] => (1)  cpd00067[c0] + (1)  cpd00393[c0]	(1)  H+ [e0][e0] + (1)  Folate [e0][e0] => (1)  H+ [c0][c0] + (1)  Folate [c0][c0]	rxn05255	FOLt			
rxn03901_c0	>	Cytosol	BHNFPM_02204_gene	undecaprenyl-diphosphate phosphohydrolase		-16.35		(1)  cpd00001[c0] + (1)  cpd02229[c0] => (1)  cpd00009[c0] + (2)  cpd00067[c0] + (1)  cpd00286[c0]	(1)  H2O [c0][c0] + (1)  Bactoprenyl diphosphate [c0][c0] => (1)  Phosphate [c0][c0] + (2)  H+ [c0][c0] + (1)  Undecaprenylphosphate [c0][c0]	rxn03901	UDCPDP	R05627	Peptidoglycan biosynthesis	
rxn02832_c0	<	Cytosol	Unknown	(1R,6R)-6-hydroxy-2-succinylcyclohexa-2,4-diene-1-carboxylate hydrolyase (2-succinylbenzoate-forming)		25.06		(1)  cpd00001[c0] + (1)  cpd01772[c0] <= (1)  cpd03451[c0]	(1)  H2O [c0][c0] + (1)  Succinylbenzoate [c0][c0] <= (1)  SHCHC [c0][c0]	rxn02832		R04031	Ubiquinone and other terpenoid-quinone biosynthesis	ALL-CHORISMATE-PWY|Biosynthesis|Cofactor-Biosynthesis|DHNA-Biosynthesis|Demethylmenaquinone-Biosynthesis|Menaquinone-Biosynthesis|PHENYLPROPANOID-SYN|Phylloquinone-Biosynthesis|QUINONE-SYN|Quinone-Biosynthesis|SECONDARY-METABOLITE-BIOSYNTHESIS
rxn03164_c0	>	Cytosol	Unknown	UDP-N-acetylmuramoyl-L-alanyl-D-glutamyl-meso-2,6-diaminoheptanedioate:D-alanyl-D-alanine ligase(ADP-forming)	6.3.2.15	-6.35		(1)  cpd00002[c0] + (1)  cpd00731[c0] + (1)  cpd02964[c0] => (1)  cpd00008[c0] + (1)  cpd00009[c0] + (1)  cpd00067[c0] + (1)  cpd02968[c0]	(1)  ATP [c0][c0] + (1)  Ala-Ala [c0][c0] + (1)  UDP-N-acetylmuramoyl-L-alanyl-D-gamma-glutamyl-meso-2-6-diaminopimelate [c0][c0] => (1)  ADP [c0][c0] + (1)  Phosphate [c0][c0] + (1)  H+ [c0][c0] + (1)  UDP-N-acetylmuramoyl-L-alanyl-D-glutamyl-6-carboxy-L-lysyl-D-alanyl- D-alanine [c0][c0]	rxn03164	UGMDDS	R04617	Lysine biosynthesis|Peptidoglycan biosynthesis	Acetylmuramoyl-Pentapeptide-Biosynthesis|Biosynthesis|Cell-Structure-Biosynthesis|Cell-Wall-Biosynthesis|PEPTIDOGLYCANSYN-PWY|Peptidoglycan-Biosynthesis
rxn10300_c0	>	Cytosol	Unknown	stearoyl-lipoteichoic acid synthesis (n=24), linked, glucose substituted		-40.8		(24)  cpd00026[c0] + (1)  cpd15748[c0] => (24)  cpd00014[c0] + (1)  cpd15757[c0]	(24)  UDP-glucose [c0][c0] + (1)  Stearoyllipoteichoic acid (n=24) , linked, unsubstituted [c0][c0] => (24)  UDP [c0][c0] + (1)  Stearoyllipoteichoic acid (n=24) , linked, glucose substituted [c0][c0]	rxn10300				
rxn08100_c0	<	Cytosol	Unknown	RXN0-5228.c	5.1.1.-	0		(1)  cpd15385[c0] <= (1)  cpd15388[c0]	(1)  L-alanine-D-glutamate [c0][c0] <= (1)  L-alanine-L-glutamate [c0][c0]	rxn08100	ALAGLUE			
rxn00117_c0	>	Cytosol	BHNFPM_02712_gene	ATP:UDP phosphotransferase		0		(1)  cpd00002[c0] + (1)  cpd00014[c0] => (1)  cpd00008[c0] + (1)  cpd00062[c0]	(1)  ATP [c0][c0] + (1)  UDP [c0][c0] => (1)  ADP [c0][c0] + (1)  UTP [c0][c0]	rxn00117	NDPK2	R00156	Pyrimidine metabolism	Biosynthesis|Nucleotide-Biosynthesis|PRPP-PWY|PWY0-162|PYR-NUC-SYN|Pyrimidine-De-Novo-Biosyn
rxn03395_c0	>	Cytosol	Unknown	S-adenosyl-L-methionine:3-(all-trans-octaprenyl)benzene-1,2-diol 2-O-methyltransferase		-4.36		(1)  cpd00017[c0] + (1)  cpd03445[c0] => (1)  cpd00019[c0] + (1)  cpd00067[c0] + (1)  cpd03446[c0]	(1)  S-Adenosyl-L-methionine [c0][c0] + (1)  2-Octaprenyl-6-hydroxyphenol [c0][c0] => (1)  S-Adenosyl-homocysteine [c0][c0] + (1)  H+ [c0][c0] + (1)  2-Octaprenyl-6-methoxyphenol [c0][c0]	rxn03395	OHPHM	R04988	Ubiquinone and other terpenoid-quinone biosynthesis	ALL-CHORISMATE-PWY|Biosynthesis|Cofactor-Biosynthesis|Quinone-Biosynthesis|UBISYN-PWY|Ubiquinone-Biosynthesis
rxn10318_c0	>	Cytosol	Unknown	stearoyl-lipoteichoic acid synthesis (n=24), unlinked, D-alanine substituted		-176.16		(24)  cpd00002[c0] + (24)  cpd00117[c0] + (1)  cpd15748[c0] => (24)  cpd00012[c0] + (24)  cpd00018[c0] + (48)  cpd00067[c0] + (1)  cpd15775[c0]	(24)  ATP [c0][c0] + (24)  D-Alanine [c0][c0] + (1)  Stearoyllipoteichoic acid (n=24) , linked, unsubstituted [c0][c0] => (24)  PPi [c0][c0] + (24)  AMP [c0][c0] + (48)  H+ [c0][c0] + (1)  Stearoyllipoteichoic acid (n=24) , linked, D-alanine substituted [c0][c0]	rxn10318				
rxn10196_c0	>	Cytosol	Unknown	Teichoic acid (D-alanine substituted) export		-4.5		(1)  cpd15663[c0] + (1)  cpd15666[c0] => (1)  cpd00067[c0] + (1)  cpd00286[c0] + (1)  cpd15668[c0]	(1)  Prenol-45n teichoic acid-alanine substituted [c0][c0] + (1)  Peptidoglycan polymer (n-1 subunits)  [c0][c0] => (1)  H+ [c0][c0] + (1)  Undecaprenylphosphate [c0][c0] + (1)  glycerol teichoic acid (n=45) , linked, D-ala substituted [c0][c0]	rxn10196				
rxn08233_c0	>	Cytosol	Unknown	Chloride/proton antiport		0		(1)  cpd00067[c0] + (2)  cpd00099[e0] => (1)  cpd00067[e0] + (2)  cpd00099[c0]	(1)  H+ [c0][c0] + (2)  Cl- [e0][e0] => (1)  H+ [e0][e0] + (2)  Cl- [c0][c0]	rxn08233	CLt3_2pp			
bio1	=>	c0		GramNegativeBiomass				(40) cpd00001[c0]+(40) cpd00002[c0]+(0.0066530883364704) cpd00003[c0]+(0.0066530883364704) cpd00006[c0]+(0.0066530883364704) cpd00010[c0]+(0.0066530883364704) cpd00015[c0]+(0.0066530883364704) cpd00016[c0]+(0.0066530883364704) cpd00017[c0]+(0.0066530883364704) cpd00028[c0]+(0.0066530883364704) cpd00030[c0]+(0.0066530883364704) cpd00034[c0]+(0.0066530883364704) cpd00037[c0]+(0.0066530883364704) cpd00042[c0]+(0.0066530883364704) cpd00048[c0]+(0.0066530883364704) cpd00050[c0]+(0.0066530883364704) cpd00056[c0]+(0.0066530883364704) cpd00058[c0]+(0.0066530883364704) cpd00063[c0]+(0.0066530883364704) cpd00087[c0]+(0.0066530883364704) cpd00099[c0]+(0.0066530883364704) cpd00104[c0]+(0.0066530883364704) cpd00118[c0]+(0.0066530883364704) cpd00149[c0]+(0.0066530883364704) cpd00166[c0]+(0.0066530883364704) cpd00201[c0]+(0.0066530883364704) cpd00205[c0]+(0.0066530883364704) cpd00220[c0]+(0.0066530883364704) cpd00254[c0]+(0.0066530883364704) cpd00264[c0]+(0.0066530883364704) cpd00345[c0]+(0.0066530883364704) cpd00557[c0]+(0.0030011515547737) cpd02229[c0]+(0.0066530883364704) cpd10515[c0]+(0.0066530883364704) cpd10516[c0]+(0.0030011515547737) cpd11459[c0]+(0.0185166) cpd11461[c0]+(0.0580167) cpd11462[c0]+(0.5209166) cpd11463[c0]+(0.0066530883364704) cpd11493[c0]+(0.0066530883364704) cpd15352[c0]+(0.0066530883364704) cpd15500[c0]+(0.0225795044280506) cpd15533[c0]+(0.0225795044280506) cpd15540[c0]+(0.0066530883364704) cpd15560[c0]+(0.0030011515547737) cpd15665[c0]+(0.0030011515547737) cpd15667[c0]+(0.0030011515547737) cpd15668[c0]+(0.0030011515547737) cpd15669[c0]+(0.0030011515547737) cpd15748[c0]+(0.0030011515547737) cpd15757[c0]+(0.0030011515547737) cpd15766[c0]+(0.0030011515547737) cpd15775[c0]+(0.0225795044280506) cpd15793[c0]=>(40) cpd00008[c0]+(39.9933469116635) cpd00009[c0]+(40) cpd00067[c0]+(0.0066530883364704) cpd01997[c0]+(0.0066530883364704) cpd03422[c0]+(1) cpd11416[c0]+(0.0066530883364704) cpd12370[c0]+(0.0120046062190948) cpd15666[c0]	(0.0066530883364704) 10-Formyltetrahydrofolate[c0]+(0.0066530883364704) 2-Demethylmenaquinone 8[c0]+(0.0066530883364704) 5-Methyltetrahydrofolate[c0]+(0.0066530883364704) ACP[c0]+(40) ATP[c0]+(0.0066530883364704) BIOT[c0]+(0.0030011515547737) Bactoprenyl diphosphate[c0]+(0.0066530883364704) Ca2+[c0]+(0.0066530883364704) Calomide[c0]+(0.0066530883364704) Cl-[c0]+(0.0066530883364704) Co2+[c0]+(0.0066530883364704) CoA[c0]+(0.0066530883364704) Cu2+[c0]+(0.0185166) DNA[c0]+(0.0066530883364704) FAD[c0]+(0.0066530883364704) FMN[c0]+(0.0066530883364704) Fe2+[c0]+(0.0066530883364704) GSH[c0]+(40) H2O[c0]+(0.0066530883364704) Heme[c0]+(0.0066530883364704) K+[c0]+(0.0066530883364704) Menaquinone 8[c0]+(0.0066530883364704) Mg[c0]+(0.0066530883364704) Mn2+[c0]+(0.0066530883364704) NAD[c0]+(0.0066530883364704) NADP[c0]+(0.0030011515547737) Peptidoglycan polymer (n subunits) [c0]+(0.0225795044280506) Phosphatidylglycerol dioctadecanoyl[c0]+(0.5209166) Protein[c0]+(0.0066530883364704) Putrescine[c0]+(0.0066530883364704) Pyridoxal phosphate[c0]+(0.0066530883364704) Riboflavin[c0]+(0.0066530883364704) S-Adenosyl-L-methionine[c0]+(0.0066530883364704) Siroheme[c0]+(0.0066530883364704) Spermidine[c0]+(0.0225795044280506) Stearoylcardiolipin (B. subtilis) [c0]+(0.0030011515547737) Stearoyllipoteichoic acid (n=24) , linked, D-alanine substituted[c0]+(0.0030011515547737) Stearoyllipoteichoic acid (n=24) , linked, N-acetyl-D-glucosamine[c0]+(0.0030011515547737) Stearoyllipoteichoic acid (n=24) , linked, glucose substituted[c0]+(0.0030011515547737) Stearoyllipoteichoic acid (n=24) , linked, unsubstituted[c0]+(0.0066530883364704) Sulfate[c0]+(0.0066530883364704) TPP[c0]+(0.0066530883364704) Tetrahydrofolate[c0]+(0.0066530883364704) UDP-N-acetylglucosamine[c0]+(0.0066530883364704) Ubiquinone-8[c0]+(0.0066530883364704) Zn2+[c0]+(0.0066530883364704) fe3[c0]+(0.0030011515547737) glycerol teichoic acid (n=45) , linked, D-ala substituted[c0]+(0.0030011515547737) glycerol teichoic acid (n=45) , linked, glucose substituted[c0]+(0.0030011515547737) glycerol teichoic acid (n=45) , linked, unsubstituted[c0]+(0.0580167) mRNA[c0]+(0.0225795044280506) phosphatidylethanolamine dioctadecanoyl[c0]+(0.0030011515547737) tcam[c0]=>(40) ADP[c0]+(1) Biomass[c0]+(0.0066530883364704) Cobinamide[c0]+(0.0066530883364704) Dimethylbenzimidazole[c0]+(40) H+[c0]+(0.0120046062190948) Peptidoglycan polymer (n-1 subunits) [c0]+(39.9933469116635) Phosphate[c0]+(0.0066530883364704) apo-ACP[c0]
