Loading model from: ../models/model_7.xml
Loaded model 'model1': 1963 reactions, 1257 metabolites, 1159 genes
PHB synthesis start (PHBS_syn_1): PHBS_syn_1 | Polyhydroxybutyrate synthase | bounds=(0.0, 10.0)
    3hbcoa__R --> coa_c + phb_c

Building reaction-adjacency graph (excluding currency metabolites)...
Running BFS from PHB synthesis...
  1703 / 1707 non-boundary reactions reached (4 unreachable at any distance, excluding currency metabolites)

Full ranking written to: ./step_7.12_phb_pathway_distances.csv

Reactions at distance 0-3:
  [0] PHBS_syn_1           Polyhydroxybutyrate synthase
  [1] 3OXCOAT              3-oxoadipyl-CoA thiolase
  [1] AACLAM               Acetyl adenylate CoA ligase AMP-forming
  [1] AACOAR_syn           Acetoacetyl-CoA reductase (R-specific)
  [1] ACACT1r              Acetyl-CoA C-acetyltransferase
  [1] ACACT2r              Acetyl-CoA C-acyltransferase (butanoyl-CoA) (r)
  [1] ACACT3r              Acetyl-CoA C-acyltransferase (hexanoyl-CoA) (r)
  [1] ACACT4r              Acetyl-CoA C-acyltransferase (octanoyl-CoA) (r)
  [1] ACACT5r              Acetyl-CoA C-acyltransferase (decanoyl-CoA) (r)
  [1] ACACT5r_1            Acetyl CoA C acyltransferase  decanoyl CoA
  [1] ACACT6r_1            Acetyl CoA C acyltransferase  dodecanoyl CoA
  [1] ACACT7r              Acetyl-CoA C-acyltransferase (tetradecanoyl-CoA) (r)
  [1] ACACT8r              Acetyl-CoA acyltransferase (hexadecanoyl-CoA), (r)
  [1] ACGS                 N-acetylglutamate synthase
  [1] ACPS                 Acyl Carrier Protein Synthase
  [1] ACPS1                Acyl-carrier protein synthase
  [1] ACPS1_1              CoA:apo-[acyl-carrier-protein] pantetheinephosphotransferase, cytosol
  [1] ACS                  Acetyl-CoA synthetase
  [1] ACS2                 Acetyl-CoA synthase (propionate)
  [1] ACS_1                Acetyl-CoA synthetase
  [1] ACTD2                Acetoin dehydrogenase
  [1] AGPATr_BS            1 acylglycerol 3 phosphate O acyltransferase
  [1] AKGDH                2-Oxogluterate dehydrogenase
  [1] APATi                Tetrahydrodipicolinate acetyltransferase
  [1] BSCT                 Benzoylsuccinyl-CoA thiolase
  [1] CS                   Citrate synthase
  [1] DHNCOAT              1,4-dihydroxy-2-napthoyl-CoA thioesterase
  [1] DHPACCOAHIT          1,2-Dihydroxy-1,2-dihydrophenylacetyl-CoA Hydratase/Isomerase/Ketothiolase complex
  [1] DPCOAK               Dephospho-CoA kinase
  [1] FACOAE120            Fatty-acid-CoA thioesterase (dodecanoate)
  [1] FACOAE140            Fatty-acid-CoA thioesterase (tetradecanoate)
  [1] FACOAE160            Fatty-acid-CoA thioesterase (hexadecanoate)
  [1] FACOAE161            Fatty-acid-CoA thioesterase (hexadecenoate)
  [1] FACOAE180            Fatty-acid-CoA thioesterase (octadecanoate)
  [1] FACOAL100t2pp        Fatty-acid-CoA ligase (decanoate transport via vectoral Co-A coupling)
  [1] FACOAL120t2pp        Fatty-acid-CoA ligase (dodecanoate transport via vectoral Co-A coupling)
  [1] FACOAL140            Fatty acid  CoA ligase  tetradecanoate
  [1] FACOAL140_ISO        Fatty acid  CoA ligase  Iso C140
  [1] FACOAL140t2pp        Fatty-acid-CoA ligase (tetradecanoate transport via vectoral Co-A coupling)
  [1] FACOAL141t2pp        Fatty-acid-CoA ligase (tetradecenoate transport via vectoral Co-A coupling)
  [1] FACOAL150_ISO        Fatty acid  CoA ligase  Iso C150
  [1] FACOAL150_anteiso    Fatty acid  CoA ligase  anteiso C150
  [1] FACOAL160            Fatty acid  CoA ligase  hexadecanoate
  [1] FACOAL160_ISO        Fatty acid  CoA ligase  Iso C160
  [1] FACOAL160t2pp        Fatty-acid-CoA ligase (hexadecanoate transport via vectoral Co-A coupling)
  [1] FACOAL161            Fatty acid  CoA ligase  hexadecenoate
  [1] FACOAL161t2pp        Fatty-acid-CoA ligase (hexadecenoate transport via vectoral Co-A coupling)
  [1] FACOAL170_ISO        Fatty acid  CoA ligase  Iso C170
  [1] FACOAL170_anteiso    Fatty acid  CoA ligase  anteiso C170
  [1] FACOAL180_2          Fatty acid  CoA ligase  octadecanoate
  [1] FACOAL180t2pp        Fatty-acid-CoA ligase (octadecanoate transport via vectoral Co-A coupling)
  [1] FACOAL181            Fatty acid  CoA ligase  octadecenoate
  [1] FACOAL181t2pp        Fatty-acid-CoA ligase (octadecenoate transport via vectoral Co-A coupling)
  [1] FACOAL60t2pp         Fatty-acid-CoA ligase (hexanoate transport via vectoral Co-A coupling)
  [1] FACOAL80t2pp         Fatty-acid-CoA ligase (octanoate transport via vectoral Co-A coupling)
  [1] FAS140               Fatty acid synthase  n C140
  [1] G1PACT               Glucosamine-1-phosphate N-acetyltransferase
  [1] G3POA_BS             Glycerol 3 phosphate O acyltransferase
  [1] GLYAT                Glycine C-acetyltransferase
  [1] Growth               Biomass reaction
  [1] HIBHr                3 hydroxyisobutyryl CoA hydrolase
  [1] HSERTA               Homoserine O trans acetylase
  [1] IPPS                 2-isopropylmalate synthase
  [1] KAS1                 B-ketoacyl synthetase (Iso-C14:0)
  [1] KAS11                B-ketoacyl synthetase (Iso-C17:0)
  [1] KAS12                B-ketoacyl synthetase (Anteiso-C17:0)
  [1] KAS13                B-ketoacyl synthetase (octadecanoate)
  [1] KAS17                B-ketoacyl synthetase (n-C18:1)
  [1] KAS2                 B-ketoacyl synthetase (n-C14:0)
  [1] KAS3                 B-ketoacyl synthetase (Iso-C15:0)
  [1] KAS4                 B-ketoacyl synthetase (Anteiso-C15:0)
  [1] KAS6                 B-ketoacyl synthetase (Iso-C16:0)
  [1] KAS7                 B-ketoacyl synthetase (n-C16:1)
  [1] KAS8                 B-ketoacyl synthetase (palmitate, n-C16:0)
  [1] MACCOAT              2-Methylacetyl-CoA thiolase
  [1] MALS                 Malate synthase
  [1] MCITS                2-methylcitrate synthase
  [1] MMSAD1               Methylmalonate semialdehyde dehydrogenase
  [1] MMSAD2               Methylmalonate-semialdehyde dehydrogenase (propanol)
  [1] MMSAD3               Methylmalonate-semialdehyde dehydrogenase (malonic semialdehyde)
  [1] MMSDHir              Methylmalonate semialdehyde dehydrogenase  acylating
  [1] NPHS                 Naphthoate synthase
  [1] OBDHc                2-Oxobutanoate dehydrogenase, cytosolic
  [1] OIVD1r               2-oxoisovalerate dehydrogenase (acylating; 4-methyl-2-oxopentaoate)
  [1] OIVD2                2-oxoisovalerate dehydrogenase (acylating; 3-methyl-2-oxobutanoate)
  [1] OIVD3                2-oxoisovalerate dehydrogenase (acylating; 3-methyl-2-oxopentanoate)
  [1] OXDHCOAT             3-oxo-5,6-dehydrosuberyl-CoA thiolase
  [1] PACCOAL              Phenylacetate-CoA ligase
  [1] PBUTT                Phosphate butyryltransferase
  [1] PDH                  Pyruvate dehydrogenase
  [1] PDHbr                Pyruvate dehydrogenase (dihydrolipoamide) reversible
  [1] POR_syn              Pyruvate-ferredoxin oxidoreductase
  [1] PTA2                 Phosphate acetyltransferase
  [1] PTAr                 Phosphotransacetylase
  [1] PTRCAT1              Putrescine acetyltransferase
  [1] SERAT                Serine O-acetyltransferase
  [1] SSCOARy              Succinyl-coA reductase (NADPH)
  [1] SUCBZL               O-succinylbenzoate-CoA ligase
  [1] SUCOAS               Succinyl-CoA synthetase (ADP-forming)
  [1] THDPS                Tetrahydrodipicolinate succinylase
  [1] THPAT                L-2,3,4,5-tetrahydrodipicolinate N2-acetyltransferase
  [2] 12PPDRDH             R Propane 1 2 diol dehydratase
  [2] 13PPDH               1,3-propanediol dehydrogenase
  [2] 13PPDH2              1,3-propanediol dehydrogenase
  [2] 13PPDH2_1            1,3-propanediol dehydrogenase
  [2] 23PDE2pp             2',3'-cyclic-nucleotide phosphodiesterase (UMP) (periplasm)
  [2] 23PDE4pp             2',3'-cyclic-nucleotide phosphodiesterase (CMP) (periplasm)
  [2] 23PDE7pp             2',3'-cyclic-nucleotide phosphodiesterase (AMP) (periplasm)
  [2] 23PDE9pp             2',3'-cyclic-nucleotide phosphodiesterase (GMP) (periplasm)
  [2] 2AACLPGT160          2 acyl acyl carrier protein glycerophospho glycerol acyltransferase  n C160
  [2] 2AACLPGT161          2 acyl acyl carrier protein glycerophospho glycerol acyltransferase  n C160
  [2] 2AACLPGT180          2 acyl acyl carrier protein glycerophospho glycerol acyltransferase  n C160
  [2] 2AACLPGT181          2 acyl acyl carrier protein glycerophospho glycerol acyltransferase  n C160
  [2] 2AACLPPEAT160        2 acyl acyl carrier protein glycerophospho glycerol acyltransferase  n C160
  [2] 2AACLPPEAT161        2 acyl acyl carrier protein glycerophospho glycerol acyltransferase  n C160
  [2] 2AACLPPEAT180        2 acyl acyl carrier protein glycerophospho glycerol acyltransferase  n C160
  [2] 2AACLPPEAT181        2 acyl acyl carrier protein glycerophospho glycerol acyltransferase  n C160
  [2] 2HXMPt6              2  hydroxymethyl phenol transport inout via proton symport
  [2] 2INSD                2-Inosose dehydratase
  [2] 2MAHMP               2-Methyl-4-amino-5-hydroxymethylpyrimidine diphosphatase
  [2] 2PGLYCt6             2 Phosphoglycolate transport inout via proton symport
  [2] 2S6HCCi              2 succinyl 6 hydroxy 2 4 cyclohexadiene 1 carboxylate synthase
  [2] 34HPPOR              4 Hydroxyphenylpyruvateoxygen oxidoreductase
  [2] 3AMPt6               3  AMP transport inout via proton symport
  [2] 3CMPt6               3  CMP transport in via proton symport
  [2] 3MBt2pp              H+/Isovalerate symport (periplasm)
  [2] 3NUCLE1              3  nucleotidase  3  AMP
  [2] 3NUCLE2              3  nucleotidase  3  UMP
  [2] 3NUCLE3              3  nucleotidase  3  cMP
  [2] 3NUCLE4              3  nucleotidase  guanosine 3  phosphate
  [2] 3PEPTabcpp           Tripeptide (LalaDgluMdap) transport via ABC system (periplasm)
  [2] 3UMPt6               3  UMP transport in via proton symport
  [2] 4ABUTD               4-Aminobutyraldehyde:NAD+ oxidoreductase
  [2] 4HALDD               Aldehyde dehydrogenase  4 hydroxyphenylacetaldehyde  NAD
  [2] 4HPRODCabcpp         Cis 4 Hydroxy D proline transport via ABC system
  [2] 4HPROLTabcpp         Trans 4 Hydroxy D proline transport via ABC system
  [2] 4HTHRA               4-hydroxy-L-threonine aldolase
  [2] 4HTHRS_1             4-Hydroxy-L-threonine synthase
  [2] 4PCP                 Tetrapeptide L,D-carboxypeptidase
  [2] 4PEPTabcpp           Tetrapeptide (LalaDgluMdapDala) transport via ABC system (periplasm)
  [2] 5DGLCNR              5-dehydro-D-gluconate reductase
  [2] 5DKGR                5-keto-D-gluconate 5-reductase
  [2] 6PHBG_2              
  [2] A6PAG                
  [2] A6PAG2               
  [2] AABTN                4 acetamidobutyrate deacetylase
  [2] AACPS3               Acyl-[acyl-carrier-protein] synthetase  (n-C16:0)
  [2] AACPS4               Acyl-[acyl-carrier-protein] synthetase  (n-C16:1)
  [2] AACPS5               Acyl-[acyl-carrier-protein] synthetase  (n-C18:1)
  [2] AACPS6               Acyl-[acyl-carrier-protein] synthetase  (n-C18:0)
  [2] AACPS9               Acyl-[acyl-carrier-protein] synthetase  (n-C8:0)
  [2] AB6PGH               Arbutin 6-phosphate glucohydrolase
  [2] ABG4t2               
  [2] ABTA                 4-aminobutyrate transaminase
  [2] ABUTD                Aminobutyraldehyde dehydrogenase
  [2] ABUTt2r              4 aminobutyrate reversible transport in via proton symport
  [2] ACACCT               Acetyl-CoA:acetoacetyl-CoA transferase
  [2] ACACt2pp             Acetoacetate transport via proton symport  (periplasm)
  [2] ACALDt               Acetaldehyde reversible transport
  [2] ACALDtpp             Acetaldehyde reversible transport (periplasm)
  [2] ACCOAC               Acetyl-CoA carboxylase
  [2] ACGAMK               N-acetylglucosamine kinase
  [2] ACGApts              N-Acetyl-D-glucosamine transport via PEP:Pyr PTS
  [2] ACGAptspp            N-Acetyl-D-glucosamine transport via PEP:Pyr PTS  (periplasm)
  [2] ACGK                 Acetylglutamate kinase
  [2] ACHBS                2-aceto-2-hydroxybutanoate synthase
  [2] ACKr                 Acetate kinase
  [2] ACLDC                Acetolactate decarboxylase
  [2] ACLS                 Acetolactate synthase
  [2] ACLS_a               Acetolactate synthase
  [2] ACLS_d               2-alpha-Hydroxyethylthiamine diphosphate lipoamide
  [2] ACM6PH               N-acetylmuramate 6-phosphate hydrolase
  [2] ACMANApts            N-acetyl-D-mannosamine transport via PTS
  [2] ACOAD1               Acyl-CoA dehydrogenase (butanoyl-CoA)
  [2] ACOAD1fr             Acyl-CoA dehydrogenase (butanoyl-CoA)
  [2] ACOAD2               Acyl-CoA dehydrogenase (hexanoyl-CoA)
  [2] ACOAD20              Acyl CoA dehydrogenase  2 methylbutnoyl CoA
  [2] ACOAD3               Acyl-CoA dehydrogenase (octanoyl-CoA)
  [2] ACOAD4_1             Acyl CoA dehydrogenase  decanoyl CoA
  [2] ACOAD5               Acyl-CoA dehydrogenase (dodecanoyl-CoA)
  [2] ACOAD5_1             Acyl CoA dehydrogenase  dodecanoyl CoA
  [2] ACOAD6               Acyl-CoA dehydrogenase (tetradecanoyl-CoA)
  [2] ACOAD7               Acyl-CoA dehydrogenase (hexadecanoyl-CoA)
  [2] ACOADH2              Acyl CoA dehydrogenase  isobutyryl CoA
  [2] ACOAM                Acetate CoA ligase AMP-forming
  [2] ACODA                Acetylornithine deacetylase
  [2] ACONT                Aconitate hydratase
  [2] ACONTa               Aconitase (half-reaction A, Citrate hydro-lyase)
  [2] ACONTb               Aconitase (half-reaction B, Isocitrate hydro-lyase)
  [2] ACOTA                Acetylornithine transaminase
  [2] ACOXT                Acetyl-CoA:oxalate CoA-transferase
  [2] ACP1_FMN             Acid phosphatase (FMN)
  [2] ACPPAT160            Acyl-(acyl carrier protein):phosphate acyltransferase (C16:0)
  [2] ACPPAT161            Acyl-(acyl carrier protein):phosphate acyltransferase (C16:1)
  [2] ACPPAT180            Acyl-(acyl carrier protein):phosphate acyltransferase (C18:0)
  [2] ACPPAT181            Acyl-(acyl carrier protein):phosphate acyltransferase (C18:1)
  [2] ACPpds               [acyl-carrier-protein] phosphodiesterase
  [2] ACSERHS              O3-Acetyl-L-serine acetate-lyase (adding hydrogen sulfide)
  [2] ACTD                 Acetoin dehydrogenase
  [2] ACTD_1               
  [2] ACTDa                Acetoin dehydrogenase
  [2] ACTNabc              Acetoin transport via ABC system
  [2] ACTNabc1             Acetoin efflux  via ABC system
  [2] ACt2rpp              Acetate reversible transport via proton symport (periplasm)
  [2] ACt4pp               Na+/Acetate symport (periplasm)
  [2] ADADir               Deoxycytidine kinase
  [2] ADAPAT               E N-acetyl-L,L-diaminopimelate aminotransferase
  [2] ADCL                 4-aminobenzoate synthase
  [2] ADCS                 4-amino-4-deoxychorismate synthase
  [2] ADD                  Adenine deaminase
  [2] ADK1                 Adenylate kinase
  [2] ADK2                 Adenylate kinase (Inorganic triphosphate)
  [2] ADMDC                Adenosylmethionine decarboxylase
  [2] ADNCYC               Adenylate cyclase
  [2] ADNK1                Adenosine kinase
  [2] ADNUC                Adenosine hydrolase
  [2] ADNt2pp              Adenosine transport in via proton symport (periplasm)
  [2] ADPDA                N6 acetyl LL 2 6 diaminoheptanedioate amidohydrolase
  [2] ADPGLC               ADPglucose diphosphatase
  [2] ADPRDP               ADPribose diphosphatase
  [2] ADPRDP_1             ADPribose diphosphatase
  [2] ADPT                 Adenine phosphoribosyltransferase
  [2] ADSK                 Adenylyl-sulfate kinase
  [2] ADSL1r               Adenylsuccinate lyase
  [2] ADSS                 Adenylosuccinate synthase
  [2] AEPPYRTA             2 aminoethylphosphonate pyruvate transaminase
  [2] AEPabcpp             AEP transport via ABC system periplasm
  [2] AGDC                 N-acetylglucosamine-6-phosphate deacetylase
  [2] AGM3PApp             N-Acetyl-D-glucosamine(anhydrous)N-Acetylmuramyl-tripeptide amidase (periplasm)
  [2] AGM3PH               N-Acetyl-D-glucosamine(anhydrous)N-Acetylmuramyl-tripeptide beta -1,4-N-acetylglucosaminidase
  [2] AGM4PCP              N-Acetyl-D-glucosamine(anhydrous)N-Acetylmuramyl-tetrapeptide L,D-carboxypeptidase
  [2] AGM4PH               N-Acetyl-D-glucosamine(anhydrous)N-Acetylmuramyl-tetrapeptide beta -1,4-N-acetylglucosaminidase
  [2] AGM4Pt2pp            GlcNAc-anhMurNAc tetrapeptide transport in via proton symport (periplasm)
  [2] AGMH                 N-Acetyl-D-glucosamine(anhydrous)N-Acetylmuramyl beta -1,4-N-acetylglucosaminidase
  [2] AGMPTRCtpp           Agmatine/putrescine antiporter (periplasm)
  [2] AGMT                 Agmatinase
  [2] AGMt2pp              GlcNAc-anhMurNAc transport in via proton symport (periplasm)
  [2] AGPAT160             1-hexadecanoyl-sn-glycerol 3-phosphate O-acyltransferase (n-C16:0)
  [2] AGPAT161             1-hexadec-7-enoyl-sn-glycerol 3-phosphate O-acyltransferase (n-C16:1)
  [2] AGPAT180             1-octadecanoyl-sn-glycerol 3-phosphate O-acyltransferase (n-C18:0)
  [2] AGPAT181             1-octadec-7-enoyl-sn-glycerol 3-phosphate O-acyltransferase (n-C18:1)
  [2] AGPR                 N-acetyl-g-glutamyl-phosphate reductase
  [2] AH6PI                Arabino-3-hexulose-6-P Isomerase
  [2] AHCYSNS              S-adenosylhomocysteine nucleosidase
  [2] AHCi                 Adenosylhomocysteinase
  [2] AHMMPS_1             4 amino 5 hydroxymethyl 2 methylpyrimidine synthetase
  [2] AHSERL2              O acetylhomoserine  thiol  lyase
  [2] AHSERL4              Cysteine synthase  Thiosulfate
  [2] AICART               Phosphoribosylaminoimidazolecarboxamide formyltransferase
  [2] AIRC1                Phosphoribosylaminoimidazole carboxylase  ATP dependent
  [2] AIRCr                Phosphoribosylaminoimidazole carboxylase
  [2] AKP1                 Alkaline phosphatase  Dihydroneopterin
  [2] ALAALAabcpp          D-alanyl-D-alanine (DalaDala) transport via ABC system (periplasm)
  [2] ALAALAr              D-alanine-D-alanine ligase (reversible)
  [2] ALAD_L               L-alanine dehydrogenase
  [2] ALAGLNtr             Dipeptide transport via ABC system ala-gln
  [2] ALAGLUabcpp          L Alaninylglutamate  LalaLglu  transport via ABC system  periplasm
  [2] ALAGLYtr             Dipeptide transport via ABC system ala-gly
  [2] ALAHISabcpp          L Alaninylhistidine  Ala His  transport via ABC system  periplasm
  [2] ALAHIStr             Dipeptide transport via ABC system ala-his
  [2] ALALEUabcpp          L Alaninylleucine  Ala Leu  transport via ABC system  periplasm
  [2] ALALEUt              Dipeptide transport via ABC system ala-leu
  [2] ALAR                 Alanine racemase
  [2] ALATA_D              D-alanine transaminase
  [2] ALATA_D2             D-alanine transaminase
  [2] ALATA_L              L-alanine transaminase
  [2] ALATA_L2             Alanine transaminase
  [2] ALATHRabcpp          L Alaninylthreonine  Ala thr  transport via ABC system  periplasm
  [2] ALATHRtr             Dipeptide transport via ABC system ala-thr
  [2] ALATRPabcpp          L Alaninyltryptophan  Ala Trp  transport via ABC system  periplasm
  [2] ALAabc               L-alanine transport via ABC system
  [2] ALAabcpp             L-alanine transport via ABC system (periplasm)
  [2] ALAt2pp              L-alanine transport in via proton symport (periplasm)
  [2] ALAt2r               L alanine reversible transport via proton symport
  [2] ALAt4                Alanine-Sodium symporter
  [2] ALAtpp               L-alanine export via facilited diffusion
  [2] ALCD19               Alcohol dehydrogenase (glycerol)
  [2] ALCD19y              Alcohol dehydrogenase  glycerol  NADP
  [2] ALCD2ir              Alcohol dehydrogenase  reverse rxn  acetaldehyde   ethanol
  [2] ALCD2x               Alcohol dehydrogenase (ethanol)
  [2] ALCD2y               Alcohol dehydrogenase (ethanol, NADP)
  [2] ALDD1                Aldehyde dehydrogenase  formaldehyde  NAD
  [2] ALDD19xr             Aldehyde dehydrogenase (phenylacetaldehyde, NAD)
  [2] ALDD20x              Aldehyde dehydrogenase (indole-3-acetaldehyde, NAD)
  [2] ALDD20y              Aldehyde dehydrogenase  indole 3 acetaldehyde  NADP
  [2] ALDD2x               Aldehyde dehydrogenase (acetaldehyde, NAD)
  [2] ALDD2y               Aldehyde dehydrogenase (acetaldehyde, NADP)
  [2] ALDD3                Aldehyde dehydrogenase  propanal  NAD
  [2] ALDD31_1             Aldehyde dehydrogenase  aminoacetaldehyde  NAD
  [2] ALDD3y               Aldehyde dehydrogenase (propanal, NADP)
  [2] ALDD4                Aldehyde dehydrogenase (butanal, NAD)
  [2] ALDD6                Aldehyde dehydrogenase  hexanal  NAD
  [2] ALKP                 Alkaline phosphatase
  [2] ALLTAMH              Allantoate amidohydrolase
  [2] ALLTN                Allantoinase
  [2] ALPHNH               Allophanate hydrolase
  [2] ALR2                 Aldose reductase (methylglyoxal)
  [2] ALR3                 Aldose reductase (acetol)
  [2] ALR4x                Aldose reductase (acetol)
  [2] ALTRH                Altronate hydrolase
  [2] AM3PA                Anhydrous-N-Acetylmuramyl-tripeptide amidase
  [2] AM4PA                Anhydrous-N-Acetylmuramyl-tetrapeptide amidase
  [2] AMANAPEr             N-acetylmannosamine 6-phosphate epimerase
  [2] AMANK                N-acetyl-D-mannosamine kinase
  [2] AMANK_1              N-acetyl-D-mannosamine kinase
  [2] AMID4                Amidase
  [2] AMID_1               Acetamidase
  [2] AMMQLT8              S-adenosylmethione:2-demthylmenaquinole methyltransferase (menaquinone 8)
  [2] AMMQT8_2             S-adenosylmethione:2-demethylmenaquinone methyltransferase
  [2] AMPD2                AMP deaminase
  [2] AMPEP1               Aminopeptidase
  [2] AMPEP10              Aminopeptidase
  [2] AMPEP11              Aminopeptidase
  [2] AMPEP12              Aminopeptidase
  [2] AMPEP13              Aminopeptidase
  [2] AMPEP14              Aminopeptidase
  [2] AMPEP15              Aminopeptidase
  [2] AMPEP16              Aminopeptidase
  [2] AMPEP17              Aminopeptidase
  [2] AMPEP18              Aminopeptidase
  [2] AMPEP2               Aminopeptidase
  [2] AMPEP3               Aminopeptidase
  [2] AMPEP4               Aminopeptidase
  [2] AMPEP5               Aminopeptidase
  [2] AMPEP6               Aminopeptidase
  [2] AMPEP7               Aminopeptidase
  [2] AMPEP8               Aminopeptidase
  [2] AMPEP9               Aminopeptidase
  [2] AMPTASEAH            Aminopeptidase  Ala His
  [2] AMPTASEAL            Aminopeptidase  Ala Leu
  [2] AMPTASEAT            Aminopeptidase  Ala Thr
  [2] AMPTASEATRP          Aminopeptidase  Ala Trp
  [2] AMPTASECG            Alanyl aminopeptidase (cys-gly)
  [2] AMPTASEGGLN          Aminopeptidase  Gly Gln
  [2] AMPTASEGGLU          Aminopeptidase  Gly Glu
  [2] AMPTASEGM            Aminopeptidase  Gly Met
  [2] AMPTASEGS            Aminopeptidase  Gly Ser
  [2] AMPTASEHG            Aminopeptidase  His Gly
  [2] AMPTASEHH            Aminopeptidase  His His
  [2] AMPTASEPG            Aminopeptidase (pro-gly)
  [2] ANHMK                1,6-anhydrous-N-Acetylmuramate kinase
  [2] ANPRT                Anthranilate phosphoribosyltransferase
  [2] ANS                  Anthranilate synthase
  [2] ANS2                 Anthranilate synthase 2
  [2] ANSN                 Anthranilate synthase (NH3)
  [2] AP4AH                Ap4A hydrolase
  [2] AP4AS                Ap4A synthetase
  [2] APG3PAT160           Acyl-phosphate:glycerol-3-phosphate acyltransferase (C16:0)
  [2] APG3PAT161           Acyl-phosphate:glycerol-3-phosphate acyltransferase (C16:1)
  [2] APG3PAT180           Acyl-phosphate:glycerol-3-phosphate acyltransferase (C18:0)
  [2] APG3PAT181           Acyl-phosphate:glycerol-3-phosphate acyltransferase (C18:1)
  [2] APRAUR               5-amino-6-(5-phosphoribosylamino)uracil reductase
  [2] APRTO2               N acetylputrescine oxygen oxireductase  deaminating
  [2] APSR                 Adenosine 5'-phosphosulfate reductase;
  [2] APTA1i               Acetyl L L diaminopimelate aminotransferase
  [2] APTNAT               5-aminopentanoate:2-oxoglutarate aminotransferase
  [2] ARABRr               Arabinose reductase
  [2] ARBTpts              Arbutin transport via PEPPyr PTS
  [2] ARBabc               L-arabinose transport via ABC system
  [2] ARBt2r               L-arabinose transport via proton symport
  [2] ARGDC                Arginine decarboxylase
  [2] ARGDI_1              Arginine deiminase
  [2] ARGDr                Arginine deiminase
  [2] ARGN_1               Arginase
  [2] ARGSL                Argininosuccinate lyase
  [2] ARGSS                Argininosuccinate synthase
  [2] ARGabc               L-arginine transport via ABC system
  [2] ARGt2r               L arganine reversible transport via proton symport
  [2] ASAD                 Aspartate-semialdehyde dehydrogenase
  [2] ASNN                 L-asparaginase
  [2] ASNS1                Asparagine synthase (glutamine-hydrolysing)
  [2] ASNabc               L-asparagine transport via ABC system
  [2] ASNt4                L-asparagine transport in via sodium symport
  [2] ASP1DC               Aspartate 1-decarboxylase
  [2] ASPCT                Aspartate carbamoyltransferase
  [2] ASPCT_2              Aspartate carbamoyltransferase
  [2] ASPK                 Aspartate kinase
  [2] ASPO1                L-aspartate oxidase
  [2] ASPO6                L-aspartate oxidase
  [2] ASPTA                Aspartate transaminase
  [2] ASPTA6               E L-alanine-alpha-keto acid aminotransferase
  [2] ASPabc               L-aspartate transport via ABC system
  [2] ASPt2_2pp            Aspartate transport via proton symport (2 H) (periplasm)
  [2] ASPt2pp              L-aspartate transport in via proton symport (periplasm)
  [2] ASPt2r               L aspartate reversible transport via proton symport
  [2] ASPtpp               L-aspartate uptake via facillitated diffusion
  [2] ATAH_1               
  [2] ATHRDHr              L-allo-threonine dehydrogenase
  [2] ATPHs                ATP amine hydrolysis (spontaneous)
  [2] ATPM                 R_ATPM
  [2] ATPPRT               ATP phosphoribosyltransferase
  [2] ATPX5P               ATP pyridoxal 5'-phosphotransferase
  [2] BALAALAabcpp         Beta alanyl L alanine transport via ABC system  periplasm
  [2] BALABALAabcpp        Beta alanyl beta alanine transport via ABC system  periplasm
  [2] BALAGLYabcpp         Beta alanyl L glycine transport via ABC system  periplasm
  [2] BALALEUabcpp         Beta alanyl L leucine transport via ABC system  periplasm
  [2] BALAMDAH             Beta Alaninamide amidohydrolase
  [2] BALAt2pp             Beta-alanine transport in via proton symport (periplasm)
  [2] BALAt2r              Beta Alanine transport in via proton symport
  [2] BDH                  3-HYDROXYBUTYRATE-DEHYDROGENASE-RXN
  [2] BETALDHx             Betaine-aldehyde dehydrogenase
  [2] BETALDHy             Betaine-aldehyde dehydrogenase
  [2] BGLA                 Beta-glucosidase
  [2] BGLA1                6-phospho-beta-glucosidase
  [2] BGLK                 Beta-glucoside kinase
  [2] BHBtpp               Transport of (r)-3-hydroxybutanoate [extraorganism-cytosol](passive)
  [2] BLAMDabcpp           Beta alanyl L alanine transport via ABC system  periplasm
  [2] BPNT_1               3',5'-bisphosphate nucleotidase
  [2] BTDD_RR              R R  butanediol dehydrogenase
  [2] BTNt                 Biotin ABC transporter
  [2] BTNt2i               Biotin uptake
  [2] BTS3r                Biotin synthase
  [2] BUTCT                Acetyl-CoA:butyrate-CoA transferase
  [2] BUTCT2               
  [2] BUTKr                Butyrate kinase
  [2] BUTSO3abcpp          Butanesulfonate transport via ABC system (periplasm)
  [2] BUTt2rpp             Butyrate transport via proton symport, reversible (periplasm)
  [2] BZDH                 Benzaldehyde dehydrogenase
  [2] C4HP                 
  [2] CA2abc1              Calcium efflux  via ABC system
  [2] CARNabcpp            Carnosine transport via ABC system  periplasm
  [2] CAT                  Catalase
  [2] CAt4                 Calcium transport inout via proton antiporter
  [2] CBPS                 Carbamoyl-phosphate synthase (glutamine-hydrolysing)
  [2] CBPS_1               Carbamoyl-phosphate synthase (glutamine-hydrolysing)
  [2] CD2abc1              Cadmium transport out via ABC system
  [2] CD2abcpp             Cadmium (Cd+2) ABC transporter (periplasm)
  [2] CD2t3pp              Cadmium (Cd+2) transport out via proton antiport (periplasm)
  [2] CD2t4                Cadminum transport out via antiport
  [2] CD2t4pp              Cadmium (Cd+2) transport out via proton antiport (periplasm)
  [2] CD2t5                Cadmium  Cd2  transport out via proton antiport  cytosolexternal
  [2] CD2t6                Cadmium  Cd2  transport out via proton antiport  periplasmexternal
  [2] CDGUNPD              3,5-cyclic-nucleotide phosphodiesterase
  [2] CDPMEK               4-(cytidine 5'-diphospho)-2-C-methyl-D-erythritol kinase
  [2] CDPPH                CDP phosphohydrolase
  [2] CELBpts              Cellobiose transport via PEPPyr PTS
  [2] CELBt2               
  [2] CELLBabc             Cellobiose transport via ATP transporter
  [2] CELLBpts_2           
  [2] CGLYabcpp            L-Cysteinylglycine (Cys-Gly) transport via ABC system (periplasm)
  [2] CHLabc               Choline transport via ABC system
  [2] CHOLD                Choline dehydrogenase
  [2] CHORM                Chorismate mutase
  [2] CHORS                Chorismate synthase
  [2] CITt14               Citrate transport in via Ca complex
  [2] CITt3pp              Citrate transport out via proton antiport (periplasm)
  [2] CITt4pp_1            Citrate transport via sodium symport  periplasm
  [2] CITtupp              Citrate transport periplasm
  [2] CMCBTFexs            Carboxymycobactin Fe loading reaction  spontaneous
  [2] CMPDAi               CMP deaminase
  [2] CO2t                 CO2 transporter via diffusion
  [2] CO2tpp               CO2 transporter via diffusion (periplasm)
  [2] COBALT2abcpp         Cobalt (Co+2) ABC transporter (periplasm)
  [2] COBALT2t3pp          Cobalt (Co+2) transport out via proton antiport (periplasm)
  [2] COBALTt4pp           Cobalt transport out via proton antiporter (periplasm)
  [2] COBALTt5             Cobalt (Co+2) transport via diffusion (extracellular to cytoplasm)
  [2] COabc                Cobalt transport via ABC system
  [2] CPGNexs              Coprogen Fe-loading reaction (spontaneaous)
  [2] CPPPGO               Coproporphyrinogen oxidase (O2 required)
  [2] CRO4abcpp            Chromate transport via ABC system (periplasm)
  [2] CRO4t3               Chromate transport out via proton antiport
  [2] CRO4t3pp             Chromate transport out via proton antiport (cytoplasm to periplasm)
  [2] CTECOAI6             3-cis-2-trans-enoyl-CoA isomerase
  [2] CTECOAI7             3-cis-2-trans-enoyl-CoA isomerase
  [2] CTECOAI8             3-cis-2-trans-enoyl-CoA isomerase
  [2] CTPS1                CTP synthase  NH3
  [2] CTPS2                CTP synthase (glutamine)
  [2] CU2abcpp             Copper (Cu+2) ABC transporter (periplasm)
  [2] CU2tpp               Copper transport in via permease (no H+)
  [2] CYS                  L-cysteine
  [2] CYSDS                Cysteine Desulfhydrase
  [2] CYSGL                Cystathionine gamma-lyase
  [2] CYSK2_I              O-Phospho-L-Serine-dependent S-Suflocysteine Synthase
  [2] CYSS                 Cysteine synthase
  [2] CYSS_2               Cysteine synthase
  [2] CYSTGL               Cystathionine g lyase
  [2] CYSTL                Cystathionine b-lyase
  [2] CYSTS                Cystathionine beta synthase
  [2] CYST_II              
  [2] CYSabc               L-cysteine transport via ABC system
  [2] CYSabc2pp            L-cysteine export via ABC system (cytoplasm to periplasm)
  [2] CYSabcpp             L-cysteine uptake via ABC system (periplasm)
  [2] CYStpp               L-cysteine export via facilitated transport
  [2] CYTBD2pp             Cytochrome oxidase bd (menaquinol-8: 2 protons) (periplasm)
  [2] CYTB_B2              Menaquinol oxidase  71 protons
  [2] CYTB_B3              Menauinol oxidase  72 protons
  [2] CYTD                 Cytidine deaminase
  [2] CYTDH                Cytidine hydrolase
  [2] CYTDK1               ATP:cytidine 5'-phosphotransferase
  [2] CYTDK2               Cytidine kinase (GTP)
  [2] CYTDt2               Cytidine transport in via proton symport
  [2] CYTK1                Cytidylate kinase (CMP)
  [2] CYTK2                Cytidylate kinase (dCMP)
  [2] CYTOM                Cytosine 5 methyltransferase
  [2] Clt                  Major Facilitator(MFS) TCDB:2.A.1.14.6
  [2] Cobalt2abcppI        Cobalt II transport via ABC system periplasm I
  [2] Cut1                 Copper export via ATPase
  [2] D5KGK                2-Deoxy-5-Keto-D-gluconate kinase
  [2] D5KGPA               2-Deoxy-5-keto-D-gluconate 6-phosphate aldolase
  [2] DABAAT2              DABA aminotransferase
  [2] DACL                 
  [2] DADK                 Deoxyadenylate kinase
  [2] DADNK                Deoxyadenosine kinase
  [2] DADNK_1              Deoxyadenosine kinase
  [2] DAGK                 Diacylglycerol kinase
  [2] DAGK160              Diacylglycerol kinase (n-C16:0)
  [2] DAGK_BS              Diacylglycerol kinase
  [2] DALAALAD             Beta alanine L alanine dipeptidase
  [2] DALADALAD            Beta alanine beta alanine dipeptidase
  [2] DALAGLYD             Beta alanine L glycine dipeptidase
  [2] DALALEUD             Beta alanine L leucine dipeptidase
  [2] DALAOX               D amino acid oxidase
  [2] DALAt2pp             D-alanine transport in via proton symport (periplasm)
  [2] DALAt2r              D-alanine transport via proton symport
  [2] DAPAT                Cadaverine aminotranferase
  [2] DAPDA                N-acetyl-L,L-diaminopimelate deacetylase
  [2] DAPDC                Diaminopimelate decarboxylase
  [2] DASYN160             CDP-diacylglycerol synthetase (n-C16:0)
  [2] DASYN161             CDP-diacylglycerol synthetase (n-C16:1)
  [2] DASYN180             CDP-diacylglycerol synthetase (n-C18:0)
  [2] DASYN181             CDP-diacylglycerol synthetase (n-C18:1)
  [2] DATPHs               DATP amine hydrolysis (spontaneous)
  [2] DB4PS                3,4-Dihydroxy-2-butanone-4-phosphate synthase
  [2] DCAtex               Decanoate transport via diffusion (extracellular to periplasm)
  [2] DCMPDA               DCMP deaminase
  [2] DCYTD                Deoxycytidine deaminase
  [2] DCYTt2               Deoxycytidine transport in via proton symport
  [2] DDCAtexi             Fatty acid (dodecanoate) transport via facilitated irreversible diffusion (extracellular to periplasm)
  [2] DDGLCNt2r            2-dehydro-3-deoxy-D-gluconate transport via proton symport, reversible
  [2] DDGLK                2-dehydro-3-deoxygluconokinase
  [2] DDPA                 3-deoxy-D-arabino-heptulosonate 7-phosphate synthetase
  [2] DGK1                 Deoxyguanylate kinase (dGMP:ATP)
  [2] DGNSK                Deoxyguanosine kinase
  [2] DGNSK_1              ATP deoxyguanosine 5'-phosphotransferase
  [2] DGUNC                Diguanylate cyclase
  [2] DH23t                
  [2] DHACOAH              2,3-dehydroadipyl-CoA hydratase
  [2] DHAD1                Dihydroxy-acid dehydratase (2,3-dihydroxy-3-methylbutanoate)
  [2] DHAD2                Dihydroxy-acid dehydratase (2,3-dihydroxy-3-methylpentanoate)
  [2] DHAD3                Dihydroxy acid dehydratase  2 3 dihydroxy 3 methylpentanoate
  [2] DHAK                 Dihydroxyacetone kinase
  [2] DHAPT                Dihydroxyacetone phosphotransferase
  [2] DHBD                 2,3-dihydro-2,3-dihydroxybenzoate dehydrogenase
  [2] DHBSZ3FEexs          23dhbsz3 Fe III sequestration
  [2] DHDPRy               Dihydrodipicolinate reductase (NADPH)
  [2] DHDPS                Dihydrodipicolinate synthase
  [2] DHFR                 Dihydrofolate reductase
  [2] DHFS                 Dihydrofolate synthase
  [2] DHNAOT_1             1 4 dihydroxy 2 naphthoate octaprenyltransferase
  [2] DHNCOAS              1,4-dihydroxy-2-napthoyl-CoA synthase
  [2] DHORTS               Dihydroorotase
  [2] DHPPDA               Diaminohydroxyphosphoribosylaminopyrimidine deaminase
  [2] DHPS                 Dihydropteroate synthase
  [2] DHQS                 3-dehydroquinate synthase
  [2] DHQTi                3-dehydroquinate dehydratase, irreversible
  [2] DINSK                Deoxyinosine kinase
  [2] DIPEPabc1            Dipeptide transport via ABC system  ala asp
  [2] DIPEPabc10           Dipeptide transport via ABC system  gly glu
  [2] DIPEPabc12           Dipeptide transport via ABC system  met ala
  [2] DIPEPabc13           Dipeptide transport via ABC system  gly asp
  [2] DIPEPabc14           Dipeptide transport via ABC system  gly pro L
  [2] DIPEPabc15           Dipeptide transport via ABC system  cgly
  [2] DIPEPabc3            Dipeptide transport via ABC system  ala glu
  [2] DIPEPabc8            Dipeptide transport via ABC system  gly asn
  [2] DKDID                D-2,3-Diketo 4-deoxy-epi-inositol dehydratase
  [2] DKMD2K               1 2 dihydroxy 3 keto 5 methylthiopentene dioxygenase  2 keto 4 methylthiobutyrate
  [2] DM1PE                2 3 diketo 5 methylthiopentyl 1 phosphate enolase
  [2] DMATT                Dimethylallyltranstransferase
  [2] DMPPS                1-hydroxy-2-methyl-2-(E)-butenyl 4-diphosphate reductase (dmpp)
  [2] DNADDP               Deamino-NAD+ nucleotidohydrolase
  [2] DNMPPA               Dihydroneopterin monophosphate dephosphorylase
  [2] DNTAep               N N bis 3 5 dinitrotolyl  amine extrusion pump
  [2] DNTPPA               Dihydroneopterin triphosphate pyrophosphatase
  [2] DPR                  2-dehydropantoate 2-reductase
  [2] DRBK                 Deoxyribokinase
  [2] DRIBabc              Deoxyribose transport via ABC system
  [2] DRPA                 Deoxyribose-phosphate aldolase
  [2] DSERDHr              D-serine dehydrogenase
  [2] DSERt2               D-serine transport via proton symport
  [2] DSERt2pp             D-serine transport in via proton symport (periplasm)
  [2] DTMPK                DTMP kinase
  [2] DURIK1               Deoxyuridine kinase (ATP:Deoxyuridine)
  [2] DURIPP               Deoxyuridine phosphorylase
  [2] DURIPP_1             Deoxyuridine phosphorylase
  [2] DUTPDP               DUTP diphosphatase
  [2] DXPRIi               1-deoxy-D-xylulose reductoisomerase
  [2] DXPS                 1-deoxy-D-xylulose 5-phosphate synthase
  [2] E4PD                 Erythrose 4-phosphate dehydrogenase
  [2] ECOAH1               3-hydroxyacyl-CoA dehydratase (3-hydroxybutanoyl-CoA)
  [2] ECOAH1_1             3 hydroxyacyl CoA dehydratase  3 hydroxybutanoyl CoA
  [2] ECOAH2               3-hydroxyacyl-CoA dehydratase (3-hydroxyhexanoyl-CoA)
  [2] ECOAH2c              Enoyl CoA hydratase  bacterial
  [2] ECOAH3               3-hydroxyacyl-CoA dehydratase (3-hydroxyoctanoyl-CoA)
  [2] ECOAH4               3-hydroxyacyl-CoA dehydratase (3-hydroxydecanoyl-CoA)
  [2] ECOAH5               3-hydroxyacyl-CoA dehydratase (3-hydroxydodecanoyl-CoA)
  [2] ECOAH5_1             3 hydroxyacyl CoA dehydratase  3 hydroxydodecanoyl CoA
  [2] ECOAH6               3-hydroxyacyl-CoA dehydratase (3-hydroxytetradecanoyl-CoA)
  [2] ECOAH7               3-hydroxyacyl-CoA dehydratase (3-hydroxyhexadecanoyl-CoA)
  [2] ECOAH8               3-hydroxyacyl-CoA dehydratase (3-hydroxyoctadecanoyl-CoA)
  [2] ECOAH9ir             2 Methylprop 2 enoyl CoA  2 Methylbut 2 enoyl CoA
  [2] EDA                  2-dehydro-3-deoxy-phosphogluconate aldolase
  [2] ENO                  Enolase
  [2] ETHSO3abcpp          Ethanesulfonate transport via ABC system (periplasm)
  [2] F1PP                 D-fructose 1-phosphate phosphatase
  [2] F6PP                 D-fructose 6-phosphate phosphatase
  [2] FA80ACPHi            Fatty-acyl-ACP hydrolase
  [2] FADH2D               FADH2 dehydrogenase (menaquinone 7 as acceptor)
  [2] FADMQOR              Menaquinone:FAD oxidoreductase
  [2] FALDep               Formaldehyde extrusion pump
  [2] FBA                  Fructose-bisphosphate aldolase
  [2] FBA3                 Sedoheptulose 1,7-bisphosphate D-glyceraldehyde-3-phosphate-lyase
  [2] FBP                  Fructose-bisphosphatase
  [2] FCLT_2               Heme B synthesis reaction
  [2] FDH                  Formate dehydrogenase
  [2] FDMO                 FMNH2-dependent monooxygenase
  [2] FDMO3                FMNH2-dependent monooxygenase (ethanesulfonate)
  [2] FDMO3_1              FMN dependent monooxygenase  hexanesulfonate
  [2] FDMO4                FMNH2-dependent monooxygenase (butanesulfonate)
  [2] FDMO4_1              FMN dependent monooxygenase  taurine
  [2] FDMO6                FMNH2-dependent monooxygenase (sulfoacetate)
  [2] FE2Gabcpp            Iron (II) transport via ABC system (GTP) (periplasm)
  [2] FE2abc               Iron (II) transport via ABC system
  [2] FE2abcpp             Iron (II) transport via ABC system (periplasm)
  [2] FE2t                 Iron  II  transport
  [2] FE2t3pp              Iron (Fe+2) transport out via proton antiport (periplasm)
  [2] FE2t4pp              Iron(II) transport out via antiport (periplasm)
  [2] FE3DCITexs           Dicitrate Fe(III) binding (spontaneous)
  [2] FE3Gabcpp            Iron (III) transport via ABC system (GTP) (periplasm)
  [2] FE3PYOVDL2           Ferripyoverdine complex formation  P putida KT2440 specific
  [2] FE3abc               Iron (III) transport via ABC system
  [2] FE3abcpp             Iron (III) transport via ABC system (periplasm to cytoplasm)
  [2] FE3t                 Ferric iron uptake, plasma membrane
  [2] FEDCabc              Iron  III  dicitrate transport via ABC system
  [2] FEENTERexs           Enterobactin Fe(III) binding (spontaneous)
  [2] FEOXAMexs            Ferroxamine Fe3-loading reaction (spontaneous)
  [2] FFSD                 Beta-fructofuranosidase
  [2] FFSD1r               Beta-fructofuranosidase
  [2] FGLU_1               Formimidoylglutamase
  [2] FMNAT                FMN adenylyltransferase
  [2] FMNRx                FMN reductase
  [2] FMNRx2               FMN reductase
  [2] FMNRy                FMN reductase  NADPH dependent
  [2] FOLD3                Dihydropteroate synthase
  [2] FOLR2                Folate reductase
  [2] FOMETRi              Aminomethyltransferase
  [2] FORAMD               FORAMD
  [2] FRD2                 Fumarate reductase
  [2] FRD3                 Fumarate reductase
  [2] FRDO                 FRDO
  [2] FRDx                 Fumarate reductase NADH
  [2] FRUK                 Fructose-1-phosphate kinase
  [2] FRUpts               D-fructose transport via PEP:Pyr PTS
  [2] FRUpts2              Fructose transport via PEP:Pyr PTS (f6p generating)
  [2] FTHFCL               5 formethyltetrahydrofolate cyclo ligase
  [2] FTHFLi               Formate-tetrahydrofolate ligase
  [2] FUM                  Fumarase
  [2] FUMAC                Fumarylacetoacetase
  [2] G1PP                 Glucose-1-phosphatase
  [2] G3PAT160             Glycerol-3-phosphate acyltransferase (C16:0)
  [2] G3PAT161             Glycerol-3-phosphate acyltransferase (C16:1)
  [2] G3PAT180             Glycerol-3-phosphate acyltransferase (C18:0)
  [2] G3PAT181             Glycerol-3-phosphate acyltransferase (C18:1)
  [2] G3PCT                Glycerol-3-phosphate cytidylyltransferase
  [2] G3PD1ir              Glycerol 3 phosphate dehydrogenase  NAD
  [2] G3PD4                Glycerol 3 phosphate dehydrogenase  menaquinone 7
  [2] G3PEabcpp            Sn-glycerol-3-phosphoethanolamine transport via ABC system (periplasm)
  [2] G3PT                 Glycerol-3-phosphatase
  [2] G5SADs               L-glutamate 5-semialdehyde dehydratase (spontaneous)
  [2] G5SD                 Glutamate-5-semialdehyde dehydrogenase
  [2] G6PBDH               Beta-D-Glucose-6-phosphate NADP+ 1-oxoreductase
  [2] G6PDA                Glucosamine-6-phosphate deaminase
  [2] G6PDH2r              Glucose 6-phosphate dehydrogenase
  [2] G6PP                 Glucose-6-phosphate phosphatase
  [2] GALK2                Galactokinase
  [2] GALKr                Galactokinase
  [2] GALS3                A-galactosidase (melibiose)
  [2] GALT                 Galactose 1 phosphate uridylyltransferase
  [2] GALTpts              Galactitol transport via PEP:Pyr PTS
  [2] GALURDH              Galacturonate dehydrogenase
  [2] GALURt2rpp           D-galacturonate transport via proton symport, reversible (periplasm)
  [2] GALUi                UTP-glucose-1-phosphate uridylyltransferase (irreversible)
  [2] GALabc               D-galactose transport via ABC system
  [2] GALabcpp             D-galactose transport via ABC system (periplasm)
  [2] GALpts               Galactose transport via PTS
  [2] GALt2_3              
  [2] GALt2pp              D-galactose transport in via proton symport (periplasm)
  [2] GAMpts               D-glucosamine transport via PEP:Pyr PTS
  [2] GAPD                 Glyceraldehyde-3-phosphate dehydrogenase
  [2] GAPDi_nadp           Glyceraldehyde-3-phosphate dehydrogenase (NAD(P)+) (phosphorylating)
  [2] GARFT                Phosphoribosylglycinamide formyltransferase
  [2] GCALDD               Glycolaldehyde dehydrogenase
  [2] GCCa                 Glycine-cleavage complex
  [2] GCCa_1               Glycine-cleavage complex
  [2] GCCb                 Glycine cleavage complex
  [2] GCCb_1               Glycine cleavage complex
  [2] GCCc                 Glycine-cleavage complex
  [2] GCCc_1               Glycine-cleavage complex
  [2] GDH1                 Glutamate dehydrogenase (NAD)
  [2] GDPTPDP              Guanosine 3'-diphosphate 5'-triphosphate 3'-diphosphatase
  [2] GF6PTA               Glutamine-fructose-6-phosphate transaminase
  [2] GHMT2r               Glycine hydroxymethyltransferase, reversible
  [2] GK1                  Guanylate kinase (GMP:ATP)
  [2] GK2                  Guanylate kinase  GMPdATP
  [2] GLCADpts             
  [2] GLCAt2               
  [2] GLCDpp               Glucose dehydrogenase (ubiquinone-8 as acceptor) (periplasm)
  [2] GLCNt2ir             D gluconate transport via proton symport
  [2] GLCNt2r              D-gluconate transport via proton symport, reversible
  [2] GLCNt2rpp            D-gluconate transport via proton symport, reversible (periplasm)
  [2] GLCURDH              Glucoronate dehydrogenase
  [2] GLCURt2rpp           D-glucuronate transport via proton symport, reversible (periplasm)
  [2] GLCabc               D-glucose transport via ABC system
  [2] GLCabcpp             D-glucose transport via ABC system (periplasm)
  [2] GLCpts               D-glucose transport via PEP:Pyr PTS
  [2] GLCptspp             D-glucose transport via PEP:Pyr PTS (periplasm)
  [2] GLCt2pp              D-glucose transport in via proton symport (periplasm)
  [2] GLGC                 Glucose-1-phosphate adenylyltransferase
  [2] GLNS                 Glutamine synthetase
  [2] GLNabc               L-glutamine transport via ABC system
  [2] GLTPD                Galactitol-1-phosphate dehydrogenase
  [2] GLU5K                Glutamate 5-kinase
  [2] GLUDC                Glutamate Decarboxylase
  [2] GLUDxi               Glutamate dehydrogenase  NAD
  [2] GLUDy                Glutamate dehydrogenase (NADP)
  [2] GLUDy_1              Glutamate dehydrogenase (NADP)
  [2] GLUKA_1              Glucokinase/hexokinase (glc-A)
  [2] GLUN                 Glutaminase
  [2] GLUPRT               Glutamine phosphoribosyldiphosphate amidotransferase
  [2] GLUR                 Glutamate racemase
  [2] GLUSfx               Glutamate synthase (ferredoxin)
  [2] GLUSx                Glutamate synthase  NADH2
  [2] GLUSy                Glutamate synthase (NADPH)
  [2] GLUTARH              Glutarate hydroxylase
  [2] GLUTRR               Glutamyl-tRNA reductase
  [2] GLUTRS               Glutamyl-tRNA synthetase
  [2] GLUabc               L-glutamate transport via ABC system
  [2] GLUt2r               L glutamate transport via proton symport  reversible
  [2] GLUt2rpp             L-glutamate transport via proton symport, reversible (periplasm)
  [2] GLUt4                Na+/glutamate symport
  [2] GLUt4pp              Na+/glutamate symport (periplasm)
  [2] GLXCBL               Glyoxalate carboligase
  [2] GLXO1                Glyoxylate oxidase
  [2] GLYALDDr             D-Glyceraldehyde dehydrogenase
  [2] GLYBabc              Glycine betaine transport via ABC system
  [2] GLYBt2r              Glycine betaine transport via proton symport, reversible
  [2] GLYBt3pp             Glycine betaine transport via proton antiport (periplasm)
  [2] GLYC3Pabcpp          Sn-Glycerol 3-phosphate transport via ABC system (periplasm)
  [2] GLYCDH               Glycerol dehydratase
  [2] GLYCK                Glycerate kinase
  [2] GLYCL                Glycine Cleavage System
  [2] GLYCLTDx             Glycolate dehydrogenase (NAD)
  [2] GLYCTO1              Glycolate oxidase
  [2] GLYCTO3              Glycolate oxidase
  [2] GLYCYSAP             Gly-Cys aminopeptidase
  [2] GLYCYSabc            Gly-Cys ABC transporters
  [2] GLYGLNabcpp          L Glycinylglutamine  Gly Gln  transport via ABC system  periplasm
  [2] GLYGLNtr             Dipeptide transport via ABC system gly-gln
  [2] GLYGLUabcpp          L Glycinylglutamate  Gly Glu  transport via ABC system  periplasm
  [2] GLYGLYCNc            Hydrolysis of glycylycine for uptake
  [2] GLYGLYGLNtr          Tripeptide transport
  [2] GLYGLYabcpp          L Glycinilglycine  Gly Gly  transport via ABC system  periplasm
  [2] GLYK                 Glycerol kinase
  [2] GLYLEUAP             Gly-Leu aminopeptidase
  [2] GLYLEUtr             Gly-Leu ABC transporters
  [2] GLYMETabcpp          L Glycinylmethionine  Gly Met  transport via ABC system  periplasm
  [2] GLYMETtr             Dipeptide transport via ABC system gly-met
  [2] GLYO1                Glycine oxidase
  [2] GLYOX                Hydroxyacylglutathione hydrolase
  [2] GLYPHEAP             Gly-Phe aminopeptidase
  [2] GLYPHEHYc            Hydrolysis of glycylphenylalanine
  [2] GLYPHEabcpp          L Glycinilphenylalanin  Gly Phe  transport via ABC system  periplasm
  [2] GLYPHEtr             Gly-Phe ABC transporters
  [2] GLYSERabcpp          L Glycinylserine  Gly Ser  transport via ABC system  periplasm
  [2] GLYTYRAP             Gly-Try aminopeptidase
  [2] GLYTYRabc            Gly-Try ABC transporters
  [2] GLYabc               Glycine transport via ABC system
  [2] GLYt2pp              Glycine transport in via proton symport (periplasm)
  [2] GLYt2r               Glycine reversible transport via proton symport
  [2] GLYt4                Glycine transport via sodium symport
  [2] GMPR                 GMP reductase
  [2] GMPS2                GMP synthase
  [2] GND                  Phosphogluconate dehydrogenase
  [2] GNK_1                Gluconokinase
  [2] GNKr                 Gluconokinase
  [2] GNNUC                Ribosylpyrimidine nucleosidase
  [2] GNP                  Phosphogluconate phosphatase
  [2] GPDDA2               Glycerophosphodiester phosphodiesterase (Glycerophosphoethanolamine)
  [2] GPDDA4               Glycerophosphodiester phosphodiesterase (Glycerophosphoglycerol)
  [2] GRTT                 Geranyltranstransferase
  [2] GSNt2pp              Guanosine transport in via proton symport (periplasm)
  [2] GTHOr                Glutathione oxidoreductase
  [2] GTHPi                Glutathione peridoxase
  [2] GTHRDH_syn           Glutathione hydralase (periplasmic)
  [2] GTHRDabc2pp          Glutathione export via ABC system (cytoplasm to periplasm)
  [2] GTHRDabcpp           Reduced glutathione via ABC system (periplasm)
  [2] GTHRDt2_1            Glutathione transport
  [2] GTPCI                GTP cyclohydrolase I
  [2] GTPCII               GTP cyclohydrolase II
  [2] GTPDPK               GTP diphosphokinase
  [2] GTPDPK_1             ATP:GTP 3'-diphosphotransferase
  [2] GTPHs                GTP amine hydrolysis (spontaneous)
  [2] GUACYC               Guanylate cyclase
  [2] GUAPRT               Guanine phosphoribosyltransferase
  [2] GUAt2pp              Guanine transport in via proton symport (periplasm)
  [2] GUAt2r               Guanine reversible transport via proton symport
  [2] GUI2                 Glucuronate isomerase (D-galacturonate)
  [2] H2CO3D2              Carboxylic acid dissociation
  [2] H2Ot                 H2O transport via diffusion
  [2] H2Otpp               H2O transport via diffusion (periplasm)
  [2] H2SO                 Hydrogen sulfide oxidation
  [2] H2tpp                Hydrogen transport diffusion (periplasm)
  [2] HACD1                3-hydroxyacyl-CoA dehydrogenase (acetoacetyl-CoA)
  [2] HACD1_1              3 hydroxyacyl CoA dehydrogenase  acetoacetyl CoA
  [2] HACD1i               3-hydroxyacyl-CoA dehydrogenase (acetoacetyl-CoA)
  [2] HACD2                3-hydroxyacyl-CoA dehydrogenase (3-oxohexanoyl-CoA)
  [2] HACD3                3-hydroxyacyl-CoA dehydrogenase (3-oxooctanoyl-CoA)
  [2] HACD4                3-hydroxyacyl-CoA dehydrogenase (3-oxodecanoyl-CoA)
  [2] HACD5                3-hydroxyacyl-CoA dehydrogenase (3-oxododecanoyl-CoA)
  [2] HACD6                3-hydroxyacyl-CoA dehydrogenase (3-oxotetradecanoyl-CoA)
  [2] HACD7                3-hydroxyacyl-CoA dehydrogenase (3-oxohexadecanoyl-CoA)
  [2] HACD8                3-hydroxyacyl-CoA dehydrogenase (3-oxooctadecanoyl-CoA), peroxisomal
  [2] HACD8i               3-hydroxyacyl-CoA dehydrogenase (3-oxooctadecanoyl-CoA)
  [2] HACD9                3 hydroxyacyl CoA dehydrogenase  2 Methylacetoacetyl CoA
  [2] HACOADr              3 hydroxyacyl CoA dehydrogenase
  [2] HADPCOADH            3-hydroxyadipyl-CoA dehydrogenase
  [2] HCO3E                HCO3 equilibration reaction
  [2] HCYSMT               Homocysteine S-methyltransferase
  [2] HCYSMT2              Homocysteine Methyltransferase
  [2] HDECH                
  [2] HEMEOS_1             Heme O synthase
  [2] HETZK                Hydroxyethylthiazole kinase
  [2] HEX1                 Hexokinase (D-glucose:ATP)
  [2] HEX4                 Hexokinase (D-mannose:ATP)
  [2] HEX7                 Hexokinase (D-fructose:ATP)
  [2] HEXSabc              Hexanesulfonate transport via ABC system
  [2] HEXt2rpp             Hexanoate transport via proton symport, reversible (periplasm)
  [2] HG2abcpp             Mercury (Hg+2) ABC transporter (periplasm)
  [2] HG2t3pp              Mercury (Hg+2) transport out via proton antiport (periplasm)
  [2] HGNTOR               Homogentisateoxygen 1 2 oxidoreductase  decyclizing
  [2] HIBD                 3 hydroxyisobutyrate dehydrogenase
  [2] HISDr                Histidase r
  [2] HISGLYabcpp          L Histidinylglycine  His Gly  transport via ABC system  periplasm
  [2] HISHISabcpp          L Histidinylhistidine  His His  transport via ABC system  periplasm
  [2] HISTD                Histidinol dehydrogenase
  [2] HISTP                Histidinol-phosphatase
  [2] HISTP_1              Histidinol-phosphatase
  [2] HISabc               L-histidine transport via ABC system
  [2] HISt2r               L histidine reversible transport via proton symport
  [2] HKM1PP               2 hydroxy 3 keto 5 methylthiopentenyl 1 phosphate phophatase
  [2] HMBS                 Hydroxymethylbilane synthase
  [2] HMGL                 Hydroxymethylglutaryl-CoA lyase
  [2] HMGL_2               
  [2] HMPK1                Hydroxymethylpyrimidine kinase (ATP)
  [2] HMPPtr               Hydroxymethl pyrimidine phosphate ABC transport
  [2] HMR_9610             Na+/succinate symporter
  [2] HOXPRx               2 hydroxy 3 oxopropionate reductase  NAD
  [2] HPHACA               2--hydroxyphenylacetate hydroxylase
  [2] HPPK                 2-amino-4-hydroxy-6-hydroxymethyldihydropteridine diphosphokinase
  [2] HQNt6                Hydroquinone transport inout via proton symport
  [2] HSDxi                Homoserine dehydrogenase  NADH   irreversible
  [2] HSDy                 Homoserine dehydrogenase (NADPH)
  [2] HSK                  Homoserine kinase
  [2] HSTPT                Histidinol-phosphate transaminase
  [2] HSTPTr               Histidinol phosphate transaminase
  [2] HXANt2pp             Hypoxanthine transport in via proton symport (periplasm)
  [2] HXANt2r              Hypoxanthine reversible transport via proton symport
  [2] HXAtex               Hexanoate transport via diffusion (extracellular to periplasm)
  [2] HXCT                 Acetyl-CoA:hexanoate-CoA transferase
  [2] HXPRT                Hypoxanthine phosphoribosyltransferase (Hypoxanthine)
  [2] HYPOE                Hypothetical enyme
  [2] Htex                 Proton transport via diffusion (extracellular to periplasm)
  [2] IBTMr                Isobutyryl-CoA mutase
  [2] ICDHyr               Isocitrate dehydrogenase (NADP)
  [2] ICHORT               Isochorismatase
  [2] ICL                  Isocitrate lyase
  [2] IG3PS_1              Imidazole glycerol 3 phosphate synthase
  [2] IGPDH_1              Imidazoleglycerol phosphate dehydratase
  [2] IGPS                 Indole-3-glycerol-phosphate synthase
  [2] ILEDHr               Isoleucine dehydrogenase
  [2] ILETA                Isoleucine transaminase
  [2] ILEabc               L-isoleucine transport via ABC system
  [2] ILEabcpp             L-isoleucine transport via ABC system (periplasm)
  [2] ILEt2r               L isoleucine reversible transport via proton symport
  [2] IMPC                 IMP cyclohydrolase
  [2] IMPD                 IMP dehydrogenase
  [2] IND3ACtpp            Indole 3 acetic acid export  periplasm
  [2] INOSR                Ketoinositol reductase
  [2] INS2D                Inositol 2-dehydrogenase
  [2] INSCR                Inositol catabolic reactions  lumped
  [2] INSH                 Inosine hydrolase
  [2] INSTabc              Inositol transport in via ABC transport
  [2] INSTt2               Inositol transport in via proton symport
  [2] IPDPS                1-hydroxy-2-methyl-2-(E)-butenyl 4-diphosphate reductase (ipdp)
  [2] IPMD                 3-isopropylmalate dehydrogenase
  [2] IPPMIa               3-isopropylmalate dehydratase
  [2] IPPMIb               2-isopropylmalate hydratase
  [2] ISETACabcpp          Isethionate transport via ABC system (periplasm)
  [2] ITCY                 ITP:cytidine 5'-phosphotransferase
  [2] IZPN                 Imidazolonepropionase
  [2] IZPN_1               Imidazolonepropionase
  [2] KARA1                Ketol-acid reductoisomerase (2,3-dihydroxy-3-methylbutanoate)
  [2] KARA2                Ketol-acid reductoisomerase (2-Acetolactate)
  [2] Kabc                 Potassium ABC transporter
  [2] Kabcpp               Potassium ABC transporter (periplasm)
  [2] Kt1                  Potassium transport via uniport (facilitated diffusion)
  [2] Kt2r                 Potassium reversible transport  via proton symport
  [2] Kt3r                 Potassium transport out via proton antiport
  [2] LALGP                L-alanyl-gamma-L-glutamate peptidase
  [2] LCADi                Lactaldehyde dehydrogenase
  [2] LDGUNPD              Linear diguanylate phosphodiesterase
  [2] LDH_D                D-lactate dehydrogenase
  [2] LDH_L                L-lactate dehydrogenase
  [2] LEULEULAPc           Hydrolysis of Leucylleucine in the small intestine for cellular uptake
  [2] LEULEUabcpp          L leucylleucine  leuleu  transport via ABC system  periplasm
  [2] LEUTA                Leucine transaminase
  [2] LEUabc               L-leucine transport via ABC system
  [2] LEUabcpp             L-leucine transport via ABC system (periplasm)
  [2] LEUt2r               L leucine reversible transport via proton symport
  [2] LEUt3pp              L-leucine transport out via proton antiport (periplasm)
  [2] LIPAMPL              Lipoyl-adenylate protein ligase
  [2] LIPATPT_2            Lipoate-ATP adenylate transferase
  [2] LIPO1S24_BS          Lipoteichoic acid synthesis  n24   linked  glucose substituted
  [2] LIPO2S24_BS          Lipoteichoic acid synthesis  n24   linked  N acetylglucosamine substituted
  [2] LIPO3S24_BS          Lipoteichoic acid synthesis  n24   unliked  D alanine substituted
  [2] LIPO4S24_BS          Lipoteichoic acid synthesis  n24   linked  unsubstituted
  [2] LIPOPBt              Lipoate transport via proton symport
  [2] LLEUDr               L leucine dehydrogenase
  [2] LPLIPAL1A160pp       Lysophospholipase L1 (2-acylglycerophosphotidate, n-C16:0) (periplasm)
  [2] LPLIPAL1A161pp       Lysophospholipase L1 (2-acylglycerophosphotidate, n-C16:1) (periplasm)
  [2] LPLIPAL1E180pp       Lysophospholipase L1 (2-acylglycerophosphoethanolamine, n-C18:0) (periplasm)
  [2] LPLIPAL2E161         Lysophospholipase L2 (2-acylglycerophosphoethanolamine, n-C16:1)
  [2] LPLIPAL2G181         Lysophospholipase L2 (2-acylglycerophosphoglycerol, n-C18:1)
  [2] LSERDHr              L-serine dehydrogenase
  [2] LTHRK                L threonine kinase
  [2] LYSDC                Lysine decarboxylase
  [2] LYSGLUGLYtr          Tripeptide transport
  [2] LYSabc               L-lysine transport via ABC system
  [2] LYSabcpp             L-lysine transport via ABC system (periplasm)
  [2] LYSt3pp              L-lysine transport out via proton antiport (cytoplasm to periplasm)
  [2] LYSt3r               L lysine transport out via proton antiport reversible
  [2] M1PD                 Mannitol-1-phosphate 5-dehydrogenase
  [2] MAL6PG               Maltose 6  phosphate glucosidase
  [2] MALDDH               Malate decarboxylating oxidoreductase (decarboxylating)
  [2] MALDt2_2pp           D-Malate transport via proton symport (2 H) (periplasm)
  [2] MALT                 Alpha glucosidase
  [2] MALTTRabc            Maltotriose transport via ABC system
  [2] MALTTTRabc           Maltotetraose transport via ABC system
  [2] MALTabc              Maltose transport via ABC system
  [2] MALTpts              Maltose transport via PEP:Pyr PTS
  [2] MALTt2               Maltose transport in via proton symport
  [2] MALt4                Namalate symporter
  [2] MAN6PI               Mannose-6-phosphate isomerase
  [2] MANGLYCptspp         2-O-alpha-mannosyl-D-glycerate transport via PEP:Pyr PTS (periplasm)
  [2] MANPGH               2-O-alpha-mannosyl-6-phosphate-D-glycerate hydrolase
  [2] MANpts               D-mannose transport via PEP:Pyr PTS
  [2] MANt2                D mannose transport in via proton symport
  [2] MBCOAi               3-Methylbutanoyl-CoA:(acceptor) 2,3-oxidoreductase
  [2] MCA                  Methyl cis aconitase
  [2] MCBTFUexs            Mycobactin Fe loading reaction  spontaneous
  [2] MCCC                 Methylcrotonoyl-CoA carboxylase
  [2] MCITL2               Methylisocitrate lyase
  [2] MCSNAH               5-Methylcytosine aminohydrolase
  [2] MCTC_1               
  [2] MCTP1App             Murein crosslinking transpeptidase 1A:(A2pm->D-ala) (periplasm)
  [2] MCTP2App             Murein crosslinking transpeptidase 1A:(A2pm->D-ala) (periplasm)
  [2] MDDCP2pp             Murein D,D-carboxypeptidase (murein5px4px4p) (periplasm)
  [2] MDDEP1pp             Murein D,D-endopeptidase (murein4px4p) (periplasm)
  [2] MDDEP3pp             Murein D,D-endopeptidase (murein5px4p) (periplasm)
  [2] MDH                  Malate dehydrogenase
  [2] MDNTHAep             N  2 methyl 3 5 dinitrophenyl  4 methyl 3 5 dinitroaniline extrusion pump
  [2] MDRPD                5-Methylthio-5-deoxy-D-ribulose 1-phosphate dehydratase
  [2] ME2                  Malic enzyme (NADP)
  [2] MECDPDH2             2C-methyl-D-erythritol 2,4 cyclodiphosphate dehydratase
  [2] MELIBabc             Melibiose transport via ABC system (import)
  [2] MEPCT                2-C-methyl-D-erythritol 4-phosphate cytidylyltransferase
  [2] METAT                Methionine adenosyltransferase
  [2] METB1                Metb1 (rev)
  [2] METDabc              D-methionine transport via ABC system
  [2] METGL                Methionine g lyase
  [2] METOX1s              Methionine oxidation (spontaneous)
  [2] METOX2s              Methionine oxidation 2 (spontaneous)
  [2] METS                 Methionine synthase
  [2] METSOX1abc           L-Methionine S-oxide transport via ABC system
  [2] METSOX2abc           L-Methionine R-oxide transport via ABC system
  [2] METSOXR1             L-methionine-S-oxide reductase
  [2] METSOXR2             L-methionine-R-sulfoxide reductase
  [2] METSR_R1             L methionine R oxide reductase  trdrd
  [2] METSR_R2             L methionine R oxide  H2O2
  [2] METSR_S1             L methionine S oxide reductase  trdrd
  [2] METSR_S2             L methionine S oxide reductase  H2O2
  [2] METSRabc             L methionine R oxide transport via ABC system
  [2] METSabc              L methionine S oxide transport via ABC system
  [2] METabc               L-methionine transport via ABC system
  [2] METabcpp             L-methionine transport via ABC system (periplasm)
  [2] METt3pp              L-methionine tranport out via proton antiport (periplasm)
  [2] METte                Methionine antiporter
  [2] MGCH                 Methylglutaconyl-CoA hydratase
  [2] MGSA                 Methylglyoxal synthase
  [2] MGt5                 Magnesium transport in/out via permease (no H+)
  [2] MHPGLUT              5 methyltetrahydropteroyltriglutamate homocysteine S methyltransferase
  [2] MHPGLUT2             5-methyltetrahydropteroyltriglutamate methyltransferase
  [2] MI1PP                Myo-inositol 1-phosphatase
  [2] MLDCP1App            Murein L,D-carboxypeptidase (murein5px4p) (periplasm)
  [2] MLDCP3App            Murein L,D-carboxypeptidase (murein5px3p) (periplasm)
  [2] MLDEP1pp             Murein L,D-endopeptidase (murein3px3p) (periplasm)
  [2] MLTG1                Maltodextrin glucosidase (maltotriose)
  [2] MLTG2                Maltodextrin glucosidase (maltotetraose)
  [2] MLTGY2pp             Murein lytic transglycosylase (murein4p3p) (periplasm)
  [2] MLTGY3pp             Murein lytic transglycosylase (murein3p3p) (periplasm)
  [2] MLTGY4pp             Murein lytic transglycosylase (murein4px4p4p) (periplasm)
  [2] MMCD                 Methylmalonyl-CoA decarboxylase
  [2] MMETt2pp             S-methylmethionine permease (periplasm)
  [2] MMM                  Methylmalonyl-CoA mutase
  [2] MMM2                 Methylmalonyl-CoA mutase
  [2] MN2t3pp              Manganese (Mn+2) transport out via proton antiport (periplasm)
  [2] MN6PP                Mannose 6-phosphate phosphatase
  [2] MNLpts               Mannitol transport via PEP:Pyr PTS
  [2] MNLptspp             Mannitol transport via PEP:Pyr PTS (periplasm)
  [2] MNabc                Manganese transport via ABC system
  [2] MNt2                 Manganese transport in via proton symport
  [2] MOBDabc              Molybdate transport via ABC system
  [2] MOBDabc_rev          T06232b
  [2] MOBDabcpp            Molybdate transport via ABC system (periplasm)
  [2] MOHMT                3-methyl-2-oxobutanoate hydroxymethyltransferase
  [2] MPTG                 Murein polymerizing transglycosylase
  [2] MPTG2                Murein polymerizing transglycosylase 2 (three linked units)
  [2] MSO3abc              Methanesulfonate transport via ABC system
  [2] MSO3abcpp            Methanesulfonate transport via ABC system (periplasm)
  [2] MSULR                Metanesulfonate reductase  NADPH2
  [2] MTAM_1               
  [2] MTAN                 Methylthioadenosine nucleosidase
  [2] MTHFC                Methenyltetrahydrofolate cyclohydrolase
  [2] MTHFC_1              Methenyltetrahydrofolate cyclohydrolase
  [2] MTHFD                Methylenetetrahydrofolate dehydrogenase (NADP)
  [2] MTHFD2i              Methylenetetrahydrofolate dehydrogenase  NAD
  [2] MTHFR3               5 10 methylenetetrahydrofolatereductase  NADPH
  [2] MTHTHFSs             (2R,4S)-2-methyl-2,3,3,4-tetrahydroxytetrahydrofuran synthesis (spontaneous)
  [2] MTRK                 5-methylthioribose kinase
  [2] MYCTR                MYCTR
  [2] NABTNO               N4 AcetylaminobutanalNAD oxidoreductase
  [2] NADDP                NAD diphosphatase
  [2] NADDPp_1             NAD diphosphatase, peroxisomal
  [2] NADH10               NADH dehydrogenase (menaquinone-8 & 0 protons)
  [2] NADH4                NADH dehydrogenase  Menaquinone 7  no proton
  [2] NADH5                NADH dehydrogenase (ubiquinone-8 )
  [2] NADH9                NADH dehydrogenase (demethylmenaquinone-8 & 0 protons)
  [2] NADHPO               NADH peroxidase
  [2] NADK                 NAD kinase
  [2] NADK1                NAD kinase  GTP
  [2] NADK2                NAD kinase  dATP
  [2] NADK3                NAD kinase  dGTP
  [2] NADK4                NAD kinase  dCTP
  [2] NADK5                NAD kinase  dTTP
  [2] NADK_1               NAD kinase
  [2] NADKd                NAD kinase dTTP
  [2] NADN                 NAD nucleosidase
  [2] NADPHQR2             NADPH Quinone Reductase (Ubiquinone-8)
  [2] NADPHQR3             NADPH Quinone Reductase (Menaquinone-8)
  [2] NADS1                NAD synthase (nh3)
  [2] NADS2                Nicotinate-mononucleotide adenylyltransferase
  [2] NADTRHD              NAD transhydrogenase
  [2] NAPRT                NAPRTase (rev)
  [2] NAabc                
  [2] NAabcO               Sodium transport out via ABC system
  [2] NAt3_1               Sodium proton antiporter  HNA is 11
  [2] NAt3_2               Sodium proton antiporter (H:NA is 2)
  [2] NAt3pp               Sodium transport out via proton antiport (cytoplasm to periplasm)
  [2] NBAHH_ir             Nalpha-(beta-alanyl)-L-histidine hydrolase IR
  [2] NDP3                 Nucleoside diphosphatase  GDP
  [2] NDP7                 Nucleoside diphosphatase  UDP
  [2] NDPK1                Nucleoside-diphosphate kinase (ATP:GDP)
  [2] NDPK2                Nucleoside-diphosphate kinase (ATP:UDP)
  [2] NDPK3                Nucleoside-diphosphate kinase (ATP:CDP)
  [2] NDPK4                Nucleoside-diphosphate kinase (ATP:dTDP)
  [2] NDPK5                Nucleoside-diphosphate kinase (ATP:dGDP)
  [2] NDPK6                Nucleoside-diphosphate kinase (ATP:dUDP)
  [2] NDPK7                Nucleoside-diphosphate kinase (ATP:dCDP)
  [2] NDPK8                Nucleoside-diphosphate kinase (ATP:dADP)
  [2] NDPK9                Nucleoside diphosphate kinase  ATPIDP
  [2] NH3c                 Ammomnium proton dissociation
  [2] NH4tpp_1             Ammonia ireversible transport (periplasm)
  [2] NI2abcpp             Nickle (Ni+2) ABC transporter (periplasm)
  [2] NI2t3pp              Nickle (Ni+2) transport out via proton antiport (periplasm)
  [2] NI2t4pp              Nickel transport out via antiport (periplasm)
  [2] NI2uabcpp            Nickel transport via ABC system (uptake, periplasm)
  [2] NIabc                Nickel transport via ABC system
  [2] NMNAT                Nicotinamide-nucleotide adenylyltransferase
  [2] NMNDA                Nicotinamide-nucleotide amidase
  [2] NMNHYD_1             Nicotinamide ribonucleotide phosphohydrolase
  [2] NMNN                 NMN nucleosidase
  [2] NMO                  Nitronate Monooxygenase
  [2] NNAM                 Nicotinamidase
  [2] NNATr                Nicotinate-nucleotide adenylyltransferase
  [2] NNDPR                Nicotinate-nucleotide diphosphorylase (carboxylating)
  [2] NO3abc               
  [2] NO3abcpp             Nitrate transport via ABC system (periplasm)
  [2] NODOx                Nitric oxide dioxygenase
  [2] NODOy                Nitric oxide dioxygenase
  [2] NOR_syn_1            Ferredoxin-Nitrite Reductase
  [2] NOS1_1               Nitric Oxide Synthase (intermediate forming)
  [2] NOS3                 N-omega-Hydroxyarginine NADPH oxygen oxidoreductase
  [2] NOX                  NADH oxidase
  [2] NTD1                 5'-nucleotidase (dUMP)
  [2] NTD10                5'-nucleotidase (XMP)
  [2] NTD12                5'-nucleotidase (dIMP)
  [2] NTD2                 5'-nucleotidase (UMP)
  [2] NTD3                 5'-nucleotidase (dCMP)
  [2] NTD4                 5'-nucleotidase (CMP)
  [2] NTD5                 5'-nucleotidase (dTMP)
  [2] NTD6                 5'-nucleotidase (dAMP)
  [2] NTD7                 5'-nucleotidase (AMP)
  [2] NTD8                 5'-nucleotidase (dGMP)
  [2] NTD9                 5'-nucleotidase (GMP)
  [2] NTP1                 Nucleoside-triphosphatase (ATP)
  [2] NTP10                Nucleoside-triphosphatase (ITP)
  [2] NTP3                 Nucleoside-triphosphatase (GTP)
  [2] NTP5                 Nucleoside-triphosphatase (CTP)
  [2] NTPP1                Nucleoside triphosphate pyrophosphorylase (dgtp)
  [2] NTPP10               Nucleoside triphosphate pyrophosphorylase (ditp)
  [2] NTPP10_1             Nucleoside triphosphate pyrophosphorylase (ditp)
  [2] NTPP11               Nucleoside triphosphate pyrophosphorylase (xtp)
  [2] NTPP11_1             Nucleoside triphosphate pyrophosphorylase (xtp)
  [2] NTPP1_1              Nucleoside triphosphate pyrophosphorylase (dgtp)
  [2] NTPP2                Nucleoside triphosphate pyrophosphorylase (gtp)
  [2] NTPP2_1              Nucleoside triphosphate pyrophosphorylase (gtp)
  [2] NTPP3                Nucleoside triphosphate pyrophosphorylase (dctp)
  [2] NTPP4                Nucleoside triphosphate pyrophosphorylase (ctp)
  [2] NTPP5                Nucleoside triphosphate pyrophosphorylase (datp)
  [2] NTPP6                Nucleoside triphosphate pyrophosphorylase (atp)
  [2] NTPP7                Nucleoside triphosphate pyrophosphorylase (dttp)
  [2] NTPP8                Nucleoside triphosphate pyrophosphorylase (utp)
  [2] NTPP8_1              Nucleoside triphosphate pyrophosphorylase (utp)
  [2] NTPP9                Nucleoside triphosphate pyrophosphorylase (itp)
  [2] NTPP9_1              Nucleoside triphosphate pyrophosphorylase (itp)
  [2] OAADCS               Oxaloacetate decarboxylase sodium pump
  [2] OCBT                 Ornithine carbamoyltransferase
  [2] OCBT_1               Ornithine carbamoyltransferase
  [2] OCOAT1               3-oxoacid CoA-transferase (Succinyl-CoA: acetoacetate)
  [2] OCOAT2r              3-oxoacid CoA-transferase (Succinyl-CoA: 3-methylbutanoate)
  [2] OCTAtex              Octanoate transport via diffusion (extracellular to periplasm)
  [2] OCTDPS               Octaprenyl pyrophosphate synthase
  [2] OHPBAT               O-Phospho-4-hydroxy-L-threonine:2-oxoglutarate aminotransferase
  [2] OMCDC                2-Oxo-4-methyl-3-carboxypentanoate decarboxylation
  [2] OMPDC                Orotidine-5'-phosphate decarboxylase
  [2] ORNTA                Ornithine transaminase
  [2] ORNTAC_1             Ornithine transacetylase
  [2] ORNTA_1              Ornithine transaminase
  [2] ORPT                 Orotate phosphoribosyltransferase
  [2] OXADC                Oxalate decarboxylase
  [2] OXAtpp               OxalateH antiporter  periplasm
  [2] OXCOAHDH             Oxepin-CoA hydrolase/ 3-oxo-5,6-dehydrosuberyl-CoA semialdehyde dehydrogenase (NADP+)
  [2] OXGDC                2 oxoglutarate decarboxylase
  [2] OXPTNDH              Glutarate-semialdehyde:NAD+ oxidoreductase
  [2] P52O                 
  [2] P5CD                 1-pyrroline-5-carboxylate dehydrogenase
  [2] P5CR                 Pyrroline-5-carboxylate reductase
  [2] P5CRx                Pyrroline-5-carboxylate reductase(nadh)
  [2] PA160abcpp           Phosphatidate transport via ABC system (n-C16:0, periplasm)
  [2] PA161abcpp           Phosphatidate transport via ABC system (n-C16:1, periplasm)
  [2] PACCOAE              Ring 1,2-phenylacetyl-CoA epoxidase (NADPH)
  [2] PANO                 
  [2] PANTS                Pantothenate synthase
  [2] PAP                  Phosphatidate phosphatase
  [2] PAPPT3               Phospho-N-acetylmuramoyl-pentapeptide-transferase (meso-2,6-diaminopimelate)
  [2] PAPSR                Phosphoadenylyl-sulfate reductase (thioredoxin)
  [2] PAP_BS               Phosphatidic acid phosphatase
  [2] PC                   Pyruvate carboxylase
  [2] PDE1                 3',5'-cyclic-nucleotide phosphodiesterase
  [2] PDE4                 3',5'-cyclic-nucleotide phosphodiesterase
  [2] PDHcr                Pyruvate dehydrogenase (dihydrolipoamide dehydrogenase) reversible
  [2] PE160abcpp           Phosphatidylethanolamine transport via ABC system (n-C16:0, periplasm)
  [2] PE161abcpp           Phosphatidylethanolamine transport via ABC system (n-C16:1, periplasm)
  [2] PE180abcpp           Phosphatidylethanolamine transport via ABC system (n-C18:0, periplasm)
  [2] PE181abcpp           Phosphatidylethanolamine transport via ABC system (n-C18:1, periplasm)
  [2] PEPA                 MNXR86162
  [2] PERD                 Erythronate 4-phosphate (4per) dehydrogenase
  [2] PFK                  Phosphofructokinase
  [2] PFK_2                Phosphofructokinase
  [2] PFK_4                Phosphofructokinase (s7p)
  [2] PG160abcpp           Phosphatidylglycerol transport via ABC system (n-C16:0, periplasm)
  [2] PG161abcpp           Phosphatidylglycerol transport via ABC system (n-C16:1, periplasm)
  [2] PG180abcpp           Phosphatidylglycerol transport via ABC system (n-C18:0, periplasm)
  [2] PG181abcpp           Phosphatidylglycerol transport via ABC system (n-C18:1, periplasm)
  [2] PGAMT                Phosphoglucosamine mutase
  [2] PGCD                 Phosphoglycerate dehydrogenase
  [2] PGI1c                Glucose-6-phosphateisomerase,glycosome
  [2] PGK                  Phosphoglycerate kinase
  [2] PGL                  6-phosphogluconolactonase
  [2] PGLYCP               Phosphoglycolate phosphatase
  [2] PGLYCP_1             Phosphoglycolate phosphatase
  [2] PGP181abcpp          Phosphatidylglycerophosphate transport via ABC system (n-C18:1, periplasm)
  [2] PGPP181pp            Phosphatidylglycerol phosphate phosphatase (periplasm, n-C18:1)
  [2] PGSA181              Phosphatidylglycerol synthase (n-C18:1)
  [2] PHACOAOR             Phenylacetyl-CoA oxygenase/reductase
  [2] PHETA1               Phenylalanine transaminase
  [2] PHEabc               
  [2] PHEt2r               L phenylalanine reversible transport via proton symport
  [2] PHHL                 
  [2] PHHL2                
  [2] PIabc                Phosphate transport via ABC system
  [2] PIt2r                Phosphate reversible transport via symport
  [2] PIt2rpp              Phosphate reversible transport via symport (periplasm)
  [2] PIt7                 Phosphate transport in/out via three Na+ symporter
  [2] PLCD                 PLCD
  [2] PLIPA1E160pp         Phospholipase A1 (phosphatidylethanolamine, n-C16:0) (periplasm)
  [2] PLIPA1E161pp         Phospholipase A1 (phosphatidylethanolamine, n-C16:1) (periplasm)
  [2] PLIPA1E180pp         Phospholipase A1 (phosphatidylethanolamine, n-C18:0) (periplasm)
  [2] PLIPA1E181pp         Phospholipase A1 (phosphatidylethanolamine, n-C18:1) (periplasm)
  [2] PLIPA1G160pp         Phospholipase A1 (phosphatidylglycerol, n-C16:0) (periplasm)
  [2] PLIPA1G161pp         Phospholipase A1 (phosphatidylglycerol, n-C16:1) (periplasm)
  [2] PLIPA1G180pp         Phospholipase A1 (phosphatidylglycerol, n-C18:0) (periplasm)
  [2] PLIPA1G181pp         Phospholipase A1 (phosphatidylglycerol, n-C18:1) (periplasm)
  [2] PLIPA2A160pp         Phospholipase A2 (phosphatidate, n-C16:0) (periplasm)
  [2] PLIPA2A161pp         Phospholipase A2 (phosphatidate, n-C16:1) (periplasm)
  [2] PLIPA2E180pp         Phospholipase A2 (phosphatidylethanolamine, n-C18:0) (periplasm)
  [2] PLPS_1               Pyridoxal-5-phosphate synthase
  [2] PMDPHT               Pyrimidine phosphatase
  [2] PMPK                 Phosphomethylpyrimidine kinase
  [2] PNP                  Purine nucleoside phosphorylase
  [2] PNTK                 Pantothenate kinase
  [2] PNTK_1               Pantothenate kinase
  [2] PPA                  Inorganic diphosphatase
  [2] PPAKr                Propionate kinase
  [2] PPAt2pp              H+/Propionate symporter (periplasm)
  [2] PPAt4pp              Na+/Propionate symporter (periplasm)
  [2] PPBNGS               Porphobilinogen synthase
  [2] PPC                  Phosphoenolpyruvate carboxylase
  [2] PPCDC                Phosphopantothenoylcysteine decarboxylase
  [2] PPCK                 Phosphoenolpyruvate carboxykinase
  [2] PPCOAC               Propionyl-CoA carboxylase
  [2] PPDD                 Propanediol dehydratase
  [2] PPM                  Phosphopentomutase
  [2] PPM2                 Phosphopentomutase 2 (deoxyribose)
  [2] PPNCL                Phosphopantothenate-cysteine ligase
  [2] PPND                 Prephenate dehydrogenase
  [2] PPNDH                Prephenate dehydratase
  [2] PPOR                 Phenylpyruvate:oxygen oxidoreductase (hydroxylating,decarboxylating)
  [2] PPPGO                Protoporphyrinogen oxidase (aerobic)
  [2] PPRDNDH              Piperideine dehydrogenase
  [2] PPTGS_BS             Peptidoglycan subunit synthesis
  [2] PRAGSr               Phosphoribosylglycinamide synthase
  [2] PRAIS_1              Phosphoribosylaminoimidazole synthetase
  [2] PRAMPC_1             Phosphoribosyl AMP cyclohydrolase
  [2] PRASCSi              Phosphoribosylaminoimidazolesuccinocarboxamide synthase
  [2] PRATPP               Phosphoribosyl-ATP pyrophosphatase
  [2] PRFGS                Phosphoribosylformylglycinamidine synthase
  [2] PRFGS_1              Phosphoribosylformylglycinamidine synthase
  [2] PRO1x                Proline oxidase  L proline  NAD
  [2] PROAKGOX1            Prolyl 4-hydroxylase
  [2] PROGLYabcpp          L-Prolinylglycine (Pro-Gly) transport via ABC system (periplasm)
  [2] PROHISGLUtr          Tripeptide Opp3 transport
  [2] PROabc               L-proline transport via ABC system
  [2] PROt2r               L proline reversible transport via proton symport
  [2] PROt2rpp             L-proline reversible transport via proton symport (periplasm)
  [2] PROt4                Na+/Proline-L symporter
  [2] PROt4pp              Na+/Proline-L symporter (periplasm)
  [2] PRPPS                Phosphoribosylpyrophosphate synthetase
  [2] PSCVT                3-phosphoshikimate 1-carboxyvinyltransferase
  [2] PSD161               Phosphatidylserine decarboxylase (n-C16:1)
  [2] PSD180               Phosphatidylserine decarboxylase (n-C18:0)
  [2] PSERT                Phosphoserine transaminase
  [2] PSP_L                Phosphoserine phosphatase (L-serine)
  [2] PSSA161              Phosphatidylserine syntase (n-C16:1)
  [2] PSSA180              Phosphatidylserine syntase (n-C18:0)
  [2] PSUDS                Pseudouridylate synthase
  [2] PTHPS                6-pyruvoyltetrahydropterin synthase
  [2] PTHPS_1              6-pyruvoyltetrahydropterin synthase
  [2] PTHRP                Phospho-threonine phosphatase
  [2] PTPATi               Pantetheine-phosphate adenylyltransferase
  [2] PTRCTA               Putrescine Transaminase
  [2] PTRCTA2              Putrescine Transaminase  pyruvate
  [2] PTRCabc              Putrescine transport via ABC system
  [2] PTRCabcpp            Putrescine transport via ABC system (periplasm)
  [2] PUNP1                Purine-nucleoside phosphorylase (Adenosine)
  [2] PUNP2                Purine-nucleoside phosphorylase (Deoxyadenosine)
  [2] PUNP3                Purine-nucleoside phosphorylase (Guanosine)
  [2] PUNP4                Purine-nucleoside phosphorylase (Deoxyguanosine)
  [2] PUNP5                Purine-nucleoside phosphorylase (Inosine)
  [2] PUNP6                Purine-nucleoside phosphorylase (Deoxyinosine)
  [2] PUNP7                Purine-nucleoside phosphorylase (Xanthosine)
  [2] PYDXK_1              Pyridoxal kinase
  [2] PYDXPP               Pyridoxal 5-phosphate phosphatase
  [2] PYK                  Pyruvate kinase
  [2] PYNP1                Pyrimidine-nucleoside phosphorylase (cytosine)
  [2] PYNP1_1              Pyrimidine-nucleoside phosphorylase (cytosine)
  [2] PYNP2r               Pyrimidine-nucleoside phosphorylase (uracil)
  [2] PYNP2r_1             Pyrimidine-nucleoside phosphorylase (uracil)
  [2] PYRt2rpp             Pyruvate reversible transport via proton symport (periplasm)
  [2] PYRt4pp              Pyruvate transport via sodium symport
  [2] QMO2                 Quinol monooxygenase (Ubiquinol-8)
  [2] QULNS                Quinolinate synthase
  [2] R5PP                 Ribose 5-phosphate phosphatase
  [2] RBFK                 Riboflavin kinase
  [2] RBFSa                Riboflavin synthase
  [2] RBFSa_1              Riboflavin synthase
  [2] RBFSb                Riboflavin synthase
  [2] RBK                  Ribokinase
  [2] RECOAH2              3 hydroxyacyl Coa dehydratase   3R  3 hydroxyhexanoyl CoA
  [2] RECOAH3              3 hydroxyacyl Coa dehydratase   3R  3 hydroxyoctanoyl CoA
  [2] REPHACCOAI           Ring 1,2-epoxyphenylacetyl-CoA isomerase (oxepin-CoA forming)
  [2] RHACOAR80            3R  3 Hydroxyacyl CoANADP oxidoreductase
  [2] RIBFLVt2             Riboflavin transport in via proton symport
  [2] RIBabc               D-ribose transport via ABC system
  [2] RIBabc1              D ribose transport out via ABC system
  [2] RIBabcpp             D-ribose transport via ABC system (periplasm)
  [2] RNDR1                Ribonucleoside-diphosphate reductase (ADP)
  [2] RNDR2                Ribonucleoside-diphosphate reductase (GDP)
  [2] RNDR3                Ribonucleoside-diphosphate reductase (CDP)
  [2] RNDR4                Ribonucleoside-diphosphate reductase (UDP)
  [2] RNMK                 Ribosylnicotinamide kinase
  [2] RNTR1                Ribonucleoside triphosphate reductase  ATP
  [2] RNTR2                Ribonucleoside triphosphate reductase  GTP
  [2] RNTR3                Ribonucleoside triphosphate reductase  CTP
  [2] RNTR4                Ribonucleoside triphosphate reductase  UTP
  [2] RPI                  Ribose-5-phosphate isomerase
  [2] RU5PS                Ribulose-5-P Synthetase
  [2] S6PG                 Salicin 6 phosphate glucohydrolase
  [2] SADT                 Sulfate adenylyltransferase
  [2] SALCHS2FEexs         Salmochelin s2 Fe III sequestration
  [2] SALCHS4FEexs         Salmochelin S4 Fe III binding spontaneous
  [2] SALCpts              Salicin transport via PEP:Pyr PTS
  [2] SCYSSL               S-sulfo-L-cysteine sulfite lyase
  [2] SDPDS                Succinyl-diaminopimelate desuccinylase
  [2] SDPTA                Succinyldiaminopimelate transaminase
  [2] SERD_L               L-serine deaminase
  [2] SERGLUGLNtr          Tripeptide transport
  [2] SERabc               L-serine transport via ABC system
  [2] SERt2r               L serine reversible transport via proton symport
  [2] SHCHD2_1             Sirohydrochlorin dehydrogenase  NAD
  [2] SHCHF_2              Sirohydrochlorin ferrochetalase
  [2] SHGO                 S-2-hydroxyglutarate oxidase
  [2] SHK3Dr               Shikimate dehydrogenase
  [2] SHKK                 Shikimate kinase
  [2] SHSL1                O-succinylhomoserine lyase (L-cysteine)
  [2] SHSL2                O succinylhomoserine lyase  H2S
  [2] SHSL2r               O-succinylhomoserine lyase (H2S)
  [2] SHSL3                O succinylhomoserine lyase  methanethiol
  [2] SHSL4r               O succinylhomoserine lyase  elimination   reversible
  [2] SLCYSS               O-acetyl-L-serine sulfhydrylase
  [2] SMIA1                Staphyloferrin A Mediated Iron Acquisition
  [2] SMIA1Eabc            Siderophore Mediated Iron Acquisition: Staphyloferrin A export
  [2] SMIA2abc             Siderophore Mediated Iron Acquisition: Staphyloferrin B transport via ABC
  [2] SMIB1                Staphyloferrin B Mediated Iron Acquisition
  [2] SO3abcpp             Sulfite transport via ABC system (periplasm)
  [2] SO4t2                Sulfate transport in via proton symport
  [2] SPMDabc              Spermidine transport via ABC system
  [2] SPMDt3i              Spermidine transport in via proton antiport
  [2] SPMS                 Spermidine synthase
  [2] SPODM                Superoxide dismutase
  [2] SPP                  Sucrose-phosphate phosphatase
  [2] SSALx                Succinate-semialdehyde dehydrogenase (NAD)
  [2] SSALy                Succinate-semialdehyde dehydrogenase (NADP)
  [2] SUCBZS               O-succinylbenzoate-CoA synthase
  [2] SUCBZT1              Succinyl:benzoate CoA transferase
  [2] SUCCt2_2pp           Succinate transport via proton symport (2 H) (periplasm)
  [2] SUCD1                Succinate dehydrogenase
  [2] SUCD2                Succinate dehydrogenase dehydrogenase (menaquinone 8 as acceptor)
  [2] SUCD4                Succinate dehyrdogenase
  [2] SUCD5_BS             Succinate dehydrogenase
  [2] SUCR                 Sucrose hydrolyzing enzyme
  [2] SUCRt2               Sucrose transport in via proton symport
  [2] SUCpts               Sucrose transport via PEP:Pyr PTS
  [2] SULFACabcpp          Sulfoacetate transport via ABC system (periplasm)
  [2] SULR                 Sulfite reductase (NADPH2)
  [2] SULabc               Sulfate transport via ABC system
  [2] SULabcpp             Sulfate transport via ABC system (periplasm)
  [2] TAGURr               Tagaturonate reductase
  [2] TAGabc               
  [2] TALA                 Transaldolase
  [2] TARTDC               Tartrate decarboxylase
  [2] TARTRt7              Tartrate/succinate antiporter
  [2] TARTRt7pp            Tartrate/succinate antiporter (periplasm)
  [2] TAURabc              Taurine transport via ABC system
  [2] TAURabcpp            Taurine transport via ABC system (periplasm)
  [2] TDP                  Thiamin pyrophosphatase
  [2] TECA1S45             Glycerol teichoic acid  n45   unlinked  unsubstituted
  [2] TECA2S45             Glycerol teichoic acid  n45   unlinked  D ala substituted
  [2] TECA3S45             Glycerol teichoic acid  n45   unlinked  glucose substituted
  [2] TGBPA                Tagatose-bisphosphate aldolase
  [2] THIORDXi             Hydrogen peroxide reductase (thioredoxin)
  [2] THMDt2               Thymidine transport in via proton symport
  [2] THMP                 Thiamin phosphatase
  [2] THMabc               Thiamine transport via ABC system
  [2] THRA                 Threonine aldolase
  [2] THRA2                L-allo-Threonine Aldolase
  [2] THRD                 L-threonine dehydrogenase
  [2] THRD_L               L-threonine deaminase
  [2] THRS                 Threonine synthase
  [2] THRS_2               Threonine synthase
  [2] THRabc               L-threonine transport via ABC system
  [2] THRabcpp             L-threonine transport via ABC system (periplasm)
  [2] THRt2pp              L-threonine efflux transport via proton antiport (periplasm)
  [2] THRt2r               L threonine reversible transport via proton symport
  [2] THZPSN               Thiazole phosphate synthesis
  [2] THZPSN_1             Thiazole phosphate synthesis
  [2] TKT2                 Transketolase
  [2] TMDK1                Thymidine kinase (ATP:thymidine)
  [2] TMDPK_1              Thiamine diphosphokinase
  [2] TMDPP                Thymidine phosphorylase
  [2] TMDS                 Thymidylate synthase
  [2] TMN                  Thiaminase
  [2] TMPPP                Thiamine-phosphate diphosphorylase
  [2] TNTHAC1              2 4 6 dinitrotoluene meisenheimer dihydrideTNT derived hydroxylamines condensation
  [2] TNTHAC2              2 4 6 dinitrotoluene meisenheimer dihydrideTNT derived hydroxylamines condensation
  [2] TNTR1                TNT nitroreductase 4 Hydroxylamino 2 6 dinitrotoluene
  [2] TNTR1x               TNT nitroreductase 4 Hydroxylamino 2 6 dinitrotoluene
  [2] TNTR2                TNT nitroreductase 2 Hydroxylamino 4 6 dinitrotoluene
  [2] TNTR2x               TNT nitroreductase 2 Hydroxylamino 4 6 dinitrotoluene
  [2] TNTR3                TNT nitroreductase Meisenheimer monohydride complex forming
  [2] TNTR4                TNT nitroreductase Meisenheimer dihydride complex forming
  [2] TNTep                2 4 6 trinitrotoluene extrusion pump
  [2] TPI                  Triose-phosphate isomerase
  [2] TRDR                 Thioredoxin reductase (NADPH)
  [2] TRE6PH               Trehalose-6-phosphate hydrolase
  [2] TREpts               Trehalose transport via PEP:Pyr PTS
  [2] TRPAS1               Tryptophanase  L cysteine
  [2] TRPS1                Tryptophan synthase (indoleglycerol phosphate)
  [2] TRPS2                Tryptophan synthase (indole)
  [2] TRPS3                Tryptophan synthase (indoleglycerol phosphate)
  [2] TRPabc               
  [2] TRPt2r               L tryptophan reversible transport via proton symport
  [2] TRSARr               Tartronate semialdehyde reductase
  [2] TSULP                Thiosulfate permease
  [2] TSULabc              Thiosulfate transport via ABC system
  [2] TSULabcpp            Thiosulfate transport via ABC system (periplasm)
  [2] TTDCAtexi            Tetradecanoate transport via facilitated irreversible diffusion (extracellular to periplasm)
  [2] TTDCEAtexi           Tetradecenoate transport via facilitated irreversible diffusion (extracellular to periplasm)
  [2] TYRTA                Tyrosine transaminase
  [2] TYRabc               
  [2] TYRt2r               L tyrosine reversible transport via proton symport
  [2] UAAGDS               UDP-N-acetylmuramoyl-L-alanyl-D-glutamyl-meso-2,6-diaminopimelate synthetase
  [2] UAG2EMA              UDP-N-acetyl-D-glucosamine 2-epimerase (Hydrolysis)
  [2] UAGCVT               UDP-N-acetylglucosamine 1-carboxyvinyltransferase
  [2] UAGDP                UDP-N-acetylglucosamine diphosphorylase
  [2] UAGPT2               UDP-N-acetylglucosamine-N-acetylmuramyl-(pentapeptide)pyrophosphoryl-undecaprenol N-acetylglucosamine transferase
  [2] UAGPT2_1             UDP-N-acetylglucosamine-N-acetylmuramyl-(pentapeptide)pyrophosphoryl-undecaprenol N-acetylglucosamine transferase
  [2] UAGPT3               UDP-N-acetylglucosamine-N-acetylmuramyl-(pentapeptide)pyrophosphoryl-undecaprenol N-acetylglucosamine transferase
  [2] UAMAGS               UDP-N-acetylmuramoyl-L-alanyl-D-glutamate synthetase
  [2] UAMAS                UDP-N-acetylmuramoyl-L-alanine synthetase
  [2] UAPGR                UDP-N-acetylenolpyruvoylglucosamine reductase
  [2] UDCPDP               Undecaprenyl-diphosphatase
  [2] UDCPDPex             Undecaprenyl-diphosphatase (periplasm)
  [2] UGLYCH               Ureidoglycolate hydrolase
  [2] UGMDDS               UDP-N-acetylmuramoyl-L-alanyl-D-glutamyl-meso-2,6-diaminopimeloyl-D-alanyl-D-alanine synthetase
  [2] UGT_BS               UDP glucosyltransferase  diglucosyl
  [2] UM3PL                UDP-N-acetylmuramate:L-alanyl-gamma-D-glutamyl-meso-diaminopimelate ligase
  [2] UMPK                 UMP kinase
  [2] UNK5                 2 keto 4 methylthiobutyrate transamination
  [2] UPP3MT_2             Uroporphyrinogen methyltransferase
  [2] UPP3S                Uroporphyrinogen-III synthase
  [2] UPPDC1               Uroporphyrinogen decarboxylase (uroporphyrinogen III)
  [2] UPPRT                Uracil phosphoribosyltransferase
  [2] URATEt_1             Urate permease
  [2] URAt2                Uracil transport in via proton symport
  [2] URCN                 Urocanase
  [2] UREA                 Urease
  [2] UREASE               Urea carboxylase
  [2] UREA_1               Urease
  [2] URIC                 Uricase
  [2] URIDK2r              Uridylate kinase (dUMP)
  [2] URIH                 Uridine hydrolase
  [2] URIK1                Uridine kinase  ATPUridine
  [2] URIK2                Uridine kinase (GTP:Uridine)
  [2] URIK3                Uridine kinase (ITP:Uridine)
  [2] URIt2                Uridine transport in via proton symport
  [2] URIt2pp              Uridine transport in via proton symport (periplasm)
  [2] VALDHr               Valine dehydrogenase
  [2] VALTA                Valine transaminase
  [2] VALabc               L-valine transport via ABC system
  [2] VALabcpp             L-valine transport via ABC system (periplasm)
  [2] VALt2r               L valine reversible transport via proton symport
  [2] VALt2rpp             L-valine reversible transport via proton symport (periplasm)
  [2] VALt3pp              L-valine transport out via proton antiport (periplasm)
  [2] VECOAH               3-hydroxyacyl-CoA dehydratase (3-hydroxypentanoyl-CoA)
  [2] VNDH_2               4-hydroxybenzaldehyde dehydrogenase
  [2] VPAMTr               Valine-pyruvate aminotransferase
  [2] XANt2                Xanthine transport in via proton symport
  [2] XPPT                 Xanthine phosphoribosyltransferase
  [2] XTSNH                Xanthosine hydrolase
  [2] XYLK                 Xylulokinase
  [2] XYLabc               D-xylose transport via ABC system
  [2] XYLabcpp             D-xylose transport via ABC system (periplasm)
  [2] XYLt2                D-xylose transport in via proton symport
  [2] YUMPS                YUMP synthetase
  [2] ZN2abcpp             Zinc (Zn+2) ABC transporter, efflux (periplasm)
  [2] ZN2t3pp              Zinc (Zn+2) transport out via proton antiport (periplasm)
  [2] ZN2t4                Zinc transport out via antiport
  [2] ZN2t4pp              Zinc transport out via antiport (periplasm)
  [2] ZN2t5                Zinc  Zn2  transport out via proton antiport  cytosolexternal
  [2] ZN2t6                Zinc  Zn2  transport out via proton antiport  periplasmexternal
  [2] ZNabc                Zinc transport via ABC system
  [2] ZNabcpp              Zinc (Zn+2) transport via ABC system (periplasm)
  [2] r2136                Major Facilitator(MFS) TCDB:2.A.1.14.6
  [2] r2465_1              Cation Diffusion Facilitator (Cdf) Tcdb:2.A.4.2.3
  [3] 23CAMPtex            23cAMP transport via diffusion (extracellular to periplasm)
  [3] 23CCMPtex            23cCMP transport via diffusion (extracellular to periplasm)
  [3] 23CGMPtex            23cGMP transport via diffusion (extracellular to periplasm)
  [3] 23CUMPtex            23cUMP transport via diffusion (extracellular to periplasm)
  [3] 2AGPE160tipp         2-Acyl-sn-glycero-3-phosphoethanolamine (n-C16:0) transporter via facilitated diffusion (periplasm)
  [3] 2AGPE161tipp         2-Acyl-sn-glycero-3-phosphoethanolamine (n-C16:1) transporter via facilitated diffusion (periplasm)
  [3] 2AGPE180tipp         2-Acyl-sn-glycero-3-phosphoethanolamine (n-C18:0) transporter via facilitated diffusion (periplasm)
  [3] 2AGPE181tipp         2-Acyl-sn-glycero-3-phosphoethanolamine (n-C18:1) transporter via facilitated diffusion (periplasm)
  [3] 2AGPG160tipp         2-Acyl-sn-glycero-3-phosphoglycerol (n-C16:0) transporter via facilitated diffusion (periplasm)
  [3] 2AGPG161tipp         2-Acyl-sn-glycero-3-phosphoglycerol (n-C16:1) transporter via facilitated diffusion (periplasm)
  [3] 2AGPG180tipp         2-Acyl-sn-glycero-3-phosphoglycerol (n-C18:0) transporter via facilitated diffusion (periplasm)
  [3] 2AGPG181tipp         2-Acyl-sn-glycero-3-phosphoglycerol (n-C18:1) transporter via facilitated diffusion (periplasm)
  [3] 3GMPtex_1            3GMP transport via diffusion (extracellular to cytoplasm)
  [3] 3MBt4pp              Na+/Isovalerate symport (periplasm)
  [3] 3MBtex               3-methylbutanoic acid transport via diffusion (extracellular to periplasm)
  [3] 3NTD2pp              3'-nucleotidase (UMP) (periplasm)
  [3] 3NTD4pp              3'-nucleotidase (CMP) (periplasm)
  [3] 3NTD7pp              3'-nucleotidase (AMP) (periplasm)
  [3] 3NTD9pp              3'-nucleotidase (GMP) (periplasm)
  [3] 4HBAt                MNXR68734
  [3] 4HPRODCtex           Cis 4 hydroxy L proline transport  extracellular
  [3] 4HPROE               4 hydroxyproline epimerase
  [3] 4HPROLTtex           Trans 4 hydroxy L proline transport  extracellular
  [3] 4HPRO_LT_Et          Trans-4-Hydroxy-L-proline transport (transport mechanism unknown - evidence from biolog data)
  [3] ABTt_1               L arabinitol transport via passive diffusion
  [3] ACACtex              Acetoacetate transport via diffusion (extracellular to periplasm)
  [3] ACGAtex              N-Acetyl-D-glucosamine transport via diffusion (extracellular to periplasm)
  [3] ACONCt4pp            Citrate transport via sodium symport  periplasm
  [3] ACONCtupp            Cisaconitate transport periplasm
  [3] ACtex                Acetate transport via diffusion (extracellular to periplasm)
  [3] ADSL2r               Adenylosuccinate lyase
  [3] ADtr                 Acetamide transport, extracellular
  [3] AEPtex               AEP transport via diffusion extracellular to periplasm
  [3] AGM4PApp             N-Acetyl-D-glucosamine(anhydrous)N-Acetylmuramyl-tetrapeptide amidase (periplasm)
  [3] AGMtex               Agmatine transport via diffusion (extracellular to periplasm)
  [3] AI2tpp               Quorum signal AI-2 exporter
  [3] ALAHIStex            L Alaninylhistidine transport via diffusion  extracellular to periplasm
  [3] ALALEUtex            L Alaninylleucine transport via diffusion  extracellular to periplasm
  [3] ALATHRtex            L Alaninylthreonine transport via diffusion  extracellular to periplasm
  [3] ALATRPtex            L Alaninyltryptophan transport via diffusion  extracellular to periplasm
  [3] ALAtex               L-alanine transport via diffusion (extracellular to periplasm)
  [3] BALAALAtex           Beta alanyl L alanine transport via diffusion  extracellular to periplasm
  [3] BALABALAtex          Beta alanyl beta alanine transport via diffusion  extracellular to periplasm
  [3] BALAGLYtex           Beta alanyl L glycine transport via diffusion  extracellular to periplasm
  [3] BALALEUtex           L Histidinylglycine transport via diffusion  extracellular to periplasm
  [3] BALAtex              Beta-alanine transport via diffusion (extracellular to periplasm)
  [3] BG_CELLB             Beta glucosidase  cellobiose
  [3] BG_MADG              Beta glucosidase  methyl alpha D glucoside
  [3] BG_MBDG              Beta glucosidase
  [3] BLAMDtex             Beta Alaninamide transport via diffusion  extracellular to periplasm
  [3] BTNTe                Release of biotin across the basolatral membrane
  [3] BUTSO3tex            Butanesulfonate transport via diffusion (extracellular to periplasm)
  [3] BUTt4pp              Butyrate transport via sodium symport (periplasm)
  [3] BUTtex               Butyrate transport via diffusion (extracellular to periplasm)
  [3] BZt                  Benzoate transport (diffusion)
  [3] CA2tex               Calcium (Ca+2) transport via diffusion (extracellular to periplasm)
  [3] CARNtex              L Carnosine transport via diffusion  extracellular to periplasm
  [3] CD2tex               Cadmium (Cd+2) transport via diffusion (extracellular to periplasm)
  [3] CD2tpp               Cadmium (+2) transport in via permease (no H+)
  [3] CDPPT160             CDPPT160
  [3] CLtex                Chloride (Cl-1) transport via diffusion (extracellular to periplasm)
  [3] CO2tex               CO2 transport via diffusion (extracellular to periplasm)
  [3] COBALT2tex           Cobalt (Co+2) transport via diffusion (extracellular to periplasm)
  [3] CRO4tex              Cromate transport via diffusion (extracellular to periplasm)
  [3] CU2tex               Copper (Cu+2) transport via diffusion (extracellular to periplasm)
  [3] CYTDtex              Cytidine transport via diffusion (extracellular to periplasm)
  [3] DAAOP                D alanyl aminopeptidase
  [3] DAPE                 Diaminopimelate epimerase
  [3] DHNPA_1              Dihydroneopterin aldolase
  [3] DHORDi               Dihydoorotic acid dehydrogenase  irreversible
  [3] DHPTDCs2             4,5-dihydroxy-2,3-pentanedione cyclization (spontaneous)
  [3] DSERtex              D-serine transport via diffusion (extracellular to periplasm)
  [3] ETHSO3tex            Ethanesulfonate transport via diffusion (extracellular to periplasm)
  [3] ETOHtrpp             Ethanol reversible transport via diffusion (periplasm)
  [3] FBA2                 D Fructose 1 phosphate D glyceraldehyde 3 phosphate lyase
  [3] FE2tex               Iron (II) transport via diffusion (extracellular to periplasm)
  [3] FE3tex               Iron (III) transport via diffusion (extracellular to periplasm)
  [3] G1SAT                Glutamate-1-semialdehyde aminotransferase
  [3] G6PI                 Glucose 6 phosphate isomerase
  [3] GALM                 Aldose 1 epimerase
  [3] GALM1                Aldose 1-epimerase (glucose)
  [3] GALM2                Aldose 1-epimerase (galactose)
  [3] GALURtex             D-galacturonate transport via diffusion (extracellular to periplasm)
  [3] GLCRt1               Transport by Glut-5 Transporter into Extracellular Space
  [3] GLCURtex             D-glucuronat transport via diffusion (extracellular to periplasm)
  [3] GLUtex               L-glutamate transport via diffusion (extracellular to periplasm)
  [3] GLYALDt              Glyceraldehyde facilitated diffusion
  [3] GLYBtex              Glycine betaine transport via diffusion (extracellular to periplasm)
  [3] GLYCt                Glycerol transport via channel
  [3] GLYCtpp              Glycerol transport via channel (periplasm)
  [3] GLYGLNtex            L Glycinylglutamine transport via diffusion  extracellular to periplasm
  [3] GLYGLUtex            L Histidinylglycine transport via diffusion  extracellular to periplasm
  [3] GLYGLYtex            L Glycinylglycine transport via diffusion  extracellular to periplasm
  [3] GLYMETtex            L Glycinylmethionine transport via diffusion  extracellular to periplasm
  [3] GLYOX_1              Glyoxalase I; Ni-dependent
  [3] GLYPHEtex            L GlyPhe transport via diffusion  extracellular to periplasm
  [3] GLYSERtex            L Glycinylserine transport via diffusion  extracellular to periplasm
  [3] GLYtex               Glycine transport via diffusion (extracellular to periplasm)
  [3] GTHPe                Glutathione peroxidase
  [3] GTHRDHpp             Glutathione hydralase (periplasmic)
  [3] GUAtex               Guanine transport via diffusion (extracellular to periplasm)
  [3] GalMr                Aldose 1-epimerase
  [3] H2Otex               H2O transport via diffusion (extracellular to periplasm)
  [3] H2St1                H2s transport (diffusion)
  [3] H2tex                Hydrogen transport via diffusion (extracellular to periplasm)
  [3] HG2tex               Mercury (Hg+2) transport via diffusion (extracellular to periplasm)
  [3] HGt                  Mercury transport
  [3] HISGLYtex            L Histidinylglycine transport via diffusion  extracellular to periplasm
  [3] HISHIStex            L Histidinylhistidine transport via diffusion  extracellular to periplasm
  [3] HYXNtex              Hypoxanthine transport via diffusion (extracellular to periplasm)
  [3] ICHORS               Isochorismate synthase
  [3] ICITt4pp             Citrate transport via sodium symport  periplasm
  [3] ICITtupp             Isocitrate transport periplasm
  [3] ID3ACALDt            Indoleacetaldehyde transport  extracellular
  [3] ILEtex               L-isoleucine transport via diffusion (extracellular to periplasm)
  [3] IND3ACtex            Indole 3 acetate transport  exterior
  [3] IPDDI                Isopentenyl-diphosphate D-isomerase
  [3] ISETACtex            Isethionate transport via diffusion (extracellular to periplasm)
  [3] Ktex                 Potassium transport via diffusion (extracellular to periplasm)
  [3] LALALGLUtex          L-alanyl-L-glutamate transport via diffusion (extracellular to periplasm)
  [3] LEULEUtex            Leucylleucine transport via diffusion  extracellular to periplasm
  [3] LEUtex               L-leucine transport via diffusion (extracellular to periplasm)
  [3] LGTHL                Lactoylglutathione lyase
  [3] LYStex               L-lysine transport via diffusion (extracellular to periplasm)
  [3] MACACI               Maleylacetoacetate isomerase
  [3] MALDtex              D-Malate transport via diffusion (extracellular to periplasm)
  [3] MANGLYCtex           2-O-alpha-mannosyl-D-glycerate transport via diffusion (extracellular to periplasm)
  [3] MCTP1Bpp             Murein crosslinking transpeptidase 1B:(A2pm->A2pm) (periplasm)
  [3] MDDCP1pp             Murein D,D-carboxypeptidase (murein5px4p) (periplasm)
  [3] MDDCP3pp             Murein D,D-carboxypeptidase (murein5p5p) (periplasm)
  [3] MDDCP4pp             Murein D,D-carboxypeptidase (murein5p4p) (periplasm)
  [3] MDDCP5pp             Murein D,D-carboxypeptidase (murein5p3p) (periplasm)
  [3] MDDEP2pp             Murein D,D-endopeptidase (murein3px4p) (periplasm)
  [3] MDDEP4pp             Murein D,D-endopeptidase (murein4px4px4p) (periplasm)
  [3] MECDPS               2-C-methyl-D-erythritol 2,4-cyclodiphosphate synthase
  [3] MFUMt8               Na+/fumarate symporter
  [3] MG2tex               Magnesium (Mg+2) transport via diffusion (extracellular to periplasm)
  [3] MLDCP1Bpp            Murein L,D-carboxypeptidase (murein4p4p) (periplasm)
  [3] MLDCP2App            Murein L,D-carboxypeptidase (murein5p5p) (periplasm)
  [3] MLDCP2Bpp            Murein L,D-carboxypeptidase (murein4p3p) (periplasm)
  [3] MLDEP2pp             Murein L,D-endopeptidase (murein5px3p) (periplasm)
  [3] MLTGY1pp             Murein lytic transglycosylase (murein4p4p) (periplasm)
  [3] MME                  Methylmalonyl-CoA epimerase
  [3] MMETtex              S-methyl-L-methionine transport via diffusion (extracellular to periplasm)
  [3] MNLtex               Mannitol transport via diffusion (extracellular to periplasm)
  [3] MNtex                Manganese (Mn+2) transport via diffusion (extracellular to periplasm)
  [3] MOBDtex              Molybdate transport via diffusion (extracellular to periplasm)
  [3] MSO3tex              Methanesulfonate transport via diffusion (extracellular to periplasm)
  [3] MTRI                 5-methylthioribose-1-phosphate isomerase
  [3] MYCTR2               MYCTR2
  [3] NACt                 Nicotinic acid transport
  [3] NAtex                Sodium transport via diffusion (extracellular to periplasm)
  [3] NH4t                 Ammonia reversible transport
  [3] NH4tex               Ammonia transport via diffusion (extracellular to periplasm)
  [3] NH4tpp               Ammonia reversible transport (periplasm)
  [3] NI2tex               Nickel transport via diffusion (extracellular to periplasm)
  [3] NMNP                 NMN permease
  [3] NO3t                 Nitrate transport, extracellular
  [3] NO3tex               Nitrate transport via diffusion (extracellular to periplasm)
  [3] O2tpp                O2 transport via diffusion (periplasm)
  [3] OXFOtex              Oxalate:Formate antiporter (extracellular to periplasm)
  [3] PACALDt              Phenylacetaldehyde transport  extracellular
  [3] PGI                  Glucose-6-phosphate isomerase
  [3] PGM                  Phosphoglycerate mutase
  [3] PGMT                 Phosphoglucomutase
  [3] PGMT_2               
  [3] PGMT_B               B phosphoglucomutase
  [3] PHEMEt               Heme transport
  [3] PItex                Phosphate transport via diffusion (extracellular to periplasm)
  [3] PMANM                Phosphomannomutase
  [3] PNTOt4pp             Pantothenate sodium symporter (periplasm)
  [3] PPAtex               Propionate transport via diffusion
  [3] PRAIi                Phosphoribosylanthranilate isomerase (irreversible)
  [3] PRMICI               1-(5-phosphoribosyl)-5-[(5-phosphoribosylamino)methylideneamino)imidazole-4-carboxamide isomerase
  [3] PROGLYtex            L-Prolinylglycine transport via diffusion (extracellular to periplasm)
  [3] PROtex               L-proline transport via diffusion (extracellular to periplasm)
  [3] PYRtex               Pyruvate transport via diffusion (extracellular to periplasm)
  [3] RHA40tex             R 3 Hydroxy acid transport diffusion C40  extracellular to periplasm
  [3] RHCCE                S-ribosylhomocysteine cleavage enzyme
  [3] RIBtex               Ribose transport via diffusion (extracellular to periplasm)
  [3] RPE                  Ribulose 5-phosphate 3-epimerase
  [3] SO3tex               Sulfite transport via diffusion (extracellular to periplasm)
  [3] SO4tex               Sulfate transport via diffusion (extracellular to periplasm)
  [3] STFRNAt              
  [3] SULFACtex            Sulfoaceate transport via diffusion (extracellular to periplasm)
  [3] St                   Sulfur diffusion
  [3] TARTRtpp             Tartrate facilitated transport periplasm
  [3] TAURtex              Taurine transport via diffusion (extracellular to periplasm)
  [3] TKT1                 Transketolase
  [3] TNTtex               Trinitrotoluene transport via diffusion  extracellular to periplasm  irreversible
  [3] TNTtpp               Trinitrotoluene transport via diffusion  periplasm to cytosol  irreversible
  [3] TSULtex              Thiosulfate transport via diffusion (extracellular to periplasm)
  [3] UAG2E                UDP-N-acetylglucosamine 2-epimerase
  [3] UDPG4E               UDPglucose 4-epimerase
  [3] VALtex               L-valine transport via diffusion (extracellular to periplasm)
  [3] XYLI1                Xylose isomerase
  [3] XYLI2                Xylose isomerase
  [3] XYLtex               D-xylose transport via diffusion (extracellular to periplasm)
  [3] Zn2tex               Zinc (Zn+2) transport via diffusion (extracellular to periplasm)
  [3] r0963                Facilitated diffusion

Building pathway map for 1494 reactions within distance 2...
Pathway map written to: ./step_7.12_phb_pathway_map.png
