minimum,maximum,reaction_id,flux_span,direction_class
0.0,15.136060606060605,12PPDRDH,15.136060606060605,forward_only
-10.0,20.000000000000004,13PPDH,30.000000000000004,bidirectional
-10.0,19.999999999999986,13PPDH2,29.999999999999986,bidirectional
-10.0,5.329070518200751e-15,13PPDH2_1,10.000000000000005,backward_only
-3.492700104234147e-15,6.4890476190476205,23CAMPtex,6.489047619047624,forward_only
0.0,10.0,23CCMPtex,10.0,forward_only
3.764585231931709e-15,9.999999999999998,23CGMPtex,9.999999999999995,forward_only
0.0,0.10738107303962964,23CUMPtex,0.10738107303962964,forward_only
0.0,0.1073810730396296,23PDE2pp,0.1073810730396296,forward_only
0.0,10.000000000000007,23PDE4pp,10.000000000000007,forward_only
0.0,6.489047619047627,23PDE7pp,6.489047619047627,forward_only
0.0,10.000000000000021,23PDE9pp,10.000000000000021,forward_only
0.0,5.155333333333356,2AACLPGT160,5.155333333333356,forward_only
0.0,5.15533333333332,2AACLPGT161,5.15533333333332,forward_only
0.0,5.155333333333324,2AACLPGT180,5.155333333333324,forward_only
0.0,1.4805110732538336,2AACLPGT181,1.4805110732538336,forward_only
0.0,5.155333333333323,2AACLPPEAT160,5.155333333333323,forward_only
0.0,5.155333333333323,2AACLPPEAT161,5.155333333333323,forward_only
0.0,5.155333333333315,2AACLPPEAT180,5.155333333333315,forward_only
0.0,1.4805110732538305,2AACLPPEAT181,1.4805110732538305,forward_only
0.0,5.155333333333324,2AGPE160tipp,5.155333333333324,forward_only
0.0,5.15533333333332,2AGPE161tipp,5.15533333333332,forward_only
0.0,5.155333333333316,2AGPE180tipp,5.155333333333316,forward_only
0.0,1.4805110732538285,2AGPE181tipp,1.4805110732538285,forward_only
0.0,5.155333333333295,2AGPG160tipp,5.155333333333295,forward_only
0.0,5.15533333333332,2AGPG161tipp,5.15533333333332,forward_only
0.0,5.155333333333324,2AGPG180tipp,5.155333333333324,forward_only
0.0,1.4805110732538287,2AGPG181tipp,1.4805110732538287,forward_only
-9.999999999999996,0.0,2HXMPt6,9.999999999999996,backward_only
0.0,9.999999999999988,2INSD,9.999999999999988,forward_only
0.0,18.633809523809532,2MAHMP,18.633809523809532,forward_only
0.0,9.843999999999983,2PGLYCt6,9.843999999999983,forward_only
0.0,4.179999999999992,2S6HCCi,4.179999999999992,forward_only
0.0,6.553791208791201,34HPPOR,6.553791208791201,forward_only
0.0,4.35661971830993,3AMPt6,4.35661971830993,forward_only
0.0,0.10746041754990478,3CMPt6,0.10746041754990478,forward_only
-10.0,0.03552254284550216,3GMPtex_1,10.035522542845502,bidirectional
0.0,10.000000000000007,3MBt2pp,10.000000000000007,forward_only
0.0,9.999999999999998,3MBt4pp,9.999999999999998,forward_only
0.0,10.0,3MBtex,10.0,forward_only
0.0,0.1073810730396285,3NTD2pp,0.1073810730396285,forward_only
0.0,9.999999999999986,3NTD4pp,9.999999999999986,forward_only
0.0,6.489047619047623,3NTD7pp,6.489047619047623,forward_only
1.2646161206335016e-15,9.999999999999995,3NTD9pp,9.999999999999993,forward_only
0.0,4.356619718309793,3NUCLE1,4.356619718309793,forward_only
0.0,0.1073810730396305,3NUCLE2,0.1073810730396305,forward_only
0.0,0.10746041754990433,3NUCLE3,0.10746041754990433,forward_only
-9.999999999999996,0.035522542845507786,3NUCLE4,10.035522542845504,bidirectional
0.0,9.999999999999998,3OXCOAT,9.999999999999998,forward_only
0.0,1.8633809523809441,3PEPTabcpp,1.8633809523809441,forward_only
0.0,0.10738107303962964,3UMPt6,0.10738107303962964,forward_only
-10.0,8.592222222222187,4ABUTD,18.592222222222187,bidirectional
0.0,0.0,4HALDD,0.0,blocked
-7.248201870063745e-05,0.0,4HBAt,7.248201870063745e-05,backward_only
0.0,10.000000000000002,4HPRODCabcpp,10.000000000000002,forward_only
0.0,10.0,4HPRODCtex,10.0,forward_only
-10.0,0.0,4HPROE,10.0,backward_only
0.0,10.0,4HPROLTabcpp,10.0,forward_only
0.0,10.0,4HPROLTtex,10.0,forward_only
-10.0,1.7550405573274475e-12,4HPRO_LT_Et,10.000000000001755,backward_only
0.0,10.633442622950833,4HTHRA,10.633442622950833,forward_only
0.0,10.633442622950815,4HTHRS_1,10.633442622950815,forward_only
0.0,2.0704232804232867,4PCP,2.0704232804232867,forward_only
0.0,1.8633809523809448,4PEPTabcpp,1.8633809523809448,forward_only
0.0,0.0,5DGLCNR,0.0,blocked
0.0,0.0,5DKGR,0.0,blocked
0.0,9.706166666666617,6PHBG_2,9.706166666666617,forward_only
0.0,10.000000000000002,A6PAG,10.000000000000002,forward_only
0.0,10.000000000000023,A6PAG2,10.000000000000023,forward_only
0.0,6.412380952381445,AABTN,6.412380952381445,forward_only
0.0,25.776666666666614,AACLAM,25.776666666666614,forward_only
0.0,6.444166666666658,AACPS3,6.444166666666658,forward_only
0.0,5.155333333333323,AACPS4,5.155333333333323,forward_only
0.0,2.443778298204544,AACPS5,2.443778298204544,forward_only
0.0,5.155333333333318,AACPS6,5.155333333333318,forward_only
0.0,12.888333333333332,AACPS9,12.888333333333332,forward_only
0.0,9.999999999999993,AB6PGH,9.999999999999993,forward_only
0.0,0.00021744090745120481,ABG4t2,0.00021744090745120481,forward_only
0.0,14.391764705882336,ABTA,14.391764705882336,forward_only
-4.999999999999999,0.0,ABTt_1,4.999999999999999,backward_only
0.0,18.59222222222222,ABUTD,18.59222222222222,forward_only
0.0,10.000000000000005,ABUTt2r,10.000000000000005,forward_only
0.0,27.888333333333303,ACACCT,27.888333333333303,forward_only
-10.0,15.79092592592592,ACACT1r,25.79092592592592,bidirectional
-8.944166666666673,0.0016498102086974855,ACACT2r,8.94581647687537,bidirectional
-8.944166666666662,0.0016498861147680472,ACACT3r,8.94581655278143,bidirectional
-8.895040160642543,0.001649975830948932,ACACT4r,8.896690136473492,bidirectional
0.0,8.895040160642546,ACACT5r,8.895040160642546,forward_only
-8.895040160642559,0.0016499758309464225,ACACT5r_1,8.896690136473506,bidirectional
-7.382142920629271,0.0016501552925805376,ACACT6r_1,7.383793075921851,bidirectional
-1.9355456570155882,0.0013010113213359064,ACACT7r,1.936846668336924,bidirectional
0.0,1.755676767676754,ACACT8r,1.755676767676754,forward_only
0.0,9.999999999999996,ACACt2pp,9.999999999999996,forward_only
0.0,10.0,ACACtex,10.0,forward_only
-10.0,10.0,ACALDt,20.0,bidirectional
0.0,0.0,ACALDtpp,0.0,blocked
0.0,14.045414141413083,ACCOAC,14.045414141413083,forward_only
0.0,2.070423280423275,ACGAMK,2.070423280423275,forward_only
0.0,10.000000000000005,ACGApts,10.000000000000005,forward_only
0.0,9.999999999999998,ACGAptspp,9.999999999999998,forward_only
0.0,10.0,ACGAtex,10.0,forward_only
0.0,10.0,ACGK,10.0,forward_only
0.0,9.316904761904787,ACGS,9.316904761904787,forward_only
0.0,7.694166666666648,ACHBS,7.694166666666648,forward_only
-10.0,10.000000000000002,ACKr,20.0,bidirectional
0.0,7.8117948717948735,ACLDC,7.8117948717948735,forward_only
0.0,12.39481481481478,ACLS,12.39481481481478,forward_only
0.0,16.444166666666657,ACLS_a,16.444166666666657,forward_only
0.0,16.44416666666666,ACLS_d,16.44416666666666,forward_only
0.0,2.07042328042328,ACM6PH,2.07042328042328,forward_only
0.0,10.0,ACMANApts,10.0,forward_only
0.0,7.694166666666639,ACOAD1,7.694166666666639,forward_only
0.0,7.694166666666641,ACOAD1fr,7.694166666666641,forward_only
-8.944166666666668,0.0016498102086974528,ACOAD2,8.945816476875365,bidirectional
0.0,5.560454545454682,ACOAD20,5.560454545454682,forward_only
-0.0016498861147656628,8.94416666666664,ACOAD3,8.945816552781405,bidirectional
-0.0016499758309445412,8.89504016064254,ACOAD4_1,8.896690136473486,bidirectional
0.0,8.139900941059917,ACOAD5,8.139900941059917,forward_only
-0.001650155292580515,7.382142920629256,ACOAD5_1,7.383793075921837,bidirectional
-0.001691314717736931,7.3798151357596655,ACOAD6,7.381506450477403,bidirectional
-6.444166666666631,3.222083333333319,ACOAD7,9.66624999999995,bidirectional
0.0,4.962984182098757,ACOADH2,4.962984182098757,forward_only
0.0,25.776666666666575,ACOAM,25.776666666666575,forward_only
0.0,9.316904761904741,ACODA,9.316904761904741,forward_only
0.0,9.33699699699697,ACONCt4pp,9.33699699699697,forward_only
0.0,9.336996996996975,ACONCtex,9.336996996996975,forward_only
0.0,9.336996996996966,ACONCtupp,9.336996996996966,forward_only
-10.0,26.965999999999987,ACONT,36.96599999999999,bidirectional
-10.0,26.965999999999983,ACONTa,36.96599999999998,bidirectional
-10.0,26.966000000000008,ACONTb,36.96600000000001,bidirectional
-10.0,2.8048854281323486e-30,ACOTA,10.0,backward_only
0.0,0.0,ACOXT,0.0,blocked
0.0,18.63380952380955,ACP1_FMN,18.63380952380955,forward_only
0.0,6.444166666666642,ACPPAT160,6.444166666666642,forward_only
0.0,2.5776666666666643,ACPPAT161,2.5776666666666643,forward_only
0.0,1.9828205128205127,ACPPAT180,1.9828205128205127,forward_only
0.0,1.2218891491022528,ACPPAT181,1.2218891491022528,forward_only
0.0,8.592222222222203,ACPS,8.592222222222203,forward_only
0.0,8.5922222222222,ACPS1,8.5922222222222,forward_only
0.0,8.592222222222201,ACPS1_1,8.592222222222201,forward_only
0.0,8.592222222222201,ACPpds,8.592222222222201,forward_only
0.0,25.776666666666593,ACS,25.776666666666593,forward_only
0.0,25.776666666666586,ACS2,25.776666666666586,forward_only
0.0,10.000000000000005,ACSERHS,10.000000000000005,forward_only
0.0,0.0,ACS_1,0.0,blocked
0.0,0.0,ACTD,0.0,blocked
0.0,16.44416666666667,ACTD2,16.44416666666667,forward_only
0.0,0.0,ACTD_1,0.0,blocked
0.0,0.0,ACTDa,0.0,blocked
0.0,16.102619047619065,ACTNabc,16.102619047619065,forward_only
0.0,9.316904761904741,ACTNabc1,9.316904761904741,forward_only
0.0,9.999999999999996,ACt2rpp,9.999999999999996,forward_only
0.0,10.0,ACt4pp,10.0,forward_only
0.0,10.0,ACtex,10.0,forward_only
0.0,18.633809523809518,ADADir,18.633809523809518,forward_only
0.0,0.0,ADAPAT,0.0,blocked
0.0,0.00021743033566200723,ADCL,0.00021743033566200723,forward_only
0.0,0.00021743033566200693,ADCS,0.00021743033566200693,forward_only
0.0,8.869999999999974,ADD,8.869999999999974,forward_only
-10.000000000000014,19.46714285714279,ADK1,29.467142857142804,bidirectional
0.0,0.0,ADK2,0.0,blocked
0.0,3.1559493670885987,ADMDC,3.1559493670885987,forward_only
0.0,12.888333333333298,ADNCYC,12.888333333333298,forward_only
0.0,19.467142857142758,ADNK1,19.467142857142758,forward_only
0.0,14.31690476190473,ADNUC,14.31690476190473,forward_only
0.0,6.489047619047617,ADNt2pp,6.489047619047617,forward_only
0.0,10.000000000000016,ADPDA,10.000000000000016,forward_only
0.0,12.888333333333339,ADPGLC,12.888333333333339,forward_only
0.0,13.944166666666653,ADPRDP,13.944166666666653,forward_only
0.0,0.0,ADPRDP_1,0.0,blocked
0.0,13.304999999999957,ADPT,13.304999999999957,forward_only
-7.959063756596259e-31,8.592222222222208,ADSK,8.592222222222208,forward_only
0.0,18.63380952380943,ADSL1r,18.63380952380943,forward_only
0.0,2.3300934579439354,ADSL2r,2.3300934579439354,forward_only
0.0,18.633809523809557,ADSS,18.633809523809557,forward_only
0.0,10.000000000000004,ADtr,10.000000000000004,forward_only
0.0,5.775793357933537,AEPPYRTA,5.775793357933537,forward_only
0.0,5.775793357933567,AEPabcpp,5.775793357933567,forward_only
0.0,5.775793357933567,AEPtex,5.775793357933567,forward_only
0.0,11.291111111110741,AGDC,11.291111111110741,forward_only
0.0,1.8633809523809572,AGM3PApp,1.8633809523809572,forward_only
0.0,2.07042328042328,AGM3PH,2.07042328042328,forward_only
0.0,1.863380952380952,AGM4PApp,1.863380952380952,forward_only
0.0,2.0704232804232805,AGM4PCP,2.0704232804232805,forward_only
0.0,2.0704232804232796,AGM4PH,2.0704232804232796,forward_only
0.0,2.0704232804232796,AGM4Pt2pp,2.0704232804232796,forward_only
0.0,1.8633809523809512,AGMH,1.8633809523809512,forward_only
1.391200213614749e-31,4.396666666666666,AGMPTRCtpp,4.396666666666666,forward_only
0.0,4.396666666666662,AGMT,4.396666666666662,forward_only
0.0,1.8633809523809473,AGMt2pp,1.8633809523809473,forward_only
0.0,4.3966666666666425,AGMtex,4.3966666666666425,forward_only
0.0,3.222083333333327,AGPAT160,3.222083333333327,forward_only
0.0,2.5776666666666532,AGPAT161,2.5776666666666532,forward_only
0.0,1.9828205128205127,AGPAT180,1.9828205128205127,forward_only
0.0,1.2218891491022719,AGPAT181,1.2218891491022719,forward_only
0.0,0.0065050566066796375,AGPATr_BS,0.0065050566066796375,forward_only
-10.0,0.0,AGPR,10.0,backward_only
-9.999999999999998,0.0,AH6PI,9.999999999999998,backward_only
0.0,9.999999999999998,AHCYSNS,9.999999999999998,forward_only
-10.0,8.592222222222198,AHCi,18.592222222222198,bidirectional
0.0,7.248022864568202e-05,AHMMPS_1,7.248022864568202e-05,forward_only
0.0,17.73299999999998,AHSERL2,17.73299999999998,forward_only
0.0,10.00000000000002,AHSERL4,10.00000000000002,forward_only
-10.0,0.0,AI2tex,10.0,backward_only
0.0,9.999999999999996,AI2tpp,9.999999999999996,forward_only
1.4994914478044774e-31,3.1559493670886027,AICART,3.1559493670886027,forward_only
0.0,10.992120383036923,AIRC1,10.992120383036923,forward_only
-10.0,2.330093458349946,AIRCr,12.330093458349946,bidirectional
0.0,10.03819672131146,AKGDH,10.03819672131146,forward_only
0.0,0.00021758234695658544,AKP1,0.00021758234695658544,forward_only
0.0,1.8633809523809397,ALAALAabcpp,1.8633809523809397,forward_only
2.732890890166282e-32,2.070423280423269,ALAALAr,2.070423280423269,forward_only
0.0,47.18444444444442,ALAD_L,47.18444444444442,forward_only
0.0,6.8707539682539585,ALAGLNtr,6.8707539682539585,forward_only
0.0,8.310666666666657,ALAGLUabcpp,8.310666666666657,forward_only
0.0,9.076796116504843,ALAGLYtr,9.076796116504843,forward_only
0.0,4.482898550724655,ALAHISabcpp,4.482898550724655,forward_only
0.0,4.482898550724626,ALAHIStex,4.482898550724626,forward_only
0.0,4.482898550724626,ALAHIStr,4.482898550724626,forward_only
0.0,8.207111111111095,ALALEUabcpp,8.207111111111095,forward_only
0.0,8.207111111111107,ALALEUt,8.207111111111107,forward_only
0.0,8.207111111111104,ALALEUtex,8.207111111111104,forward_only
-10.0,41.53234177215185,ALAR,51.53234177215185,bidirectional
-10.0,41.59282894736842,ALATA_D,51.59282894736842,bidirectional
0.0,51.5928289473684,ALATA_D2,51.5928289473684,forward_only
-10.0,41.532341772151895,ALATA_L,51.532341772151895,bidirectional
0.0,51.53234177215189,ALATA_L2,51.53234177215189,forward_only
0.0,10.000000000000002,ALATHRabcpp,10.000000000000002,forward_only
0.0,10.000000000000002,ALATHRtex,10.000000000000002,forward_only
0.0,10.0,ALATHRtr,10.0,forward_only
0.0,0.01846087149672874,ALATRPabcpp,0.01846087149672874,forward_only
0.0,0.018460871496729005,ALATRPtex,0.018460871496729005,forward_only
0.0,12.241818181818235,ALAabc,12.241818181818235,forward_only
0.0,18.633809523809425,ALAabcpp,18.633809523809425,forward_only
0.0,176.3773514851485,ALAt2pp,176.3773514851485,forward_only
0.0,19.999999999999982,ALAt2r,19.999999999999982,forward_only
0.0,20.0,ALAt4,20.0,forward_only
-10.0,10.000000000000004,ALAtex,20.000000000000004,bidirectional
0.0,186.3773514851484,ALAtpp,186.3773514851484,forward_only
-10.0,26.999999999998657,ALCD19,36.99999999999866,bidirectional
-10.0,27.0,ALCD19y,37.0,bidirectional
0.0,0.0,ALCD2ir,0.0,blocked
-10.0,10.00000000000001,ALCD2x,20.00000000000001,bidirectional
0.0,0.0,ALCD2y,0.0,blocked
0.0,9.999999999999893,ALDD1,9.999999999999893,forward_only
0.0,10.0,ALDD19xr,10.0,forward_only
0.0,10.000000000000007,ALDD20x,10.000000000000007,forward_only
0.0,10.000000000000002,ALDD20y,10.000000000000002,forward_only
0.0,22.888333333333303,ALDD2x,22.888333333333303,forward_only
0.0,22.888333333333314,ALDD2y,22.888333333333314,forward_only
0.0,9.234074074074023,ALDD3,9.234074074074023,forward_only
0.0,9.999999999999991,ALDD31_1,9.999999999999991,forward_only
0.0,9.234074074074027,ALDD3y,9.234074074074027,forward_only
0.0,5.726557377049162,ALDD4,5.726557377049162,forward_only
0.0,6.460588235294124,ALDD6,6.460588235294124,forward_only
0.0,18.63380952380946,ALKP,18.63380952380946,forward_only
0.0,6.027499999999973,ALLTAMH,6.027499999999973,forward_only
0.0,3.5457971014492684,ALLTN,3.5457971014492684,forward_only
0.0,4.821999999999989,ALPHNH,4.821999999999989,forward_only
0.0,15.136060606060585,ALR2,15.136060606060585,forward_only
0.0,15.136060606060568,ALR3,15.136060606060568,forward_only
0.0,15.13606060606056,ALR4x,15.13606060606056,forward_only
0.0,10.0,ALTRH,10.0,forward_only
0.0,2.07042328043139,AM3PA,2.07042328043139,forward_only
0.0,2.0704232804232783,AM4PA,2.0704232804232783,forward_only
0.0,11.291111111111105,AMANAPEr,11.291111111111105,forward_only
0.0,8.592222222222187,AMANK,8.592222222222187,forward_only
0.0,0.0,AMANK_1,0.0,blocked
0.0,10.000000000000005,AMID4,10.000000000000005,forward_only
0.0,0.0,AMID_1,0.0,blocked
0.0,3.2412788324069543e-05,AMMQLT8,3.2412788324069543e-05,forward_only
0.0,3.2412788324098634e-05,AMMQT8_2,3.2412788324098634e-05,forward_only
0.0,18.6338095238103,AMPD2,18.6338095238103,forward_only
0.0,5.426666666666636,AMPEP1,5.426666666666636,forward_only
0.0,6.412380952380925,AMPEP10,6.412380952380925,forward_only
0.0,5.155333333333321,AMPEP11,5.155333333333321,forward_only
0.0,6.870753968253946,AMPEP12,6.870753968253946,forward_only
0.0,5.854782608695814,AMPEP13,5.854782608695814,forward_only
0.0,1.7777011494252744,AMPEP14,1.7777011494252744,forward_only
0.0,3.124444444444432,AMPEP15,3.124444444444432,forward_only
0.0,7.7588888888888645,AMPEP16,7.7588888888888645,forward_only
0.0,5.016115288220535,AMPEP17,5.016115288220535,forward_only
0.0,6.338412698412646,AMPEP18,6.338412698412646,forward_only
0.0,9.999999999999995,AMPEP2,9.999999999999995,forward_only
0.0,6.477119741100325,AMPEP3,6.477119741100325,forward_only
0.0,9.076796116504836,AMPEP4,9.076796116504836,forward_only
0.0,8.310666666666727,AMPEP5,8.310666666666727,forward_only
0.0,8.207111111111097,AMPEP6,8.207111111111097,forward_only
0.0,4.482898550724617,AMPEP7,4.482898550724617,forward_only
0.0,7.758888888888822,AMPEP8,7.758888888888822,forward_only
0.0,1.7777011494252823,AMPEP9,1.7777011494252823,forward_only
0.0,4.482898550724631,AMPTASEAH,4.482898550724631,forward_only
0.0,8.207111111111097,AMPTASEAL,8.207111111111097,forward_only
0.0,10.000000000000002,AMPTASEAT,10.000000000000002,forward_only
0.0,0.01846087149672881,AMPTASEATRP,0.01846087149672881,forward_only
0.0,9.076796116504855,AMPTASECG,9.076796116504855,forward_only
0.0,6.477119741100276,AMPTASEGGLN,6.477119741100276,forward_only
0.0,7.758888888888838,AMPTASEGGLU,7.758888888888838,forward_only
0.0,1.7777011494252826,AMPTASEGM,1.7777011494252826,forward_only
0.0,9.16578431372545,AMPTASEGS,9.16578431372545,forward_only
0.0,4.617146666666666,AMPTASEHG,4.617146666666666,forward_only
0.0,3.0059548611111047,AMPTASEHH,3.0059548611111047,forward_only
0.0,5.15533333333332,AMPTASEPG,5.15533333333332,forward_only
-1.8416174116975294e-31,2.070423280423268,ANHMK,2.070423280423268,forward_only
0.0,0.018403568513709605,ANPRT,0.018403568513709605,forward_only
0.0,0.018385410275201283,ANS,0.018385410275201283,forward_only
0.0,0.018403568513709615,ANS2,0.018403568513709615,forward_only
0.0,0.01840356851370963,ANSN,0.01840356851370963,forward_only
0.0,12.888333333333074,AP4AH,12.888333333333074,forward_only
0.0,12.888333333333241,AP4AS,12.888333333333241,forward_only
0.0,10.0,APATi,10.0,forward_only
0.0,6.444166666666692,APG3PAT160,6.444166666666692,forward_only
0.0,2.577666666666667,APG3PAT161,2.577666666666667,forward_only
0.0,1.9828205128205096,APG3PAT180,1.9828205128205096,forward_only
0.0,1.2218891491022639,APG3PAT181,1.2218891491022639,forward_only
0.0,0.00014505660520116974,APRAUR,0.00014505660520116974,forward_only
0.0,6.412380952380925,APRTO2,6.412380952380925,forward_only
0.0,12.446033562166296,APSR,12.446033562166296,forward_only
0.0,9.999999999999996,APTA1i,9.999999999999996,forward_only
0.0,3.965641025641465,APTNAT,3.965641025641465,forward_only
0.0,5.0,ARABRr,5.0,forward_only
0.0,10.000000000000002,ARBTpts,10.000000000000002,forward_only
0.0,4.999999999999998,ARBabc,4.999999999999998,forward_only
0.0,5.0,ARBt2r,5.0,forward_only
0.0,4.103555555555554,ARGDC,4.103555555555554,forward_only
0.0,12.888333333333271,ARGDI_1,12.888333333333271,forward_only
0.0,12.88833333333331,ARGDr,12.88833333333331,forward_only
0.0,6.0275000000000105,ARGN_1,6.0275000000000105,forward_only
1.326459966291843e-32,14.318071895424811,ARGSL,14.318071895424811,forward_only
0.0,14.318071895424811,ARGSS,14.318071895424811,forward_only
0.0,4.617146666666662,ARGabc,4.617146666666662,forward_only
0.0,5.532011834319509,ARGt2r,5.532011834319509,forward_only
-10.0,9.396927680427325e-13,ASAD,10.00000000000094,backward_only
0.0,10.269285714285635,ASNN,10.269285714285635,forward_only
0.0,8.592222222222206,ASNS1,8.592222222222206,forward_only
0.0,6.412380952380941,ASNabc,6.412380952380941,forward_only
0.0,8.592222222222208,ASNt4,8.592222222222208,forward_only
0.0,0.00018348180974660518,ASP1DC,0.00018348180974660518,forward_only
0.0,0.10705066032238897,ASPCT,0.10705066032238897,forward_only
0.0,0.0,ASPCT_2,0.0,blocked
-2.0587545472450127e-15,10.0,ASPK,10.000000000000002,forward_only
0.0,37.33266932270919,ASPO1,37.33266932270919,forward_only
0.0,7.75420189818812,ASPO6,7.75420189818812,forward_only
-10.0,41.53234177215188,ASPTA,51.53234177215188,bidirectional
-10.0,41.800336391437305,ASPTA6,51.800336391437305,bidirectional
0.0,7.4811111111110975,ASPabc,7.4811111111110975,forward_only
0.0,10.0,ASPt2_2pp,10.0,forward_only
0.0,10.000000000001602,ASPt2pp,10.000000000001602,forward_only
0.0,9.999999999999996,ASPt2r,9.999999999999996,forward_only
-10.0,0.0,ASPtpp,10.0,backward_only
-6.027500000000009,3.5457971014492684,ATAH_1,9.573297101449278,bidirectional
-10.0,0.0,ATHRDHr,10.0,backward_only
0.0,8.59222222222219,ATPHs,8.59222222222219,forward_only
0.0,3.1559493670885965,ATPPRT,3.1559493670885965,forward_only
0.0,18.63380952380945,ATPX5P,18.63380952380945,forward_only
0.0,8.416250000000016,BALAALAabcpp,8.416250000000016,forward_only
0.0,8.416249999999973,BALAALAtex,8.416249999999973,forward_only
0.0,8.41624999999997,BALABALAabcpp,8.41624999999997,forward_only
0.0,8.416249999999971,BALABALAtex,8.416249999999971,forward_only
0.0,9.076796116504822,BALAGLYabcpp,9.076796116504822,forward_only
0.0,9.07679611650484,BALAGLYtex,9.07679611650484,forward_only
0.0,8.207111111111098,BALALEUabcpp,8.207111111111098,forward_only
0.0,8.207111111111093,BALALEUtex,8.207111111111093,forward_only
0.0,0.00018721587726356625,BALAMDAH,0.00018721587726356625,forward_only
0.0,0.0001872184300617405,BALAt2pp,0.0001872184300617405,forward_only
0.0,0.0001872184300472424,BALAt2r,0.0001872184300472424,forward_only
0.0,0.00018721843004724235,BALAtex,0.00018721843004724235,forward_only
0.0,10.000000000000016,BDH,10.000000000000016,forward_only
0.0,10.0,BETALDHx,10.0,forward_only
0.0,10.0,BETALDHy,10.0,forward_only
-10.0,9.706166666666658,BGLA,19.706166666666658,bidirectional
0.0,9.706166666666654,BGLA1,9.706166666666654,forward_only
0.0,19.589999999999982,BGLK,19.589999999999982,forward_only
0.0,9.999999999987395,BG_CELLB,9.999999999987395,forward_only
0.0,10.0,BG_MADG,10.0,forward_only
0.0,10.0,BG_MBDG,10.0,forward_only
0.0,10.000000000000004,BHBtpp,10.000000000000004,forward_only
0.0,0.00018713938660606605,BLAMDabcpp,0.00018713938660606605,forward_only
0.0,0.00018713938662118546,BLAMDtex,0.00018713938662118546,forward_only
0.0,8.592222222222178,BPNT_1,8.592222222222178,forward_only
-2.734378276790975e-05,4.179999999999991,BSCT,4.180027343782759,bidirectional
0.0,0.0,BTDD_RR,0.0,blocked
0.0,176.3773514851485,BTNTe,176.3773514851485,forward_only
0.0,18.633809523809447,BTNt,18.633809523809447,forward_only
0.0,176.37735148514847,BTNt2i,176.37735148514847,forward_only
0.0,0.0,BTS3r,0.0,blocked
0.0,32.888333333333335,BUTCT,32.888333333333335,forward_only
0.0,31.100317460321804,BUTCT2,31.100317460321804,forward_only
-10.0,10.000000000000004,BUTKr,20.000000000000004,bidirectional
0.0,5.726557377049171,BUTSO3abcpp,5.726557377049171,forward_only
0.0,5.726557377049194,BUTSO3tex,5.726557377049194,forward_only
0.0,7.694166666666649,BUTt2rpp,7.694166666666649,forward_only
0.0,7.694166666666647,BUTt4pp,7.694166666666647,forward_only
0.0,7.694166666666647,BUTtex,7.694166666666647,forward_only
0.0,0.0,BZDH,0.0,blocked
-4.180000000000039,3.217974135939201e-05,BZt,4.180032179741398,bidirectional
0.0,0.0,C4HP,0.0,blocked
0.0,6.888571428571212,CA2abc1,6.888571428571212,forward_only
0.0,0.0,CA2tex,0.0,blocked
0.0,0.00018681354322700125,CARNabcpp,0.00018681354322700125,forward_only
0.0,0.00018681354323967986,CARNtex,0.00018681354323967986,forward_only
0.0,20.00001179674631,CAT,20.00001179674631,forward_only
0.0,9.336996996996968,CAt4,9.336996996996968,forward_only
0.0,4.658452380952354,CBPS,4.658452380952354,forward_only
0.0,0.0,CBPS_1,0.0,blocked
0.0,18.633809523809482,CD2abc1,18.633809523809482,forward_only
0.0,18.63380952380952,CD2abcpp,18.63380952380952,forward_only
0.0,176.3773514851484,CD2t3pp,176.3773514851484,forward_only
0.0,93.1886757425742,CD2t4,93.1886757425742,forward_only
0.0,93.18867574257425,CD2t4pp,93.18867574257425,forward_only
0.0,176.37735148514847,CD2t5,176.37735148514847,forward_only
0.0,176.3773514851484,CD2t6,176.3773514851484,forward_only
0.0,176.3773514851484,CD2tex,176.3773514851484,forward_only
0.0,176.3773514851485,CD2tpp,176.3773514851485,forward_only
0.0,6.444166666666642,CDGUNPD,6.444166666666642,forward_only
0.0,6.065098039215693,CDPMEK,6.065098039215693,forward_only
0.0,18.633809523809404,CDPPH,18.633809523809404,forward_only
0.0,8.59222222222219,CDPPT160,8.59222222222219,forward_only
0.0,9.70616666666667,CELBpts,9.70616666666667,forward_only
0.0,9.706166666666668,CELBt2,9.706166666666668,forward_only
0.0,7.196218487394927,CELLBabc,7.196218487394927,forward_only
0.0,9.706166666666661,CELLBpts_2,9.706166666666661,forward_only
0.0,4.573999999999983,CGLYabcpp,4.573999999999983,forward_only
0.0,10.000000000000005,CHLabc,10.000000000000005,forward_only
0.0,10.0,CHOLD,10.0,forward_only
0.0,3.156326530612232,CHORM,3.156326530612232,forward_only
0.0,5.211818181818182,CHORS,5.211818181818182,forward_only
0.0,9.336996996996964,CITt14,9.336996996996964,forward_only
0.0,176.37735148514847,CITt3pp,176.37735148514847,forward_only
0.0,91.13380952380939,CITt4pp_1,91.13380952380939,forward_only
0.0,176.3773514851484,CITtupp,176.3773514851484,forward_only
0.0,0.0,CLtex,0.0,blocked
0.0,10.0,CMCBTFexs,10.0,forward_only
0.0,14.316904761904732,CMPDAi,14.316904761904732,forward_only
0.0,10.000000000000005,CO2t,10.000000000000005,forward_only
0.0,10.0,CO2tex,10.0,forward_only
0.0,10.0,CO2tpp,10.0,forward_only
0.0,14.316904761904736,COBALT2abcpp,14.316904761904736,forward_only
0.0,28.633809523809457,COBALT2t3pp,28.633809523809457,forward_only
-10.0,18.63380952380949,COBALT2tex,28.63380952380949,bidirectional
0.0,28.63380952380948,COBALTt4pp,28.63380952380948,forward_only
-10.0,18.63380952380948,COBALTt5,28.63380952380948,bidirectional
0.0,18.63380952380948,COabc,18.63380952380948,forward_only
0.0,0.0,COt_1,0.0,blocked
0.0,10.0,CPGNexs,10.0,forward_only
0.0,1.1934199022885146,CPPPGO,1.1934199022885146,forward_only
0.0,18.633809523809454,CRO4abcpp,18.633809523809454,forward_only
0.0,18.633809523809507,CRO4t3,18.633809523809507,forward_only
0.0,18.63380952380951,CRO4t3pp,18.63380952380951,forward_only
0.0,18.633809523809507,CRO4tex,18.633809523809507,forward_only
0.0,16.96599999999978,CS,16.96599999999978,forward_only
0.0,7.232219730698812,CTECOAI6,7.232219730698812,forward_only
-3.2220833333333228,6.444166666666723,CTECOAI7,9.666250000000046,bidirectional
0.0,1.7556767676767584,CTECOAI8,1.7556767676767584,forward_only
0.0,14.7093506493506,CTPS1,14.7093506493506,forward_only
0.0,9.316904761904686,CTPS2,9.316904761904686,forward_only
0.0,18.633809523809465,CU2abcpp,18.633809523809465,forward_only
0.0,18.633809523809447,CU2tex,18.633809523809447,forward_only
0.0,18.633809523809443,CU2tpp,18.633809523809443,forward_only
-10.0,24.88823691460048,CYS,34.88823691460048,bidirectional
0.0,24.8882369146005,CYSDS,24.8882369146005,forward_only
0.0,15.755873015872911,CYSGL,15.755873015872911,forward_only
0.0,9.999999999999998,CYSK2_I,9.999999999999998,forward_only
0.0,15.755873015872954,CYSS,15.755873015872954,forward_only
0.0,0.0,CYSS_2,0.0,blocked
0.0,7.732999999999995,CYSTGL,7.732999999999995,forward_only
0.0,24.88823691460055,CYSTL,24.88823691460055,forward_only
0.0,34.88823691460057,CYSTS,34.88823691460057,forward_only
0.0,18.633809523809592,CYST_II,18.633809523809592,forward_only
0.0,10.000000000000002,CYSabc,10.000000000000002,forward_only
0.0,9.31690476190475,CYSabc2pp,9.31690476190475,forward_only
0.0,18.63380952380946,CYSabcpp,18.63380952380946,forward_only
0.0,18.63380952380946,CYStpp,18.63380952380946,forward_only
0.0,40.00004723749081,CYTBD2pp,40.00004723749081,forward_only
0.0,40.00005559577338,CYTB_B2,40.00005559577338,forward_only
0.0,40.00005559577338,CYTB_B3,40.00005559577338,forward_only
0.0,9.316904761904725,CYTD,9.316904761904725,forward_only
0.0,14.316904761904723,CYTDH,14.316904761904723,forward_only
0.0,18.633809523809447,CYTDK1,18.633809523809447,forward_only
0.0,18.633809523809518,CYTDK2,18.633809523809518,forward_only
0.0,0.10746041754990449,CYTDt2,0.10746041754990449,forward_only
-9.999999999999998,0.0,CYTDtex,9.999999999999998,backward_only
-10.0,18.63380952380953,CYTK1,28.63380952380953,bidirectional
-9.733571428571423,12.8883333333333,CYTK2,22.621904761904723,bidirectional
0.0,0.008501828773644058,CYTOM,0.008501828773644058,forward_only
0.0,0.0016929409818883443,Clt,0.0016929409818883443,forward_only
0.0,18.633809523809507,Cobalt2abcppI,18.633809523809507,forward_only
0.0,0.0,Cotpp,0.0,blocked
0.0,18.63380952380952,Cut1,18.63380952380952,forward_only
0.0,9.999999999999998,D5KGK,9.999999999999998,forward_only
0.0,10.000000000000002,D5KGPA,10.000000000000002,forward_only
0.0,10.0,DAAOP,10.0,forward_only
0.0,0.0,DABAAT2,0.0,blocked
5.331878136329305e-31,0.00021758488764106232,DACL,0.00021758488764106232,forward_only
-10.0,12.8883333333333,DADK,22.8883333333333,bidirectional
0.0,18.633809523809454,DADNK,18.633809523809454,forward_only
0.0,0.0,DADNK_1,0.0,blocked
0.0,18.63380952380946,DAGK,18.63380952380946,forward_only
0.0,8.59222222222218,DAGK160,8.59222222222218,forward_only
0.0,18.633809523809422,DAGK_BS,18.633809523809422,forward_only
0.0,8.416249999999987,DALAALAD,8.416249999999987,forward_only
0.0,8.41624999999999,DALADALAD,8.41624999999999,forward_only
0.0,9.076796116504807,DALAGLYD,9.076796116504807,forward_only
0.0,8.207111111111107,DALALEUD,8.207111111111107,forward_only
0.0,37.332669322709165,DALAOX,37.332669322709165,forward_only
0.0,3.726761904761897,DALAt2pp,3.726761904761897,forward_only
0.0,23.0530601092896,DALAt2r,23.0530601092896,forward_only
0.0,3.9656410256410135,DAPAT,3.9656410256410135,forward_only
0.0,0.0,DAPDA,0.0,blocked
0.0,10.000000000000009,DAPDC,10.000000000000009,forward_only
0.0,10.0,DAPE,10.0,forward_only
0.0,8.592222222222212,DASYN160,8.592222222222212,forward_only
0.0,2.5485416666666634,DASYN161,2.5485416666666634,forward_only
0.0,1.9828205128205076,DASYN180,1.9828205128205076,forward_only
0.0,1.2218891491022588,DASYN181,1.2218891491022588,forward_only
0.0,5.3219999999999805,DATPHs,5.3219999999999805,forward_only
0.0,0.0002899212367852108,DB4PS,0.0002899212367852108,forward_only
0.0,8.895040160642564,DCAtex,8.895040160642564,forward_only
0.0,9.733571428571357,DCMPDA,9.733571428571357,forward_only
0.0,9.733571428571384,DCYTD,9.733571428571384,forward_only
0.0,0.10730537517159719,DCYTt2,0.10730537517159719,forward_only
0.0,8.13990094105993,DDCAtexi,8.13990094105993,forward_only
0.0,9.999999999999993,DDGLCNt2r,9.999999999999993,forward_only
0.0,16.583839050131875,DDGLK,16.583839050131875,forward_only
-6.264232059371642e-31,5.211818181818163,DDPA,5.211818181818163,forward_only
-10.0,12.888333333333287,DGK1,22.888333333333286,bidirectional
0.0,18.633809523809497,DGNSK,18.633809523809497,forward_only
0.0,0.0,DGNSK_1,0.0,blocked
0.0,6.444166666666629,DGUNC,6.444166666666629,forward_only
0.0,5.211818181818156,DH23t,5.211818181818156,forward_only
0.0,9.999999999999998,DHACOAH,9.999999999999998,forward_only
0.0,10.0,DHAD1,10.0,forward_only
0.0,7.6941666666567095,DHAD2,7.6941666666567095,forward_only
0.0,7.694166666666634,DHAD3,7.694166666666634,forward_only
0.0,18.63380952380931,DHAK,18.63380952380931,forward_only
0.0,18.633809523809443,DHAPT,18.633809523809443,forward_only
0.0,5.211818181818162,DHBD,5.211818181818162,forward_only
0.0,10.0,DHBSZ3FEexs,10.0,forward_only
0.0,10.000000000000004,DHDPRy,10.000000000000004,forward_only
0.0,10.000000000000002,DHDPS,10.000000000000002,forward_only
0.0,0.008726736224575945,DHFR,0.008726736224575945,forward_only
0.0,0.00021758488764106037,DHFS,0.00021758488764106037,forward_only
0.0,3.252528303339773e-05,DHNAOT_1,3.252528303339773e-05,forward_only
0.0,3.252528303339719e-05,DHNCOAS,3.252528303339719e-05,forward_only
0.0,3.252528303339764e-05,DHNCOAT,3.252528303339764e-05,forward_only
0.0,0.00021758488764106086,DHNPA_1,0.00021758488764106086,forward_only
0.0,0.10705066032238969,DHORDi,0.10705066032238969,forward_only
-0.10705066032238957,0.0,DHORTS,0.10705066032238957,backward_only
0.0,10.000000000000016,DHPACCOAHIT,10.000000000000016,forward_only
0.0,0.00014505660520364036,DHPPDA,0.00014505660520364036,forward_only
0.0,0.00021758488764106148,DHPS,0.00021758488764106148,forward_only
0.0,9.999999999999998,DHPTDCs2,9.999999999999998,forward_only
0.0,5.2118181818182,DHQS,5.2118181818182,forward_only
0.0,5.21181818181818,DHQTi,5.21181818181818,forward_only
0.0,18.633809523809507,DINSK,18.633809523809507,forward_only
0.0,5.854782608695626,DIPEPabc1,5.854782608695626,forward_only
0.0,7.758888888888887,DIPEPabc10,7.758888888888887,forward_only
0.0,1.7777011494252766,DIPEPabc12,1.7777011494252766,forward_only
0.0,6.4123809523809525,DIPEPabc13,6.4123809523809525,forward_only
0.0,5.155333333333323,DIPEPabc14,5.155333333333323,forward_only
0.0,9.076796116504852,DIPEPabc15,9.076796116504852,forward_only
0.0,8.310666666666677,DIPEPabc3,8.310666666666677,forward_only
0.0,5.4266666666666525,DIPEPabc8,5.4266666666666525,forward_only
0.0,9.999999999999998,DKDID,9.999999999999998,forward_only
0.0,3.1559493670885987,DKMD2K,3.1559493670885987,forward_only
0.0,3.1559493670885983,DM1PE,3.1559493670885983,forward_only
0.0,2.02169934640523,DMATT,2.02169934640523,forward_only
0.0,6.0650980392156715,DMPPS,6.0650980392156715,forward_only
0.0,12.8883333333333,DNADDP,12.8883333333333,forward_only
-3.4888130733934436e-30,0.00021735206882307157,DNMPPA,0.00021735206882307157,forward_only
0.0,4.999999999999998,DNTAep,4.999999999999998,forward_only
0.0,0.00021744090745120384,DNTPPA,0.00021744090745120384,forward_only
6.707216860764388e-15,8.5922222222222,DPCOAK,8.592222222222192,forward_only
0.0,0.00018721923621629492,DPR,0.00018721923621629492,forward_only
0.0,10.0,DRBK,10.0,forward_only
0.0,9.999999999999998,DRIBabc,9.999999999999998,forward_only
0.0,17.790748299319645,DRPA,17.790748299319645,forward_only
0.0,10.0,DSERDHr,10.0,forward_only
0.0,10.0,DSERt2,10.0,forward_only
0.0,9.999999999999998,DSERt2pp,9.999999999999998,forward_only
0.0,10.0,DSERtex,10.0,forward_only
0.0,12.88833333333333,DTMPK,12.88833333333333,forward_only
0.0,18.63380952380943,DURIK1,18.63380952380943,forward_only
-0.008505293604122074,14.369450549450567,DURIPP,14.37795584305469,bidirectional
0.0,0.0,DURIPP_1,0.0,blocked
0.0,12.888333333333287,DUTPDP,12.888333333333287,forward_only
0.0,6.065098039215658,DXPRIi,6.065098039215658,forward_only
0.0,6.06509803921567,DXPS,6.06509803921567,forward_only
0.0,10.633442622950799,E4PD,10.633442622950799,forward_only
-10.0,17.69416666666664,ECOAH1,27.69416666666664,bidirectional
-10.0,17.694166666666636,ECOAH1_1,27.694166666666636,bidirectional
-8.944166666666629,0.0016498102086974535,ECOAH2,8.945816476875326,bidirectional
-2.975710636449119e-15,9.925968364197502,ECOAH2c,9.925968364197505,forward_only
-10.0,10.00164988611477,ECOAH3,20.00164988611477,bidirectional
-8.895040160642552,0.0016499758309506541,ECOAH4,8.896690136473502,bidirectional
-8.13990094105993,0.0,ECOAH5,8.13990094105993,backward_only
-7.382142920629271,0.0016501552925805298,ECOAH5_1,7.383793075921851,bidirectional
-7.382142920629261,0.0016501552925805307,ECOAH6,7.383793075921841,bidirectional
-1.93554565701558,0.0013010113213359,ECOAH7,1.9368466683369159,bidirectional
-1.7556767676767544,0.0,ECOAH8,1.7556767676767544,backward_only
0.0,11.120909090909048,ECOAH9ir,11.120909090909048,forward_only
0.0,16.583839050131477,EDA,16.583839050131477,forward_only
-8.63380952380958,10.0,ENO,18.63380952380958,bidirectional
0.0,10.0,ETHSO3abcpp,10.0,forward_only
0.0,10.000000000000002,ETHSO3tex,10.000000000000002,forward_only
-9.999999999999998,9.999999999999998,ETOHtex,19.999999999999996,bidirectional
-10.0,10.000000000000002,ETOHtrpp,20.0,bidirectional
0.0,13.848701298701272,F1PP,13.848701298701272,forward_only
0.0,18.633809523809504,F6PP,18.633809523809504,forward_only
0.0,12.888333333333318,FA80ACPHi,12.888333333333318,forward_only
0.0,5.50410256410255,FACOAE120,5.50410256410255,forward_only
0.0,12.888333333333303,FACOAE140,12.888333333333303,forward_only
0.0,12.888333333333273,FACOAE160,12.888333333333273,forward_only
0.0,12.888333333333318,FACOAE161,12.888333333333318,forward_only
0.0,5.155333333333341,FACOAE180,5.155333333333341,forward_only
0.0,8.895040160642566,FACOAL100t2pp,8.895040160642566,forward_only
0.0,8.139900941059928,FACOAL120t2pp,8.139900941059928,forward_only
0.0,12.8883333333333,FACOAL140,12.8883333333333,forward_only
0.0,0.00013001503800168135,FACOAL140_ISO,0.00013001503800168135,forward_only
0.0,7.148460323726804,FACOAL140t2pp,7.148460323726804,forward_only
0.0,7.232219730698791,FACOAL141t2pp,7.232219730698791,forward_only
0.0,0.002602022642671831,FACOAL150_ISO,0.002602022642671831,forward_only
0.0,0.004423438492542072,FACOAL150_anteiso,0.004423438492542072,forward_only
0.0,12.888333333333255,FACOAL160,12.888333333333255,forward_only
0.0,0.0006505056606679531,FACOAL160_ISO,0.0006505056606679531,forward_only
0.0,6.444166666666638,FACOAL160t2pp,6.444166666666638,forward_only
0.0,12.88833333333327,FACOAL161,12.88833333333327,forward_only
0.0,5.15533333333331,FACOAL161t2pp,5.15533333333331,forward_only
0.0,0.0009107079249351402,FACOAL170_ISO,0.0009107079249351402,forward_only
0.0,0.002211719246271044,FACOAL170_anteiso,0.002211719246271044,forward_only
0.0,0.00039030339640077244,FACOAL180_2,0.00039030339640077244,forward_only
0.0,5.155333333333362,FACOAL180t2pp,5.155333333333362,forward_only
0.0,1.755676767676762,FACOAL181,1.755676767676762,forward_only
0.0,1.4805110732538287,FACOAL181t2pp,1.4805110732538287,forward_only
0.0,8.793333333333308,FACOAL60t2pp,8.793333333333308,forward_only
0.0,8.94416666666663,FACOAL80t2pp,8.94416666666663,forward_only
0.0,25.155333333333324,FADH2D,25.155333333333324,forward_only
0.0,43.602207792207814,FADMQOR,43.602207792207814,forward_only
0.0,9.999999999999998,FALDep,9.999999999999998,forward_only
0.0,5.5041025641025545,FAS140,5.5041025641025545,forward_only
-10.0,18.050464285714263,FBA,28.050464285714263,bidirectional
-10.0,6.999999999999993,FBA2,16.999999999999993,bidirectional
4.629353979525579e-16,17.042083333333345,FBA3,17.042083333333345,forward_only
0.0,18.633809523809475,FBP,18.633809523809475,forward_only
0.0,1.1934199022885037,FCLT_2,1.1934199022885037,forward_only
0.0,13.505925925925743,FDH,13.505925925925743,forward_only
0.0,10.0,FDMO,10.0,forward_only
0.0,10.000000000000004,FDMO3,10.000000000000004,forward_only
0.0,6.460588235294122,FDMO3_1,6.460588235294122,forward_only
0.0,5.726557377049167,FDMO4,5.726557377049167,forward_only
0.0,10.0,FDMO4_1,10.0,forward_only
0.0,10.0,FDMO6,10.0,forward_only
0.0,18.633809523809443,FE2Gabcpp,18.633809523809443,forward_only
0.0,10.619246376811592,FE2abc,10.619246376811592,forward_only
0.0,18.633809523809433,FE2abcpp,18.633809523809433,forward_only
0.0,11.197856322546242,FE2t,11.197856322546242,forward_only
0.0,28.633809523809408,FE2t3pp,28.633809523809408,forward_only
0.0,28.63380952380949,FE2t4pp,28.63380952380949,forward_only
-10.0,1.1648730432029115,FE2tex,11.164873043202912,bidirectional
0.0,5.0,FE3DCITexs,5.0,forward_only
0.0,10.001176528671431,FE3Gabcpp,10.001176528671431,forward_only
-10.0,10.000000000000039,FE3PYOVDL2,20.00000000000004,bidirectional
0.0,10.001176528671433,FE3abc,10.001176528671433,forward_only
0.0,10.001176528671433,FE3abcpp,10.001176528671433,forward_only
-10.0,0.0025395740992486537,FE3t,10.002539574099249,bidirectional
0.0,10.001176528671431,FE3tex,10.001176528671431,forward_only
0.0,4.018333333333303,FEDCabc,4.018333333333303,forward_only
0.0,10.0,FEENTERexs,10.0,forward_only
0.0,10.0,FEOXAMexs,10.0,forward_only
0.0,9.0,FFSD,9.0,forward_only
-10.0,9.70616666666667,FFSD1r,19.706166666666668,bidirectional
0.0,6.789921568627444,FGLU_1,6.789921568627444,forward_only
0.0,7.23060535952192e-05,FMNAT,7.23060535952192e-05,forward_only
0.0,14.081360962932553,FMNRx,14.081360962932553,forward_only
0.0,14.08136096293256,FMNRx2,14.08136096293256,forward_only
0.0,10.901731601731587,FMNRy,10.901731601731587,forward_only
0.0,0.00021743837012804242,FOLD3,0.00021743837012804242,forward_only
0.0,0.00021745015105780816,FOLR2,0.00021745015105780816,forward_only
0.0,10.0,FOMETRi,10.0,forward_only
0.0,6.789921568627477,FORAMD,6.789921568627477,forward_only
0.0,0.0,FORtex,0.0,blocked
0.0,43.97463513513513,FRD2,43.97463513513513,forward_only
0.0,24.37670833333332,FRD3,24.37670833333332,forward_only
-10.0,0.0,FRDO,10.0,backward_only
0.0,24.376708333333323,FRDx,24.376708333333323,forward_only
0.0,17.000000000000004,FRUK,17.000000000000004,forward_only
0.0,7.0,FRUpts,7.0,forward_only
0.0,7.000000000000006,FRUpts2,7.000000000000006,forward_only
0.0,10.000000000000002,FTHFCL,10.000000000000002,forward_only
0.0,11.011970802919704,FTHFLi,11.011970802919704,forward_only
-8.785606060606058,25.276666666666753,FUM,34.06227272727281,bidirectional
0.0,6.553791208791165,FUMAC,6.553791208791165,forward_only
0.0,8.592222222222208,G1PACT,8.592222222222208,forward_only
0.0,10.0,G1PP,10.0,forward_only
0.0,9.65667856117467,G1SAT,9.65667856117467,forward_only
0.0,6.44416666666665,G3PAT160,6.44416666666665,forward_only
0.0,2.577666666666658,G3PAT161,2.577666666666658,forward_only
0.0,1.9828205128205063,G3PAT180,1.9828205128205063,forward_only
0.0,1.2218891491022639,G3PAT181,1.2218891491022639,forward_only
0.0,0.20003049065539535,G3PCT,0.20003049065539535,forward_only
-10.0,55.09479999999995,G3PD1ir,65.09479999999995,bidirectional
0.0,40.00003451730104,G3PD4,40.00003451730104,forward_only
-3.206265790747367e-15,1.9828205128205099,G3PEabcpp,1.982820512820513,forward_only
0.0,0.006505056606666319,G3POA_BS,0.006505056606666319,forward_only
0.0,22.409999999999965,G3PT,22.409999999999965,forward_only
0.0,18.63380952380949,G5SADs,18.63380952380949,forward_only
0.0,18.633809523809433,G5SD,18.633809523809433,forward_only
0.0,23.87000000000003,G6PBDH,23.87000000000003,forward_only
0.0,19.804444444444343,G6PDA,19.804444444444343,forward_only
-10.0,13.869999999999969,G6PDH2r,23.86999999999997,bidirectional
2.4192429856585404e-15,23.869999999999983,G6PI,23.86999999999998,forward_only
0.0,18.63380952380953,G6PP,18.63380952380953,forward_only
0.0,10.044858067795111,GALK2,10.044858067795111,forward_only
-10.0,0.04485806779510426,GALKr,10.044858067795104,bidirectional
0.0,10.044858067795104,GALM,10.044858067795104,forward_only
-10.0,10.0,GALM1,20.0,bidirectional
0.0,9.999999999999996,GALM2,9.999999999999996,forward_only
0.0,5.0,GALS3,5.0,forward_only
-9.999999999999998,0.04485806779510431,GALT,10.044858067795102,bidirectional
0.0,10.0,GALTpts,10.0,forward_only
0.0,0.0,GALURDH,0.0,blocked
0.0,10.000000000000002,GALURt2rpp,10.000000000000002,forward_only
0.0,10.0,GALURtex,10.0,forward_only
0.0,10.0,GALUi,10.0,forward_only
0.0,10.008845208868705,GALabc,10.008845208868705,forward_only
0.0,0.0,GALabcpp,0.0,blocked
-10.0,0.0,GALpts,10.0,backward_only
0.0,9.999999999999998,GALt2_3,9.999999999999998,forward_only
0.0,0.0,GALt2pp,0.0,blocked
0.0,10.000000000000004,GAMpts,10.000000000000004,forward_only
-2.348571428571424,10.0,GAPD,12.348571428571423,bidirectional
0.0,0.0,GAPDi_nadp,0.0,blocked
0.0,2.3300934579438906,GARFT,2.3300934579438906,forward_only
0.0,12.27278688524587,GCALDD,12.27278688524587,forward_only
0.0,9.605757575757556,GCCa,9.605757575757556,forward_only
0.0,9.605757575757577,GCCa_1,9.605757575757577,forward_only
0.0,9.605757575757575,GCCb,9.605757575757575,forward_only
0.0,9.605757575757577,GCCb_1,9.605757575757577,forward_only
0.0,9.605757575757577,GCCc,9.605757575757577,forward_only
0.0,9.605757575757579,GCCc_1,9.605757575757579,forward_only
-10.0,55.7766666666666,GDH1,65.7766666666666,bidirectional
0.0,12.88833333333333,GDPTPDP,12.88833333333333,forward_only
0.0,18.633809523809347,GF6PTA,18.633809523809347,forward_only
-10.0,4.660186915887933,GHMT2r,14.660186915887934,bidirectional
-10.0,29.467142857142807,GK1,39.467142857142804,bidirectional
-10.0,29.46714285714277,GK2,39.46714285714277,bidirectional
0.0,10.0,GLCADpts,10.0,forward_only
0.0,9.999999999999998,GLCAt2,9.999999999999998,forward_only
0.0,0.0,GLCDpp,0.0,blocked
0.0,0.0,GLCNt2ir,0.0,blocked
0.0,9.999999999999998,GLCNt2r,9.999999999999998,forward_only
0.0,0.0,GLCNt2rpp,0.0,blocked
-10.0,0.0,GLCRt1,10.0,backward_only
-4.163238485667595e-15,9.999999999999956,GLCURDH,9.99999999999996,forward_only
0.0,9.999999999999998,GLCURt2rpp,9.999999999999998,forward_only
0.0,9.999999999999996,GLCURtex,9.999999999999996,forward_only
0.0,11.121428571428549,GLCabc,11.121428571428549,forward_only
0.0,0.0,GLCabcpp,0.0,blocked
0.0,19.412333333333272,GLCpts,19.412333333333272,forward_only
0.0,0.0,GLCptspp,0.0,blocked
0.0,0.0,GLCt2pp,0.0,blocked
0.0,12.888333333333296,GLGC,12.888333333333296,forward_only
0.0,18.633809523809436,GLNS,18.633809523809436,forward_only
0.0,9.16100529100528,GLNabc,9.16100529100528,forward_only
0.0,9.999999999999998,GLTPD,9.999999999999998,forward_only
0.0,18.633809523809383,GLU5K,18.633809523809383,forward_only
0.0,10.036406250000011,GLUDC,10.036406250000011,forward_only
-10.0,45.77666666666666,GLUDxi,55.77666666666666,bidirectional
-10.0,45.776666666666635,GLUDy,55.776666666666635,bidirectional
-10.0,55.7766666666666,GLUDy_1,65.7766666666666,bidirectional
0.0,20.0,GLUKA_1,20.0,forward_only
0.0,18.633809523809468,GLUN,18.633809523809468,forward_only
0.0,2.330093457943924,GLUPRT,2.330093457943924,forward_only
-10.0,41.59282894736843,GLUR,51.59282894736843,bidirectional
0.0,5.0,GLUSfx,5.0,forward_only
0.0,18.63380952380951,GLUSx,18.63380952380951,forward_only
0.0,18.633809523809518,GLUSy,18.633809523809518,forward_only
0.0,3.9656410256410313,GLUTARH,3.9656410256410313,forward_only
0.0,9.656678561174694,GLUTRR,9.656678561174694,forward_only
0.0,9.656678561174685,GLUTRS,9.656678561174685,forward_only
0.0,10.115061728395059,GLUabc,10.115061728395059,forward_only
0.0,11.865307017543845,GLUt2r,11.865307017543845,forward_only
0.0,11.865307017543861,GLUt2rpp,11.865307017543861,forward_only
0.0,11.865307017543861,GLUt4,11.865307017543861,forward_only
0.0,11.865307017543861,GLUt4pp,11.865307017543861,forward_only
-4.573999999999999,10.0,GLUtex,14.573999999999998,bidirectional
0.0,8.150959097320152,GLXCBL,8.150959097320152,forward_only
0.0,17.484545454545444,GLXO1,17.484545454545444,forward_only
0.0,14.40666666666663,GLYALDDr,14.40666666666663,forward_only
-10.0,10.0,GLYALDt,20.0,bidirectional
-10.0,10.000000000000004,GLYAT,20.000000000000004,bidirectional
0.0,10.000000000000002,GLYBabc,10.000000000000002,forward_only
0.0,10.000000000000002,GLYBt2r,10.000000000000002,forward_only
0.0,10.0,GLYBt3pp,10.0,forward_only
-10.0,0.0,GLYBtex,10.0,backward_only
0.0,3.222083333333336,GLYC3Pabcpp,3.222083333333336,forward_only
0.0,9.999999999999996,GLYCDH,9.999999999999996,forward_only
0.0,14.406666666666668,GLYCK,14.406666666666668,forward_only
0.0,9.605757575757567,GLYCL,9.605757575757567,forward_only
0.0,43.04467105263157,GLYCLTDx,43.04467105263157,forward_only
0.0,40.000011721256456,GLYCTO1,40.000011721256456,forward_only
0.0,43.51964506172846,GLYCTO3,43.51964506172846,forward_only
0.0,9.076796116504855,GLYCYSAP,9.076796116504855,forward_only
0.0,9.076796116504854,GLYCYSabc,9.076796116504854,forward_only
-10.0,48.74840659340658,GLYCt,58.74840659340658,bidirectional
-10.0,10.0,GLYCtex,20.0,bidirectional
-10.0,10.0,GLYCtpp,20.0,bidirectional
0.0,6.477119741100319,GLYGLNabcpp,6.477119741100319,forward_only
0.0,6.477119741100319,GLYGLNtex,6.477119741100319,forward_only
0.0,6.47711974110032,GLYGLNtr,6.47711974110032,forward_only
0.0,7.758888888888829,GLYGLUabcpp,7.758888888888829,forward_only
0.0,7.758888888888885,GLYGLUtex,7.758888888888885,forward_only
0.0,8.028540145985405,GLYGLYCNc,8.028540145985405,forward_only
0.0,5.016115288220551,GLYGLYGLNtr,5.016115288220551,forward_only
0.0,8.028540145985456,GLYGLYabcpp,8.028540145985456,forward_only
0.0,8.02854014598539,GLYGLYtex,8.02854014598539,forward_only
0.0,24.467142857143013,GLYK,24.467142857143013,forward_only
0.0,8.51810953287451,GLYLEUAP,8.51810953287451,forward_only
0.0,8.518109532874506,GLYLEUtr,8.518109532874506,forward_only
0.0,1.7777011494252875,GLYMETabcpp,1.7777011494252875,forward_only
0.0,1.7777011494252841,GLYMETtex,1.7777011494252841,forward_only
0.0,1.7777011494252841,GLYMETtr,1.7777011494252841,forward_only
0.0,20.049491525423765,GLYO1,20.049491525423765,forward_only
0.0,0.0,GLYOX,0.0,blocked
0.0,0.0,GLYOX_1,0.0,blocked
0.0,4.5472444444444005,GLYPHEAP,4.5472444444444005,forward_only
0.0,4.5472444444444315,GLYPHEHYc,4.5472444444444315,forward_only
0.0,4.547244444444431,GLYPHEabcpp,4.547244444444431,forward_only
0.0,4.547244444444431,GLYPHEtex,4.547244444444431,forward_only
0.0,4.5472444444444315,GLYPHEtr,4.5472444444444315,forward_only
0.0,9.165784313725473,GLYSERabcpp,9.165784313725473,forward_only
0.0,9.165784313725485,GLYSERtex,9.165784313725485,forward_only
0.0,4.80928571428566,GLYTYRAP,4.80928571428566,forward_only
0.0,4.809285714285701,GLYTYRabc,4.809285714285701,forward_only
0.0,9.999999999999998,GLYabc,9.999999999999998,forward_only
0.0,9.999999999999984,GLYt2pp,9.999999999999984,forward_only
0.0,9.999999999999998,GLYt2r,9.999999999999998,forward_only
0.0,9.999999999999998,GLYt4,9.999999999999998,forward_only
0.0,9.999999999999998,GLYtex,9.999999999999998,forward_only
0.0,8.592222222222235,GMPR,8.592222222222235,forward_only
0.0,8.592222222222196,GMPS2,8.592222222222196,forward_only
0.0,13.869999999999992,GND,13.869999999999992,forward_only
0.0,18.63380952380947,GNK_1,18.63380952380947,forward_only
0.0,0.0,GNKr,0.0,blocked
0.0,14.31690476190476,GNNUC,14.31690476190476,forward_only
0.0,18.633809523809578,GNP,18.633809523809578,forward_only
0.0,2.548541666666668,GPDDA2,2.548541666666668,forward_only
0.0,1.221889149102261,GPDDA4,1.221889149102261,forward_only
0.0,2.0216993464052266,GRTT,2.0216993464052266,forward_only
-3.76458523193171e-15,10.000000000000002,GSNt2pp,10.000000000000005,forward_only
-10.000000000000002,25.45545903257653,GTHOr,35.455459032576535,bidirectional
0.0,5.000000000000001,GTHPe,5.000000000000001,forward_only
0.0,20.00001194626353,GTHPi,20.00001194626353,forward_only
0.0,6.338412698412691,GTHRDH_syn,6.338412698412691,forward_only
0.0,4.57399999999999,GTHRDHpp,4.57399999999999,forward_only
0.0,9.316904761904809,GTHRDabc2pp,9.316904761904809,forward_only
0.0,9.316904761904716,GTHRDabcpp,9.316904761904716,forward_only
3.281457647731308e-15,6.338412698412678,GTHRDt2_1,6.338412698412674,forward_only
0.0,0.00021744090745120384,GTPCI,0.00021744090745120384,forward_only
0.0,0.0001449606183926159,GTPCII,0.0001449606183926159,forward_only
0.0,12.88833333333324,GTPDPK,12.88833333333324,forward_only
0.0,0.0,GTPDPK_1,0.0,blocked
0.0,5.155333333333299,GTPHs,5.155333333333299,forward_only
0.0,12.888333333333279,GUACYC,12.888333333333279,forward_only
0.0,13.304999999999922,GUAPRT,13.304999999999922,forward_only
0.0,10.000000000000004,GUAt2pp,10.000000000000004,forward_only
0.0,10.0,GUAt2r,10.0,forward_only
0.0,9.999999999999998,GUAtex,9.999999999999998,forward_only
0.0,10.000000000000002,GUI2,10.000000000000002,forward_only
-9.999999999999996,10.0,GalMr,19.999999999999996,bidirectional
0.0,0.0,H2CO3D2,0.0,blocked
-10.0,20.00000000000041,H2Ot,30.00000000000041,bidirectional
0.0,30.0,H2Otex,30.0,forward_only
0.0,29.999999999999993,H2Otpp,29.999999999999993,forward_only
0.0,9.466402116402104,H2SO,9.466402116402104,forward_only
-0.08133582060139523,26.667055555555546,H2St1,26.748391376156942,bidirectional
-10.0,0.0,H2tex,10.0,backward_only
-10.000000000000002,0.0,H2tpp,10.000000000000002,backward_only
-10.0,17.694166666666618,HACD1,27.694166666666618,bidirectional
-10.0,17.694166666666646,HACD1_1,27.694166666666646,bidirectional
0.0,0.0,HACD1i,0.0,blocked
-8.944166666666694,0.0016498102086974686,HACD2,8.945816476875391,bidirectional
-10.0,10.001649886114764,HACD3,20.001649886114762,bidirectional
-8.89504016064257,0.0016499758309445412,HACD4,8.896690136473515,bidirectional
-8.15967877287108,0.001650065556883902,HACD5,8.161328838427965,bidirectional
-7.382142920629313,0.0016501552925805329,HACD6,7.3837930759218935,bidirectional
-1.9355456570155842,0.0013010113213359077,HACD7,1.93684666833692,bidirectional
-1.7556767676767615,0.0,HACD8,1.7556767676767615,backward_only
0.0,0.0,HACD8i,0.0,blocked
0.0,11.120909090909066,HACD9,11.120909090909066,forward_only
1.69298140719883e-15,9.925968364197525,HACOADr,9.925968364197523,forward_only
0.0,9.999999999999979,HADPCOADH,9.999999999999979,forward_only
0.0,18.63380952380952,HCO3E,18.63380952380952,forward_only
0.0,8.592222222222205,HCYSMT,8.592222222222205,forward_only
0.0,1.0310666666666852,HCYSMT2,1.0310666666666852,forward_only
-3.2220833333333205,6.444166666666667,HDECH,9.666249999999987,bidirectional
0.0,2.021699346405223,HEMEOS_1,2.021699346405223,forward_only
0.0,8.592222222222235,HETZK,8.592222222222235,forward_only
0.0,22.800476190476136,HEX1,22.800476190476136,forward_only
0.0,21.633809523809514,HEX4,21.633809523809514,forward_only
0.0,22.80047619047619,HEX7,22.80047619047619,forward_only
0.0,6.46058823529411,HEXSabc,6.46058823529411,forward_only
0.0,8.793333333333281,HEXt2rpp,8.793333333333281,forward_only
0.0,10.0,HG2abcpp,10.0,forward_only
0.0,9.999999999999996,HG2t3pp,9.999999999999996,forward_only
-10.0,-5.329070518200751e-15,HG2tex,9.999999999999995,backward_only
0.0,6.5537912087912344,HGNTOR,6.5537912087912344,forward_only
-7.484816922157539e-10,10.000000000000012,HGt,10.000000000748495,forward_only
1.6757701692639128e-20,9.92596836419753,HIBD,9.92596836419753,forward_only
0.0,9.925968364197514,HIBHr,9.925968364197514,forward_only
0.0,6.78992156862746,HISDr,6.78992156862746,forward_only
0.0,4.617146666666668,HISGLYabcpp,4.617146666666668,forward_only
0.0,4.617146666666673,HISGLYtex,4.617146666666673,forward_only
0.0,3.005954861111112,HISHISabcpp,3.005954861111112,forward_only
0.0,3.0059548611111064,HISHIStex,3.0059548611111064,forward_only
0.0,3.1559493670886125,HISTD,3.1559493670886125,forward_only
0.0,3.1559493670886014,HISTP,3.1559493670886014,forward_only
0.0,0.0,HISTP_1,0.0,blocked
0.0,5.42666666666667,HISabc,5.42666666666667,forward_only
0.0,6.789921568627444,HISt2r,6.789921568627444,forward_only
0.0,3.155949367088603,HKM1PP,3.155949367088603,forward_only
0.0,1.2070848201468334,HMBS,1.2070848201468334,forward_only
0.0,10.310666666666663,HMGL,10.310666666666663,forward_only
0.0,0.0,HMGL_2,0.0,blocked
9.09452662150872e-21,8.592222222222185,HMPK1,8.592222222222185,forward_only
0.0,7.208984674323481e-05,HMPPtr,7.208984674323481e-05,forward_only
0.0,11.590967741935458,HMR_9610,11.590967741935458,forward_only
-8.15095909732026,0.0,HOXPRx,8.15095909732026,backward_only
0.0,5.4585815066767225,HPHACA,5.4585815066767225,forward_only
0.0,0.00021743837012803643,HPPK,0.00021743837012803643,forward_only
-10.0,0.0,HQNt6,10.0,backward_only
0.0,0.0,HSDxi,0.0,blocked
-10.0,0.0,HSDy,10.0,backward_only
0.0,7.733000000000035,HSERTA,7.733000000000035,forward_only
0.0,9.999999999999998,HSK,9.999999999999998,forward_only
0.0,13.1559493670886,HSTPT,13.1559493670886,forward_only
-10.0,3.1559493670886045,HSTPTr,13.155949367088605,bidirectional
0.0,5.242711864391806,HXANt2pp,5.242711864391806,forward_only
0.0,5.242711864406768,HXANt2r,5.242711864406768,forward_only
0.0,8.793333333333312,HXAtex,8.793333333333312,forward_only
0.0,8.793333333333328,HXCT,8.793333333333328,forward_only
0.0,8.87,HXPRT,8.87,forward_only
0.0,18.63380952380953,HYPOE,18.63380952380953,forward_only
0.0,5.242711864406778,HYXNtex,5.242711864406778,forward_only
0.0,197.19074074074072,Htex,197.19074074074072,forward_only
-0.0016497964083447131,9.925968364197528,IBTMr,9.927618160605872,bidirectional
-10.0,9.536431924882633,ICDHyr,19.536431924882635,bidirectional
0.0,5.211818181818177,ICHORS,5.211818181818177,forward_only
0.0,5.211818181818145,ICHORT,5.211818181818145,forward_only
0.0,9.336996996996993,ICITt4pp,9.336996996996993,forward_only
0.0,9.336996996996994,ICITtex,9.336996996996994,forward_only
0.0,9.336996996996998,ICITtupp,9.336996996996998,forward_only
0.0,16.631794871794856,ICL,16.631794871794856,forward_only
-10.0,0.0,ID3ACALDt,10.0,backward_only
0.0,3.155949367088483,IG3PS_1,3.155949367088483,forward_only
0.0,3.1559493670886063,IGPDH_1,3.1559493670886063,forward_only
0.0,0.01840356851372682,IGPS,0.01840356851372682,forward_only
-7.69416666666667,0.0,ILEDHr,7.69416666666667,backward_only
-0.09423964798737924,11.120909090909048,ILETA,11.215148738896428,bidirectional
0.0,8.317142857142873,ILEabc,8.317142857142873,forward_only
0.0,8.317142857142844,ILEabcpp,8.317142857142844,forward_only
0.0,9.999999999999991,ILEt2r,9.999999999999991,forward_only
0.0,8.317142857142823,ILEtex,8.317142857142823,forward_only
-3.155949367088626,-1.3850825248644985e-15,IMPC,3.1559493670886245,backward_only
0.0,8.592222222222176,IMPD,8.592222222222176,forward_only
0.0,9.999999999999998,IND3ACtex,9.999999999999998,forward_only
0.0,10.0,IND3ACtpp,10.0,forward_only
-10.0,0.0,INOSR,10.0,backward_only
0.0,20.000000000000004,INS2D,20.000000000000004,forward_only
0.0,10.0,INSCR,10.0,forward_only
0.0,10.00000000000001,INSH,10.00000000000001,forward_only
0.0,10.0,INSTabc,10.0,forward_only
0.0,9.999999999832804,INSTt2,9.999999999832804,forward_only
-4.043398692810453,2.0216993464052297,IPDDI,6.065098039215683,bidirectional
0.0,6.065098039215681,IPDPS,6.065098039215681,forward_only
0.0,8.592222222222228,IPMD,8.592222222222228,forward_only
-8.592222222222224,0.0,IPPMIa,8.592222222222224,backward_only
-8.592222222222254,0.0,IPPMIb,8.592222222222254,backward_only
0.0,8.592222222222182,IPPS,8.592222222222182,forward_only
0.0,10.000000000000009,ISETACabcpp,10.000000000000009,forward_only
0.0,10.000000000000002,ISETACtex,10.000000000000002,forward_only
0.0,18.633809523809443,ITCY,18.633809523809443,forward_only
0.0,6.789921568627444,IZPN,6.789921568627444,forward_only
0.0,0.0,IZPN_1,0.0,blocked
-10.0,0.0,KARA1,10.0,backward_only
0.0,7.694166666667145,KARA2,7.694166666667145,forward_only
0.0,0.00013001503800167105,KAS1,0.00013001503800167105,forward_only
0.0,0.0009107079249351307,KAS11,0.0009107079249351307,forward_only
0.0,0.0022117192462710314,KAS12,0.0022117192462710314,forward_only
0.0,0.00039030339640077017,KAS13,0.00039030339640077017,forward_only
0.0,1.7556767676767637,KAS17,1.7556767676767637,forward_only
0.0,2.1564764267989953,KAS2,2.1564764267989953,forward_only
0.0,0.0026020226426718206,KAS3,0.0026020226426718206,forward_only
0.0,0.004423438492542077,KAS4,0.004423438492542077,forward_only
0.0,0.0006505056606679525,KAS6,0.0006505056606679525,forward_only
0.0,1.9355456570155878,KAS7,1.9355456570155878,forward_only
0.0,1.9355456570155853,KAS8,1.9355456570155853,forward_only
0.0,18.63380952380945,Kabc,18.63380952380945,forward_only
0.0,18.633809523809482,Kabcpp,18.633809523809482,forward_only
-10.0,176.37735148514844,Kt1,186.37735148514844,bidirectional
0.0,93.1886757425742,Kt2r,93.1886757425742,forward_only
0.0,176.37735148514838,Kt3r,176.37735148514838,forward_only
0.0,93.1886757425742,Ktex,93.1886757425742,forward_only
0.0,8.310666666666659,LALALGLUtex,8.310666666666659,forward_only
0.0,8.310666666666659,LALGP,8.310666666666659,forward_only
0.0,9.999999999999998,LCADi,9.999999999999998,forward_only
0.0,6.444166666666651,LDGUNPD,6.444166666666651,forward_only
1.624069310123805e-32,2.070423280423303,LDH_D,2.070423280423303,forward_only
0.0,10.0,LDH_L,10.0,forward_only
0.0,7.667974999999997,LEULEULAPc,7.667974999999997,forward_only
0.0,7.667975000000002,LEULEUabcpp,7.667975000000002,forward_only
0.0,7.667975000000001,LEULEUtex,7.667975000000001,forward_only
-10.0,18.271296296296278,LEUTA,28.271296296296278,bidirectional
0.0,12.310666666666629,LEUabc,12.310666666666629,forward_only
0.0,18.633809523809504,LEUabcpp,18.633809523809504,forward_only
0.0,18.269009661835728,LEUt2r,18.269009661835728,forward_only
0.0,28.63380952380947,LEUt3pp,28.63380952380947,forward_only
-10.0,6.310666666666627,LEUtex,16.310666666666627,bidirectional
0.0,0.0,LGTHL,0.0,blocked
0.0,9.999999999999998,LIPAMPL,9.999999999999998,forward_only
0.0,10.0,LIPATPT_2,10.0,forward_only
0.0,1.2717972811735547e-05,LIPO1S24_BS,1.2717972811735547e-05,forward_only
0.0,1.2717972811738232e-05,LIPO2S24_BS,1.2717972811738232e-05,forward_only
0.0,1.2717972811738234e-05,LIPO3S24_BS,1.2717972811738234e-05,forward_only
0.0,1.2717972811738234e-05,LIPO4S24_BS,1.2717972811738234e-05,forward_only
0.0,9.999999999999998,LIPOPBt,9.999999999999998,forward_only
-10.0,18.271296296296303,LLEUDr,28.271296296296303,bidirectional
0.0,3.2220833333333285,LPLIPAL1A160pp,3.2220833333333285,forward_only
0.0,2.5776666666666657,LPLIPAL1A161pp,2.5776666666666657,forward_only
0.0,1.9828205128205103,LPLIPAL1E180pp,1.9828205128205103,forward_only
0.0,2.5485416666666603,LPLIPAL2E161,2.5485416666666603,forward_only
0.0,1.2218891491022592,LPLIPAL2G181,1.2218891491022592,forward_only
-10.0,0.0,LSERDHr,10.0,backward_only
0.0,18.633809523809443,LTHRK,18.633809523809443,forward_only
0.0,3.965641025641019,LYSDC,3.965641025641019,forward_only
0.0,7.758888888888856,LYSGLUGLYtr,7.758888888888856,forward_only
0.0,18.63380952380946,LYSabc,18.63380952380946,forward_only
0.0,18.633809523809468,LYSabcpp,18.633809523809468,forward_only
0.0,18.633809523809468,LYSt3pp,18.633809523809468,forward_only
0.0,18.633809523809468,LYSt3r,18.633809523809468,forward_only
-10.0,18.633809523809468,LYStex,28.633809523809468,bidirectional
0.0,5.0,M1PD,5.0,forward_only
0.0,6.553791208791201,MACACI,6.553791208791201,forward_only
0.0,11.120909090909084,MACCOAT,11.120909090909084,forward_only
-8.079795888310446e-16,10.505707070707057,MAL6PG,10.505707070707057,forward_only
0.0,9.923611111111024,MALDDH,9.923611111111024,forward_only
0.0,9.923611111111093,MALDt2_2pp,9.923611111111093,forward_only
0.0,9.923611111111093,MALDtex,9.923611111111093,forward_only
0.0,9.643999999999986,MALS,9.643999999999986,forward_only
0.0,8.956728971962612,MALT,8.956728971962612,forward_only
0.0,6.470777777777771,MALTTRabc,6.470777777777771,forward_only
0.0,4.853083333333327,MALTTTRabc,4.853083333333327,forward_only
0.0,8.0,MALTabc,8.0,forward_only
0.0,8.0,MALTpts,8.0,forward_only
0.0,7.999999999944806,MALTt2,7.999999999944806,forward_only
0.0,9.999999999999995,MALt4,9.999999999999995,forward_only
0.0,13.188888888888867,MAN6PI,13.188888888888867,forward_only
0.0,9.855555555555519,MANGLYCptspp,9.855555555555519,forward_only
0.0,9.855555555555535,MANGLYCtex,9.855555555555535,forward_only
0.0,9.855555555555537,MANPGH,9.855555555555537,forward_only
0.0,6.0,MANpts,6.0,forward_only
0.0,6.000000000000001,MANt2,6.000000000000001,forward_only
0.0,10.310666666666616,MBCOAi,10.310666666666616,forward_only
-9.179411400119773e-15,16.950833333333243,MCA,16.950833333333254,forward_only
0.0,10.0,MCBTFUexs,10.0,forward_only
0.0,10.310666666666664,MCCC,10.310666666666664,forward_only
0.0,16.950833333333307,MCITL2,16.950833333333307,forward_only
0.0,16.95083333333329,MCITS,16.95083333333329,forward_only
0.0,0.00850182877365104,MCSNAH,0.00850182877365104,forward_only
0.0,0.0,MCTC_1,0.0,blocked
0.0,1.0352116402116343,MCTP1App,1.0352116402116343,forward_only
0.0,0.9807268170426009,MCTP1Bpp,0.9807268170426009,forward_only
0.0,0.6901410934744227,MCTP2App,0.6901410934744227,forward_only
0.0,1.0352116402116316,MDDCP1pp,1.0352116402116316,forward_only
0.0,0.6901410934744229,MDDCP2pp,0.6901410934744229,forward_only
0.0,1.0352116402116316,MDDCP3pp,1.0352116402116316,forward_only
0.0,1.0352116402116338,MDDCP4pp,1.0352116402116338,forward_only
0.0,0.9807268170426006,MDDCP5pp,0.9807268170426006,forward_only
0.0,1.035211640211634,MDDEP1pp,1.035211640211634,forward_only
0.0,0.9807268170426008,MDDEP2pp,0.9807268170426008,forward_only
0.0,1.0352116402116338,MDDEP3pp,1.0352116402116338,forward_only
0.0,0.6901410934744237,MDDEP4pp,0.6901410934744237,forward_only
-10.0,25.27666666666653,MDH,35.27666666666653,bidirectional
0.0,4.999999999999998,MDNTHAep,4.999999999999998,forward_only
0.0,3.155949367088598,MDRPD,3.155949367088598,forward_only
0.0,22.621333333333343,ME2,22.621333333333343,forward_only
0.0,6.0650980392156875,MECDPDH2,6.0650980392156875,forward_only
0.0,6.065098039215684,MECDPS,6.065098039215684,forward_only
0.0,5.000000000000009,MELIBabc,5.000000000000009,forward_only
0.0,0.0,MEOHtex,0.0,blocked
0.0,0.0,MEOHtrpp,0.0,blocked
0.0,6.065098039215685,MEPCT,6.065098039215685,forward_only
0.0,8.592222222222228,METAT,8.592222222222228,forward_only
-10.0,7.732999999999982,METB1,17.732999999999983,bidirectional
0.0,9.999999999999998,METDabc,9.999999999999998,forward_only
0.0,7.732999999999998,METGL,7.732999999999998,forward_only
0.0,20.00001181057472,METOX1s,20.00001181057472,forward_only
0.0,20.000011810574723,METOX2s,20.000011810574723,forward_only
0.0,2.0621333333333323,METS,2.0621333333333323,forward_only
0.0,0.0,METSOX1abc,0.0,blocked
0.0,1.8411904761905675,METSOX2abc,1.8411904761905675,forward_only
0.0,20.000011810511406,METSOXR1,20.000011810511406,forward_only
0.0,20.38553151458136,METSOXR2,20.38553151458136,forward_only
0.0,20.38553151458137,METSR_R1,20.38553151458137,forward_only
0.0,20.000011952713226,METSR_R2,20.000011952713226,forward_only
0.0,0.0,METSR_S1,0.0,blocked
0.0,0.0,METSR_S2,0.0,blocked
0.0,1.8411904761904752,METSRabc,1.8411904761904752,forward_only
0.0,0.0,METSabc,0.0,blocked
0.0,1.8411904761904745,METabc,1.8411904761904745,forward_only
0.0,18.6338095238095,METabcpp,18.6338095238095,forward_only
0.0,18.63380952380946,METt3pp,18.63380952380946,forward_only
-10.0,0.0,METte,10.0,backward_only
0.0,10.000000000000027,MFUMt8,10.000000000000027,forward_only
0.0,0.0,MG2tex,0.0,blocked
0.0,10.310666666666663,MGCH,10.310666666666663,forward_only
0.0,16.406666666666656,MGSA,16.406666666666656,forward_only
-0.0028215683031472512,0.0,MGt5,0.0028215683031472512,backward_only
0.0,8.592222222222194,MHPGLUT,8.592222222222194,forward_only
-8.592222222222222,-4.584495017767797e-13,MHPGLUT2,8.592222222221764,backward_only
0.0,8.592222222222219,MI1PP,8.592222222222219,forward_only
0.0,0.9807268170426052,MLDCP1App,0.9807268170426052,forward_only
0.0,0.9807268170426048,MLDCP1Bpp,0.9807268170426048,forward_only
0.0,0.9807268170426058,MLDCP2App,0.9807268170426058,forward_only
0.0,0.9316904761904747,MLDCP2Bpp,0.9316904761904747,forward_only
0.0,0.9316904761904758,MLDCP3App,0.9316904761904758,forward_only
0.0,0.9316904761904727,MLDEP1pp,0.9316904761904727,forward_only
0.0,0.9807268170426022,MLDEP2pp,0.9807268170426022,forward_only
0.0,6.47077777777777,MLTG1,6.47077777777777,forward_only
0.0,4.853083333333327,MLTG2,4.853083333333327,forward_only
0.0,1.0352116402116351,MLTGY1pp,1.0352116402116351,forward_only
0.0,0.9807268170426074,MLTGY2pp,0.9807268170426074,forward_only
0.0,0.9316904761904761,MLTGY3pp,0.9316904761904761,forward_only
0.0,0.6901410934744256,MLTGY4pp,0.6901410934744256,forward_only
0.0,18.633809523809436,MMCD,18.633809523809436,forward_only
0.0,12.054999999999987,MME,12.054999999999987,forward_only
0.0,1.0310666666666752,MMETt2pp,1.0310666666666752,forward_only
0.0,1.0310666666666666,MMETtex,1.0310666666666666,forward_only
0.0,12.054999999999971,MMM,12.054999999999971,forward_only
0.0,12.054999999999982,MMM2,12.054999999999982,forward_only
0.0,9.925968364197525,MMSAD1,9.925968364197525,forward_only
0.0,15.136060606060587,MMSAD2,15.136060606060587,forward_only
0.0,9.999999999999998,MMSAD3,9.999999999999998,forward_only
0.0,9.92596836419751,MMSDHir,9.92596836419751,forward_only
0.0,10.0,MN2t3pp,10.0,forward_only
0.0,18.633809523809457,MN6PP,18.633809523809457,forward_only
0.0,5.0,MNLpts,5.0,forward_only
0.0,5.000000000000001,MNLptspp,5.000000000000001,forward_only
0.0,5.0,MNLtex,5.0,forward_only
0.0,10.000104065606576,MNabc,10.000104065606576,forward_only
0.0,10.00022460097815,MNt2,10.00022460097815,forward_only
-10.0,0.0,MNtex,10.0,backward_only
0.0,9.316904761904842,MOBDabc,9.316904761904842,forward_only
0.0,9.316904761904752,MOBDabc_rev,9.316904761904752,forward_only
0.0,9.316904761904752,MOBDabcpp,9.316904761904752,forward_only
0.0,9.316904761904757,MOBDtex,9.316904761904757,forward_only
0.0,0.00018734320854833892,MOHMT,0.00018734320854833892,forward_only
-1.0905185801490088e-32,1.035211640211636,MPTG,1.035211640211636,forward_only
0.0,0.690141093474425,MPTG2,0.690141093474425,forward_only
0.0,1.9828205128205119,MSO3abc,1.9828205128205119,forward_only
0.0,1.9828205128205096,MSO3abcpp,1.9828205128205096,forward_only
0.0,1.9828205128205099,MSO3tex,1.9828205128205099,forward_only
-1.9828205128205092,-9.223412240887074e-14,MSULR,1.982820512820417,backward_only
-10.0,0.0,MTAM_1,10.0,backward_only
0.0,3.1559493670886,MTAN,3.1559493670886,forward_only
-10.0,4.660186915887851,MTHFC,14.660186915887852,bidirectional
0.0,14.660186915887843,MTHFC_1,14.660186915887843,forward_only
-10.0,4.660186915887842,MTHFD,14.660186915887842,bidirectional
0.0,14.660186915887852,MTHFD2i,14.660186915887852,forward_only
0.0,2.06213333333334,MTHFR3,2.06213333333334,forward_only
0.0,9.999999999999998,MTHTHFSs,9.999999999999998,forward_only
0.0,3.155949367088603,MTRI,3.155949367088603,forward_only
0.0,3.155949367088593,MTRK,3.155949367088593,forward_only
-10.0,0.0,MYCTR,10.0,backward_only
0.0,10.000000000000002,MYCTR2,10.000000000000002,forward_only
0.0,6.412380952380971,NABTNO,6.412380952380971,forward_only
-10.0,0.00017346362269776705,NACt,10.000173463622698,bidirectional
0.0,22.888333333332444,NADDP,22.888333333332444,forward_only
-10.0,12.888333333333275,NADDPp_1,22.888333333333275,bidirectional
0.0,43.044671052631564,NADH10,43.044671052631564,forward_only
0.0,40.00003452039567,NADH4,40.00003452039567,forward_only
0.0,40.000011688686776,NADH5,40.000011688686776,forward_only
0.0,24.37670833333333,NADH9,24.37670833333333,forward_only
0.0,20.000011810588912,NADHPO,20.000011810588912,forward_only
0.0,10.000145291804968,NADK,10.000145291804968,forward_only
0.0,10.000145291804966,NADK1,10.000145291804966,forward_only
0.0,10.000145291804966,NADK2,10.000145291804966,forward_only
0.0,10.000145291804966,NADK3,10.000145291804966,forward_only
0.0,10.000145291804966,NADK4,10.000145291804966,forward_only
0.0,10.000145291804966,NADK5,10.000145291804966,forward_only
0.0,0.0,NADK_1,0.0,blocked
-10.0,0.00014529180496580807,NADKd,10.000145291804966,bidirectional
0.0,13.944166666666655,NADN,13.944166666666655,forward_only
0.0,40.000011707431504,NADPHQR2,40.000011707431504,forward_only
0.0,43.04467105263155,NADPHQR3,43.04467105263155,forward_only
0.0,6.44416666666666,NADS1,6.44416666666666,forward_only
0.0,5.155333333333307,NADS2,5.155333333333307,forward_only
0.0,91.07538461538459,NADTRHD,91.07538461538459,forward_only
-10.0,0.9627777777777795,NAPRT,10.962777777777779,bidirectional
0.0,18.63380952380945,NAabc,18.63380952380945,forward_only
0.0,18.633809523809536,NAabcO,18.633809523809536,forward_only
0.0,94.63202490170373,NAt3_1,94.63202490170373,forward_only
0.0,63.0880166011358,NAt3_2,63.0880166011358,forward_only
0.0,94.63202490170369,NAt3pp,94.63202490170369,forward_only
-10.0,92.69264705882348,NAtex,102.69264705882348,bidirectional
0.0,0.00018714005784769408,NBAHH_ir,0.00018714005784769408,forward_only
0.0,18.633809523809372,NDP3,18.633809523809372,forward_only
0.0,18.6338095238094,NDP7,18.6338095238094,forward_only
0.0,29.467142857142754,NDPK1,29.467142857142754,forward_only
0.0,19.467142857142676,NDPK2,19.467142857142676,forward_only
-10.0,18.633809523810314,NDPK3,28.633809523810314,bidirectional
-10.000000000000002,12.888333333333257,NDPK4,22.888333333333257,bidirectional
-10.0,22.888333333333243,NDPK5,32.88833333333324,bidirectional
-10.0,12.888333333333275,NDPK6,22.888333333333275,bidirectional
-9.733571428571354,22.888333333333257,NDPK7,32.62190476190461,bidirectional
-10.0,39.46714285714282,NDPK8,49.46714285714282,bidirectional
0.0,19.467142857142772,NDPK9,19.467142857142772,forward_only
-10.0,45.776666666666614,NH3c,55.776666666666614,bidirectional
0.0,14.999999999999995,NH4t,14.999999999999995,forward_only
0.0,15.0,NH4tex,15.0,forward_only
-10.0,15.000000000000004,NH4tpp,25.000000000000004,bidirectional
0.0,25.000000000000004,NH4tpp_1,25.000000000000004,forward_only
0.0,9.316904761904746,NI2abcpp,9.316904761904746,forward_only
0.0,18.633809523809468,NI2t3pp,18.633809523809468,forward_only
0.0,18.63380952380939,NI2t4pp,18.63380952380939,forward_only
-10.0,0.0,NI2tex,10.0,backward_only
0.0,18.633809523809397,NI2uabcpp,18.633809523809397,forward_only
0.0,9.999999999999998,NIabc,9.999999999999998,forward_only
0.0,12.888333333333245,NMNAT,12.888333333333245,forward_only
0.0,16.444166666666618,NMNDA,16.444166666666618,forward_only
0.0,18.633809523809422,NMNHYD_1,18.633809523809422,forward_only
0.0,17.88833333333326,NMNN,17.88833333333326,forward_only
0.0,10.0,NMNP,10.0,forward_only
0.0,2.54854166666666,NMO,2.54854166666666,forward_only
0.0,10.962777777777758,NNAM,10.962777777777758,forward_only
0.0,12.888333333333296,NNATr,12.888333333333296,forward_only
0.0,7.754201898188077,NNDPR,7.754201898188077,forward_only
0.0,0.0,NO2tex,0.0,blocked
0.0,9.999999999999822,NO3abc,9.999999999999822,forward_only
0.0,10.000000000000002,NO3abcpp,10.000000000000002,forward_only
-10.0,0.0,NO3t,10.0,backward_only
-1.143284037502643e-15,10.000000000000002,NO3tex,10.000000000000004,forward_only
0.0,4.000001935984093,NODOx,4.000001935984093,forward_only
0.0,4.000001436267651,NODOy,4.000001436267651,forward_only
0.0,5.172700446428626,NOR_syn_1,5.172700446428626,forward_only
0.0,8.000003338261822,NOS1_1,8.000003338261822,forward_only
0.0,4.000001669130911,NOS3,4.000001669130911,forward_only
0.0,40.00001169559086,NOX,40.00001169559086,forward_only
0.0,2.7455115436252463e-05,NPHS,2.7455115436252463e-05,forward_only
0.0,19.467142857141585,NTD1,19.467142857141585,forward_only
0.0,12.888333333333286,NTD10,12.888333333333286,forward_only
0.0,18.633809523809397,NTD12,18.633809523809397,forward_only
0.0,18.633809523809457,NTD2,18.633809523809457,forward_only
0.0,18.63380952380949,NTD3,18.63380952380949,forward_only
0.0,18.633809523809482,NTD4,18.633809523809482,forward_only
0.0,18.633809523809497,NTD5,18.633809523809497,forward_only
0.0,19.46714285714288,NTD6,19.46714285714288,forward_only
0.0,18.63380952380954,NTD7,18.63380952380954,forward_only
0.0,19.467142857142825,NTD8,19.467142857142825,forward_only
0.0,12.888333333333295,NTD9,12.888333333333295,forward_only
0.0,0.0,NTP1,0.0,blocked
0.0,18.6338095238095,NTP10,18.6338095238095,forward_only
0.0,18.633809523809457,NTP3,18.633809523809457,forward_only
0.0,18.63380952380946,NTP5,18.63380952380946,forward_only
0.0,12.888333333333312,NTPP1,12.888333333333312,forward_only
0.0,5.321999999999981,NTPP10,5.321999999999981,forward_only
0.0,0.0,NTPP10_1,0.0,blocked
0.0,5.155333333333326,NTPP11,5.155333333333326,forward_only
0.0,0.0,NTPP11_1,0.0,blocked
0.0,0.0,NTPP1_1,0.0,blocked
0.0,12.88833333333332,NTPP2,12.88833333333332,forward_only
0.0,0.0,NTPP2_1,0.0,blocked
0.0,12.888333333333312,NTPP3,12.888333333333312,forward_only
0.0,12.888333333333298,NTPP4,12.888333333333298,forward_only
0.0,12.888333333333296,NTPP5,12.888333333333296,forward_only
0.0,12.888333333333305,NTPP6,12.888333333333305,forward_only
0.0,12.8883333333333,NTPP7,12.8883333333333,forward_only
0.0,12.888333333333303,NTPP8,12.888333333333303,forward_only
0.0,0.0,NTPP8_1,0.0,blocked
0.0,8.592222222222203,NTPP9,8.592222222222203,forward_only
0.0,0.0,NTPP9_1,0.0,blocked
-2.3882292820765976e-05,20.0,O2tex,20.000023882292822,bidirectional
-2.3882292820766003e-05,20.0,O2tpp,20.000023882292822,bidirectional
0.0,24.109999999999925,OAADCS,24.109999999999925,forward_only
0.0,9.373333333333319,OBDHc,9.373333333333319,forward_only
-0.10705066032238858,4.658452380952371,OCBT,4.765503041274759,bidirectional
0.0,0.0,OCBT_1,0.0,blocked
-10.0,21.359215686274496,OCOAT1,31.359215686274496,bidirectional
0.0,10.0,OCOAT2r,10.0,forward_only
0.0,8.944166666666646,OCTAtex,8.944166666666646,forward_only
0.0,3.250249478565122e-05,OCTDPS,3.250249478565122e-05,forward_only
0.0,10.633442622950794,OHPBAT,10.633442622950794,forward_only
-10.0,8.271296296296274,OIVD1r,18.271296296296274,bidirectional
0.0,6.0227586206896415,OIVD2,6.0227586206896415,forward_only
0.0,11.120909090909043,OIVD3,11.120909090909043,forward_only
0.0,8.592222222222123,OMCDC,8.592222222222123,forward_only
0.0,0.10705066032239041,OMPDC,0.10705066032239041,forward_only
-4.658452380952373,9.316904761904707,ORNTA,13.975357142857082,bidirectional
-4.8220000000000125,9.99999999999999,ORNTAC_1,14.822000000000003,bidirectional
0.0,13.527499999999986,ORNTA_1,13.527499999999986,forward_only
-0.10705066032239134,0.0,ORPT,0.10705066032239134,backward_only
0.0,7.694166666666632,OXADC,7.694166666666632,forward_only
-10.0,0.0,OXAtpp,10.0,backward_only
0.0,10.000000000000016,OXCOAHDH,10.000000000000016,forward_only
0.0,10.000000000000002,OXDHCOAT,10.000000000000002,forward_only
-9.999999999999998,0.0,OXFOtex,9.999999999999998,backward_only
0.0,10.03640625000001,OXGDC,10.03640625000001,forward_only
0.0,3.965641025641018,OXPTNDH,3.965641025641018,forward_only
0.0,51.59282894736837,P52O,51.59282894736837,forward_only
0.0,18.633809523809482,P5CD,18.633809523809482,forward_only
0.0,5.728148148148127,P5CR,5.728148148148127,forward_only
0.0,0.0,P5CRx,0.0,blocked
0.0,3.2220833333333254,PA160abcpp,3.2220833333333254,forward_only
0.0,2.5776666666666657,PA161abcpp,2.5776666666666657,forward_only
-10.000000000000004,0.0,PACALDt,10.000000000000004,backward_only
0.0,10.000000000000002,PACCOAE,10.000000000000002,forward_only
-1.698052875989653e-15,10.000000000000002,PACCOAL,10.000000000000004,forward_only
0.0,16.406666666666542,PANO,16.406666666666542,forward_only
0.0,0.0001872192362187623,PANTS,0.0001872192362187623,forward_only
0.0,18.63380952380946,PAP,18.63380952380946,forward_only
0.0,2.0704232804232783,PAPPT3,2.0704232804232783,forward_only
0.0,8.592222222222105,PAPSR,8.592222222222105,forward_only
0.0,18.633809523809457,PAP_BS,18.633809523809457,forward_only
-10.0,9.999999999999998,PBUTT,20.0,bidirectional
0.0,18.63380952380932,PC,18.63380952380932,forward_only
0.0,12.888333333333343,PDE1,12.888333333333343,forward_only
0.0,12.888333333333295,PDE4,12.888333333333295,forward_only
0.0,16.44416666666665,PDH,16.44416666666665,forward_only
0.0,16.444166666666653,PDHbr,16.444166666666653,forward_only
0.0,16.444166666666664,PDHcr,16.444166666666664,forward_only
0.0,5.155333333333323,PE160abcpp,5.155333333333323,forward_only
0.0,5.155333333333329,PE161abcpp,5.155333333333329,forward_only
0.0,5.155333333333324,PE180abcpp,5.155333333333324,forward_only
0.0,1.4805110732538258,PE181abcpp,1.4805110732538258,forward_only
0.0,10.505707070707155,PEPA,10.505707070707155,forward_only
0.0,10.633442622950847,PERD,10.633442622950847,forward_only
0.0,21.133809523809525,PFK,21.133809523809525,forward_only
0.0,10.0,PFK_2,10.0,forward_only
0.0,17.04208333333329,PFK_4,17.04208333333329,forward_only
0.0,5.155333333333311,PG160abcpp,5.155333333333311,forward_only
0.0,5.155333333333326,PG161abcpp,5.155333333333326,forward_only
0.0,5.155333333333333,PG180abcpp,5.155333333333333,forward_only
0.0,1.4805110732538256,PG181abcpp,1.4805110732538256,forward_only
-8.592222222222238,0.0,PGAMT,8.592222222222238,backward_only
0.0,18.633809523809525,PGCD,18.633809523809525,forward_only
-10.0,19.267142857142858,PGI,29.267142857142858,bidirectional
0.0,20.0,PGI1c,20.0,forward_only
-10.0,2.3485714285713986,PGK,12.348571428571399,bidirectional
0.0,13.869999999999985,PGL,13.869999999999985,forward_only
0.0,9.843999999999996,PGLYCP,9.843999999999996,forward_only
0.0,0.0,PGLYCP_1,0.0,blocked
-10.0,8.633809523809479,PGM,18.63380952380948,bidirectional
-10.0,8.881784197001252e-15,PGMT,10.000000000000009,backward_only
0.0,0.0,PGMT_2,0.0,blocked
0.0,0.0,PGMT_B,0.0,blocked
0.0,1.2218891491022563,PGP181abcpp,1.2218891491022563,forward_only
0.0,1.2218891491022577,PGPP181pp,1.2218891491022577,forward_only
0.0,1.2218891491022577,PGSA181,1.2218891491022577,forward_only
0.0,10.000000000000005,PHACOAOR,10.000000000000005,forward_only
-1.1934199022885053,2.02169934640523,PHEMEt,3.2151192486937354,bidirectional
-0.059551844074243625,5.458581506676727,PHETA1,5.51813335075097,bidirectional
0.0,4.872047619047612,PHEabc,4.872047619047612,forward_only
0.0,5.4585815066767465,PHEt2r,5.4585815066767465,forward_only
0.0,5.775793357933559,PHHL,5.775793357933559,forward_only
0.0,5.775793357933568,PHHL2,5.775793357933568,forward_only
0.0,8.0425806451613,PIabc,8.0425806451613,forward_only
0.0,10.214418604651124,PIt2r,10.214418604651124,forward_only
0.0,10.224878048780518,PIt2rpp,10.224878048780518,forward_only
0.0,10.214418604651163,PIt7,10.214418604651163,forward_only
-10.0,7.305000000000383,PItex,17.305000000000383,bidirectional
0.0,8.592222222222219,PLCD,8.592222222222219,forward_only
0.0,5.15533333333332,PLIPA1E160pp,5.15533333333332,forward_only
0.0,5.155333333333326,PLIPA1E161pp,5.155333333333326,forward_only
0.0,5.155333333333333,PLIPA1E180pp,5.155333333333333,forward_only
0.0,1.4805110732538327,PLIPA1E181pp,1.4805110732538327,forward_only
0.0,5.155333333333307,PLIPA1G160pp,5.155333333333307,forward_only
0.0,5.155333333333314,PLIPA1G161pp,5.155333333333314,forward_only
0.0,5.155333333333319,PLIPA1G180pp,5.155333333333319,forward_only
0.0,1.4805110732538296,PLIPA1G181pp,1.4805110732538296,forward_only
0.0,3.222083333333324,PLIPA2A160pp,3.222083333333324,forward_only
0.0,2.5776666666666572,PLIPA2A161pp,2.5776666666666572,forward_only
0.0,1.982820512820514,PLIPA2E180pp,1.982820512820514,forward_only
0.0,7.245376829260627e-05,PLPS_1,7.245376829260627e-05,forward_only
0.0,0.0,PMANM,0.0,blocked
0.0,0.00014490139262954773,PMDPHT,0.00014490139262954773,forward_only
0.0,18.63380952380949,PMPK,18.63380952380949,forward_only
-10.0,10.962777777777786,PNP,20.962777777777788,bidirectional
3.353608430382194e-15,0.0001871451593610029,PNTK,0.0001871451593576493,forward_only
0.0,0.0,PNTK_1,0.0,blocked
0.0,0.00018714515936027844,PNTOt4pp,0.00018714515936027844,forward_only
0.0,0.00018714515936027844,PNTOtex,0.00018714515936027844,forward_only
0.0,15.518101339285682,POR_syn,15.518101339285682,forward_only
0.0,18.633809523809546,PPA,18.633809523809546,forward_only
0.0,25.776666666666628,PPAKr,25.776666666666628,forward_only
0.0,10.000000000000002,PPAt2pp,10.000000000000002,forward_only
0.0,10.000000000000002,PPAt4pp,10.000000000000002,forward_only
0.0,10.0,PPAtex,10.0,forward_only
0.0,4.828339280587323,PPBNGS,4.828339280587323,forward_only
0.0,18.633809523809354,PPC,18.633809523809354,forward_only
0.0,0.00018722123857742727,PPCDC,0.00018722123857742727,forward_only
0.0,24.109999999999943,PPCK,24.109999999999943,forward_only
0.0,18.633809523809486,PPCOAC,18.633809523809486,forward_only
0.0,15.136060606060369,PPDD,15.136060606060369,forward_only
-10.0,12.888333333333364,PPM,22.888333333333364,bidirectional
-0.025753753659497978,17.666153846153858,PPM2,17.691907599813355,bidirectional
7.179357774167883e-15,0.00018681847906692507,PPNCL,0.0001868184790597457,forward_only
0.0,3.1563265306122417,PPND,3.1563265306122417,forward_only
0.0,3.115744680851061,PPNDH,3.115744680851061,forward_only
0.0,5.458581506676739,PPOR,5.458581506676739,forward_only
0.0,1.1934199022885017,PPPGO,1.1934199022885017,forward_only
0.0,3.9656410256410135,PPRDNDH,3.9656410256410135,forward_only
0.0,0.0032525283033397754,PPTGS_BS,0.0032525283033397754,forward_only
0.0,2.3300934579439287,PRAGSr,2.3300934579439287,forward_only
0.0,2.330093457943918,PRAIS_1,2.330093457943918,forward_only
0.0,0.018403568513709678,PRAIi,0.018403568513709678,forward_only
0.0,3.1559493670885947,PRAMPC_1,3.1559493670885947,forward_only
0.0,2.3300934579439097,PRASCSi,2.3300934579439097,forward_only
0.0,3.1559493670885965,PRATPP,3.1559493670885965,forward_only
0.0,2.3300934579439114,PRFGS,2.3300934579439114,forward_only
0.0,0.0,PRFGS_1,0.0,blocked
0.0,3.155949367088597,PRMICI,3.155949367088597,forward_only
0.0,0.0,PRO1x,0.0,blocked
0.0,7.3647619047618935,PROAKGOX1,7.3647619047618935,forward_only
0.0,5.155333333333317,PROGLYabcpp,5.155333333333317,forward_only
0.0,5.155333333333324,PROGLYtex,5.155333333333324,forward_only
0.0,3.1244444444444173,PROHISGLUtr,3.1244444444444173,forward_only
0.0,5.728148148148149,PROabc,5.728148148148149,forward_only
0.0,7.364761904761916,PROt2r,7.364761904761916,forward_only
0.0,7.364761904761871,PROt2rpp,7.364761904761871,forward_only
0.0,7.364761904761872,PROt4,7.364761904761872,forward_only
0.0,7.364761904761872,PROt4pp,7.364761904761872,forward_only
0.0,7.364761904761872,PROtex,7.364761904761872,forward_only
-10.0,3.3049999999999695,PRPPS,13.30499999999997,bidirectional
0.0,5.21181818181817,PSCVT,5.21181818181817,forward_only
0.0,2.548541666666664,PSD161,2.548541666666664,forward_only
0.0,1.9828205128205059,PSD180,1.9828205128205059,forward_only
0.0,18.63380952380945,PSERT,18.63380952380945,forward_only
0.0,18.63380952380945,PSP_L,18.63380952380945,forward_only
0.0,2.5485416666666625,PSSA161,2.5485416666666625,forward_only
0.0,1.9828205128204752,PSSA180,1.9828205128204752,forward_only
0.0,10.000000000000002,PSUDS,10.000000000000002,forward_only
0.0,25.77666666666677,PTA2,25.77666666666677,forward_only
-10.0,10.0,PTAr,20.0,bidirectional
0.0,10.0,PTHPS,10.0,forward_only
-10.0,0.0,PTHPS_1,10.0,backward_only
0.0,18.633809523809486,PTHRP,18.633809523809486,forward_only
5.384496788431738e-15,8.592222222222215,PTPATi,8.59222222222221,forward_only
0.0,6.412380952380911,PTRCAT1,6.412380952380911,forward_only
0.0,8.592222222222231,PTRCTA,8.592222222222231,forward_only
0.0,8.5922222222222,PTRCTA2,8.5922222222222,forward_only
0.0,8.592222222222244,PTRCabc,8.592222222222244,forward_only
0.0,4.396666666666664,PTRCabcpp,4.396666666666664,forward_only
-10.0,12.888333333333325,PUNP1,22.888333333333325,bidirectional
-4.296111111111111,13.986400000000001,PUNP2,18.282511111111113,bidirectional
-10.0,12.888333333334511,PUNP3,22.88833333333451,bidirectional
-0.008785875983337242,11.586400000000014,PUNP4,11.59518587598335,bidirectional
-10.0,0.0,PUNP5,10.0,backward_only
0.0,5.321999999999996,PUNP6,5.321999999999996,forward_only
-10.0,12.888333333333335,PUNP7,22.888333333333335,bidirectional
0.0,18.633809523809553,PYDXK_1,18.633809523809553,forward_only
0.0,18.633809523809486,PYDXPP,18.633809523809486,forward_only
0.0,44.10999999999998,PYK,44.10999999999998,forward_only
-0.008501828773735261,14.316904761904624,PYNP1,14.325406590678359,bidirectional
0.0,0.0,PYNP1_1,0.0,blocked
-10.0,12.888333333333316,PYNP2r,22.888333333333314,bidirectional
0.0,22.888333333333318,PYNP2r_1,22.888333333333318,forward_only
0.0,10.000000000000007,PYRt2rpp,10.000000000000007,forward_only
0.0,10.000000000000002,PYRt4pp,10.000000000000002,forward_only
0.0,10.0,PYRtex,10.0,forward_only
0.0,40.00001187518733,QMO2,40.00001187518733,forward_only
0.0,7.754201898188025,QULNS,7.754201898188025,forward_only
0.0,18.633809523809585,R5PP,18.633809523809585,forward_only
0.0,18.633809523809493,RBFK,18.633809523809493,forward_only
0.0,0.00028992123678523357,RBFSa,0.00028992123678523357,forward_only
0.0,0.0,RBFSa_1,0.0,blocked
0.0,0.00014496061839261746,RBFSb,0.00014496061839261746,forward_only
0.0,18.633809523809436,RBK,18.633809523809436,forward_only
0.0,0.0,RECOAH2,0.0,blocked
-9.999999999999998,10.001649886114766,RECOAH3,20.001649886114762,bidirectional
0.0,10.000000000000002,REPHACCOAI,10.000000000000002,forward_only
-10.0,0.0,RHA40tex,10.0,backward_only
-10.0,10.001649886114766,RHACOAR80,20.001649886114766,bidirectional
0.0,10.0,RHCCE,10.0,forward_only
0.0,0.00014506276232895663,RIBFLVt2,0.00014506276232895663,forward_only
0.0,12.233571428571398,RIBabc,12.233571428571398,forward_only
0.0,11.204999999999961,RIBabc1,11.204999999999961,forward_only
0.0,12.233571428571397,RIBabcpp,12.233571428571397,forward_only
0.0,12.233571428571404,RIBtex,12.233571428571404,forward_only
0.0,13.986400000000026,RNDR1,13.986400000000026,forward_only
0.0,11.586399999999953,RNDR2,11.586399999999953,forward_only
0.0,9.73357142857136,RNDR3,9.73357142857136,forward_only
0.0,13.986400000002652,RNDR4,13.986400000002652,forward_only
0.0,18.633809523809475,RNMK,18.633809523809475,forward_only
0.0,13.986399999999977,RNTR1,13.986399999999977,forward_only
0.0,11.58639999999999,RNTR2,11.58639999999999,forward_only
0.0,9.733571428571425,RNTR3,9.733571428571425,forward_only
0.0,13.986400000028581,RNTR4,13.986400000028581,forward_only
-8.986165413533811,23.31714285714235,RPE,32.30330827067616,bidirectional
-10.0,13.334365780228683,RPI,23.334365780228683,bidirectional
-10.0,0.0,RU5PS,10.0,backward_only
0.0,9.999999999999998,S6PG,9.999999999999998,forward_only
0.0,12.446033562166257,SADT,12.446033562166257,forward_only
0.0,10.0,SALCHS2FEexs,10.0,forward_only
0.0,10.0,SALCHS4FEexs,10.0,forward_only
0.0,10.000000000000002,SALCpts,10.000000000000002,forward_only
0.0,9.999999999999996,SCYSSL,9.999999999999996,forward_only
1.3800415320406792e-20,10.000000000000009,SDPDS,10.000000000000009,forward_only
-10.000000000000018,-2.5061635054532553e-15,SDPTA,10.000000000000016,backward_only
0.0,15.755873015872934,SERAT,15.755873015872934,forward_only
0.0,24.888236914600483,SERD_L,24.888236914600483,forward_only
0.0,6.338412698412689,SERGLUGLNtr,6.338412698412689,forward_only
0.0,9.999999999999996,SERabc,9.999999999999996,forward_only
0.0,9.999999999999998,SERt2r,9.999999999999998,forward_only
0.0,1.0310666666666624,SHCHD2_1,1.0310666666666624,forward_only
0.0,1.031066666666665,SHCHF_2,1.031066666666665,forward_only
0.0,3.9656410256410597,SHGO,3.9656410256410597,forward_only
0.0,5.211818181818174,SHK3Dr,5.211818181818174,forward_only
0.0,5.211818181818152,SHKK,5.211818181818152,forward_only
0.0,10.0,SHSL1,10.0,forward_only
0.0,0.0,SHSL2,0.0,blocked
-10.0,0.0,SHSL2r,10.0,backward_only
0.0,7.732999999999975,SHSL3,7.732999999999975,forward_only
0.0,7.7329999999999695,SHSL4r,7.7329999999999695,forward_only
0.0,9.999999999999996,SLCYSS,9.999999999999996,forward_only
-10.0,20.619246376811596,SMIA1,30.619246376811596,bidirectional
0.0,9.316904761904734,SMIA1Eabc,9.316904761904734,forward_only
0.0,10.619246376811592,SMIA2abc,10.619246376811592,forward_only
-10.0,9.999999999999996,SMIB1,19.999999999999996,bidirectional
0.0,10.0,SO3abcpp,10.0,forward_only
0.0,10.0,SO3tex,10.0,forward_only
0.0,10.000000000000005,SO4t2,10.000000000000005,forward_only
0.0,8.592222222222198,SO4tex,8.592222222222198,forward_only
0.0,10.000000000000002,SPMDabc,10.000000000000002,forward_only
-10.0,0.0,SPMDt3i,10.0,backward_only
0.0,3.155949367088591,SPMS,3.155949367088591,forward_only
0.0,40.00001169453379,SPODM,40.00001169453379,forward_only
0.0,7.196218487394929,SPP,7.196218487394929,forward_only
0.0,18.633809523809308,SSALx,18.633809523809308,forward_only
0.0,18.633809523809443,SSALy,18.633809523809443,forward_only
-10.0,18.633809523809397,SSCOARy,28.633809523809397,bidirectional
0.0,10.619246376810818,STFRNAt,10.619246376810818,forward_only
0.0,4.179999999999965,SUCBZL,4.179999999999965,forward_only
0.0,4.179999999999963,SUCBZS,4.179999999999963,forward_only
-4.1799999999999935,3.188432638535212e-05,SUCBZT1,4.180031884326379,bidirectional
0.0,10.000000000000027,SUCCt2_2pp,10.000000000000027,forward_only
-10.0,0.0,SUCD1,10.0,backward_only
0.0,40.00003451730104,SUCD2,40.00003451730104,forward_only
0.0,25.155333333333378,SUCD4,25.155333333333378,forward_only
0.0,25.155333333333328,SUCD5_BS,25.155333333333328,forward_only
-10.0,26.60999999999994,SUCOAS,36.60999999999994,bidirectional
0.0,8.999999999999996,SUCR,8.999999999999996,forward_only
0.0,8.999999999999998,SUCRt2,8.999999999999998,forward_only
0.0,9.0,SUCpts,9.0,forward_only
0.0,10.000000000000004,SULFACabcpp,10.000000000000004,forward_only
0.0,10.000000000000002,SULFACtex,10.000000000000002,forward_only
0.0,17.22612655582809,SULR,17.22612655582809,forward_only
0.0,8.592222222222214,SULabc,8.592222222222214,forward_only
0.0,8.592222222222215,SULabcpp,8.592222222222215,forward_only
0.0,0.0,St,0.0,blocked
-10.0,0.0,TAGURr,10.0,backward_only
0.0,10.000000000000002,TAGabc,10.000000000000002,forward_only
-10.0,13.953793103448293,TALA,23.95379310344829,bidirectional
0.0,10.000000000000005,TARTDC,10.000000000000005,forward_only
0.0,10.0,TARTRt7,10.0,forward_only
0.0,9.999999999999998,TARTRt7pp,9.999999999999998,forward_only
-10.0,-1.7763568394002505e-15,TARTRtpp,9.999999999999998,backward_only
0.0,9.999999999999998,TAURabc,9.999999999999998,forward_only
0.0,10.0,TAURabcpp,10.0,forward_only
0.0,10.0,TAURtex,10.0,forward_only
0.0,9.316904761904757,TDP,9.316904761904757,forward_only
3.8132227342059265e-33,0.000325252830334065,TECA1S45,0.000325252830334065,forward_only
0.0,0.0003252528303339772,TECA2S45,0.0003252528303339772,forward_only
0.0,0.0003252528303339772,TECA3S45,0.0003252528303339772,forward_only
0.0,10.0,TGBPA,10.0,forward_only
0.0,10.0,THDPS,10.0,forward_only
0.0,20.000011796746303,THIORDXi,20.000011796746303,forward_only
0.0,0.008510565558518755,THMDt2,0.008510565558518755,forward_only
0.0,9.316904761904752,THMP,9.316904761904752,forward_only
0.0,7.103646067631342e-05,THMabc,7.103646067631342e-05,forward_only
0.0,0.0,THPAT,0.0,blocked
0.0,18.144755555555523,THRA,18.144755555555523,forward_only
0.0,10.0,THRA2,10.0,forward_only
0.0,19.999999999999993,THRD,19.999999999999993,forward_only
0.0,9.373333333333315,THRD_L,9.373333333333315,forward_only
0.0,10.0,THRS,10.0,forward_only
0.0,0.0,THRS_2,0.0,blocked
0.0,10.000000000000002,THRabc,10.000000000000002,forward_only
0.0,18.633809523809457,THRabcpp,18.633809523809457,forward_only
0.0,18.633809523809525,THRt2pp,18.633809523809525,forward_only
0.0,9.999999999999956,THRt2r,9.999999999999956,forward_only
0.0,7.248846213654697e-05,THZPSN,7.248846213654697e-05,forward_only
0.0,0.0,THZPSN_1,0.0,blocked
-3.2683333333333335,13.953793103448273,TKT1,17.222126436781608,bidirectional
-4.869999999999999,13.01999999999999,TKT2,17.88999999999999,bidirectional
0.0,18.633809523809468,TMDK1,18.633809523809468,forward_only
0.0,9.316904761904746,TMDPK_1,9.316904761904746,forward_only
-0.008501828773650967,0.0,TMDPP,0.008501828773650967,backward_only
0.0,0.008509177568551006,TMDS,0.008509177568551006,forward_only
0.0,8.592222222222183,TMN,8.592222222222183,forward_only
0.0,8.592222222222206,TMPPP,8.592222222222206,forward_only
0.0,5.0,TNTHAC1,5.0,forward_only
0.0,4.999999999999998,TNTHAC2,4.999999999999998,forward_only
0.0,4.999999999999998,TNTR1,4.999999999999998,forward_only
0.0,4.999999999999982,TNTR1x,4.999999999999982,forward_only
0.0,5.0,TNTR2,5.0,forward_only
0.0,5.0,TNTR2x,5.0,forward_only
0.0,2.499999999999999,TNTR3,2.499999999999999,forward_only
0.0,2.499999999999999,TNTR4,2.499999999999999,forward_only
0.0,176.37735148514835,TNTep,176.37735148514835,forward_only
0.0,176.37735148514858,TNTtex,176.37735148514858,forward_only
0.0,176.37735148514858,TNTtpp,176.37735148514858,forward_only
-10.0,17.108857142857108,TPI,27.108857142857108,bidirectional
0.0,32.888333333333314,TRDR,32.888333333333314,forward_only
0.0,19.706166666666753,TRE6PH,19.706166666666753,forward_only
0.0,9.706166666666668,TREpts,9.706166666666668,forward_only
0.0,0.0,TRPAS1,0.0,blocked
0.0,0.01840356851370955,TRPS1,0.01840356851370955,forward_only
0.0,0.01840356851370971,TRPS2,0.01840356851370971,forward_only
0.0,0.018403568513709757,TRPS3,0.018403568513709757,forward_only
0.0,0.01847002079816554,TRPabc,0.01847002079816554,forward_only
0.0,0.018488346634674087,TRPt2r,0.018488346634674087,forward_only
0.0,0.0,TRSARr,0.0,blocked
0.0,10.000000000000002,TSULP,10.000000000000002,forward_only
0.0,9.316904761904743,TSULabc,9.316904761904743,forward_only
0.0,9.316904761904748,TSULabcpp,9.316904761904748,forward_only
0.0,9.31690476190475,TSULtex,9.31690476190475,forward_only
0.0,7.1484603237268045,TTDCAtexi,7.1484603237268045,forward_only
0.0,7.232219730698813,TTDCEAtexi,7.232219730698813,forward_only
-0.04452920333914152,6.553791208791184,TYRTA,6.598320412130326,bidirectional
0.0,5.386399999999994,TYRabc,5.386399999999994,forward_only
0.0,6.5537912087911945,TYRt2r,6.5537912087911945,forward_only
0.0,0.003252528303340101,UAAGDS,0.003252528303340101,forward_only
0.0,0.0009757584910019354,UAG2E,0.0009757584910019354,forward_only
0.0,8.592222222222215,UAG2EMA,8.592222222222215,forward_only
0.0,2.070423280423273,UAGCVT,2.070423280423273,forward_only
0.0,8.5922222222222,UAGDP,8.5922222222222,forward_only
0.0,10.0,UAGPT2,10.0,forward_only
-10.0,0.0,UAGPT2_1,10.0,backward_only
0.0,2.0704232804232805,UAGPT3,2.0704232804232805,forward_only
0.0,0.0032525283033397693,UAMAGS,0.0032525283033397693,forward_only
0.0,0.0032525283033397667,UAMAS,0.0032525283033397667,forward_only
0.0,2.070423280423282,UAPGR,2.070423280423282,forward_only
0.0,2.070423280423273,UDCPDP,2.070423280423273,forward_only
0.0,10.0,UDCPDPex,10.0,forward_only
-0.0448580677949824,9.999999999999998,UDPG4E,10.04485806779498,bidirectional
0.0,3.5457971014492706,UGLYCH,3.5457971014492706,forward_only
0.0,2.070423280423277,UGMDDS,2.070423280423277,forward_only
0.0,0.006505056606679627,UGT_BS,0.006505056606679627,forward_only
0.0,2.070423280423277,UM3PL,2.070423280423277,forward_only
5.446127967944082e-30,19.467142857142804,UMPK,19.467142857142804,forward_only
0.0,3.1559493670886023,UNK5,3.1559493670886023,forward_only
0.0,1.031066666666663,UPP3MT_2,1.031066666666663,forward_only
0.0,1.2070848201468343,UPP3S,1.2070848201468343,forward_only
0.0,1.1934199022885044,UPPDC1,1.1934199022885044,forward_only
0.0,13.304999999999886,UPPRT,13.304999999999886,forward_only
0.0,3.5457971014492635,URATEt_1,3.5457971014492635,forward_only
0.0,0.1070213128067225,URAt2,0.1070213128067225,forward_only
0.0,6.789921568626859,URCN,6.789921568626859,forward_only
0.0,6.027499999999971,UREA,6.027499999999971,forward_only
0.0,4.821999999999986,UREASE,4.821999999999986,forward_only
0.0,6.027499999999989,UREA_1,6.027499999999989,forward_only
0.0,3.5457971014491356,URIC,3.5457971014491356,forward_only
-10.0,12.888333333333305,URIDK2r,22.888333333333307,bidirectional
0.0,14.316904761904738,URIH,14.316904761904738,forward_only
0.0,19.467142857142807,URIK1,19.467142857142807,forward_only
0.0,19.46714285714281,URIK2,19.46714285714281,forward_only
0.0,19.46714285714281,URIK3,19.46714285714281,forward_only
0.0,0.10738107303962904,URIt2,0.10738107303962904,forward_only
0.0,0.10738107303962949,URIt2pp,0.10738107303962949,forward_only
-10.0,40.27411764705878,VALDHr,50.27411764705878,bidirectional
-10.0,43.80352941176469,VALTA,53.80352941176469,bidirectional
0.0,13.59222222222221,VALabc,13.59222222222221,forward_only
0.0,18.633809523809436,VALabcpp,18.633809523809436,forward_only
0.0,18.59222222222218,VALt2r,18.59222222222218,forward_only
0.0,88.18867574257425,VALt2rpp,88.18867574257425,forward_only
0.0,88.44179030662706,VALt3pp,88.44179030662706,forward_only
-10.0,8.592222222222233,VALtex,18.592222222222233,bidirectional
0.0,0.0,VECOAH,0.0,blocked
0.0,0.0,VNDH_2,0.0,blocked
-10.0,41.53234177215187,VPAMTr,51.53234177215187,bidirectional
0.0,5.242711864406788,XANt2,5.242711864406788,forward_only
0.0,12.88833333333324,XPPT,12.88833333333324,forward_only
0.0,14.316904761904764,XTSNH,14.316904761904764,forward_only
0.0,10.0,XYLI1,10.0,forward_only
-10.0,29.412333333333333,XYLI2,39.412333333333336,bidirectional
0.0,9.999999999999991,XYLK,9.999999999999991,forward_only
0.0,10.0,XYLabc,10.0,forward_only
0.0,9.999999999999998,XYLabcpp,9.999999999999998,forward_only
0.0,10.000000000000007,XYLt2,10.000000000000007,forward_only
0.0,9.999999999999996,XYLtex,9.999999999999996,forward_only
-10.0,0.0,YUMPS,10.0,backward_only
0.0,14.316904761904707,ZN2abcpp,14.316904761904707,forward_only
0.0,28.633809523809433,ZN2t3pp,28.633809523809433,forward_only
0.0,28.63380952380945,ZN2t4,28.63380952380945,forward_only
0.0,28.63380952380945,ZN2t4pp,28.63380952380945,forward_only
0.0,28.633809523809465,ZN2t5,28.633809523809465,forward_only
0.0,176.37735148514844,ZN2t6,176.37735148514844,forward_only
0.0,18.633809523809457,ZNabc,18.633809523809457,forward_only
0.0,18.63380952380947,ZNabcpp,18.63380952380947,forward_only
-10.0,176.3773514851484,Zn2tex,186.3773514851484,bidirectional
0.0,0.00021736130487781904,r0963,0.00021736130487781904,forward_only
0.0,10.214418604651184,r2136,10.214418604651184,forward_only
-10.0,0.0,r2465_1,10.0,backward_only
0.0,0.3252528303339773,Growth,0.3252528303339773,forward_only
8.39,10.0,ATPM,1.6099999999999994,forward_only
10.000000000000002,10.0,AACOAR_syn,-1.7763568394002505e-15,fixed
10.000000000000002,10.0,PHBS_syn_1,-1.7763568394002505e-15,fixed
