reaction_id,reaction_name,growth,growth_fraction_of_wt,classification,growth_coupled_PHB_after_knockout
EX_fum_e,R_EX_fum_e,0.44537015293376375,0.9999999999999989,non-essential,3.9379815139087433
H2tpp,Hydrogen transport diffusion (periplasm),0.44537015293376375,0.9999999999999989,non-essential,3.903542952847017
ACPS1_1,"CoA:apo-[acyl-carrier-protein] pantetheinephosphotransferase, cytosol",0.44537015293376375,0.9999999999999989,non-essential,3.9379815139087753
TNTR1x,TNT nitroreductase 4 Hydroxylamino 2 6 dinitrotoluene,0.44537015293376375,0.9999999999999989,non-essential,3.937981513909306
GLUabc,L-glutamate transport via ABC system,0.44537015293376375,0.9999999999999989,non-essential,3.937981513908642
EX_nmn_e,R_EX_nmn_e,0.1595436791786791,0.35822714685239926,critical,5.917026706756857
EX_2ameph_e,R_EX_2ameph_e,0.4453701529337627,0.9999999999999966,non-essential,3.9379815139086807
UAGDP,UDP-N-acetylglucosamine diphosphorylase,-7.535692786508365e-17,-1.6920066908096282e-16,essential,
AI2tex,"Ai2 transport, outer membrane",0.44537015293376414,0.9999999999999998,non-essential,3.9379815139080896
LIPO2S24_BS,Lipoteichoic acid synthesis  n24   linked  N acetylglucosamine substituted,0.0,0.0,essential,
EX_k_e,R_EX_k_e,0.0,0.0,essential,
HISDr,Histidase r,0.44537015293376475,1.000000000000001,non-essential,3.9379815139087024
EX_fe3dhbzs3_e,R_EX_fe3dhbzs3_e,0.4453701529337638,0.999999999999999,non-essential,3.9379815139097882
TRPS1,Tryptophan synthase (indoleglycerol phosphate),0.4453701529337638,0.999999999999999,non-essential,3.9379815139101906
CDPMEK,4-(cytidine 5'-diphospho)-2-C-methyl-D-erythritol kinase,5.625789202125121e-17,1.2631715810021495e-16,essential,
ACOADH2,Acyl CoA dehydrogenase  isobutyryl CoA,0.4453701529337635,0.9999999999999982,non-essential,3.7803107518964825
GLYPHEAP,Gly-Phe aminopeptidase,0.4453701529337643,1.0000000000000002,non-essential,3.937981513908664
PAPSR,Phosphoadenylyl-sulfate reductase (thioredoxin),0.4453701529337643,1.0000000000000002,non-essential,3.937981513908662
PRAIi,Phosphoribosylanthranilate isomerase (irreversible),0.4453701529337643,1.0000000000000002,non-essential,3.9379815139087864
BLAMDtex,Beta Alaninamide transport via diffusion  extracellular to periplasm,0.4453701529337643,1.0000000000000002,non-essential,3.937981513908704
23CUMPtex,23cUMP transport via diffusion (extracellular to periplasm),0.4453701529337643,1.0000000000000002,non-essential,3.9379815139087198
EX_succ_e,R_EX_succ_e,0.4453701529337643,1.0000000000000002,non-essential,3.9379815139083143
NH4tpp_1,Ammonia ireversible transport (periplasm),0.4453701529337643,1.0000000000000002,non-essential,3.9379815139088534
RHCCE,S-ribosylhomocysteine cleavage enzyme,0.4453701529337643,1.0000000000000002,non-essential,3.937981513908741
EX_carn_e,R_EX_carn_e,0.4453701529337643,1.0000000000000002,non-essential,3.9379815139084506
VPAMTr,Valine-pyruvate aminotransferase,0.44537015293376436,1.0000000000000002,non-essential,3.937981513908471
PPAtex,Propionate transport via diffusion,0.4453701529337636,0.9999999999999986,non-essential,3.9379815139087677
EX_acald_e,R_EX_acald_e,0.4453701529337636,0.9999999999999986,non-essential,3.9379815139087175
MCSNAH,5-Methylcytosine aminohydrolase,0.44537015293376375,0.9999999999999989,non-essential,3.937981513907881
SHCHF_2,Sirohydrochlorin ferrochetalase,0.44537015293376375,0.9999999999999989,non-essential,3.937981513908683
PFK_2,Phosphofructokinase,0.44537015293376375,0.9999999999999989,non-essential,3.937981513908761
GLCADpts,,0.44537015293376375,0.9999999999999989,non-essential,3.9379815139085976
METt3pp,L-methionine tranport out via proton antiport (periplasm),0.44537015293376375,0.9999999999999989,non-essential,3.9379815139087193
NTD9,5'-nucleotidase (GMP),0.44537015293376375,0.9999999999999989,non-essential,3.9379815139086753
GLUt2rpp,"L-glutamate transport via proton symport, reversible (periplasm)",0.44537015293376375,0.9999999999999989,non-essential,3.937981513908418
PGPP181pp,"Phosphatidylglycerol phosphate phosphatase (periplasm, n-C18:1)",0.44537015293376375,0.9999999999999989,non-essential,3.9379815139086336
AMPTASEHG,Aminopeptidase  His Gly,0.44537015293376375,0.9999999999999989,non-essential,3.9379815139086185
G5SD,Glutamate-5-semialdehyde dehydrogenase,0.44537015293376375,0.9999999999999989,non-essential,3.937981513908714
RIBabcpp,D-ribose transport via ABC system (periplasm),0.44537015293376375,0.9999999999999989,non-essential,3.937981513908744
TMDS,Thymidylate synthase,0.44533659703880135,0.9999246561657941,non-essential,3.9404037693419545
PTHPS,6-pyruvoyltetrahydropterin synthase,0.44537015293376375,0.9999999999999989,non-essential,3.937981513908735
MOBDabc,Molybdate transport via ABC system,0.44537015293376353,0.9999999999999983,non-essential,3.9379815139088508
PLIPA2A161pp,"Phospholipase A2 (phosphatidate, n-C16:1) (periplasm)",0.44537015293376353,0.9999999999999983,non-essential,3.9379815139087744
MLDEP1pp,"Murein L,D-endopeptidase (murein3px3p) (periplasm)",0.44537015293376353,0.9999999999999983,non-essential,3.9379815139088508
ACONCtupp,Cisaconitate transport periplasm,0.44537015293376353,0.9999999999999983,non-essential,3.9379815139087744
TSULP,Thiosulfate permease,0.44537015293376353,0.9999999999999983,non-essential,3.9379815139088508
Kabc,Potassium ABC transporter,0.44537015293376353,0.9999999999999983,non-essential,3.9379815139087744
TKT2,Transketolase,0.37375023912837746,0.8391901358148754,non-essential,2.7329555029755594
ALAt4,Alanine-Sodium symporter,0.4453701529337646,1.0000000000000007,non-essential,3.937981513909824
ALCD2y,"Alcohol dehydrogenase (ethanol, NADP)",0.445370152933764,0.9999999999999993,non-essential,3.937981513908796
PTHRP,Phospho-threonine phosphatase,0.445370152933764,0.9999999999999993,non-essential,3.937981513908698
CYTDt2,Cytidine transport in via proton symport,0.445370152933764,0.9999999999999993,non-essential,3.937981513908834
GLYBtex,Glycine betaine transport via diffusion (extracellular to periplasm),0.44537015293376386,0.9999999999999991,non-essential,3.937981513908831
BGLA,Beta-glucosidase,0.44537015293376386,0.9999999999999991,non-essential,3.9379815139088006
23CGMPtex,23cGMP transport via diffusion (extracellular to periplasm),0.3446191415899199,0.7737814025475837,non-essential,3.012488562211957
RIBtex,Ribose transport via diffusion (extracellular to periplasm),0.44537015293376364,0.9999999999999987,non-essential,3.9379815139086514
NTP5,Nucleoside-triphosphatase (CTP),0.44537015293376436,1.0000000000000002,non-essential,3.937981513909078
SUCBZT1,Succinyl:benzoate CoA transferase,0.4453665619061773,0.999991936981939,non-essential,3.938006917268846
ALAALAr,D-alanine-D-alanine ligase (reversible),8.068833747810548e-16,1.8117140752830264e-15,essential,
ALAHIStex,L Alaninylhistidine transport via diffusion  extracellular to periplasm,0.4453701529337641,0.9999999999999997,non-essential,3.9379815139087366
ALAt2pp,L-alanine transport in via proton symport (periplasm),0.44537015293376436,1.0000000000000002,non-essential,3.93798151390876
UDPG4E,UDPglucose 4-epimerase,0.3420073161416765,0.767917009904658,non-essential,3.008048148154624
EX_met__D_e,R_EX_met__D_e,0.44537015293376453,1.0000000000000007,non-essential,3.9379815139086762
GALt2_3,,0.44537015293376325,0.9999999999999978,non-essential,3.9379815139087726
PHEt2r,L phenylalanine reversible transport via proton symport,0.4439490652351886,0.9968091986200365,non-essential,3.9369309483598323
LPLIPAL1A160pp,"Lysophospholipase L1 (2-acylglycerophosphotidate, n-C16:0) (periplasm)",0.4453701529337642,0.9999999999999999,non-essential,3.9379815139087326
FACOAL181,Fatty acid  CoA ligase  octadecenoate,0.44537015293376325,0.9999999999999978,non-essential,3.937981513908803
HMR_9610,Na+/succinate symporter,0.44537015293376325,0.9999999999999978,non-essential,3.93798151390873
FBA3,"Sedoheptulose 1,7-bisphosphate D-glyceraldehyde-3-phosphate-lyase",0.44537015293376314,0.9999999999999976,non-essential,3.9379815139087047
GLYCLTDx,Glycolate dehydrogenase (NAD),0.4453701529337636,0.9999999999999986,non-essential,3.937981513908674
NTPP9,Nucleoside triphosphate pyrophosphorylase (itp),0.4453701529337636,0.9999999999999986,non-essential,3.9379815139087517
MCITL2,Methylisocitrate lyase,0.4453701529337636,0.9999999999999986,non-essential,3.780310751896211
EX_progly_e,R_EX_progly_e,0.4453701529337636,0.9999999999999986,non-essential,3.937981513908607
r0963,Facilitated diffusion,0.44534956174159174,0.9999537661155853,non-essential,3.938100363971763
EX_glymet_e,R_EX_glymet_e,0.44537015293376403,0.9999999999999996,non-essential,3.9379815139086967
ORNTA,Ornithine transaminase,0.44537015293376414,0.9999999999999998,non-essential,3.937981513908796
SO3abcpp,Sulfite transport via ABC system (periplasm),0.44537015293376414,0.9999999999999998,non-essential,3.9379815139087033
SMIA1,Staphyloferrin A Mediated Iron Acquisition,0.44537015293376414,0.9999999999999998,non-essential,3.937981513908781
AHCi,Adenosylhomocysteinase,0.44536970405215043,0.9999989921156349,non-essential,3.937981182061996
NTD2,5'-nucleotidase (UMP),0.4453701529337635,0.9999999999999982,non-essential,3.937981513908631
4HALDD,Aldehyde dehydrogenase  4 hydroxyphenylacetaldehyde  NAD,0.445370152933765,1.0000000000000016,non-essential,3.9379815139087837
3NTD2pp,3'-nucleotidase (UMP) (periplasm),0.445370152933765,1.0000000000000016,non-essential,3.9379815139087433
METSOX1abc,L-Methionine S-oxide transport via ABC system,0.445370152933765,1.0000000000000016,non-essential,3.937981513908783
HISHISabcpp,L Histidinylhistidine  His His  transport via ABC system  periplasm,0.445370152933765,1.0000000000000016,non-essential,3.9379815139087526
MDDCP3pp,"Murein D,D-carboxypeptidase (murein5p5p) (periplasm)",0.445370152933765,1.0000000000000016,non-essential,3.937981513908783
FACOAL140,Fatty acid  CoA ligase  tetradecanoate,0.445370152933765,1.0000000000000016,non-essential,3.9379815139087526
EX_ethso3_e,R_EX_ethso3_e,0.445370152933765,1.0000000000000016,non-essential,3.937981513908783
Cobalt2abcppI,Cobalt II transport via ABC system periplasm I,0.445370152933765,1.0000000000000016,non-essential,3.9379815139087526
EX_maltttr_e,R_EX_maltttr_e,0.445370152933765,1.0000000000000016,non-essential,3.937981513908783
DHNCOAT,"1,4-dihydroxy-2-napthoyl-CoA thioesterase",0.445370152933765,1.0000000000000016,non-essential,3.9379815139087193
GLYPHEHYc,Hydrolysis of glycylphenylalanine,0.445370152933765,1.0000000000000016,non-essential,3.937981513908793
THRA2,L-allo-Threonine Aldolase,0.445370152933765,1.0000000000000016,non-essential,3.9379815139087637
FALDep,Formaldehyde extrusion pump,0.4309717903017416,0.9676710203026021,non-essential,3.810670589496874
ALDD19xr,"Aldehyde dehydrogenase (phenylacetaldehyde, NAD)",0.4453701529337634,0.9999999999999981,non-essential,3.9035429528471446
APATi,Tetrahydrodipicolinate acetyltransferase,0.4453701529337635,0.9999999999999982,non-essential,3.937981513908761
FE2Gabcpp,Iron (II) transport via ABC system (GTP) (periplasm),0.4453701529337635,0.9999999999999982,non-essential,3.937981513908819
FE2tex,Iron (II) transport via diffusion (extracellular to periplasm),0.4453701529337635,0.9999999999999982,non-essential,3.937981513908667
ACOAD7,Acyl-CoA dehydrogenase (hexadecanoyl-CoA),0.44521630367480386,0.9996545586677802,non-essential,3.9378677779786755
OCTAtex,Octanoate transport via diffusion (extracellular to periplasm),0.4453701529337638,0.999999999999999,non-essential,3.9379815139087166
LIPO4S24_BS,Lipoteichoic acid synthesis  n24   linked  unsubstituted,-8.42419337546047e-17,-1.8915038019427678e-16,essential,
EX_23dhbzs3_e,R_EX_23dhbzs3_e,0.44537015293376364,0.9999999999999987,non-essential,3.9379815139087198
HSTPTr,Histidinol phosphate transaminase,0.4453701529337636,0.9999999999999986,non-essential,3.937981513908802
NADHPO,NADH peroxidase,0.4453701529337636,0.9999999999999986,non-essential,3.9379815139086762
CU2tpp,Copper transport in via permease (no H+),-7.301501382106945e-17,-1.6394231481409643e-16,essential,
ACACT4r,Acetyl-CoA C-acyltransferase (octanoyl-CoA) (r),0.4453301418985491,0.9999101622887129,non-essential,3.781615890087894
ZN2t4,Zinc transport out via antiport,0.44537015293376314,0.9999999999999976,non-essential,3.937981513908637
KAS17,B-ketoacyl synthetase (n-C18:1),0.4453701529337636,0.9999999999999986,non-essential,3.937981513908763
DABAAT2,DABA aminotransferase,0.4453701529337636,0.9999999999999986,non-essential,3.937981513908727
EX_sulfac_e,R_EX_sulfac_e,0.4453701529337636,0.9999999999999986,non-essential,3.9379815139086998
GLYCTO1,Glycolate oxidase,0.4453701529337636,0.9999999999999986,non-essential,3.9379815139087477
PHHL,,0.4453701529337636,0.9999999999999986,non-essential,3.937981513908201
MDDCP1pp,"Murein D,D-carboxypeptidase (murein5px4p) (periplasm)",0.4453701529337636,0.9999999999999986,non-essential,3.937981513908818
AMPEP3,Aminopeptidase,0.4453701529337636,0.9999999999999986,non-essential,3.9379815139087175
BALAGLYtex,Beta alanyl L glycine transport via diffusion  extracellular to periplasm,0.4453701529337636,0.9999999999999986,non-essential,3.9379815139086762
4HPRO_LT_Et,Trans-4-Hydroxy-L-proline transport (transport mechanism unknown - evidence from biolog data),0.4453701529337636,0.9999999999999986,non-essential,3.9379815139087033
PSCVT,3-phosphoshikimate 1-carboxyvinyltransferase,0.4453701529337636,0.9999999999999986,non-essential,3.937981513908692
DSERtex,D-serine transport via diffusion (extracellular to periplasm),0.4453701529337636,0.9999999999999986,non-essential,3.9379815139087033
XYLabcpp,D-xylose transport via ABC system (periplasm),0.4453701529337636,0.9999999999999986,non-essential,3.937981513908692
EX_cgly_e,R_EX_cgly_e,0.4453701529337636,0.9999999999999986,non-essential,3.9379815139087033
FMNRx2,FMN reductase,0.4453701529337636,0.9999999999999986,non-essential,3.937981513908692
METS,Methionine synthase,0.4453701529337636,0.9999999999999986,non-essential,3.9379815139087033
Clt,Major Facilitator(MFS) TCDB:2.A.1.14.6,-7.301501382106945e-17,-1.6394231481409643e-16,essential,
MLTG1,Maltodextrin glucosidase (maltotriose),0.445370152933764,0.9999999999999993,non-essential,3.937981513908692
AB6PGH,Arbutin 6-phosphate glucohydrolase,0.4453701529337636,0.9999999999999986,non-essential,3.9379815139087033
EX_cytd_e,R_EX_cytd_e,0.44537015293376364,0.9999999999999987,non-essential,3.9379815139088383
NDP7,Nucleoside diphosphatase  UDP,0.44537015293376403,0.9999999999999996,non-essential,3.937981513908695
DCMPDA,DCMP deaminase,0.44537015293376403,0.9999999999999996,non-essential,3.937981513908645
SHSL3,O succinylhomoserine lyase  methanethiol,0.44537015293376403,0.9999999999999996,non-essential,3.9379815139089347
ACTD,Acetoin dehydrogenase,0.44537015293376403,0.9999999999999996,non-essential,3.9379815139088223
G3PT,Glycerol-3-phosphatase,0.44537015293376403,0.9999999999999996,non-essential,3.9379815139087206
MNLtex,Mannitol transport via diffusion (extracellular to periplasm),0.44537015293376403,0.9999999999999996,non-essential,3.9379815139086762
AMMQT8_2,S-adenosylmethione:2-demethylmenaquinone methyltransferase,0.445370152933764,0.9999999999999993,non-essential,3.937981513908697
CYTBD2pp,Cytochrome oxidase bd (menaquinol-8: 2 protons) (periplasm),0.4453701529337639,0.9999999999999992,non-essential,3.937981513908648
MLDCP3App,"Murein L,D-carboxypeptidase (murein5px3p) (periplasm)",0.4453701529337639,0.9999999999999992,non-essential,3.937981513908697
ASPt2_2pp,Aspartate transport via proton symport (2 H) (periplasm),0.4453701529337639,0.9999999999999992,non-essential,3.937981513908668
PGM,Phosphoglycerate mutase,0.27258980134235056,0.6120522436151896,non-essential,2.46449527351379
MLTGY4pp,Murein lytic transglycosylase (murein4px4p4p) (periplasm),0.4453701529337637,0.9999999999999988,non-essential,3.9379815139087024
PRAIS_1,Phosphoribosylaminoimidazole synthetase,0.4453701529337642,0.9999999999999999,non-essential,3.9379815139086722
PANO,,0.4453701529337642,0.9999999999999999,non-essential,3.937981513908631
A6PAG2,,0.4453701529337642,0.9999999999999999,non-essential,3.9379815139086873
ADADir,Deoxycytidine kinase,0.4453701529337642,0.9999999999999999,non-essential,3.9379815139086545
23CCMPtex,23cCMP transport via diffusion (extracellular to periplasm),0.44537015293376414,0.9999999999999998,non-essential,3.937981513908684
MALTpts,Maltose transport via PEP:Pyr PTS,0.44537015293376414,0.9999999999999998,non-essential,3.937981513908637
SERt2r,L serine reversible transport via proton symport,0.44537015293376414,0.9999999999999998,non-essential,3.9379815139085994
NTPP11_1,Nucleoside triphosphate pyrophosphorylase (xtp),0.44537015293376386,0.9999999999999991,non-essential,3.9379815139084684
FACOAL100t2pp,Fatty-acid-CoA ligase (decanoate transport via vectoral Co-A coupling),0.44537015293376386,0.9999999999999991,non-essential,3.9379815139085967
ASPCT,Aspartate carbamoyltransferase,0.44537015293376386,0.9999999999999991,non-essential,3.9379815139086705
FRD3,Fumarate reductase,0.44537015293376386,0.9999999999999991,non-essential,3.9379815139087175
SHSL1,O-succinylhomoserine lyase (L-cysteine),0.44537015293376414,0.9999999999999998,non-essential,3.9379815139087535
AMANAPEr,N-acetylmannosamine 6-phosphate epimerase,0.44537015293376414,0.9999999999999998,non-essential,3.9379815139086762
UAMAS,UDP-N-acetylmuramoyl-L-alanine synthetase,6.889115693718186e-16,1.5468292269560191e-15,essential,
EX_glc__aD_e,R_EX_glc__aD_e,0.445370152933763,0.9999999999999971,non-essential,3.9379815139086194
VALt2r,L valine reversible transport via proton symport,0.4453701529337642,0.9999999999999999,non-essential,3.9379815139086385
FACOAL180_2,Fatty acid  CoA ligase  octadecanoate,-8.076724354390187e-16,-1.8134857715962306e-15,essential,
PROAKGOX1,Prolyl 4-hydroxylase,0.4453701529337632,0.9999999999999977,non-essential,3.937981513908637
GNK_1,Gluconokinase,0.4453701529337642,0.9999999999999999,non-essential,3.9379815139086762
DIPEPabc8,Dipeptide transport via ABC system  gly asn,0.4453701529337642,0.9999999999999999,non-essential,3.9379815139086536
QMO2,Quinol monooxygenase (Ubiquinol-8),0.4453701529337642,0.9999999999999999,non-essential,3.9379815139086745
PHETA1,Phenylalanine transaminase,0.44537015293376436,1.0000000000000002,non-essential,3.9379815139087118
LIPO1S24_BS,Lipoteichoic acid synthesis  n24   linked  glucose substituted,-2.3209493642768756e-16,-5.211281782104623e-16,essential,
MMETt2pp,S-methylmethionine permease (periplasm),0.44477838132044595,0.9986712813837655,non-essential,3.934445529382347
ATPHs,ATP amine hydrolysis (spontaneous),0.4453701529337649,1.0000000000000016,non-essential,3.9379815139086234
BTDD_RR,R R  butanediol dehydrogenase,0.4453701529337634,0.9999999999999981,non-essential,3.9379815139086287
ECOAH2,3-hydroxyacyl-CoA dehydratase (3-hydroxyhexanoyl-CoA),0.4453301418985492,0.9999101622887131,non-essential,3.7809746146834637
CELBpts,Cellobiose transport via PEPPyr PTS,0.4453701529337636,0.9999999999999986,non-essential,3.9379815139090804
PUNP2,Purine-nucleoside phosphorylase (Deoxyadenosine),0.4453701529337634,0.9999999999999981,non-essential,3.937981513909031
DIPEPabc3,Dipeptide transport via ABC system  ala glu,0.4453701529337634,0.9999999999999981,non-essential,3.9379815139086882
THRD_L,L-threonine deaminase,0.4453701529337634,0.9999999999999981,non-essential,3.9379815139086647
CBPS,Carbamoyl-phosphate synthase (glutamine-hydrolysing),0.4453701529337634,0.9999999999999981,non-essential,3.937981513908692
CRO4tex,Cromate transport via diffusion (extracellular to periplasm),0.4453701529337634,0.9999999999999981,non-essential,3.9379815139087007
ACS,Acetyl-CoA synthetase,0.4453701529337634,0.9999999999999981,non-essential,3.937981513908689
FACOAE160,Fatty-acid-CoA thioesterase (hexadecanoate),0.4453701529337634,0.9999999999999981,non-essential,3.9379815139086594
LYSDC,Lysine decarboxylase,0.4453701529337634,0.9999999999999981,non-essential,3.9379815139086594
PMDPHT,Pyrimidine phosphatase,0.4453701529337634,0.9999999999999981,non-essential,3.937981513908673
NTD10,5'-nucleotidase (XMP),0.4453701529337634,0.9999999999999981,non-essential,3.9379815139086016
PROGLYtex,L-Prolinylglycine transport via diffusion (extracellular to periplasm),0.4453701529337634,0.9999999999999981,non-essential,3.9379815139086327
NTPP10,Nucleoside triphosphate pyrophosphorylase (ditp),0.4453701529337634,0.9999999999999981,non-essential,3.937981513908627
DIPEPabc1,Dipeptide transport via ABC system  ala asp,0.4453701529337634,0.9999999999999981,non-essential,3.937981513908677
NAt3_1,Sodium proton antiporter  HNA is 11,0.4453701529337634,0.9999999999999981,non-essential,3.9379815139086225
PROt4,Na+/Proline-L symporter,0.4453701529337626,0.9999999999999962,non-essential,3.937981513908637
ALATHRabcpp,L Alaninylthreonine  Ala thr  transport via ABC system  periplasm,0.4453701529337626,0.9999999999999962,non-essential,3.9379815139086696
PAPPT3,"Phospho-N-acetylmuramoyl-pentapeptide-transferase (meso-2,6-diaminopimelate)",3.34807984765229e-17,7.51752183121759e-17,essential,
ARGN_1,Arginase,0.44537015293376214,0.9999999999999952,non-essential,3.937981513908661
DALAALAD,Beta alanine L alanine dipeptidase,0.44537015293376375,0.9999999999999989,non-essential,3.937981513908642
ARGt2r,L arganine reversible transport via proton symport,0.44310557126324274,0.9949152819163921,non-essential,3.936307379730877
EX_istfrnA_e,R_EX_istfrnA_e,0.44537015293376353,0.9999999999999983,non-essential,3.937981513908674
EX_3cmp_e,R_EX_3cmp_e,0.44537015293376336,0.999999999999998,non-essential,3.9379815139086745
GMPS2,GMP synthase,0.44537015293376336,0.999999999999998,non-essential,3.937981513908644
HACD9,3 hydroxyacyl CoA dehydrogenase  2 Methylacetoacetyl CoA,0.44537015293376336,0.999999999999998,non-essential,3.9379815139085026
EX_ad_e,R_EX_ad_e,0.44537015293376336,0.999999999999998,non-essential,3.9379815139086074
GHMT2r,"Glycine hydroxymethyltransferase, reversible",0.44533316555834823,0.9999169513826367,non-essential,3.94057997043326
EX_udcpdp_e,R_EX_udcpdp_e,0.4453701529337639,0.9999999999999992,non-essential,3.9379815139080083
EX_glcn_e,R_EX_glcn_e,0.4453701529337636,0.9999999999999986,non-essential,3.937981513908704
AACLAM,Acetyl adenylate CoA ligase AMP-forming,0.4453701529337636,0.9999999999999986,non-essential,3.937981513908644
BUTCT2,,0.4453701529337636,0.9999999999999986,non-essential,3.9379815139086514
NADN,NAD nucleosidase,0.4453701529337636,0.9999999999999986,non-essential,3.937981513908699
ABTt_1,L arabinitol transport via passive diffusion,0.4453701529337636,0.9999999999999986,non-essential,3.9379815139086762
BHBtpp,Transport of (r)-3-hydroxybutanoate [extraorganism-cytosol](passive),0.4453701529337636,0.9999999999999986,non-essential,3.937981513908607
PTA2,Phosphate acetyltransferase,0.4453701529337636,0.9999999999999986,non-essential,3.9379815139087215
AHSERL4,Cysteine synthase  Thiosulfate,0.4453701529337636,0.9999999999999986,non-essential,3.937981513908625
AMPTASEGM,Aminopeptidase  Gly Met,0.4453701529337636,0.9999999999999986,non-essential,3.9379815139087206
4HPROLTtex,Trans 4 hydroxy L proline transport  extracellular,0.4453701529337636,0.9999999999999986,non-essential,3.937981513908674
THZPSN,Thiazole phosphate synthesis,0.4453701529337636,0.9999999999999986,non-essential,3.937981513908627
URCN,Urocanase,0.4453701529337636,0.9999999999999986,non-essential,3.9379815139088414
EX_abt__L_e,R_EX_abt__L_e,0.4453701529337636,0.9999999999999986,non-essential,3.9379815139086025
13PPDH,"1,3-propanediol dehydrogenase",0.4453701529337636,0.9999999999999986,non-essential,3.9379815139080585
ARBt2r,L-arabinose transport via proton symport,0.4453701529337636,0.9999999999999986,non-essential,3.937981513908764
ACOAD1fr,Acyl-CoA dehydrogenase (butanoyl-CoA),0.4453701529337636,0.9999999999999986,non-essential,3.9379815139086913
EX_2m35mdntha_e,R_EX_2m35mdntha_e,0.4453701529337636,0.9999999999999986,non-essential,3.937981513908559
IPDPS,1-hydroxy-2-methyl-2-(E)-butenyl 4-diphosphate reductase (ipdp),0.4453701529337636,0.9999999999999986,non-essential,3.937981513934437
EX_taur_e,R_EX_taur_e,0.4453701529337635,0.9999999999999982,non-essential,3.937981513908726
PAP_BS,Phosphatidic acid phosphatase,-6.999158846243834e-17,-1.5715374728500842e-16,essential,
VALt3pp,L-valine transport out via proton antiport (periplasm),0.4453701529337648,1.0000000000000013,non-essential,3.9085088134746044
SO4t2,Sulfate transport in via proton symport,0.44537015293376425,1.0,non-essential,3.937981513908713
DHFR,Dihydrofolate reductase,-1.7785386537510515e-15,-3.993394353068731e-15,essential,
DPR,2-dehydropantoate 2-reductase,0.4453701529337472,0.9999999999999617,non-essential,3.9379815139086496
SUCOAS,Succinyl-CoA synthetase (ADP-forming),0.4434039423697894,0.9955852215263575,non-essential,4.07991378026255
HXCT,Acetyl-CoA:hexanoate-CoA transferase,0.4453701529337642,0.9999999999999999,non-essential,3.9379815139087007
THDPS,Tetrahydrodipicolinate succinylase,0.4453701529337633,0.9999999999999979,non-essential,3.9379815139086998
EX_tyr__L_e,R_EX_tyr__L_e,0.4443115487068821,0.9976230912199463,non-essential,3.9096279676234387
AMPEP15,Aminopeptidase,0.44537015293375576,0.9999999999999809,non-essential,3.93798151390868
CYTD,Cytidine deaminase,0.44537015293376375,0.9999999999999989,non-essential,3.937981513908632
KAS8,"B-ketoacyl synthetase (palmitate, n-C16:0)",0.44537015293376375,0.9999999999999989,non-essential,3.9379815139082965
EX_hisgly_e,R_EX_hisgly_e,0.44537015293376375,0.9999999999999989,non-essential,3.9379815139084466
GLCURtex,D-glucuronat transport via diffusion (extracellular to periplasm),0.44537015293376375,0.9999999999999989,non-essential,3.9379815139086074
HEX7,Hexokinase (D-fructose:ATP),0.44537015293376375,0.9999999999999989,non-essential,3.937981513908591
XYLK,Xylulokinase,0.44537015293376375,0.9999999999999989,non-essential,3.9379815139086
DHAD3,Dihydroxy acid dehydratase  2 3 dihydroxy 3 methylpentanoate,0.44537015293376375,0.9999999999999989,non-essential,3.9379815139086696
CYSabc,L-cysteine transport via ABC system,0.44537015293376375,0.9999999999999989,non-essential,3.937981513908679
EX_urate_e,R_EX_urate_e,0.44537015293376375,0.9999999999999989,non-essential,3.9379815139086336
CPGNexs,Coprogen Fe-loading reaction (spontaneaous),0.44537015293376375,0.9999999999999989,non-essential,3.9379815139087477
CYSabc2pp,L-cysteine export via ABC system (cytoplasm to periplasm),0.44537015293376375,0.9999999999999989,non-essential,3.937981513908642
THRS_2,Threonine synthase,0.44537015293376375,0.9999999999999989,non-essential,3.937981513908659
GLUt4pp,Na+/glutamate symport (periplasm),0.44537015293376375,0.9999999999999989,non-essential,3.937981513908652
PRASCSi,Phosphoribosylaminoimidazolesuccinocarboxamide synthase,0.44537015293376375,0.9999999999999989,non-essential,3.9379815139087566
ACOAD5,Acyl-CoA dehydrogenase (dodecanoyl-CoA),0.44537015293376375,0.9999999999999989,non-essential,3.9379815139086505
TNTR3,TNT nitroreductase Meisenheimer monohydride complex forming,0.44537015293376375,0.9999999999999989,non-essential,3.9379815139086967
URIK3,Uridine kinase (ITP:Uridine),0.44537015293376375,0.9999999999999989,non-essential,3.937981513908664
NTPP7,Nucleoside triphosphate pyrophosphorylase (dttp),0.44537015293376375,0.9999999999999989,non-essential,3.9379815139086958
VALabc,L-valine transport via ABC system,0.44537015293376375,0.9999999999999989,non-essential,3.9379815139086594
NADDPp_1,"NAD diphosphatase, peroxisomal",0.44535262413768145,0.9999606421850065,non-essential,3.9379685554201833
EX_salchs4fe_e,R_EX_salchs4fe_e,0.44537015293376386,0.9999999999999991,non-essential,3.9379815139086713
ALDD4,"Aldehyde dehydrogenase (butanal, NAD)",0.44537015293376375,0.9999999999999989,non-essential,3.937981513908647
DDPA,3-deoxy-D-arabino-heptulosonate 7-phosphate synthetase,0.44537015293376375,0.9999999999999989,non-essential,3.937981513908661
PIabc,Phosphate transport via ABC system,0.44537015293376375,0.9999999999999989,non-essential,3.937981513908628
GLU5K,Glutamate 5-kinase,0.44537015293376375,0.9999999999999989,non-essential,3.937981513908645
OCBT,Ornithine carbamoyltransferase,0.44537015293376375,0.9999999999999989,non-essential,3.9379815139086336
MALDtex,D-Malate transport via diffusion (extracellular to periplasm),0.44537015293376375,0.9999999999999989,non-essential,3.9379815139089103
NADK4,NAD kinase  dCTP,0.44537015293376375,0.9999999999999989,non-essential,3.937981513908578
EX_id3acald_e,R_EX_id3acald_e,0.44537015293376375,0.9999999999999989,non-essential,3.9379815139087064
GLYOX,Hydroxyacylglutathione hydrolase,0.44537015293376375,0.9999999999999989,non-essential,3.9379815139087677
EX_asn__L_e,R_EX_asn__L_e,0.4435228992341152,0.9958523181504626,non-essential,3.994349139942647
PLIPA1E181pp,"Phospholipase A1 (phosphatidylethanolamine, n-C18:1) (periplasm)",0.4453701529337642,0.9999999999999999,non-essential,3.937981513908457
G3PEabcpp,Sn-glycerol-3-phosphoethanolamine transport via ABC system (periplasm),0.44537015293376375,0.9999999999999989,non-essential,3.937981513908659
CRO4t3pp,Chromate transport out via proton antiport (cytoplasm to periplasm),0.44537015293376375,0.9999999999999989,non-essential,3.937981513909153
TMPPP,Thiamine-phosphate diphosphorylase,0.44537015293376375,0.9999999999999989,non-essential,3.9379815139086083
GLYCK,Glycerate kinase,0.44537015293376375,0.9999999999999989,non-essential,3.937981513908663
DDGLCNt2r,"2-dehydro-3-deoxy-D-gluconate transport via proton symport, reversible",0.44537015293376375,0.9999999999999989,non-essential,3.937981513908664
TPI,Triose-phosphate isomerase,0.43236625363420883,0.9708020413718892,non-essential,3.796241482065863
DHAD2,"Dihydroxy-acid dehydratase (2,3-dihydroxy-3-methylpentanoate)",0.4453701529337641,0.9999999999999997,non-essential,3.937981513908727
EX_arg__L_e,R_EX_arg__L_e,0.4364479272583935,0.9799667184327512,non-essential,4.059192419648367
CMPDAi,CMP deaminase,0.4453701529337646,1.0000000000000007,non-essential,3.937981513908659
GLUN,Glutaminase,0.4453701529337639,0.9999999999999992,non-essential,3.9379815139087033
FUM,Fumarase,0.44286068473632373,0.9943654324814762,non-essential,2.8837781166484215
BALAtex,Beta-alanine transport via diffusion (extracellular to periplasm),0.4453701529337624,0.9999999999999959,non-essential,3.9379815139089054
LGTHL,Lactoylglutathione lyase,0.44537015293376414,0.9999999999999998,non-essential,3.937981513908724
PPND,Prephenate dehydrogenase,0.44537015293376414,0.9999999999999998,non-essential,3.9379815139086816
TTDCAtexi,Tetradecanoate transport via facilitated irreversible diffusion (extracellular to periplasm),0.44537015293376414,0.9999999999999998,non-essential,3.937981513908596
FACOAL160,Fatty acid  CoA ligase  hexadecanoate,0.44537015293376414,0.9999999999999998,non-essential,3.9379815139086554
NADDP,NAD diphosphatase,0.44537015293376414,0.9999999999999998,non-essential,3.937981513908646
EX_gthrd_e,R_EX_gthrd_e,0.4453701529337641,0.9999999999999997,non-essential,3.937981513908674
12PPDRDH,R Propane 1 2 diol dehydratase,0.44537015293376353,0.9999999999999983,non-essential,3.937981513908765
CELLBpts_2,,0.44537015293376353,0.9999999999999983,non-essential,3.9379815139086043
NTD1,5'-nucleotidase (dUMP),0.44537015293376353,0.9999999999999983,non-essential,3.937981513908899
NO3tex,Nitrate transport via diffusion (extracellular to periplasm),0.44537015293376353,0.9999999999999983,non-essential,3.9379815139086127
EX_udcpp_e,R_EX_udcpp_e,0.44537015293376353,0.9999999999999983,non-essential,3.9379815139086882
MANGLYCptspp,2-O-alpha-mannosyl-D-glycerate transport via PEP:Pyr PTS (periplasm),0.44537015293376353,0.9999999999999983,non-essential,3.9379815139086602
G6PP,Glucose-6-phosphate phosphatase,0.44537015293376353,0.9999999999999983,non-essential,3.93798151390863
AGMT,Agmatinase,0.44537015293376353,0.9999999999999983,non-essential,3.937981513908667
EX_cit_e,R_EX_cit_e,6.428783071804408e-16,1.4434696688712548e-15,essential,
PPAt4pp,Na+/Propionate symporter (periplasm),0.4453701529337635,0.9999999999999982,non-essential,3.9379815139087224
EX_rib__D_e,R_EX_rib__D_e,0.4453701529337605,0.9999999999999916,non-essential,3.9379815139090595
GLXO1,Glyoxylate oxidase,0.4453701529337605,0.9999999999999916,non-essential,2.7759506027780736
DGNSK,Deoxyguanosine kinase,0.4453701529337636,0.9999999999999986,non-essential,3.937981513908648
DURIPP_1,Deoxyuridine phosphorylase,0.44537015293376325,0.9999999999999978,non-essential,3.9379815139087033
AGPR,N-acetyl-g-glutamyl-phosphate reductase,0.44537015293376325,0.9999999999999978,non-essential,3.937981513908663
MGSA,Methylglyoxal synthase,0.44537015293376325,0.9999999999999978,non-essential,3.937981513908664
HISTD,Histidinol dehydrogenase,0.44537015293376325,0.9999999999999978,non-essential,3.9379815139085466
THRS,Threonine synthase,0.44537015293376325,0.9999999999999978,non-essential,3.9379815139086856
BALAALAtex,Beta alanyl L alanine transport via diffusion  extracellular to periplasm,0.44537015293376325,0.9999999999999978,non-essential,3.9379815139087393
GLUTARH,Glutarate hydroxylase,0.44537015293376325,0.9999999999999978,non-essential,3.937981513908727
EX_feenter_e,R_EX_feenter_e,0.44537015293376325,0.9999999999999978,non-essential,3.9379815139086904
ILETA,Isoleucine transaminase,0.44521322777379274,0.9996476522754437,non-essential,3.943587384464829
ZN2t5,Zinc  Zn2  transport out via proton antiport  cytosolexternal,0.4453701529337575,0.9999999999999848,non-essential,3.93798151390868
CMCBTFexs,Carboxymycobactin Fe loading reaction  spontaneous,0.44537015293376425,1.0,non-essential,3.9379815139086864
DUTPDP,DUTP diphosphatase,0.44537015293376425,1.0,non-essential,3.9379815139085657
IG3PS_1,Imidazole glycerol 3 phosphate synthase,0.44537015293376425,1.0,non-essential,3.937981513908668
23PDE2pp,"2',3'-cyclic-nucleotide phosphodiesterase (UMP) (periplasm)",0.44537015293376425,1.0,non-essential,3.93798151390868
AGMPTRCtpp,Agmatine/putrescine antiporter (periplasm),0.44537015293376425,1.0,non-essential,3.9379815139087584
2AACLPGT181,2 acyl acyl carrier protein glycerophospho glycerol acyltransferase  n C160,0.44537015293376425,1.0,non-essential,3.9379815139086176
DNADDP,Deamino-NAD+ nucleotidohydrolase,0.44537015293376425,1.0,non-essential,3.9379815139086958
PUNP1,Purine-nucleoside phosphorylase (Adenosine),0.44537015293376425,1.0,non-essential,3.9379815139083654
ZN2t4pp,Zinc transport out via antiport (periplasm),0.44537015293376536,1.0000000000000024,non-essential,3.9379815139087047
PIt2r,Phosphate reversible transport via symport,0.44537015293376536,1.0000000000000024,non-essential,3.937981513908627
2MAHMP,2-Methyl-4-amino-5-hydroxymethylpyrimidine diphosphatase,0.44537015293376536,1.0000000000000024,non-essential,3.937981513908794
ASPabc,L-aspartate transport via ABC system,0.44537015293376536,1.0000000000000024,non-essential,3.937981513908648
ACPPAT161,Acyl-(acyl carrier protein):phosphate acyltransferase (C16:1),0.44537015293376536,1.0000000000000024,non-essential,3.9379815139086
DAGK160,Diacylglycerol kinase (n-C16:0),0.44537015293376536,1.0000000000000024,non-essential,3.937981513908668
ACACtex,Acetoacetate transport via diffusion (extracellular to periplasm),0.44537015293376536,1.0000000000000024,non-essential,3.9379815139086722
ALAD_L,L-alanine dehydrogenase,0.44537015293376536,1.0000000000000024,non-essential,3.9379815139086873
DCYTt2,Deoxycytidine transport in via proton symport,0.44515188524183663,0.9995099184566145,non-essential,3.953737317867152
LEUt3pp,L-leucine transport out via proton antiport (periplasm),0.4453701529337771,1.0000000000000289,non-essential,3.0552454880191173
2PGLYCt6,2 Phosphoglycolate transport inout via proton symport,0.44537015293376536,1.0000000000000024,non-essential,3.9379815139088055
GALK2,Galactokinase,0.44537015293376536,1.0000000000000024,non-essential,3.93798151390871
PEPA,MNXR86162,0.3721667012325901,0.8356345812152773,non-essential,3.31383861857703
MFUMt8,Na+/fumarate symporter,0.44537015293376353,0.9999999999999983,non-essential,3.937981513908712
ACt2rpp,Acetate reversible transport via proton symport (periplasm),0.4453701529337618,0.9999999999999946,non-essential,3.9379815139087193
TECA2S45,Glycerol teichoic acid  n45   unlinked  D ala substituted,3.583462463156437e-15,8.046031911997867e-15,essential,
MLTGY3pp,Murein lytic transglycosylase (murein3p3p) (periplasm),0.44537015293376303,0.9999999999999972,non-essential,3.9379815139087335
PG180abcpp,"Phosphatidylglycerol transport via ABC system (n-C18:0, periplasm)",0.4453701529337618,0.9999999999999946,non-essential,3.9379815139086487
NO3abcpp,Nitrate transport via ABC system (periplasm),0.4453701529337618,0.9999999999999946,non-essential,3.9379815139087486
HACD6,3-hydroxyacyl-CoA dehydrogenase (3-oxotetradecanoyl-CoA),0.44533014189855463,0.9999101622887253,non-essential,3.782577803194273
RBFK,Riboflavin kinase,-3.1132704923204483e-17,-6.990298904882959e-17,essential,
ASNN,L-asparaginase,0.44537015293376325,0.9999999999999978,non-essential,3.937981513908593
PLIPA2E180pp,"Phospholipase A2 (phosphatidylethanolamine, n-C18:0) (periplasm)",0.4453701529337642,0.9999999999999999,non-essential,3.9379815139082766
AP4AH,Ap4A hydrolase,0.4453701529337642,0.9999999999999999,non-essential,3.937981513908692
SUCBZL,O-succinylbenzoate-CoA ligase,0.4453701529337642,0.9999999999999999,non-essential,3.9379815139086807
ACGK,Acetylglutamate kinase,0.4453701529337642,0.9999999999999999,non-essential,3.9379815139086225
EX_galur_e,R_EX_galur_e,0.4453701529337642,0.9999999999999999,non-essential,3.9379815139086896
2INSD,2-Inosose dehydratase,0.4453701529337642,0.9999999999999999,non-essential,3.9379815139087415
ECOAH8,3-hydroxyacyl-CoA dehydratase (3-hydroxyoctadecanoyl-CoA),0.4453701529337642,0.9999999999999999,non-essential,3.937981513908539
ACTNabc1,Acetoin efflux  via ABC system,0.4453701529337642,0.9999999999999999,non-essential,3.937981513908424
MACACI,Maleylacetoacetate isomerase,0.4453701529337642,0.9999999999999999,non-essential,3.9379815139090746
RNMK,Ribosylnicotinamide kinase,0.4453701529337642,0.9999999999999999,non-essential,3.937981513908711
MMETtex,S-methyl-L-methionine transport via diffusion (extracellular to periplasm),0.44477838132044706,0.9986712813837679,non-essential,3.934445529382363
DNTAep,N N bis 3 5 dinitrotolyl  amine extrusion pump,0.44537015293376364,0.9999999999999987,non-essential,3.937981513908641
TTDCEAtexi,Tetradecenoate transport via facilitated irreversible diffusion (extracellular to periplasm),0.4453701529337644,1.0000000000000004,non-essential,3.937981513908831
ADK2,Adenylate kinase (Inorganic triphosphate),0.4453701529337644,1.0000000000000004,non-essential,3.9379815139086745
TARTDC,Tartrate decarboxylase,0.4453701529337644,1.0000000000000004,non-essential,3.937981513908761
SSALy,Succinate-semialdehyde dehydrogenase (NADP),0.4453701529337644,1.0000000000000004,non-essential,3.9379815139086873
GALpts,Galactose transport via PTS,0.3420073161416745,0.7679170099046535,non-essential,3.00804814815467
EX_4hpro_DC_e,R_EX_4hpro_DC_e,0.445370152933764,0.9999999999999993,non-essential,3.9379815139087198
AMPEP5,Aminopeptidase,0.4453701529337629,0.999999999999997,non-essential,3.9379815139087317
RNTR2,Ribonucleoside triphosphate reductase  GTP,0.4453701529337629,0.999999999999997,non-essential,3.9379815139086696
GTHPi,Glutathione peridoxase,0.4453701529337629,0.999999999999997,non-essential,3.9379815139088215
CYSabcpp,L-cysteine uptake via ABC system (periplasm),0.4453701529337629,0.999999999999997,non-essential,3.9379815139086998
FRD2,Fumarate reductase,0.4453701529337629,0.999999999999997,non-essential,3.9379815139087184
ACACT3r,Acetyl-CoA C-acyltransferase (hexanoyl-CoA) (r),0.44533014189854864,0.9999101622887119,non-essential,3.781134933534607
ZNabcpp,Zinc (Zn+2) transport via ABC system (periplasm),0.44537015293376414,0.9999999999999998,non-essential,3.937981513908901
HG2abcpp,Mercury (Hg+2) ABC transporter (periplasm),0.4453701529337638,0.999999999999999,non-essential,3.9379815139085554
TMDK1,Thymidine kinase (ATP:thymidine),0.4453701529337638,0.999999999999999,non-essential,3.9327374139691718
AGPAT180,1-octadecanoyl-sn-glycerol 3-phosphate O-acyltransferase (n-C18:0),0.4453701529337638,0.999999999999999,non-essential,3.937981513908793
THRabcpp,L-threonine transport via ABC system (periplasm),0.4453701529337638,0.999999999999999,non-essential,3.9379815139087637
3NUCLE3,3  nucleotidase  3  cMP,0.4453701529337638,0.999999999999999,non-essential,3.9379815139087344
DAPAT,Cadaverine aminotranferase,0.4453701529337638,0.999999999999999,non-essential,3.9379815139088064
HACD1_1,3 hydroxyacyl CoA dehydrogenase  acetoacetyl CoA,0.4453701529337638,0.999999999999999,non-essential,3.937981513908709
GLUKA_1,Glucokinase/hexokinase (glc-A),0.4453701529337638,0.999999999999999,non-essential,3.937981513908679
PRFGS,Phosphoribosylformylglycinamidine synthase,0.4453701529337638,0.999999999999999,non-essential,3.937981513908659
MNabc,Manganese transport via ABC system,0.4453701529337638,0.999999999999999,non-essential,3.937981513908763
EX_ala_B_e,R_EX_ala_B_e,0.4453701529337638,0.999999999999999,non-essential,3.937981513908713
DADNK,Deoxyadenosine kinase,0.4453701529337638,0.999999999999999,non-essential,3.937981513908763
CTPS1,CTP synthase  NH3,0.44537015293376375,0.9999999999999989,non-essential,3.9379815139089027
RIBFLVt2,Riboflavin transport in via proton symport,0.44534898979121085,0.9999524819020449,non-essential,3.938144631745946
EX_glu__L_e,R_EX_glu__L_e,0.44537015293376353,0.9999999999999983,non-essential,3.937981513908487
ACOTA,Acetylornithine transaminase,0.4453701529337645,1.0000000000000004,non-essential,3.937981513908595
G1SAT,Glutamate-1-semialdehyde aminotransferase,0.4453701529337645,1.0000000000000004,non-essential,3.937981513908592
MYCTR2,MYCTR2,0.4453701529337645,1.0000000000000004,non-essential,3.937981513908512
TRPt2r,L tryptophan reversible transport via proton symport,0.44493316833963364,0.9990188282909125,non-essential,3.937658464908725
CELBt2,,0.4453701529337634,0.9999999999999981,non-essential,3.937981513908647
PRO1x,Proline oxidase  L proline  NAD,0.4453701529337632,0.9999999999999977,non-essential,3.937981513908704
DHORTS,Dihydroorotase,0.4453701529337632,0.9999999999999977,non-essential,3.937981513908776
HQNt6,Hydroquinone transport inout via proton symport,0.4453701529337632,0.9999999999999977,non-essential,3.937981513908832
PLIPA1E161pp,"Phospholipase A1 (phosphatidylethanolamine, n-C16:1) (periplasm)",0.4453701529337632,0.9999999999999977,non-essential,3.93798151390878
ADtr,"Acetamide transport, extracellular",0.4453701529337632,0.9999999999999977,non-essential,3.9379815139088046
SLCYSS,O-acetyl-L-serine sulfhydrylase,0.4453701529337632,0.9999999999999977,non-essential,3.9379815139086967
SPMS,Spermidine synthase,0.4453701529337632,0.9999999999999977,non-essential,3.937981513908704
ORNTA_1,Ornithine transaminase,0.4453701529337632,0.9999999999999977,non-essential,3.9379815139087997
PPAKr,Propionate kinase,0.4453701529337632,0.9999999999999977,non-essential,3.9379815139088405
AMPEP4,Aminopeptidase,0.4453701529337632,0.9999999999999977,non-essential,3.9379815139087193
EX_35dnta_e,R_EX_35dnta_e,0.4453701529337632,0.9999999999999977,non-essential,3.9379815139086913
EX_cu2_e,R_EX_cu2_e,8.8067371292719e-15,1.977397243901444e-14,essential,
HISt2r,L histidine reversible transport via proton symport,0.4450059408264395,0.9991822260541584,non-essential,3.9377122633249373
GLUDy,Glutamate dehydrogenase (NADP),0.44537015293376025,0.999999999999991,non-essential,3.937981513908625
ASP1DC,Aspartate 1-decarboxylase,0.4453701529337642,0.9999999999999999,non-essential,3.9379815139086722
GLGC,Glucose-1-phosphate adenylyltransferase,0.4453701529337642,0.9999999999999999,non-essential,3.9379815139086896
SUCD1,Succinate dehydrogenase,0.4453701529337642,0.9999999999999999,non-essential,3.9379815139086594
BALAGLYabcpp,Beta alanyl L glycine transport via ABC system  periplasm,0.4453701529337642,0.9999999999999999,non-essential,3.937981513908659
EX_pyovd_kt_e,R_EX_pyovd_kt_e,0.4453701529337642,0.9999999999999999,non-essential,3.93798151390861
EX_2hxmp_e,R_EX_2hxmp_e,0.4453701529337631,0.9999999999999973,non-essential,3.9379815139086167
PUNP7,Purine-nucleoside phosphorylase (Xanthosine),0.4453701529337631,0.9999999999999973,non-essential,3.937981513908496
NTPP1_1,Nucleoside triphosphate pyrophosphorylase (dgtp),0.4453701529337631,0.9999999999999973,non-essential,3.937981513908538
XYLtex,D-xylose transport via diffusion (extracellular to periplasm),0.4453701529337631,0.9999999999999973,non-essential,3.9379815139087206
DHFS,Dihydrofolate synthase,0.4453701529337631,0.9999999999999973,non-essential,3.937981513908508
AMPEP18,Aminopeptidase,0.4453701529337631,0.9999999999999973,non-essential,3.9379815139090275
UPP3S,Uroporphyrinogen-III synthase,0.4453701529337631,0.9999999999999973,non-essential,3.9379815139086563
G6PDH2r,Glucose 6-phosphate dehydrogenase,0.4453701529337631,0.9999999999999973,non-essential,3.937981513908652
HACOADr,3 hydroxyacyl CoA dehydrogenase,0.4453701529337631,0.9999999999999973,non-essential,3.937981513908679
EX_arbt_e,R_EX_arbt_e,0.4453701529337631,0.9999999999999973,non-essential,3.9379815139086913
TSULtex,Thiosulfate transport via diffusion (extracellular to periplasm),0.4453701529337631,0.9999999999999973,non-essential,3.9379815139086665
AMPEP6,Aminopeptidase,0.4453701529337631,0.9999999999999973,non-essential,3.937981513908645
CYSS_2,Cysteine synthase,0.4453701529337631,0.9999999999999973,non-essential,3.9379815139086167
ADCL,4-aminobenzoate synthase,0.4453701529337631,0.9999999999999973,non-essential,3.9379815139086762
COBALTt4pp,Cobalt transport out via proton antiporter (periplasm),0.4453701529337631,0.9999999999999973,non-essential,3.9379815139081256
AIRCr,Phosphoribosylaminoimidazole carboxylase,0.4453701529337631,0.9999999999999973,non-essential,3.937981513908646
AMPTASEGS,Aminopeptidase  Gly Ser,0.4453701529337631,0.9999999999999973,non-essential,3.937981513908709
2AACLPGT160,2 acyl acyl carrier protein glycerophospho glycerol acyltransferase  n C160,0.4453701529337631,0.9999999999999973,non-essential,3.9379815139086762
HMBS,Hydroxymethylbilane synthase,0.4453701529337631,0.9999999999999973,non-essential,3.9379815139081265
EX_oxa_e,R_EX_oxa_e,0.44537015293376314,0.9999999999999976,non-essential,2.77595060277796
ILEt2r,L isoleucine reversible transport via proton symport,0.44299030174330534,0.9946564645727105,non-essential,4.022997439455851
NMNP,NMN permease,0.1595436791786792,0.35822714685239954,critical,5.917026706756865
PBUTT,Phosphate butyryltransferase,0.44537015293376314,0.9999999999999976,non-essential,3.9379815139086336
PUNP5,Purine-nucleoside phosphorylase (Inosine),0.4453701529337636,0.9999999999999986,non-essential,3.937981513907984
NMO,Nitronate Monooxygenase,0.4453701529337636,0.9999999999999986,non-essential,3.9379815139086145
NI2t3pp,Nickle (Ni+2) transport out via proton antiport (periplasm),0.4453701529337636,0.9999999999999986,non-essential,3.9379815139086656
TREpts,Trehalose transport via PEP:Pyr PTS,0.4453701529337636,0.9999999999999986,non-essential,3.937981513908573
RECOAH3,3 hydroxyacyl Coa dehydratase   3R  3 hydroxyoctanoyl CoA,0.4453701529337636,0.9999999999999986,non-essential,3.9379815139086665
NADS1,NAD synthase (nh3),0.4453701529337636,0.9999999999999986,non-essential,3.937981513908575
Kabcpp,Potassium ABC transporter (periplasm),0.4453701529337636,0.9999999999999986,non-essential,3.9379815139086665
NOR_syn_1,Ferredoxin-Nitrite Reductase,0.4453701529337636,0.9999999999999986,non-essential,3.937981513908575
LEUt2r,L leucine reversible transport via proton symport,0.4453701529337636,0.9999999999999986,non-essential,3.9379815139090093
PGI1c,"Glucose-6-phosphateisomerase,glycosome",0.44537015293376425,1.0,non-essential,3.937981513908632
5DKGR,5-keto-D-gluconate 5-reductase,0.44537015293376425,1.0,non-essential,3.937981513908644
URATEt_1,Urate permease,0.44537015293376425,1.0,non-essential,3.9379815139086487
EX_balaleu_e,R_EX_balaleu_e,0.44537015293376425,1.0,non-essential,3.937981513908663
GTPCII,GTP cyclohydrolase II,0.44537015293376425,1.0,non-essential,3.9379815139086487
RNDR4,Ribonucleoside-diphosphate reductase (UDP),0.44537015293376425,1.0,non-essential,3.937981513908648
GUAtex,Guanine transport via diffusion (extracellular to periplasm),0.4453701529337633,0.9999999999999979,non-essential,3.9379815139087335
GLYC3Pabcpp,Sn-Glycerol 3-phosphate transport via ABC system (periplasm),0.4453701529337633,0.9999999999999979,non-essential,3.937981513908657
EX_for_e,R_EX_for_e,0.4453701529337633,0.9999999999999979,non-essential,3.937981513908712
ACACT8r,"Acetyl-CoA acyltransferase (hexadecanoyl-CoA), (r)",0.4453701529337633,0.9999999999999979,non-essential,3.937981513908648
GLYOX_1,Glyoxalase I; Ni-dependent,0.4453701529337633,0.9999999999999979,non-essential,3.937981513908712
EX_istfrnB_e,R_EX_istfrnB_e,0.4453701529337633,0.9999999999999979,non-essential,3.9379815139087384
EX_salchs2_e,R_EX_salchs2_e,0.4453701529337633,0.9999999999999979,non-essential,3.937981513908644
BGLA1,6-phospho-beta-glucosidase,0.4453701529337633,0.9999999999999979,non-essential,3.9379815139086514
EX_butso3_e,R_EX_butso3_e,0.4453701529337633,0.9999999999999979,non-essential,3.9379815139086376
APRTO2,N acetylputrescine oxygen oxireductase  deaminating,0.4453701529337633,0.9999999999999979,non-essential,3.9379815139086514
GLYCL,Glycine Cleavage System,0.4453701529337633,0.9999999999999979,non-essential,3.9379815139086376
ACLDC,Acetolactate decarboxylase,0.4453701529337633,0.9999999999999979,non-essential,3.9379815139086514
ACOXT,Acetyl-CoA:oxalate CoA-transferase,0.4453701529337633,0.9999999999999979,non-essential,3.9379815139086376
ACACT5r_1,Acetyl CoA C acyltransferase  decanoyl CoA,0.44533014189854925,0.9999101622887132,non-essential,3.7816158900878243
HACD7,3-hydroxyacyl-CoA dehydrogenase (3-oxohexadecanoyl-CoA),0.4451240451289125,0.9994474084012354,non-essential,3.934434436348974
DM1PE,2 3 diketo 5 methylthiopentyl 1 phosphate enolase,0.44537015293376403,0.9999999999999996,non-essential,3.9379815139087118
FE3tex,Iron (III) transport via diffusion (extracellular to periplasm),0.4453701529337634,0.9999999999999981,non-essential,3.93798151390875
ATHRDHr,L-allo-threonine dehydrogenase,0.4453701529337634,0.9999999999999981,non-essential,3.9379815139086385
EX_ala__L_e,R_EX_ala__L_e,0.36125664116621603,0.811137968690826,non-essential,3.0097734037986488
EX_so4_e,R_EX_so4_e,0.4453701529337644,1.0000000000000004,non-essential,3.9379815139086563
EX_ttdcea_e,R_EX_ttdcea_e,0.44537015293376375,0.9999999999999989,non-essential,3.9379815139087575
EX_glygly_e,R_EX_glygly_e,0.44537015293376375,0.9999999999999989,non-essential,3.937981513908674
GND,Phosphogluconate dehydrogenase,0.44537015293376375,0.9999999999999989,non-essential,3.937981513908673
EX_pro__L_e,R_EX_pro__L_e,0.4440008926754791,0.996925567981452,non-essential,3.9564506677281597
2AGPG161tipp,2-Acyl-sn-glycero-3-phosphoglycerol (n-C16:1) transporter via facilitated diffusion (periplasm),0.4453701529337633,0.9999999999999979,non-essential,3.937981513908673
GALUi,UTP-glucose-1-phosphate uridylyltransferase (irreversible),0.3405462528956873,0.7646364504949966,non-essential,3.0069261091284605
AMPEP1,Aminopeptidase,0.44537015293376453,1.0000000000000007,non-essential,3.937981513908815
MDDEP4pp,"Murein D,D-endopeptidase (murein4px4px4p) (periplasm)",0.4453701529337611,0.9999999999999929,non-essential,3.9379815139086376
GNNUC,Ribosylpyrimidine nucleosidase,0.4453701529337611,0.9999999999999929,non-essential,3.937981513908726
TRPS2,Tryptophan synthase (indole),0.4453701529337611,0.9999999999999929,non-essential,3.937981513908728
RHACOAR80,3R  3 Hydroxyacyl CoANADP oxidoreductase,0.4453701529337611,0.9999999999999929,non-essential,3.9379815139087477
F6PP,D-fructose 6-phosphate phosphatase,0.4453701529337611,0.9999999999999929,non-essential,3.937981513909487
CRO4abcpp,Chromate transport via ABC system (periplasm),0.4453701529337611,0.9999999999999929,non-essential,3.937981513908726
EX_alathr_e,R_EX_alathr_e,0.4453701529337611,0.9999999999999929,non-essential,3.937981513908728
OXAtpp,OxalateH antiporter  periplasm,0.4453701529337611,0.9999999999999929,non-essential,2.775950602778093
EX_ind3ac_e,R_EX_ind3ac_e,0.44537015293375853,0.9999999999999871,non-essential,3.9379815139086753
ALDD3y,"Aldehyde dehydrogenase (propanal, NADP)",0.44537015293376475,1.000000000000001,non-essential,3.9379815139087007
HEMEOS_1,Heme O synthase,0.44537015293376475,1.000000000000001,non-essential,3.9379815139086443
MLDEP2pp,"Murein L,D-endopeptidase (murein5px3p) (periplasm)",0.44537015293376475,1.000000000000001,non-essential,3.937981513908652
EX_salchs4_e,R_EX_salchs4_e,0.44537015293376475,1.000000000000001,non-essential,3.93798151390868
2AACLPPEAT181,2 acyl acyl carrier protein glycerophospho glycerol acyltransferase  n C160,0.44537015293376475,1.000000000000001,non-essential,3.9379815139086554
ANPRT,Anthranilate phosphoribosyltransferase,0.44537015293376475,1.000000000000001,non-essential,3.93798151390868
MCBTFUexs,Mycobactin Fe loading reaction  spontaneous,0.44537015293376475,1.000000000000001,non-essential,3.9379815139086554
ECOAH7,3-hydroxyacyl-CoA dehydratase (3-hydroxyhexadecanoyl-CoA),0.4451240451289135,0.9994474084012376,non-essential,3.934434436349051
SULabcpp,Sulfate transport via ABC system (periplasm),0.44537015293376403,0.9999999999999996,non-essential,3.9379815139086998
GLTPD,Galactitol-1-phosphate dehydrogenase,0.44537015293376475,1.000000000000001,non-essential,3.93798151390868
PTHPS_1,6-pyruvoyltetrahydropterin synthase,0.44537015293376475,1.000000000000001,non-essential,3.9379815139086554
EX_chol_e,R_EX_chol_e,0.44537015293376475,1.000000000000001,non-essential,3.93798151390868
HACD1i,3-hydroxyacyl-CoA dehydrogenase (acetoacetyl-CoA),0.44537015293376475,1.000000000000001,non-essential,3.9379815139086554
BG_MBDG,Beta glucosidase,0.44537015293376475,1.000000000000001,non-essential,3.93798151390868
DRBK,Deoxyribokinase,0.44537015293376475,1.000000000000001,non-essential,3.9379815139086554
PTRCAT1,Putrescine acetyltransferase,0.44537015293376475,1.000000000000001,non-essential,3.93798151390868
PROGLYabcpp,L-Prolinylglycine (Pro-Gly) transport via ABC system (periplasm),0.44537015293376475,1.000000000000001,non-essential,3.9379815139086554
4HTHRA,4-hydroxy-L-threonine aldolase,0.44537015293376475,1.000000000000001,non-essential,3.9379815139086856
METSabc,L methionine S oxide transport via ABC system,0.44537015293376475,1.000000000000001,non-essential,3.9379815139087073
3AMPt6,3  AMP transport inout via proton symport,0.44537015293376475,1.000000000000001,non-essential,3.93798151390868
IMPC,IMP cyclohydrolase,0.44537015293376353,0.9999999999999983,non-essential,3.9379815139086594
OIVD2,2-oxoisovalerate dehydrogenase (acylating; 3-methyl-2-oxobutanoate),0.44537015293376353,0.9999999999999983,non-essential,3.937981513908667
r2136,Major Facilitator(MFS) TCDB:2.A.1.14.6,0.44537015293376353,0.9999999999999983,non-essential,3.9379815139086554
ILEabc,L-isoleucine transport via ABC system,0.44537015293376353,0.9999999999999983,non-essential,3.93798151390868
AP4AS,Ap4A synthetase,0.44537015293376353,0.9999999999999983,non-essential,3.9379815139086554
THRD,L-threonine dehydrogenase,0.4443034001235535,0.9976047950155982,non-essential,2.710386334746435
BUTt2rpp,"Butyrate transport via proton symport, reversible (periplasm)",0.44537015293376503,1.0000000000000018,non-essential,3.937981513908434
KAS6,B-ketoacyl synthetase (Iso-C16:0),-5.908431855306234e-16,-1.3266339956519134e-15,essential,
XYLI2,Xylose isomerase,0.4453701529337648,1.0000000000000013,non-essential,3.9379815139086762
LEUabc,L-leucine transport via ABC system,0.44537015293376575,1.0000000000000033,non-essential,3.937981513908694
EX_alahis_e,R_EX_alahis_e,0.44537015293376575,1.0000000000000033,non-essential,3.9379815139089724
HSERTA,Homoserine O trans acetylase,0.44477914879031755,0.9986730046017821,non-essential,3.934466106463841
PPCDC,Phosphopantothenoylcysteine decarboxylase,-1.1980461206585678e-17,-2.6900009189361685e-17,essential,
ACACT2r,Acetyl-CoA C-acyltransferase (butanoyl-CoA) (r),0.44533014189850884,0.9999101622886225,non-essential,3.780974614683495
DAPDC,Diaminopimelate decarboxylase,0.44537015293376486,1.0000000000000013,non-essential,3.9379815139085412
COt_1,Co transport via diffusion (extracellular to periplasm),0.44537015293376403,0.9999999999999996,non-essential,3.9379815139086527
GCCc_1,Glycine-cleavage complex,0.44537015293376403,0.9999999999999996,non-essential,3.937981513908682
PYNP2r,Pyrimidine-nucleoside phosphorylase (uracil),0.44537015293376403,0.9999999999999996,non-essential,3.9379815139086864
MACCOAT,2-Methylacetyl-CoA thiolase,0.44537015293376403,0.9999999999999996,non-essential,3.937981513908699
MSO3abcpp,Methanesulfonate transport via ABC system (periplasm),0.44537015293376403,0.9999999999999996,non-essential,3.9379815139086816
HSTPT,Histidinol-phosphate transaminase,0.44537015293376403,0.9999999999999996,non-essential,3.937981513908704
ARGSL,Argininosuccinate lyase,0.44537015293376403,0.9999999999999996,non-essential,3.9379815139086594
CYTDK2,Cytidine kinase (GTP),0.44537015293376403,0.9999999999999996,non-essential,3.937981513908761
AACPS3,Acyl-[acyl-carrier-protein] synthetase  (n-C16:0),0.44537015293376403,0.9999999999999996,non-essential,3.937981513908589
METSOXR1,L-methionine-S-oxide reductase,0.44537015293376403,0.9999999999999996,non-essential,3.937981513908683
EX_gly_met_e,R_EX_gly_met_e,0.44537015293376403,0.9999999999999996,non-essential,3.9379815139086536
LSERDHr,L-serine dehydrogenase,0.44537015293376403,0.9999999999999996,non-essential,3.9379815139086705
MCCC,Methylcrotonoyl-CoA carboxylase,0.44537015293376403,0.9999999999999996,non-essential,3.9379815139087175
CARNtex,L Carnosine transport via diffusion  extracellular to periplasm,0.44537015293376403,0.9999999999999996,non-essential,3.937981513908692
PGLYCP,Phosphoglycolate phosphatase,0.44537015293376403,0.9999999999999996,non-essential,3.9379815139086913
CD2t6,Cadmium  Cd2  transport out via proton antiport  periplasmexternal,0.44537015293376403,0.9999999999999996,non-essential,3.937981513908741
PLIPA1G181pp,"Phospholipase A1 (phosphatidylglycerol, n-C18:1) (periplasm)",0.44537015293376403,0.9999999999999996,non-essential,3.9379815139086913
METSR_R2,L methionine R oxide  H2O2,0.44537015293376403,0.9999999999999996,non-essential,3.9379815139086816
DALAt2r,D-alanine transport via proton symport,0.44537015293376425,1.0,non-essential,3.9379815139082117
EX_fru_e,R_EX_fru_e,0.44537015293376425,1.0,non-essential,3.937981513908692
DIPEPabc15,Dipeptide transport via ABC system  cgly,0.44537015293376425,1.0,non-essential,3.9379815139086958
PRPPS,Phosphoribosylpyrophosphate synthetase,0.2811942698160597,0.6313720575206105,non-essential,1.8361134925128362
EX_ura_e,R_EX_ura_e,0.4453701529337637,0.9999999999999988,non-essential,3.9379815139079035
LDH_L,L-lactate dehydrogenase,0.4453701529337636,0.9999999999999986,non-essential,3.9379815139086998
DXPS,1-deoxy-D-xylulose 5-phosphate synthase,-7.825978247186039e-17,-1.7571851628660718e-16,essential,
PPCK,Phosphoenolpyruvate carboxykinase,0.4453701529337632,0.9999999999999977,non-essential,3.937981513908612
THRA,Threonine aldolase,0.4453701529337642,0.9999999999999999,non-essential,3.9379815139086864
ABTA,4-aminobutyrate transaminase,0.4442564654313617,0.9974994114556928,non-essential,4.018373814775157
EX_feoxam_un_e,R_EX_feoxam_un_e,0.44537015293376303,0.9999999999999972,non-essential,3.9379815139086864
ASPt2r,L aspartate reversible transport via proton symport,0.44537015293376414,0.9999999999999998,non-essential,3.937981513908731
DALALEUD,Beta alanine L leucine dipeptidase,0.44537015293376414,0.9999999999999998,non-essential,3.937981513908643
GLYCYSAP,Gly-Cys aminopeptidase,0.44537015293376414,0.9999999999999998,non-essential,3.9379815139086762
PTPATi,Pantetheine-phosphate adenylyltransferase,-7.063459885650484e-15,-1.5859751353164806e-14,essential,
EX_phe__L_e,R_EX_phe__L_e,0.4439490652353305,0.996809198620355,non-essential,3.8999192477529263
GNP,Phosphogluconate phosphatase,0.44537015293376386,0.9999999999999991,non-essential,3.937981513908659
HACD4,3-hydroxyacyl-CoA dehydrogenase (3-oxodecanoyl-CoA),0.4453301418985493,0.9999101622887133,non-essential,3.781615890087829
MEPCT,2-C-methyl-D-erythritol 4-phosphate cytidylyltransferase,0.0,0.0,essential,
METSRabc,L methionine R oxide transport via ABC system,0.4453701529337627,0.9999999999999966,non-essential,3.9379815139086554
ALAALAabcpp,D-alanyl-D-alanine (DalaDala) transport via ABC system (periplasm),0.4453701529337483,0.9999999999999643,non-essential,3.9379815139086696
FFSD1r,Beta-fructofuranosidase,0.4453701529337483,0.9999999999999643,non-essential,3.937981513908673
PYRt4pp,Pyruvate transport via sodium symport,0.4453701529337483,0.9999999999999643,non-essential,3.937981513908712
TRPS3,Tryptophan synthase (indoleglycerol phosphate),0.4453701529337483,0.9999999999999643,non-essential,3.9379815139086745
FACOAL150_ISO,Fatty acid  CoA ligase  Iso C150,-1.0233859227454943e-16,-2.2978322997268586e-16,essential,
EX_2pglyc_e,R_EX_2pglyc_e,0.44537015293376375,0.9999999999999989,non-essential,3.937981513908697
CHOLD,Choline dehydrogenase,0.44537015293376364,0.9999999999999987,non-essential,3.9379815139086705
LIPATPT_2,Lipoate-ATP adenylate transferase,0.44537015293376364,0.9999999999999987,non-essential,3.937981513908712
CLtex,Chloride (Cl-1) transport via diffusion (extracellular to periplasm),0.44537015293376364,0.9999999999999987,non-essential,3.9379815139086745
GLUSx,Glutamate synthase  NADH2,0.44537015293376364,0.9999999999999987,non-essential,3.937981513908712
EX_nac_e,R_EX_nac_e,0.15958592682953202,0.3583220064889839,critical,5.917015062495344
METSOX2abc,L-Methionine R-oxide transport via ABC system,0.4453701529337648,1.0000000000000013,non-essential,3.9379815139089396
2AACLPPEAT160,2 acyl acyl carrier protein glycerophospho glycerol acyltransferase  n C160,0.44537015293376314,0.9999999999999976,non-essential,3.9379815139086647
CS,Citrate synthase,0.44537015293376314,0.9999999999999976,non-essential,3.9166926647189215
CYSS,Cysteine synthase,0.44537015293376314,0.9999999999999976,non-essential,3.9379815139087198
EX_gly_asn__L_e,R_EX_gly_asn__L_e,0.44537015293376314,0.9999999999999976,non-essential,3.937981513908689
PGCD,Phosphoglycerate dehydrogenase,0.44537015293376314,0.9999999999999976,non-essential,3.937981513908689
DHNCOAS,"1,4-dihydroxy-2-napthoyl-CoA synthase",0.44537015293376314,0.9999999999999976,non-essential,3.9379815139086527
HSK,Homoserine kinase,0.44537015293376314,0.9999999999999976,non-essential,3.937981513908667
IGPDH_1,Imidazoleglycerol phosphate dehydratase,0.44537015293376314,0.9999999999999976,non-essential,3.9379815139086527
GPDDA4,Glycerophosphodiester phosphodiesterase (Glycerophosphoglycerol),0.44537015293376314,0.9999999999999976,non-essential,3.937981513908667
SDPDS,Succinyl-diaminopimelate desuccinylase,0.44537015293376314,0.9999999999999976,non-essential,3.9379815139087047
AMPEP12,Aminopeptidase,0.44537015293376403,0.9999999999999996,non-essential,3.937981513908632
PRAGSr,Phosphoribosylglycinamide synthase,0.44537015293376403,0.9999999999999996,non-essential,3.9379815139086847
GLYGLNtr,Dipeptide transport via ABC system gly-gln,0.44537015293376403,0.9999999999999996,non-essential,3.9379815139087055
ACMANApts,N-acetyl-D-mannosamine transport via PTS,0.44537015293376403,0.9999999999999996,non-essential,3.937981513908661
GLYabc,Glycine transport via ABC system,0.44537015293376403,0.9999999999999996,non-essential,3.9379815139087055
NADH5,NADH dehydrogenase (ubiquinone-8 ),0.44537015293376403,0.9999999999999996,non-essential,3.937981513908661
MALDt2_2pp,D-Malate transport via proton symport (2 H) (periplasm),0.44537015293376403,0.9999999999999996,non-essential,3.9379815139087055
DPCOAK,Dephospho-CoA kinase,1.0660762211567e-16,2.3936858232061356e-16,essential,
TAGURr,Tagaturonate reductase,0.4453701529337633,0.9999999999999979,non-essential,3.937981513908661
PFK_4,Phosphofructokinase (s7p),0.4453701529337638,0.999999999999999,non-essential,3.9379815139086145
DURIPP,Deoxyuridine phosphorylase,0.4451518852418354,0.9995099184566117,non-essential,3.9537373178672452
Kt2r,Potassium reversible transport  via proton symport,0.4453701529337643,1.0000000000000002,non-essential,3.9379815139086882
ICHORT,Isochorismatase,0.44537015293376386,0.9999999999999991,non-essential,3.9379815139086864
CYSK2_I,O-Phospho-L-Serine-dependent S-Suflocysteine Synthase,0.44537015293376386,0.9999999999999991,non-essential,3.937981513908704
RBFSa_1,Riboflavin synthase,0.44537015293376386,0.9999999999999991,non-essential,3.937981513908697
FBP,Fructose-bisphosphatase,0.44537015293376386,0.9999999999999991,non-essential,3.937981513908704
TAURtex,Taurine transport via diffusion (extracellular to periplasm),0.44537015293376386,0.9999999999999991,non-essential,3.937981513908697
EX_mbdg_e,R_EX_mbdg_e,0.44537015293376386,0.9999999999999991,non-essential,3.937981513908704
ACOAD5_1,Acyl CoA dehydrogenase  dodecanoyl CoA,0.44533014189854997,0.9999101622887149,non-essential,3.7825778031943083
PACCOAE,"Ring 1,2-phenylacetyl-CoA epoxidase (NADPH)",0.44537015293376425,1.0,non-essential,3.937981513908594
GK2,Guanylate kinase  GMPdATP,0.4453701529337639,0.9999999999999992,non-essential,3.937981513908692
EX_2ddglcn_e,R_EX_2ddglcn_e,0.4453701529337639,0.9999999999999992,non-essential,3.9379815139086647
NDPK3,Nucleoside-diphosphate kinase (ATP:CDP),0.4398742485245763,0.9876599175472692,non-essential,3.9508651595895525
XTSNH,Xanthosine hydrolase,0.445370152933765,1.0000000000000016,non-essential,3.937981513908697
ALDD20y,Aldehyde dehydrogenase  indole 3 acetaldehyde  NADP,0.4453701529337632,0.9999999999999977,non-essential,3.9379815139086896
FACOAL180t2pp,Fatty-acid-CoA ligase (octadecanoate transport via vectoral Co-A coupling),0.4453701529337632,0.9999999999999977,non-essential,3.9379815139087047
BPNT_1,"3',5'-bisphosphate nucleotidase",0.4453701529337632,0.9999999999999977,non-essential,3.93798151390871
4HBAt,MNXR68734,0.4453701529337632,0.9999999999999977,non-essential,3.9379815139087047
NTP3,Nucleoside-triphosphatase (GTP),0.4453701529337632,0.9999999999999977,non-essential,3.93798151390871
3NUCLE4,3  nucleotidase  guanosine 3  phosphate,0.17156762868766057,0.3852248013422135,critical,5.913712676013639
KARA2,Ketol-acid reductoisomerase (2-Acetolactate),0.4453701529337643,1.0000000000000002,non-essential,3.937981513908168
TRSARr,Tartronate semialdehyde reductase,0.44537015293376375,0.9999999999999989,non-essential,3.9379815139086762
PGP181abcpp,"Phosphatidylglycerophosphate transport via ABC system (n-C18:1, periplasm)",0.44537015293376375,0.9999999999999989,non-essential,3.9379815139087206
MALTTTRabc,Maltotetraose transport via ABC system,0.44537015293376375,0.9999999999999989,non-essential,3.9379815139086545
EX_gal_bD_e,R_EX_gal_bD_e,0.44537015293376375,0.9999999999999989,non-essential,3.937981513908668
PRAMPC_1,Phosphoribosyl AMP cyclohydrolase,0.44537015293376375,0.9999999999999989,non-essential,3.937981513908744
MAL6PG,Maltose 6  phosphate glucosidase,0.3721667012325891,0.8356345812152751,non-essential,3.313838618577033
EX_4hba_e,R_EX_4hba_e,0.44537015293376336,0.999999999999998,non-essential,3.9379815139082135
3OXCOAT,3-oxoadipyl-CoA thiolase,0.4453701529337641,0.9999999999999997,non-essential,3.9035429519808407
NADK1,NAD kinase  GTP,0.4453701529337641,0.9999999999999997,non-essential,3.9379815139087215
ASPtpp,L-aspartate uptake via facillitated diffusion,0.4453701529337641,0.9999999999999997,non-essential,3.9379815139087166
GTHRDabcpp,Reduced glutathione via ABC system (periplasm),0.4453701529337641,0.9999999999999997,non-essential,3.9379815139086847
SALCHS2FEexs,Salmochelin s2 Fe III sequestration,0.4453701529337641,0.9999999999999997,non-essential,3.9379815139087166
GLYCt,Glycerol transport via channel,0.4453701529337642,0.9999999999999999,non-essential,3.9379815139086864
ALAGLUabcpp,L Alaninylglutamate  LalaLglu  transport via ABC system  periplasm,0.4453701529337636,0.9999999999999986,non-essential,3.9379815139086665
ALLTAMH,Allantoate amidohydrolase,0.4453701529337636,0.9999999999999986,non-essential,3.9379815139086505
PDHcr,Pyruvate dehydrogenase (dihydrolipoamide dehydrogenase) reversible,0.4453701529337636,0.9999999999999986,non-essential,3.9379815139086687
EDA,2-dehydro-3-deoxy-phosphogluconate aldolase,0.4453701529337636,0.9999999999999986,non-essential,3.937981513908673
PHACOAOR,Phenylacetyl-CoA oxygenase/reductase,0.4453701529337636,0.9999999999999986,non-essential,3.9379815139088064
TNTR1,TNT nitroreductase 4 Hydroxylamino 2 6 dinitrotoluene,0.4453701529337636,0.9999999999999986,non-essential,3.937981513908698
ADSL2r,Adenylosuccinate lyase,0.4453701529337636,0.9999999999999986,non-essential,3.937981513908693
GLYGLYabcpp,L Glycinilglycine  Gly Gly  transport via ABC system  periplasm,0.4453701529337636,0.9999999999999986,non-essential,3.9379815139086713
DHDPRy,Dihydrodipicolinate reductase (NADPH),-1.42500703225664e-16,-3.1996015513607352e-16,essential,
DRIBabc,Deoxyribose transport via ABC system,0.44537015293376137,0.9999999999999936,non-essential,3.9379815139083334
KAS3,B-ketoacyl synthetase (Iso-C15:0),1.1384932498080703e-16,2.5562854679608215e-16,essential,
DAAOP,D alanyl aminopeptidase,0.4453701529337653,1.0000000000000024,non-essential,3.937981513908698
EX_bz_e,R_EX_bz_e,0.4453665619061773,0.999991936981939,non-essential,3.9380069172681584
BUTKr,Butyrate kinase,0.44537015293376403,0.9999999999999996,non-essential,3.9379815139087064
GLYMETtex,L Glycinylmethionine transport via diffusion  extracellular to periplasm,0.4453701529337646,1.0000000000000007,non-essential,3.9379815139086807
HSDy,Homoserine dehydrogenase (NADPH),0.4447791487903163,0.9986730046017793,non-essential,3.9344661064638626
IMPD,IMP dehydrogenase,0.4453701529337638,0.999999999999999,non-essential,3.9379815139086762
ADPRDP,ADPribose diphosphatase,0.4453701529337637,0.9999999999999988,non-essential,3.9379815139086856
DNTPPA,Dihydroneopterin triphosphate pyrophosphatase,0.4453701529337637,0.9999999999999988,non-essential,3.9379815139087384
URIK2,Uridine kinase (GTP:Uridine),0.4453701529337637,0.9999999999999988,non-essential,3.9379815139086816
3MBt4pp,Na+/Isovalerate symport (periplasm),0.4453701529337637,0.9999999999999988,non-essential,3.937981513908704
SALCHS4FEexs,Salmochelin S4 Fe III binding spontaneous,0.4453701529337642,0.9999999999999999,non-essential,3.9379815139086904
FFSD,Beta-fructofuranosidase,0.4453701529337642,0.9999999999999999,non-essential,3.937981513908662
MBCOAi,"3-Methylbutanoyl-CoA:(acceptor) 2,3-oxidoreductase",0.4453701529337642,0.9999999999999999,non-essential,3.9379815139087233
EX_ala_leu_e,R_EX_ala_leu_e,0.4453701529337642,0.9999999999999999,non-essential,3.9379815139087575
BALABALAtex,Beta alanyl beta alanine transport via diffusion  extracellular to periplasm,0.4453701529337642,0.9999999999999999,non-essential,3.9379815139086904
GCCb_1,Glycine cleavage complex,0.4453701529337642,0.9999999999999999,non-essential,3.937981513908662
EX_cpgn_e,R_EX_cpgn_e,0.4453701529337642,0.9999999999999999,non-essential,3.9379815139087233
YUMPS,YUMP synthetase,0.4453701529337642,0.9999999999999999,non-essential,3.9379815139087575
CTECOAI8,3-cis-2-trans-enoyl-CoA isomerase,0.4453701529337642,0.9999999999999999,non-essential,3.9379815139086904
GTHRDt2_1,Glutathione transport,0.4453701529337642,0.9999999999999999,non-essential,3.9379815139086745
URAt2,Uracil transport in via proton symport,0.4453701529337642,0.9999999999999999,non-essential,3.937981513908712
FE2t,Iron  II  transport,0.445318486189648,0.9998839914534552,non-essential,3.9379433183058414
Htex,Proton transport via diffusion (extracellular to periplasm),0.4453701529337636,0.9999999999999986,non-essential,3.9379815139087357
GLYTYRabc,Gly-Try ABC transporters,0.44537015293376386,0.9999999999999991,non-essential,3.937981513908631
ALR3,Aldose reductase (acetol),0.44537015293376386,0.9999999999999991,non-essential,3.937981513908658
ADNCYC,Adenylate cyclase,0.44537015293376386,0.9999999999999991,non-essential,3.9379815139086363
ETOHtrpp,Ethanol reversible transport via diffusion (periplasm),0.4453701529337639,0.9999999999999992,non-essential,3.9379815139086967
FRDx,Fumarate reductase NADH,0.445370152933764,0.9999999999999993,non-essential,3.9379815139086554
EX_cellb_e,R_EX_cellb_e,0.445370152933764,0.9999999999999993,non-essential,3.9379815139087215
PYDXPP,Pyridoxal 5-phosphate phosphatase,0.445370152933764,0.9999999999999993,non-essential,3.937981513908647
SERAT,Serine O-acetyltransferase,0.445370152933764,0.9999999999999993,non-essential,3.9379815139086722
ANS,Anthranilate synthase,0.445370152933764,0.9999999999999993,non-essential,3.93798151390863
RBFSa,Riboflavin synthase,0.445370152933764,0.9999999999999993,non-essential,3.937981513908683
GUAPRT,Guanine phosphoribosyltransferase,0.44205005965689376,0.992545317069408,non-essential,3.9326607851662696
AKGDH,2-Oxogluterate dehydrogenase,0.44537015293376453,1.0000000000000007,non-essential,3.9379815139086554
NADK3,NAD kinase  dGTP,0.445370152933764,0.9999999999999993,non-essential,3.9379815139086665
EX_btn_e,R_EX_btn_e,0.445370152933764,0.9999999999999993,non-essential,3.93798151390861
LTHRK,L threonine kinase,0.445370152933764,0.9999999999999993,non-essential,3.9379815139086594
GLCDpp,Glucose dehydrogenase (ubiquinone-8 as acceptor) (periplasm),0.445370152933764,0.9999999999999993,non-essential,3.9379815139085967
DALADALAD,Beta alanine beta alanine dipeptidase,0.445370152933764,0.9999999999999993,non-essential,3.9379815139086594
BZt,Benzoate transport (diffusion),0.44536656190617696,0.9999919369819382,non-essential,3.9380069172682823
NADK2,NAD kinase  dATP,0.44537015293376403,0.9999999999999996,non-essential,3.9379815139086185
MANGLYCtex,2-O-alpha-mannosyl-D-glycerate transport via diffusion (extracellular to periplasm),0.445370152933764,0.9999999999999993,non-essential,3.9379815139086594
ACPPAT180,Acyl-(acyl carrier protein):phosphate acyltransferase (C18:0),0.445370152933764,0.9999999999999993,non-essential,3.9379815139085967
PYNP2r_1,Pyrimidine-nucleoside phosphorylase (uracil),0.445370152933764,0.9999999999999993,non-essential,3.9379815139086594
EX_4ahmmp_e,R_EX_4ahmmp_e,0.445370152933764,0.9999999999999993,non-essential,3.9379815139085967
CYSTS,Cystathionine beta synthase,0.445370152933764,0.9999999999999993,non-essential,3.9379815139086594
P5CD,1-pyrroline-5-carboxylate dehydrogenase,0.445370152933764,0.9999999999999993,non-essential,3.9379815139085967
RIBabc,D-ribose transport via ABC system,0.445370152933764,0.9999999999999993,non-essential,3.9379815139086594
EX_ddca_e,R_EX_ddca_e,0.445370152933764,0.9999999999999993,non-essential,3.9379815139085967
23PDE4pp,"2',3'-cyclic-nucleotide phosphodiesterase (CMP) (periplasm)",0.445370152933764,0.9999999999999993,non-essential,3.9379815139086594
G6PBDH,Beta-D-Glucose-6-phosphate NADP+ 1-oxoreductase,0.4453701529337635,0.9999999999999982,non-essential,3.9379815139085967
ALAtpp,L-alanine export via facilited diffusion,0.3612566411662152,0.8111379686908241,non-essential,3.009773403798559
FUMAC,Fumarylacetoacetase,0.44537015293376403,0.9999999999999996,non-essential,3.937981513908709
OXGDC,2 oxoglutarate decarboxylase,0.4453701529337642,0.9999999999999999,non-essential,3.9379815139086847
EX_balaala_e,R_EX_balaala_e,0.4453701529337642,0.9999999999999999,non-essential,3.9379815139085848
CDPPH,CDP phosphohydrolase,0.4453701529337642,0.9999999999999999,non-essential,3.9379815139087024
ASPt2pp,L-aspartate transport in via proton symport (periplasm),0.4453701529337642,0.9999999999999999,non-essential,3.937981513908698
S6PG,Salicin 6 phosphate glucohydrolase,0.4453701529337642,0.9999999999999999,non-essential,3.9379815139086376
EX_alaala_e,R_EX_alaala_e,0.4453701529337642,0.9999999999999999,non-essential,3.9379815139086176
CITt4pp_1,Citrate transport via sodium symport  periplasm,0.4453701529337642,0.9999999999999999,non-essential,3.937981513908628
NTD5,5'-nucleotidase (dTMP),0.4453701529337642,0.9999999999999999,non-essential,3.937981513908628
MMSAD2,Methylmalonate-semialdehyde dehydrogenase (propanol),0.4453701529337642,0.9999999999999999,non-essential,3.937981513908628
ILEtex,L-isoleucine transport via diffusion (extracellular to periplasm),0.4453701529337642,0.9999999999999999,non-essential,3.937981513908628
2AACLPPEAT161,2 acyl acyl carrier protein glycerophospho glycerol acyltransferase  n C160,0.4453701529337642,0.9999999999999999,non-essential,3.937981513908628
GAMpts,D-glucosamine transport via PEP:Pyr PTS,0.44480911672206563,0.9987402922984333,non-essential,3.9667907164085947
AMPEP13,Aminopeptidase,0.4453701529337641,0.9999999999999997,non-essential,3.9379815139086602
R5PP,Ribose 5-phosphate phosphatase,0.4453701529337642,0.9999999999999999,non-essential,3.9379815139086376
NDPK8,Nucleoside-diphosphate kinase (ATP:dADP),0.4453701529337642,0.9999999999999999,non-essential,3.9379815139086345
BDH,3-HYDROXYBUTYRATE-DEHYDROGENASE-RXN,0.4453701529337642,0.9999999999999999,non-essential,3.9379815139086394
ECOAH3,3-hydroxyacyl-CoA dehydratase (3-hydroxyoctanoyl-CoA),0.4453701529337642,0.9999999999999999,non-essential,3.9379815139086705
PNTOt4pp,Pantothenate sodium symporter (periplasm),0.445365720588087,0.9999900479507932,non-essential,3.9378858861796635
EX_mn2_e,R_EX_mn2_e,1.1775745608895264e-16,2.64403564794935e-16,essential,
EX_glcur_e,R_EX_glcur_e,0.44537015293376553,1.0000000000000029,non-essential,3.937981513908726
NACt,Nicotinic acid transport,0.15958592682952,0.3583220064889569,critical,5.9170150624925
HISTP,Histidinol-phosphatase,0.44537015293376275,0.9999999999999967,non-essential,3.9379815139087366
METOX1s,Methionine oxidation (spontaneous),0.4453701529337673,1.0000000000000069,non-essential,3.9379815139086847
CO2t,CO2 transporter via diffusion,0.4453701529337673,1.0000000000000069,non-essential,3.9379815139086656
H2Otex,H2O transport via diffusion (extracellular to periplasm),0.34338630147291155,0.7710132778564983,non-essential,3.0115330798996047
EX_stfrnA_e,R_EX_stfrnA_e,0.445370152933764,0.9999999999999993,non-essential,3.9379815139069843
PA160abcpp,"Phosphatidate transport via ABC system (n-C16:0, periplasm)",0.445370152933764,0.9999999999999993,non-essential,3.9379815139087166
TRDR,Thioredoxin reductase (NADPH),0.4452684094872209,0.9997715530646292,non-essential,3.9346696153867247
EX_3mb_e,R_EX_3mb_e,0.44537015293376486,1.0000000000000013,non-essential,2.870328735798416
EX_3amp_e,R_EX_3amp_e,0.4453701529337617,0.9999999999999942,non-essential,3.937981513908646
NO3abc,,0.4453701529337617,0.9999999999999942,non-essential,3.937981513908711
DASYN181,CDP-diacylglycerol synthetase (n-C18:1),0.4453701529337617,0.9999999999999942,non-essential,3.9379815139089027
DH23t,,0.4453701529337617,0.9999999999999942,non-essential,3.9379815139086762
TDP,Thiamin pyrophosphatase,0.4453701529337617,0.9999999999999942,non-essential,3.937981513908616
MNLpts,Mannitol transport via PEP:Pyr PTS,0.4453701529337617,0.9999999999999942,non-essential,3.9379815139087864
AMPTASECG,Alanyl aminopeptidase (cys-gly),0.4453701529337617,0.9999999999999942,non-essential,3.937981513908319
ACOAD3,Acyl-CoA dehydrogenase (octanoyl-CoA),0.4453301418985483,0.9999101622887111,non-essential,3.781134933534623
RNDR3,Ribonucleoside-diphosphate reductase (CDP),0.44537015293376436,1.0000000000000002,non-essential,3.9379815139086074
FDMO4_1,FMN dependent monooxygenase  taurine,0.4453701529337617,0.9999999999999942,non-essential,3.937981513908843
Kt1,Potassium transport via uniport (facilitated diffusion),0.44537015293376214,0.9999999999999952,non-essential,3.9379815139085883
TECA3S45,Glycerol teichoic acid  n45   unlinked  glucose substituted,0.0,0.0,essential,
HPHACA,2--hydroxyphenylacetate hydroxylase,0.4453701529337641,0.9999999999999997,non-essential,3.9379815139091083
DAGK,Diacylglycerol kinase,0.445370152933764,0.9999999999999993,non-essential,3.937981513908714
SUCRt2,Sucrose transport in via proton symport,0.445370152933764,0.9999999999999993,non-essential,3.937981513908787
MCTP1App,Murein crosslinking transpeptidase 1A:(A2pm->D-ala) (periplasm),0.445370152933764,0.9999999999999993,non-essential,3.937981513908698
VALtex,L-valine transport via diffusion (extracellular to periplasm),0.445370152933764,0.9999999999999993,non-essential,3.908508813474716
ARGSS,Argininosuccinate synthase,0.445370152933764,0.9999999999999993,non-essential,3.937981513908645
H2St1,H2s transport (diffusion),0.444720631055758,0.9985416133664825,non-essential,3.9611845208211616
LALGP,L-alanyl-gamma-L-glutamate peptidase,0.4453701529337642,0.9999999999999999,non-essential,3.9379815139087055
ISETACtex,Isethionate transport via diffusion (extracellular to periplasm),0.4453701529337642,0.9999999999999999,non-essential,3.9379815139086185
LCADi,Lactaldehyde dehydrogenase,0.4453701529337642,0.9999999999999999,non-essential,3.937981513908667
ETHSO3tex,Ethanesulfonate transport via diffusion (extracellular to periplasm),0.44537015293376375,0.9999999999999989,non-essential,3.937981513908647
TARTRt7,Tartrate/succinate antiporter,0.44537015293376375,0.9999999999999989,non-essential,3.937981513908667
LIPOPBt,Lipoate transport via proton symport,0.44537015293376375,0.9999999999999989,non-essential,3.937981513908647
PANTS,Pantothenate synthase,0.44537015293376375,0.9999999999999989,non-essential,3.937981513908667
HMPPtr,Hydroxymethl pyrimidine phosphate ABC transport,0.44537015293376375,0.9999999999999989,non-essential,3.937981513908647
ASPTA,Aspartate transaminase,0.44537015293376353,0.9999999999999983,non-essential,3.9379815139090795
UREA,Urease,0.44537015293376353,0.9999999999999983,non-essential,3.9379815139094494
EX_ala_gln_e,R_EX_ala_gln_e,0.44537015293376353,0.9999999999999983,non-essential,3.9379815139088987
KAS12,B-ketoacyl synthetase (Anteiso-C17:0),-1.6528302679489817e-16,-3.7111383802021233e-16,essential,
ACHBS,2-aceto-2-hydroxybutanoate synthase,0.44537015293376375,0.9999999999999989,non-essential,3.9379815139094494
URIt2,Uridine transport in via proton symport,0.44537015293376386,0.9999999999999991,non-essential,3.9379815139086753
NTPP3,Nucleoside triphosphate pyrophosphorylase (dctp),0.44537015293376386,0.9999999999999991,non-essential,3.9379815139086176
MEOHtex,Methanol transport via diffusion (extracellular to periplasm),0.44537015293376386,0.9999999999999991,non-essential,3.9379815139088827
NTD3,5'-nucleotidase (dCMP),0.44537015293376386,0.9999999999999991,non-essential,3.9379815139086225
MANPGH,2-O-alpha-mannosyl-6-phosphate-D-glycerate hydrolase,0.44537015293376386,0.9999999999999991,non-essential,3.9379815139088827
BALAt2pp,Beta-alanine transport in via proton symport (periplasm),0.44537015293376386,0.9999999999999991,non-essential,3.937981513908621
SADT,Sulfate adenylyltransferase,0.44537015293376386,0.9999999999999991,non-essential,3.9379815139088827
PLIPA1G161pp,"Phospholipase A1 (phosphatidylglycerol, n-C16:1) (periplasm)",0.44537015293376386,0.9999999999999991,non-essential,3.937981513908621
AGM4Pt2pp,GlcNAc-anhMurNAc tetrapeptide transport in via proton symport (periplasm),0.44537015293376386,0.9999999999999991,non-essential,3.9379815139088827
AMMQLT8,S-adenosylmethione:2-demthylmenaquinole methyltransferase (menaquinone 8),0.44537015293376386,0.9999999999999991,non-essential,3.937981513989687
NH4tex,Ammonia transport via diffusion (extracellular to periplasm),0.44537015293376386,0.9999999999999991,non-essential,3.9379815139087118
PE180abcpp,"Phosphatidylethanolamine transport via ABC system (n-C18:0, periplasm)",0.44537015293376386,0.9999999999999991,non-essential,3.937981513908693
NDPK9,Nucleoside diphosphate kinase  ATPIDP,0.44537015293376386,0.9999999999999991,non-essential,3.9379815139088232
ACSERHS,O3-Acetyl-L-serine acetate-lyase (adding hydrogen sulfide),0.44537015293376386,0.9999999999999991,non-essential,3.9379815139086656
NADPHQR3,NADPH Quinone Reductase (Menaquinone-8),0.44537015293376386,0.9999999999999991,non-essential,3.9379815139092313
GTPDPK,GTP diphosphokinase,0.44537015293376386,0.9999999999999991,non-essential,3.937981513908693
MTHFC_1,Methenyltetrahydrofolate cyclohydrolase,0.44537015293376386,0.9999999999999991,non-essential,3.9379815139088232
GLCNt2rpp,"D-gluconate transport via proton symport, reversible (periplasm)",0.44537015293376386,0.9999999999999991,non-essential,3.937981513908564
FADMQOR,Menaquinone:FAD oxidoreductase,0.44537015293376386,0.9999999999999991,non-essential,3.937981513908652
Cut1,Copper export via ATPase,0.44537015293376375,0.9999999999999989,non-essential,3.9379815139086336
ALALEUtex,L Alaninylleucine transport via diffusion  extracellular to periplasm,0.44537015293376375,0.9999999999999989,non-essential,3.937981513908727
ACt4pp,Na+/Acetate symport (periplasm),0.44537015293376375,0.9999999999999989,non-essential,3.9379815139086696
NOX,NADH oxidase,0.44537015293376375,0.9999999999999989,non-essential,3.937981513908678
CA2abc1,Calcium efflux  via ABC system,0.44537015293376375,0.9999999999999989,non-essential,3.937981513908726
ICHORS,Isochorismate synthase,0.44537015293376375,0.9999999999999989,non-essential,3.937981513908727
GLCt2pp,D-glucose transport in via proton symport (periplasm),0.44537015293376375,0.9999999999999989,non-essential,3.9379815139086696
TARTRtpp,Tartrate facilitated transport periplasm,0.44537015293376375,0.9999999999999989,non-essential,3.937981513908678
GLYBt2r,"Glycine betaine transport via proton symport, reversible",0.44537015293376375,0.9999999999999989,non-essential,3.937981513908726
TAURabcpp,Taurine transport via ABC system (periplasm),0.44537015293376375,0.9999999999999989,non-essential,3.937981513908727
AGPAT181,1-octadec-7-enoyl-sn-glycerol 3-phosphate O-acyltransferase (n-C18:1),0.44537015293376375,0.9999999999999989,non-essential,3.9379815139086696
MAN6PI,Mannose-6-phosphate isomerase,0.44537015293376375,0.9999999999999989,non-essential,3.937981513908678
ADK1,Adenylate kinase,0.43570723260737126,0.9783036194438695,non-essential,3.9308380200854733
APSR,Adenosine 5'-phosphosulfate reductase;,0.4453701529337649,1.0000000000000016,non-essential,3.937981513908766
ADAPAT,"E N-acetyl-L,L-diaminopimelate aminotransferase",0.44537015293376375,0.9999999999999989,non-essential,3.937981513908724
FOLR2,Folate reductase,0.44534956174159185,0.9999537661155855,non-essential,3.9381003639733203
DHAK,Dihydroxyacetone kinase,0.4453701529337641,0.9999999999999997,non-essential,3.937981513908698
PA161abcpp,"Phosphatidate transport via ABC system (n-C16:1, periplasm)",0.44537015293376436,1.0000000000000002,non-essential,3.9379815139087366
VALt2rpp,L-valine reversible transport via proton symport (periplasm),0.44537015293376436,1.0000000000000002,non-essential,3.937981513908746
LDGUNPD,Linear diguanylate phosphodiesterase,0.44537015293376436,1.0000000000000002,non-essential,3.9379815139087366
PItex,Phosphate transport via diffusion (extracellular to periplasm),0.3433863014729128,0.7710132778565012,non-essential,3.011533079899643
GLYCtex,Glycerol transport via diffusion (extracellular to periplasm),0.4453701529337635,0.9999999999999982,non-essential,3.937981513908711
EX_dcyt_e,R_EX_dcyt_e,0.44515188524183724,0.9995099184566159,non-essential,3.9537373178671924
METDabc,D-methionine transport via ABC system,0.44537015293376414,0.9999999999999998,non-essential,3.937981513908664
INSH,Inosine hydrolase,0.4453701529337652,1.0000000000000022,non-essential,3.937981513908745
TYRabc,,0.4453701529337652,1.0000000000000022,non-essential,3.9379815139087015
MMCD,Methylmalonyl-CoA decarboxylase,0.4453701529337652,1.0000000000000022,non-essential,3.937981513908911
EX_glyglu_e,R_EX_glyglu_e,0.4453701529337652,1.0000000000000022,non-essential,3.937981513908712
EX_spmd_e,R_EX_spmd_e,0.4453701529337652,1.0000000000000022,non-essential,3.9379815139086696
G1PACT,Glucosamine-1-phosphate N-acetyltransferase,1.136612962740559e-16,2.5520636155193737e-16,essential,
FGLU_1,Formimidoylglutamase,0.44537015293376386,0.9999999999999991,non-essential,3.9379815139087064
EX_alaleu_e,R_EX_alaleu_e,0.445370152933765,1.0000000000000016,non-essential,3.9379815139086696
ACKr,Acetate kinase,0.4453701529337649,1.0000000000000016,non-essential,3.937981513908762
PNTK_1,Pantothenate kinase,0.4453701529337503,0.9999999999999687,non-essential,3.937981513908678
GLCNt2ir,D gluconate transport via proton symport,0.4453701529337503,0.9999999999999687,non-essential,3.937981513908709
TMDPK_1,Thiamine diphosphokinase,1.6303030804280483e-15,3.660557560242498e-15,essential,
GPDDA2,Glycerophosphodiester phosphodiesterase (Glycerophosphoethanolamine),0.4453701529337639,0.9999999999999992,non-essential,3.937981513908678
CD2tex,Cadmium (Cd+2) transport via diffusion (extracellular to periplasm),0.4453701529337503,0.9999999999999687,non-essential,3.937981513908709
EX_agm_e,R_EX_agm_e,0.4453701529337503,0.9999999999999687,non-essential,3.937981513908678
DHPTDCs2,"4,5-dihydroxy-2,3-pentanedione cyclization (spontaneous)",0.4453701529337503,0.9999999999999687,non-essential,3.937981513908657
ALCD2ir,Alcohol dehydrogenase  reverse rxn  acetaldehyde   ethanol,0.4453701529337503,0.9999999999999687,non-essential,3.937981513908678
HSDxi,Homoserine dehydrogenase  NADH   irreversible,0.4453701529337503,0.9999999999999687,non-essential,3.937981513908709
MTHFD2i,Methylenetetrahydrofolate dehydrogenase  NAD,0.4453701529337503,0.9999999999999687,non-essential,3.937981513908662
NTPP2_1,Nucleoside triphosphate pyrophosphorylase (gtp),0.4453701529337503,0.9999999999999687,non-essential,3.9379815139086602
GALTpts,Galactitol transport via PEP:Pyr PTS,0.4453701529337503,0.9999999999999687,non-essential,3.937981513908695
FBA,Fructose-bisphosphate aldolase,0.4453701529337503,0.9999999999999687,non-essential,3.9379815139087193
MNtex,Manganese (Mn+2) transport via diffusion (extracellular to periplasm),0.4453701529337503,0.9999999999999687,non-essential,3.9379815139087175
FE2abc,Iron (II) transport via ABC system,0.4453701529337503,0.9999999999999687,non-essential,3.937981513908697
NH4t,Ammonia reversible transport,0.4453701529337503,0.9999999999999687,non-essential,3.9379815139088574
GLYMETtr,Dipeptide transport via ABC system gly-met,0.44537015293375193,0.9999999999999724,non-essential,3.9379815139086998
EX_fe3_e,R_EX_fe3_e,0.4453701529337503,0.9999999999999687,non-essential,3.93798151390873
DHQTi,"3-dehydroquinate dehydratase, irreversible",0.44537015293375676,0.9999999999999831,non-essential,3.9379815139087944
ACLS_d,2-alpha-Hydroxyethylthiamine diphosphate lipoamide,0.44537015293375676,0.9999999999999831,non-essential,3.9379815139086705
DMATT,Dimethylallyltranstransferase,-4.890909241284144e-15,-1.0981672680727492e-14,essential,
NTPP5,Nucleoside triphosphate pyrophosphorylase (datp),0.44537015293376336,0.999999999999998,non-essential,3.937981513908577
PACCOAL,Phenylacetate-CoA ligase,0.4453701529337635,0.9999999999999982,non-essential,3.9035429528471135
FRUK,Fructose-1-phosphate kinase,0.4453701529337635,0.9999999999999982,non-essential,3.9379815139087477
PPNCL,Phosphopantothenate-cysteine ligase,-6.366089103331299e-16,-1.429392845792715e-15,essential,
GTHRDabc2pp,Glutathione export via ABC system (cytoplasm to periplasm),0.4453701529337631,0.9999999999999973,non-essential,3.9379815139087326
BTNt2i,Biotin uptake,0.4453701529337747,1.0000000000000235,non-essential,3.9379815139086958
3UMPt6,3  UMP transport in via proton symport,0.4453701529337747,1.0000000000000235,non-essential,3.9379815139086705
EX_h2o2_e,R_EX_h2o2_e,0.4453701529337694,1.0000000000000115,non-essential,3.9379815139086443
CTECOAI6,3-cis-2-trans-enoyl-CoA isomerase,0.44537015293376403,0.9999999999999996,non-essential,3.937981513908682
PGAMT,Phosphoglucosamine mutase,-2.615686287903932e-16,-5.873061476333235e-16,essential,
3MBt2pp,H+/Isovalerate symport (periplasm),0.4453701529337648,1.0000000000000013,non-essential,3.9379815139086527
LIPO3S24_BS,Lipoteichoic acid synthesis  n24   unliked  D alanine substituted,1.7270076067323025e-14,3.877690490384398e-14,essential,
MOBDtex,Molybdate transport via diffusion (extracellular to periplasm),0.4453701529337649,1.0000000000000016,non-essential,3.937981513908695
CAt4,Calcium transport inout via proton antiporter,0.445370152933764,0.9999999999999993,non-essential,3.9379815139087055
ICITt4pp,Citrate transport via sodium symport  periplasm,0.445370152933764,0.9999999999999993,non-essential,3.9379815139087317
AMPEP7,Aminopeptidase,0.445370152933764,0.9999999999999993,non-essential,3.9379815139086864
FADH2D,FADH2 dehydrogenase (menaquinone 7 as acceptor),0.44537015293376414,0.9999999999999998,non-essential,3.9379815139087073
GUAt2r,Guanine reversible transport via proton symport,0.445370152933764,0.9999999999999993,non-essential,3.93798151390868
EX_tartr__L_e,R_EX_tartr__L_e,0.445370152933764,0.9999999999999993,non-essential,3.937981513908725
EX_stfrnB_e,R_EX_stfrnB_e,0.445370152933764,0.9999999999999993,non-essential,3.937981513908647
AMPTASEGGLU,Aminopeptidase  Gly Glu,0.445370152933764,0.9999999999999993,non-essential,3.9379815139086185
GLUTRR,Glutamyl-tRNA reductase,0.445370152933764,0.9999999999999993,non-essential,3.937981513908697
34HPPOR,4 Hydroxyphenylpyruvateoxygen oxidoreductase,0.445370152933764,0.9999999999999993,non-essential,3.9379815139085848
PYDXK_1,Pyridoxal kinase,0.445370152933764,0.9999999999999993,non-essential,3.9379815139086882
DSERDHr,D-serine dehydrogenase,0.445370152933764,0.9999999999999993,non-essential,3.9379815139086354
2AGPE161tipp,2-Acyl-sn-glycero-3-phosphoethanolamine (n-C16:1) transporter via facilitated diffusion (periplasm),0.445370152933764,0.9999999999999993,non-essential,3.9379815139084298
2AGPE160tipp,2-Acyl-sn-glycero-3-phosphoethanolamine (n-C16:0) transporter via facilitated diffusion (periplasm),0.445370152933764,0.9999999999999993,non-essential,3.9379815139086864
FACOAL80t2pp,Fatty-acid-CoA ligase (octanoate transport via vectoral Co-A coupling),0.445370152933764,0.9999999999999993,non-essential,3.93798151390868
MTAN,Methylthioadenosine nucleosidase,0.445370152933764,0.9999999999999993,non-essential,3.9379815139086354
DATPHs,DATP amine hydrolysis (spontaneous),0.445370152933764,0.9999999999999993,non-essential,3.9379815139084298
NO2tex,Nitrite transport via diffusion (extracellular to periplasm),0.445370152933764,0.9999999999999993,non-essential,3.9379815139086864
OXFOtex,Oxalate:Formate antiporter (extracellular to periplasm),0.445370152933764,0.9999999999999993,non-essential,2.7759506027780363
NI2tex,Nickel transport via diffusion (extracellular to periplasm),0.4453701529337635,0.9999999999999982,non-essential,3.937981513908715
EX_gal_e,R_EX_gal_e,0.34200731614167673,0.7679170099046585,non-essential,3.008048148154603
CYS,L-cysteine,0.44537015293376414,0.9999999999999998,non-essential,3.9379815139098744
HG2tex,Mercury (Hg+2) transport via diffusion (extracellular to periplasm),0.4453701529337637,0.9999999999999988,non-essential,3.9379815139086967
ICITtupp,Isocitrate transport periplasm,0.4453701529337637,0.9999999999999988,non-essential,3.9379815139079444
ACM6PH,N-acetylmuramate 6-phosphate hydrolase,0.4453701529337637,0.9999999999999988,non-essential,3.9379815139087335
GTHRDH_syn,Glutathione hydralase (periplasmic),0.4453701529337637,0.9999999999999988,non-essential,3.9379815139087015
PG181abcpp,"Phosphatidylglycerol transport via ABC system (n-C18:1, periplasm)",0.4453701529337637,0.9999999999999988,non-essential,3.937981513908684
UAMAGS,UDP-N-acetylmuramoyl-L-alanyl-D-glutamate synthetase,6.609302534355145e-17,1.4840021251576967e-16,essential,
HISTP_1,Histidinol-phosphatase,0.4453701529337628,0.9999999999999968,non-essential,3.9379815139086998
PSD180,Phosphatidylserine decarboxylase (n-C18:0),0.4453701529337634,0.9999999999999981,non-essential,3.937981513908684
BALALEUtex,L Histidinylglycine transport via diffusion  extracellular to periplasm,0.4453701529337634,0.9999999999999981,non-essential,3.9379815139086998
DHORDi,Dihydoorotic acid dehydrogenase  irreversible,0.4453701529337634,0.9999999999999981,non-essential,3.937981513908953
TAGabc,,0.4453701529337634,0.9999999999999981,non-essential,3.937981513908689
GALM2,Aldose 1-epimerase (galactose),0.4453701529337634,0.9999999999999981,non-essential,3.937981513908684
KAS13,B-ketoacyl synthetase (octadecanoate),1.8673020623277507e-16,4.192696906219167e-16,essential,
AHCYSNS,S-adenosylhomocysteine nucleosidase,0.44537015293376464,1.0000000000000009,non-essential,3.9379815139086998
ALAGLNtr,Dipeptide transport via ABC system ala-gln,0.44537015293376325,0.9999999999999978,non-essential,3.937981513908684
ECOAH5_1,3 hydroxyacyl CoA dehydratase  3 hydroxydodecanoyl CoA,0.4453301418985494,0.9999101622887137,non-essential,3.782577803194278
NTPP1,Nucleoside triphosphate pyrophosphorylase (dgtp),0.4453701529337637,0.9999999999999988,non-essential,3.937981513908698
ABUTD,Aminobutyraldehyde dehydrogenase,0.44537015293376325,0.9999999999999978,non-essential,3.9379815139086873
FE2t3pp,Iron (Fe+2) transport out via proton antiport (periplasm),0.44537015293376325,0.9999999999999978,non-essential,3.9379815139104597
EX_so3_e,R_EX_so3_e,0.44537015293376325,0.9999999999999978,non-essential,3.9379815139087055
PROt2r,L proline reversible transport via proton symport,0.44537015293376325,0.9999999999999978,non-essential,3.937981513908735
ABG4t2,,0.44537015293376325,0.9999999999999978,non-essential,3.937981513909478
MOBDabcpp,Molybdate transport via ABC system (periplasm),0.44537015293376325,0.9999999999999978,non-essential,3.9379815139104597
NTPP11,Nucleoside triphosphate pyrophosphorylase (xtp),0.44537015293376325,0.9999999999999978,non-essential,3.9379815139087055
ACLS_a,Acetolactate synthase,0.44537015293376325,0.9999999999999978,non-essential,3.937981513908735
GLCRt1,Transport by Glut-5 Transporter into Extracellular Space,0.44537015293376325,0.9999999999999978,non-essential,3.937981513909478
IZPN,Imidazolonepropionase,0.44537015293376325,0.9999999999999978,non-essential,3.9379815139104597
EX_cpgn_un_e,R_EX_cpgn_un_e,0.44537015293376325,0.9999999999999978,non-essential,3.9379815139087055
FE2abcpp,Iron (II) transport via ABC system (periplasm),0.44537015293376414,0.9999999999999998,non-essential,3.937981513908735
NADK_1,NAD kinase,0.44537015293376414,0.9999999999999998,non-essential,3.937981513909478
PNTOtex,Pantothenate transport via diffusion (extracellular to periplasm),0.4453657205880869,0.9999900479507929,non-essential,3.9378858862049437
EX_gly_phe_e,R_EX_gly_phe_e,0.44537015293376486,1.0000000000000013,non-essential,3.9379815139086203
AACOAR_syn,Acetoacetyl-CoA reductase (R-specific),0.44537015293376414,0.9999999999999998,non-essential,0.0
NADKd,NAD kinase dTTP,0.44537015293376414,0.9999999999999998,non-essential,3.9379815139087735
DIPEPabc13,Dipeptide transport via ABC system  gly asp,0.44537015293376414,0.9999999999999998,non-essential,3.937981513908659
UGMDDS,"UDP-N-acetylmuramoyl-L-alanyl-D-glutamyl-meso-2,6-diaminopimeloyl-D-alanyl-D-alanine synthetase",0.0,0.0,essential,
GCCb,Glycine cleavage complex,0.44537015293376425,1.0,non-essential,3.9379815139086745
EX_fe2_e,R_EX_fe2_e,0.44537015293376364,0.9999999999999987,non-essential,3.937981513908714
DHPACCOAHIT,"1,2-Dihydroxy-1,2-dihydrophenylacetyl-CoA Hydratase/Isomerase/Ketothiolase complex",0.44537015293376364,0.9999999999999987,non-essential,3.9379815139086696
BGLK,Beta-glucoside kinase,0.44537015293376364,0.9999999999999987,non-essential,3.9379815139087118
ZN2abcpp,"Zinc (Zn+2) ABC transporter, efflux (periplasm)",0.44537015293376364,0.9999999999999987,non-essential,3.937981513908098
KAS2,B-ketoacyl synthetase (n-C14:0),0.44537015293376364,0.9999999999999987,non-essential,3.937981513908674
ACPPAT160,Acyl-(acyl carrier protein):phosphate acyltransferase (C16:0),0.44537015293376364,0.9999999999999987,non-essential,3.9379815139088215
DHBSZ3FEexs,23dhbsz3 Fe III sequestration,0.44537015293376364,0.9999999999999987,non-essential,3.937981513908765
ACGS,N-acetylglutamate synthase,0.44537015293376364,0.9999999999999987,non-essential,3.9379815139086745
MN2t3pp,Manganese (Mn+2) transport out via proton antiport (periplasm),0.44537015293376364,0.9999999999999987,non-essential,3.9379815139086958
P5CR,Pyrroline-5-carboxylate reductase,0.44537015293376364,0.9999999999999987,non-essential,3.9379815139094787
H2Ot,H2O transport via diffusion,0.44537015293376364,0.9999999999999987,non-essential,3.937981513908704
AACPS9,Acyl-[acyl-carrier-protein] synthetase  (n-C8:0),0.44537015293376453,1.0000000000000007,non-essential,3.9379815139087344
PROt4pp,Na+/Proline-L symporter (periplasm),0.44537015293376453,1.0000000000000007,non-essential,3.9379815139086896
NADH9,NADH dehydrogenase (demethylmenaquinone-8 & 0 protons),0.44537015293376453,1.0000000000000007,non-essential,3.937981513908647
GALURDH,Galacturonate dehydrogenase,0.44537015293376453,1.0000000000000007,non-essential,3.9379815139087566
EX_cl_e,R_EX_cl_e,-2.293608679489303e-17,-5.149893104377854e-17,essential,
AMPEP9,Aminopeptidase,0.445370152933762,0.9999999999999949,non-essential,3.9379815139088103
ACOAD4_1,Acyl CoA dehydrogenase  decanoyl CoA,0.44533014189854964,0.9999101622887141,non-essential,3.781615890087857
EX_acgam_e,R_EX_acgam_e,0.4453701529337633,0.9999999999999979,non-essential,3.9379815139087477
PPOR,"Phenylpyruvate:oxygen oxidoreductase (hydroxylating,decarboxylating)",0.4453701529337646,1.0000000000000007,non-essential,3.9379815139087055
AGPAT161,1-hexadec-7-enoyl-sn-glycerol 3-phosphate O-acyltransferase (n-C16:1),0.4453701529337646,1.0000000000000007,non-essential,3.937981513908708
HISabc,L-histidine transport via ABC system,0.4453701529337646,1.0000000000000007,non-essential,3.9379815139087375
ACGAptspp,N-Acetyl-D-glucosamine transport via PEP:Pyr PTS  (periplasm),0.4453701529337646,1.0000000000000007,non-essential,3.937981513908776
FEOXAMexs,Ferroxamine Fe3-loading reaction (spontaneous),0.44537015293376375,0.9999999999999989,non-essential,3.937981513908689
PHBS_syn_1,Polyhydroxybutyrate synthase,0.44537015293376375,0.9999999999999989,non-essential,0.0
ACOAD2,Acyl-CoA dehydrogenase (hexanoyl-CoA),0.4453301418985497,0.9999101622887142,non-essential,3.780974614685322
EX_met__L_e,R_EX_met__L_e,0.44537015293376314,0.9999999999999976,non-essential,3.9379815139086345
LYSGLUGLYtr,Tripeptide transport,0.44537015293376375,0.9999999999999989,non-essential,3.9379815139087215
SPODM,Superoxide dismutase,0.44537015293376375,0.9999999999999989,non-essential,3.937981513908846
AMPEP10,Aminopeptidase,0.44537015293376375,0.9999999999999989,non-essential,3.9379815139085457
EX_lys__L_e,R_EX_lys__L_e,0.44537015293376375,0.9999999999999989,non-essential,3.9242264838741012
LEUtex,L-leucine transport via diffusion (extracellular to periplasm),0.4453701529337642,0.9999999999999999,non-essential,3.055245488019174
POR_syn,Pyruvate-ferredoxin oxidoreductase,0.44537015293376403,0.9999999999999996,non-essential,3.9379815139091576
PPC,Phosphoenolpyruvate carboxylase,0.44537015293376403,0.9999999999999996,non-essential,3.9379815139087366
DASYN161,CDP-diacylglycerol synthetase (n-C16:1),0.44537015293376403,0.9999999999999996,non-essential,3.9379815139087184
PGL,6-phosphogluconolactonase,0.44537015293376403,0.9999999999999996,non-essential,3.937981513908682
METAT,Methionine adenosyltransferase,1.2168349755127783e-16,2.7321879733008217e-16,essential,
D5KGPA,2-Deoxy-5-keto-D-gluconate 6-phosphate aldolase,0.4453701529337618,0.9999999999999946,non-essential,3.937981513908725
LEULEULAPc,Hydrolysis of Leucylleucine in the small intestine for cellular uptake,0.44537015293376314,0.9999999999999976,non-essential,3.9379815139087158
MNt2,Manganese transport in via proton symport,0.4453648356685245,0.9999880610202441,non-essential,3.9379775830214268
MMSDHir,Methylmalonate semialdehyde dehydrogenase  acylating,0.44537015293376386,0.9999999999999991,non-essential,3.9379815139086847
DHNPA_1,Dihydroneopterin aldolase,0.44537015293376314,0.9999999999999976,non-essential,3.9379815139087477
APG3PAT181,Acyl-phosphate:glycerol-3-phosphate acyltransferase (C18:1),0.44537015293376314,0.9999999999999976,non-essential,3.9379815139086745
EX_23ccmp_e,R_EX_23ccmp_e,0.44537015293376314,0.9999999999999976,non-essential,3.9379815139086345
4PCP,"Tetrapeptide L,D-carboxypeptidase",0.44537015293376314,0.9999999999999976,non-essential,3.9379815139086904
PE161abcpp,"Phosphatidylethanolamine transport via ABC system (n-C16:1, periplasm)",0.44537015293376314,0.9999999999999976,non-essential,3.9379815139087166
PYNP1_1,Pyrimidine-nucleoside phosphorylase (cytosine),0.44537015293376314,0.9999999999999976,non-essential,3.9379815139087158
ACPS,Acyl Carrier Protein Synthase,0.44537015293376314,0.9999999999999976,non-essential,3.9379815139087184
INSTabc,Inositol transport in via ABC transport,0.44537015293376314,0.9999999999999976,non-essential,3.937981513908674
PLIPA2A160pp,"Phospholipase A2 (phosphatidate, n-C16:0) (periplasm)",0.44537015293376314,0.9999999999999976,non-essential,3.937981513908725
NTPP8_1,Nucleoside triphosphate pyrophosphorylase (utp),0.44537015293376314,0.9999999999999976,non-essential,3.9379815139087158
ASPO6,L-aspartate oxidase,0.44537015293376314,0.9999999999999976,non-essential,3.9379815139086882
IGPS,Indole-3-glycerol-phosphate synthase,0.44537015293376314,0.9999999999999976,non-essential,3.937981513908692
PGLYCP_1,Phosphoglycolate phosphatase,0.44537015293376314,0.9999999999999976,non-essential,3.937981513908725
Cotpp,Co transport via diffusion (periplasm to cytosol),0.44537015293376314,0.9999999999999976,non-essential,3.9379815139087158
MECDPDH2,"2C-methyl-D-erythritol 2,4 cyclodiphosphate dehydratase",-1.1251578404250232e-16,-2.526343162004297e-16,essential,
AMPEP2,Aminopeptidase,0.44537015293376403,0.9999999999999996,non-essential,3.9379815139087184
METSOXR2,L-methionine-R-sulfoxide reductase,0.44537015293376414,0.9999999999999998,non-essential,3.937981513908674
AACPS4,Acyl-[acyl-carrier-protein] synthetase  (n-C16:1),0.44537015293376414,0.9999999999999998,non-essential,3.937981513908725
HACD8i,3-hydroxyacyl-CoA dehydrogenase (3-oxooctadecanoyl-CoA),0.44537015293376414,0.9999999999999998,non-essential,3.9379815139087158
TRE6PH,Trehalose-6-phosphate hydrolase,0.44537015293376414,0.9999999999999998,non-essential,3.9379815139087184
NTD12,5'-nucleotidase (dIMP),0.44537015293376414,0.9999999999999998,non-essential,3.9379815139086856
ECOAH1,3-hydroxyacyl-CoA dehydratase (3-hydroxybutanoyl-CoA),0.44537015293376414,0.9999999999999998,non-essential,3.9379815139087166
COBALT2tex,Cobalt (Co+2) transport via diffusion (extracellular to periplasm),0.44537015293376414,0.9999999999999998,non-essential,3.9379815139087158
PGMT_B,B phosphoglucomutase,0.44537015293376414,0.9999999999999998,non-essential,3.9379815139087184
PSERT,Phosphoserine transaminase,0.44537015293376414,0.9999999999999998,non-essential,3.937981513908674
ALAGLYtr,Dipeptide transport via ABC system ala-gly,0.44537015293376414,0.9999999999999998,non-essential,3.937981513908725
GLUSy,Glutamate synthase (NADPH),0.44537015293376414,0.9999999999999998,non-essential,3.9379815139087158
ACtex,Acetate transport via diffusion (extracellular to periplasm),0.44537015293376414,0.9999999999999998,non-essential,3.9379815139087184
DADNK_1,Deoxyadenosine kinase,0.44537015293376414,0.9999999999999998,non-essential,3.93798151390874
CD2t5,Cadmium  Cd2  transport out via proton antiport  cytosolexternal,0.44537015293376414,0.9999999999999998,non-essential,3.937981513908725
HCYSMT2,Homocysteine Methyltransferase,0.4447783813204473,0.9986712813837685,non-essential,3.934445529382616
ETOHtex,Ethanol transport via diffusion (extracellular to periplasm),0.4453701529337641,0.9999999999999997,non-essential,3.937981513908712
CU2tex,Copper (Cu+2) transport via diffusion (extracellular to periplasm),-1.1816499165632773e-16,-2.653186139168632e-16,essential,
2AGPG180tipp,2-Acyl-sn-glycero-3-phosphoglycerol (n-C18:0) transporter via facilitated diffusion (periplasm),0.44537015293376514,1.000000000000002,non-essential,3.937981513908677
MALTt2,Maltose transport in via proton symport,0.37216670123259005,0.8356345812152772,non-essential,3.3138386185770368
ALAabc,L-alanine transport via ABC system,0.4453701529337644,1.0000000000000004,non-essential,3.937981513908777
sink_hemeO_c,R_sink_hemeO_c,0.445370152933765,1.0000000000000016,non-essential,3.9379815139087047
NTD8,5'-nucleotidase (dGMP),0.445370152933765,1.0000000000000016,non-essential,3.937981513908711
sink_lipopb_c,R_sink_lipopb_c,0.445370152933765,1.0000000000000016,non-essential,3.9379815139087326
ECOAH2c,Enoyl CoA hydratase  bacterial,0.445370152933765,1.0000000000000016,non-essential,3.780310751896264
COabc,Cobalt transport via ABC system,0.445370152933765,1.0000000000000016,non-essential,3.937981513908709
COBALT2t3pp,Cobalt (Co+2) transport out via proton antiport (periplasm),0.445370152933765,1.0000000000000016,non-essential,3.937981513908767
GLYPHEabcpp,L Glycinilphenylalanin  Gly Phe  transport via ABC system  periplasm,0.445370152933765,1.0000000000000016,non-essential,3.9379815139087375
EX_feoxam_e,R_EX_feoxam_e,0.445370152933765,1.0000000000000016,non-essential,3.9379815139087175
EX_val__L_e,R_EX_val__L_e,0.44213750527872175,0.9927416607652124,non-essential,4.129600585282681
EX_tnt_e,R_EX_tnt_e,0.4453701529337634,0.9999999999999981,non-essential,3.9379815139087073
ARGDC,Arginine decarboxylase,0.44537015293376425,1.0,non-essential,3.937981513908781
FBA2,D Fructose 1 phosphate D glyceraldehyde 3 phosphate lyase,0.44537015293376425,1.0,non-essential,3.93798151390873
SUCpts,Sucrose transport via PEP:Pyr PTS,0.44537015293376425,1.0,non-essential,3.937981513908781
RBFSb,Riboflavin synthase,0.44537015293376425,1.0,non-essential,3.93798151390873
ANSN,Anthranilate synthase (NH3),0.44537015293376425,1.0,non-essential,3.937981513908781
SPMDt3i,Spermidine transport in via proton antiport,0.44537015293376425,1.0,non-essential,3.93798151390873
3CMPt6,3  CMP transport in via proton symport,0.44537015293376425,1.0,non-essential,3.937981513908781
PTAr,Phosphotransacetylase,0.4453701529337639,0.9999999999999992,non-essential,3.937981513908728
ACGAtex,N-Acetyl-D-glucosamine transport via diffusion (extracellular to periplasm),0.4453701529337639,0.9999999999999992,non-essential,3.937981513908781
BETALDHx,Betaine-aldehyde dehydrogenase,0.4453701529337639,0.9999999999999992,non-essential,3.93798151390873
GLYSERabcpp,L Glycinylserine  Gly Ser  transport via ABC system  periplasm,0.4453701529337639,0.9999999999999992,non-essential,3.937981513908781
DALAGLYD,Beta alanine L glycine dipeptidase,0.4453701529337639,0.9999999999999992,non-essential,3.93798151390873
SERabc,L-serine transport via ABC system,0.4453701529337639,0.9999999999999992,non-essential,3.937981513908781
NTD4,5'-nucleotidase (CMP),0.4453701529337639,0.9999999999999992,non-essential,3.93798151390873
EX_zn2_e,R_EX_zn2_e,-2.381466962132133e-16,-5.347163357141955e-16,essential,
ALATRPtex,L Alaninyltryptophan transport via diffusion  extracellular to periplasm,0.4453701529337647,1.0000000000000009,non-essential,3.937981513908781
GLUR,Glutamate racemase,0.4453701529337636,0.9999999999999986,non-essential,3.937981513908667
CU2abcpp,Copper (Cu+2) ABC transporter (periplasm),0.4453701529337637,0.9999999999999988,non-essential,3.937981513908725
EX_gly_leu_e,R_EX_gly_leu_e,0.4453701529337637,0.9999999999999988,non-essential,3.937981513908724
METB1,Metb1 (rev),0.4453701529337637,0.9999999999999988,non-essential,3.9379815139085768
TNTtpp,Trinitrotoluene transport via diffusion  periplasm to cytosol  irreversible,0.4453701529337637,0.9999999999999988,non-essential,3.937981513908781
GALabcpp,D-galactose transport via ABC system (periplasm),0.4453701529337637,0.9999999999999988,non-essential,3.9379815139087193
ASNt4,L-asparagine transport in via sodium symport,0.4435228992341151,0.9958523181504624,non-essential,3.994349139942668
ALATA_D,D-alanine transaminase,0.44537015293376514,1.000000000000002,non-essential,3.9379815139087713
FACOAL160t2pp,Fatty-acid-CoA ligase (hexadecanoate transport via vectoral Co-A coupling),0.445370152933764,0.9999999999999993,non-essential,3.9379815139086882
DADK,Deoxyadenylate kinase,0.445370152933764,0.9999999999999993,non-essential,3.9379815139086594
SPMDabc,Spermidine transport via ABC system,0.445370152933764,0.9999999999999993,non-essential,3.9379815139087553
PYNP1,Pyrimidine-nucleoside phosphorylase (cytosine),0.445370152933764,0.9999999999999993,non-essential,3.937981513908692
NMNAT,Nicotinamide-nucleotide adenylyltransferase,0.445370152933764,0.9999999999999993,non-essential,3.9379815139087233
ALALEUabcpp,L Alaninylleucine  Ala Leu  transport via ABC system  periplasm,0.445370152933764,0.9999999999999993,non-essential,3.937981513908667
CDGUNPD,"3,5-cyclic-nucleotide phosphodiesterase",0.445370152933764,0.9999999999999993,non-essential,3.9379815139087553
FRUpts2,Fructose transport via PEP:Pyr PTS (f6p generating),0.445370152933764,0.9999999999999993,non-essential,3.937981513908692
ACACCT,Acetyl-CoA:acetoacetyl-CoA transferase,0.445370152933764,0.9999999999999993,non-essential,3.9379815139087535
BG_MADG,Beta glucosidase  methyl alpha D glucoside,0.445370152933764,0.9999999999999993,non-essential,3.9379815139087193
ADSK,Adenylyl-sulfate kinase,0.445370152933764,0.9999999999999993,non-essential,3.9379815139087326
KAS4,B-ketoacyl synthetase (Anteiso-C15:0),-5.596002980297829e-17,-1.2564836110896883e-16,essential,
PYRt2rpp,Pyruvate reversible transport via proton symport (periplasm),0.4453701529337729,1.0000000000000195,non-essential,3.937981513908699
PDH,Pyruvate dehydrogenase,0.4453701529337653,1.0000000000000024,non-essential,3.9379815139087024
NTPP10_1,Nucleoside triphosphate pyrophosphorylase (ditp),0.4453701529337653,1.0000000000000024,non-essential,3.937981513908714
OMPDC,Orotidine-5'-phosphate decarboxylase,0.4453701529337653,1.0000000000000024,non-essential,3.937981513908673
DTMPK,DTMP kinase,5.625769282048771e-17,1.2631671083009102e-16,essential,
ILEDHr,Isoleucine dehydrogenase,0.44537015293376436,1.0000000000000002,non-essential,3.9379815139087357
EX_no2_e,R_EX_no2_e,0.44537015293376436,1.0000000000000002,non-essential,3.9379815139087224
INOSR,Ketoinositol reductase,0.44537015293376436,1.0000000000000002,non-essential,3.937981513908709
NADH10,NADH dehydrogenase (menaquinone-8 & 0 protons),0.44537015293376436,1.0000000000000002,non-essential,3.9379815139087193
EX_metsox_S__L_e,R_EX_metsox_S__L_e,0.44537015293376436,1.0000000000000002,non-essential,3.9379815139086904
APRAUR,5-amino-6-(5-phosphoribosylamino)uracil reductase,0.44537015293376436,1.0000000000000002,non-essential,3.9379815139087047
EX_actn__R_e,R_EX_actn__R_e,0.44537015293376436,1.0000000000000002,non-essential,3.9379815139086864
SULFACtex,Sulfoaceate transport via diffusion (extracellular to periplasm),0.44537015293376436,1.0000000000000002,non-essential,3.937981513908725
DIPEPabc10,Dipeptide transport via ABC system  gly glu,0.44537015293376436,1.0000000000000002,non-essential,3.9379815139086913
GRTT,Geranyltranstransferase,5.625792036432266e-17,1.2631722173957485e-16,essential,
PE181abcpp,"Phosphatidylethanolamine transport via ABC system (n-C18:1, periplasm)",0.44537015293376436,1.0000000000000002,non-essential,3.9379815139087415
3GMPtex_1,3GMP transport via diffusion (extracellular to cytoplasm),0.17156762868767167,0.3852248013422384,critical,5.913712676013604
ACS2,Acetyl-CoA synthase (propionate),0.44537015293376475,1.000000000000001,non-essential,3.9379815139085825
GMPR,GMP reductase,0.4453701529337631,0.9999999999999973,non-essential,3.9379815139087713
AI2tpp,Quorum signal AI-2 exporter,0.4453701529337631,0.9999999999999973,non-essential,3.9379815139087366
HIBD,3 hydroxyisobutyrate dehydrogenase,0.4453701529337631,0.9999999999999973,non-essential,3.937981513908746
SK_phb_c,Demand reaction for PHB accumulation,0.4453701529337631,0.9999999999999973,non-essential,0.0
DMPPS,1-hydroxy-2-methyl-2-(E)-butenyl 4-diphosphate reductase (dmpp),0.4453701529337631,0.9999999999999973,non-essential,3.9379815139086376
URIH,Uridine hydrolase,0.4453701529337631,0.9999999999999973,non-essential,3.9379815139086385
ACONCtex,Cisaconitat transport via diffusion extracellular to periplasm,0.4453701529337631,0.9999999999999973,non-essential,3.9379815139086998
LEUabcpp,L-leucine transport via ABC system (periplasm),0.4453701529337631,0.9999999999999973,non-essential,3.9379815139087393
OBDHc,"2-Oxobutanoate dehydrogenase, cytosolic",0.4453701529337631,0.9999999999999973,non-essential,3.9379815139087073
MLTGY2pp,Murein lytic transglycosylase (murein4p3p) (periplasm),0.4453701529337631,0.9999999999999973,non-essential,3.937981513908673
DIPEPabc14,Dipeptide transport via ABC system  gly pro L,0.4453701529337631,0.9999999999999973,non-essential,3.937981513908699
AH6PI,Arabino-3-hexulose-6-P Isomerase,0.4309717903017394,0.9676710203025971,non-essential,3.8106705894967994
AGM4PApp,N-Acetyl-D-glucosamine(anhydrous)N-Acetylmuramyl-tetrapeptide amidase (periplasm),0.4453701529337644,1.0000000000000004,non-essential,3.937981513908711
PIt7,Phosphate transport in/out via three Na+ symporter,0.4453701529337638,0.999999999999999,non-essential,3.9379815139086176
G3PAT161,Glycerol-3-phosphate acyltransferase (C16:1),0.4453701529337638,0.999999999999999,non-essential,3.9379815139086896
GLYGLYCNc,Hydrolysis of glycylycine for uptake,0.4453701529337638,0.999999999999999,non-essential,3.9379815139087047
NMNN,NMN nucleosidase,0.4453701529337638,0.999999999999999,non-essential,3.9379815139086563
GK1,Guanylate kinase (GMP:ATP),0.4453701529337638,0.999999999999999,non-essential,3.9379815139115126
MMSAD3,Methylmalonate-semialdehyde dehydrogenase (malonic semialdehyde),0.44537015293376336,0.999999999999998,non-essential,3.9379815139086896
GALabc,D-galactose transport via ABC system,0.44537015293376336,0.999999999999998,non-essential,3.9379815139086656
COBALTt5,Cobalt (Co+2) transport via diffusion (extracellular to cytoplasm),0.4453693834229767,0.9999982721994672,non-essential,3.937980945033605
HKM1PP,2 hydroxy 3 keto 5 methylthiopentenyl 1 phosphate phophatase,0.44537015293376364,0.9999999999999987,non-essential,3.9379815139086487
ACTD_1,,0.44537015293376336,0.999999999999998,non-essential,3.937981513908725
EX_prohisglu_e,R_EX_prohisglu_e,0.44537015293376336,0.999999999999998,non-essential,3.9379815139087198
GUAt2pp,Guanine transport in via proton symport (periplasm),0.44537015293376336,0.999999999999998,non-essential,3.9379815139086904
CD2abcpp,Cadmium (Cd+2) ABC transporter (periplasm),0.44537015293376336,0.999999999999998,non-essential,3.9379815139087198
GNKr,Gluconokinase,0.44537015293376336,0.999999999999998,non-essential,3.9379815139086904
r2465_1,Cation Diffusion Facilitator (Cdf) Tcdb:2.A.4.2.3,0.4453675289129077,0.9999941082247221,non-essential,3.9379795740524615
GLYt2pp,Glycine transport in via proton symport (periplasm),0.4453701529337644,1.0000000000000004,non-essential,3.9379815139087735
ECOAH6,3-hydroxyacyl-CoA dehydratase (3-hydroxytetradecanoyl-CoA),0.4453301418985493,0.9999101622887133,non-essential,3.782577803194381
PTRCabc,Putrescine transport via ABC system,0.4453701529337637,0.9999999999999988,non-essential,3.937981513908712
FACOAL161t2pp,Fatty-acid-CoA ligase (hexadecenoate transport via vectoral Co-A coupling),0.44537015293376336,0.999999999999998,non-essential,3.937981513908745
FOLD3,Dihydropteroate synthase,0.44537015293376336,0.999999999999998,non-essential,3.937981513908627
RNTR3,Ribonucleoside triphosphate reductase  CTP,0.44537015293376336,0.999999999999998,non-essential,3.9379815139086554
HEX4,Hexokinase (D-mannose:ATP),0.44537015293376336,0.999999999999998,non-essential,3.9379815139086967
MHPGLUT,5 methyltetrahydropteroyltriglutamate homocysteine S methyltransferase,0.44537015293376336,0.999999999999998,non-essential,3.9379815139087033
XYLabc,D-xylose transport via ABC system,0.44537015293376336,0.999999999999998,non-essential,3.937981513908767
GLYt2r,Glycine reversible transport via proton symport,0.44537015293376336,0.999999999999998,non-essential,3.937981513908679
GSNt2pp,Guanosine transport in via proton symport (periplasm),0.3446191415899737,0.7737814025477043,non-essential,3.0124885622119426
EX_xan_e,R_EX_xan_e,0.4453701529337634,0.9999999999999981,non-essential,3.9379815139086873
DHQS,3-dehydroquinate synthase,0.44537015293376436,1.0000000000000002,non-essential,3.9379815139087553
IND3ACtpp,Indole 3 acetic acid export  periplasm,0.44537015293376436,1.0000000000000002,non-essential,3.9379815139087215
M1PD,Mannitol-1-phosphate 5-dehydrogenase,0.44537015293376436,1.0000000000000002,non-essential,3.9379815139087047
ASPK,Aspartate kinase,3.3884644416696855e-15,7.608198302802792e-15,essential,
PHHL2,,0.4453701529337605,0.9999999999999916,non-essential,3.9379815139087357
CITtupp,Citrate transport periplasm,0.4453701529337637,0.9999999999999988,non-essential,3.937981513908709
NTP1,Nucleoside-triphosphatase (ATP),0.4453701529337637,0.9999999999999988,non-essential,3.9379815139087593
ALCD2x,Alcohol dehydrogenase (ethanol),0.4453701529337637,0.9999999999999988,non-essential,3.937981513908803
PDHbr,Pyruvate dehydrogenase (dihydrolipoamide) reversible,0.4453701529337637,0.9999999999999988,non-essential,3.9379815139087357
APTA1i,Acetyl L L diaminopimelate aminotransferase,0.4453701529337637,0.9999999999999988,non-essential,3.937981513908709
AMPTASEPG,Aminopeptidase (pro-gly),0.4453701529337637,0.9999999999999988,non-essential,3.9379815139087593
EX_hexs_e,R_EX_hexs_e,0.4453701529337637,0.9999999999999988,non-essential,3.937981513908709
OXPTNDH,Glutarate-semialdehyde:NAD+ oxidoreductase,0.4453701529337637,0.9999999999999988,non-essential,3.9379815139087593
SALCpts,Salicin transport via PEP:Pyr PTS,0.4453701529337637,0.9999999999999988,non-essential,3.937981513908709
PG161abcpp,"Phosphatidylglycerol transport via ABC system (n-C16:1, periplasm)",0.4453701529337637,0.9999999999999988,non-essential,3.9379815139087593
XYLt2,D-xylose transport in via proton symport,0.4453701529337637,0.9999999999999988,non-essential,3.937981513908709
APTNAT,5-aminopentanoate:2-oxoglutarate aminotransferase,0.4453701529337637,0.9999999999999988,non-essential,3.9379815139087593
PNTK,Pantothenate kinase,-1.5322084917909983e-16,-3.4403034906985995e-16,essential,
SMIA1Eabc,Siderophore Mediated Iron Acquisition: Staphyloferrin A export,0.445370152933765,1.0000000000000016,non-essential,3.937981513908709
GTPCI,GTP cyclohydrolase I,0.4453701529337637,0.9999999999999988,non-essential,3.9379815139087593
NTD7,5'-nucleotidase (AMP),0.44537015293376375,0.9999999999999989,non-essential,3.937981513908709
PRATPP,Phosphoribosyl-ATP pyrophosphatase,0.44537015293376375,0.9999999999999989,non-essential,3.9379815139087593
IND3ACtex,Indole 3 acetate transport  exterior,0.44537015293376375,0.9999999999999989,non-essential,3.937981513908709
EX_malttr_e,R_EX_malttr_e,0.44537015293376375,0.9999999999999989,non-essential,3.9379815139087593
HCYSMT,Homocysteine S-methyltransferase,0.44537015293376375,0.9999999999999989,non-essential,3.937981513908709
ANHMK,"1,6-anhydrous-N-Acetylmuramate kinase",0.44537015293376375,0.9999999999999989,non-essential,3.9379815139087593
PSSA180,Phosphatidylserine syntase (n-C18:0),0.44537015293376375,0.9999999999999989,non-essential,3.937981513908709
GLCNt2r,"D-gluconate transport via proton symport, reversible",0.44537015293376375,0.9999999999999989,non-essential,3.9379815139087593
HOXPRx,2 hydroxy 3 oxopropionate reductase  NAD,0.44537015293376375,0.9999999999999989,non-essential,3.9379815139087073
GF6PTA,Glutamine-fructose-6-phosphate transaminase,0.44537015293376375,0.9999999999999989,non-essential,3.9379815139087375
HDECH,,0.44537015293376375,0.9999999999999989,non-essential,3.937981513908709
ACOAD20,Acyl CoA dehydrogenase  2 methylbutnoyl CoA,0.44537015293376375,0.9999999999999989,non-essential,3.9379815139087593
NDPK4,Nucleoside-diphosphate kinase (ATP:dTDP),0.44537015293376375,0.9999999999999989,non-essential,3.9379815139087335
INSTt2,Inositol transport in via proton symport,0.4453701529337638,0.999999999999999,non-essential,3.9379815139088232
AMPTASEHH,Aminopeptidase  His His,0.4453701529337638,0.999999999999999,non-essential,3.93798151390868
LPLIPAL2G181,"Lysophospholipase L2 (2-acylglycerophosphoglycerol, n-C18:1)",0.4453701529337638,0.999999999999999,non-essential,3.9379815139087366
DCAtex,Decanoate transport via diffusion (extracellular to periplasm),0.4453701529337638,0.999999999999999,non-essential,3.937981513908679
TNTep,2 4 6 trinitrotoluene extrusion pump,0.4453701529337638,0.999999999999999,non-essential,3.9379815139087366
MALT,Alpha glucosidase,0.4453701529337638,0.999999999999999,non-essential,3.937981513908679
AHMMPS_1,4 amino 5 hydroxymethyl 2 methylpyrimidine synthetase,0.4453701529337638,0.999999999999999,non-essential,3.937981513908704
EX_4abut_e,R_EX_4abut_e,0.4442564654313614,0.997499411455692,non-essential,4.018373814775219
AMPTASEATRP,Aminopeptidase  Ala Trp,0.4453701529337634,0.9999999999999981,non-essential,3.9379815139087158
ASNS1,Asparagine synthase (glutamine-hydrolysing),0.44537015293376414,0.9999999999999998,non-essential,3.9379815139087007
CHORM,Chorismate mutase,0.44537015293376414,0.9999999999999998,non-essential,3.93798151390871
EX_cmcbtt_e,R_EX_cmcbtt_e,0.44537015293376414,0.9999999999999998,non-essential,3.9379815139086882
SDPTA,Succinyldiaminopimelate transaminase,0.44537015293376414,0.9999999999999998,non-essential,3.937981513908709
HISGLYtex,L Histidinylglycine transport via diffusion  extracellular to periplasm,0.44537015293376386,0.9999999999999991,non-essential,3.9379815139087175
ALDD6,Aldehyde dehydrogenase  hexanal  NAD,0.44537015293376386,0.9999999999999991,non-essential,3.937981513908693
ALATHRtex,L Alaninylthreonine transport via diffusion  extracellular to periplasm,0.44537015293376386,0.9999999999999991,non-essential,3.9379815139087047
UGT_BS,UDP glucosyltransferase  diglucosyl,-7.7354444409793e-17,-1.7368573960387778e-16,essential,
4HPROE,4 hydroxyproline epimerase,0.4453701529337641,0.9999999999999997,non-essential,3.937981513908698
ALATA_L2,Alanine transaminase,0.4453701529337648,1.0000000000000013,non-essential,3.9379815139086856
NNAM,Nicotinamidase,0.4453701529337648,1.0000000000000013,non-essential,3.937981513908698
GALM1,Aldose 1-epimerase (glucose),0.4453701529337648,1.0000000000000013,non-essential,3.9379815139086856
EX_glyglygln_e,R_EX_glyglygln_e,0.4453701529337648,1.0000000000000013,non-essential,3.937981513908698
BLAMDabcpp,Beta alanyl L alanine transport via ABC system  periplasm,0.4453701529337648,1.0000000000000013,non-essential,3.9379815139086856
BALAt2r,Beta Alanine transport in via proton symport,0.4453701529337648,1.0000000000000013,non-essential,3.937981513908698
EX_LalaLglu_e,R_EX_LalaLglu_e,0.4453701529337648,1.0000000000000013,non-essential,3.9379815139086856
PRFGS_1,Phosphoribosylformylglycinamidine synthase,0.4453701529337648,1.0000000000000013,non-essential,3.937981513908698
RPI,Ribose-5-phosphate isomerase,0.39566353201613286,0.88839256382539,non-essential,3.4720741047825947
ORPT,Orotate phosphoribosyltransferase,0.44537015293376364,0.9999999999999987,non-essential,3.937981513908726
MALS,Malate synthase,0.4453701529337639,0.9999999999999992,non-essential,3.9379815139087224
DGK1,Deoxyguanylate kinase (dGMP:ATP),0.4453701529337639,0.9999999999999992,non-essential,3.9379815139087184
EX_acmana_e,R_EX_acmana_e,0.4453701529337639,0.9999999999999992,non-essential,3.9379815139087477
2AACLPGT180,2 acyl acyl carrier protein glycerophospho glycerol acyltransferase  n C160,0.4453701529337639,0.9999999999999992,non-essential,3.9379815139087233
CYTOM,Cytosine 5 methyltransferase,0.4453701529337639,0.9999999999999992,non-essential,3.9379815139086864
MLTG2,Maltodextrin glucosidase (maltotetraose),0.4453701529337639,0.9999999999999992,non-essential,3.9379815139086904
EX_pi_e,R_EX_pi_e,0.3433863014729129,0.7710132778565013,non-essential,3.0115330798996127
DB4PS,"3,4-Dihydroxy-2-butanone-4-phosphate synthase",0.4453701529337647,1.0000000000000009,non-essential,3.9379815139088548
DDCAtexi,Fatty acid (dodecanoate) transport via facilitated irreversible diffusion (extracellular to periplasm),0.4453701529337644,1.0000000000000004,non-essential,3.937981513908954
GLYGLYGLNtr,Tripeptide transport,0.4453701529337644,1.0000000000000004,non-essential,3.9379815139087486
ACACT6r_1,Acetyl CoA C acyltransferase  dodecanoyl CoA,0.44533014189855097,0.9999101622887171,non-essential,3.7825778031943127
GLYGLUabcpp,L Glycinylglutamate  Gly Glu  transport via ABC system  periplasm,0.44537015293376375,0.9999999999999989,non-essential,3.937981513908664
TMN,Thiaminase,0.4453701529337644,1.0000000000000004,non-essential,3.937981513908756
PMPK,Phosphomethylpyrimidine kinase,0.4453701529337644,1.0000000000000004,non-essential,3.9379815139087677
ACGApts,N-Acetyl-D-glucosamine transport via PEP:Pyr PTS,0.4453701529337644,1.0000000000000004,non-essential,3.937981513908745
NDPK1,Nucleoside-diphosphate kinase (ATP:GDP),1.1788100453275783e-15,2.6468097099961967e-15,essential,
3MBtex,3-methylbutanoic acid transport via diffusion (extracellular to periplasm),0.44537015293376364,0.9999999999999987,non-essential,2.8703287357983247
NADK,NAD kinase,0.4453701529337634,0.9999999999999981,non-essential,3.9379815139086713
HACD2,3-hydroxyacyl-CoA dehydrogenase (3-oxohexanoyl-CoA),0.4453301418985502,0.9999101622887153,non-essential,3.780974614683478
EX_alagly_e,R_EX_alagly_e,0.4453701529337643,1.0000000000000002,non-essential,3.9379815139086882
APG3PAT161,Acyl-phosphate:glycerol-3-phosphate acyltransferase (C16:1),0.44537015293376386,0.9999999999999991,non-essential,3.937981513908761
TECA1S45,Glycerol teichoic acid  n45   unlinked  unsubstituted,1.0649924526908095e-16,2.391252412572865e-16,essential,
EX_3ump_e,R_EX_3ump_e,0.4453701529337635,0.9999999999999982,non-essential,3.937981513908781
EX_malt_e,R_EX_malt_e,0.37216670123258916,0.8356345812152752,non-essential,3.3138386185770212
SHSL4r,O succinylhomoserine lyase  elimination   reversible,0.4453701529337648,1.0000000000000013,non-essential,3.9379815139087713
ICDHyr,Isocitrate dehydrogenase (NADP),0.44537015293376353,0.9999999999999983,non-essential,3.9154408628276776
OXADC,Oxalate decarboxylase,0.44537015293376464,1.0000000000000009,non-essential,3.93798151390822
AMPTASEAL,Aminopeptidase  Ala Leu,0.44537015293376464,1.0000000000000009,non-essential,3.9379815139087864
EX_s_e,R_EX_s_e,0.44537015293376464,1.0000000000000009,non-essential,3.937981513908745
ASPTA6,E L-alanine-alpha-keto acid aminotransferase,0.44537015293376464,1.0000000000000009,non-essential,3.9379815139086873
ORNTAC_1,Ornithine transacetylase,0.44537015293376464,1.0000000000000009,non-essential,3.937981513908641
NMNDA,Nicotinamide-nucleotide amidase,0.262783720811115,0.5900344221095489,non-essential,1.7165851784036814
MTHFC,Methenyltetrahydrofolate cyclohydrolase,0.44537015293376325,0.9999999999999978,non-essential,3.937981513908689
QULNS,Quinolinate synthase,0.4453701529337639,0.9999999999999992,non-essential,3.9379815139087047
EX_glcr_e,R_EX_glcr_e,0.4453701529337639,0.9999999999999992,non-essential,3.937981513908674
TRPabc,,0.4453701529337639,0.9999999999999992,non-essential,3.937981513908725
METOX2s,Methionine oxidation 2 (spontaneous),0.4453701529337639,0.9999999999999992,non-essential,3.93798151390875
HEX1,Hexokinase (D-glucose:ATP),0.4453701529337639,0.9999999999999992,non-essential,3.93798151390871
EX_balabala_e,R_EX_balabala_e,0.4453701529337638,0.999999999999999,non-essential,3.9379815139086882
MDH,Malate dehydrogenase,0.4428606847363239,0.9943654324814767,non-essential,3.7430942253358155
ALAt2r,L alanine reversible transport via proton symport,0.44537015293376414,0.9999999999999998,non-essential,3.9379815139087344
GAPDi_nadp,Glyceraldehyde-3-phosphate dehydrogenase (NAD(P)+) (phosphorylating),0.4453701529337645,1.0000000000000004,non-essential,3.9379815139087877
GLCURt2rpp,"D-glucuronate transport via proton symport, reversible (periplasm)",0.4453701529337645,1.0000000000000004,non-essential,3.937981513908714
PSP_L,Phosphoserine phosphatase (L-serine),0.4453701529337645,1.0000000000000004,non-essential,3.9379815139087273
GLYTYRAP,Gly-Try aminopeptidase,0.4453701529337645,1.0000000000000004,non-essential,3.9379815139086816
NADS2,Nicotinate-mononucleotide adenylyltransferase,0.4453701529337645,1.0000000000000004,non-essential,3.9379815139087344
DHAD1,"Dihydroxy-acid dehydratase (2,3-dihydroxy-3-methylbutanoate)",0.4453701529337645,1.0000000000000004,non-essential,3.8519696960779566
4ABUTD,4-Aminobutyraldehyde:NAD+ oxidoreductase,0.4453701529337645,1.0000000000000004,non-essential,3.9379815139087415
G5SADs,L-glutamate 5-semialdehyde dehydratase (spontaneous),0.4453701529337645,1.0000000000000004,non-essential,3.9379815139087535
ECOAH4,3-hydroxyacyl-CoA dehydratase (3-hydroxydecanoyl-CoA),0.44533014189855064,0.9999101622887163,non-essential,3.7816158900878953
EX_gthox_e,R_EX_gthox_e,0.4453701529337656,1.0000000000000029,non-essential,3.937981513908713
APG3PAT180,Acyl-phosphate:glycerol-3-phosphate acyltransferase (C18:0),0.44537015293376314,0.9999999999999976,non-essential,3.937981513908684
OMCDC,2-Oxo-4-methyl-3-carboxypentanoate decarboxylation,0.44537015293376314,0.9999999999999976,non-essential,3.93798151390871
EX_hishis_e,R_EX_hishis_e,0.44537015293376314,0.9999999999999976,non-essential,3.9379815139087047
CRO4t3,Chromate transport out via proton antiport,0.44537015293376314,0.9999999999999976,non-essential,3.937981513908708
MECDPS,"2-C-methyl-D-erythritol 2,4-cyclodiphosphate synthase",1.0097847252441642e-14,2.2672932135044532e-14,essential,
CELLBabc,Cellobiose transport via ATP transporter,0.4453701529337645,1.0000000000000004,non-essential,3.93798151390875
ACLS,Acetolactate synthase,0.44537015293376286,0.9999999999999969,non-essential,3.8519696960779672
GLYtex,Glycine transport via diffusion (extracellular to periplasm),0.44537015293376286,0.9999999999999969,non-essential,3.9379815139087477
ATPPRT,ATP phosphoribosyltransferase,0.44537015293376286,0.9999999999999969,non-essential,3.9379815139087273
FE3abc,Iron (III) transport via ABC system,0.44537015293376286,0.9999999999999969,non-essential,3.937981513908709
FAS140,Fatty acid synthase  n C140,0.44537015293376286,0.9999999999999969,non-essential,3.9379815139087566
GTHPe,Glutathione peroxidase,0.44537015293376286,0.9999999999999969,non-essential,3.9379815139087433
EX_pnto__R_e,R_EX_pnto__R_e,0.4453657205880866,0.9999900479507923,non-essential,3.9378858861836132
GTPHs,GTP amine hydrolysis (spontaneous),0.44537015293376375,0.9999999999999989,non-essential,3.937981513908818
MGt5,Magnesium transport in/out via permease (no H+),1.352555702478476e-14,3.0369248894854185e-14,essential,
GLYBt3pp,Glycine betaine transport via proton antiport (periplasm),0.44537015293376375,0.9999999999999989,non-essential,3.9379815139087215
PPM2,Phosphopentomutase 2 (deoxyribose),0.4451518852418354,0.9995099184566117,non-essential,3.9537373178672746
CYSTL,Cystathionine b-lyase,0.44537015293376686,1.0000000000000058,non-essential,3.937981513908692
MDDCP4pp,"Murein D,D-carboxypeptidase (murein5p4p) (periplasm)",0.4453701529337634,0.9999999999999981,non-essential,3.9379815139087233
FACOAL181t2pp,Fatty-acid-CoA ligase (octadecenoate transport via vectoral Co-A coupling),0.4453701529337634,0.9999999999999981,non-essential,3.937981513908689
OCOAT1,3-oxoacid CoA-transferase (Succinyl-CoA: acetoacetate),0.4453701529337634,0.9999999999999981,non-essential,3.937981513908683
NPHS,Naphthoate synthase,0.4453701529337634,0.9999999999999981,non-essential,3.937981513908693
EX_gly_asp__L_e,R_EX_gly_asp__L_e,0.445370152933762,0.9999999999999949,non-essential,3.937981513908715
IZPN_1,Imidazolonepropionase,0.445370152933762,0.9999999999999949,non-essential,3.9379815139086602
CO2tex,CO2 transport via diffusion (extracellular to periplasm),0.445370152933762,0.9999999999999949,non-essential,3.9379815139086687
EX_fe3pyovd_kt_e,R_EX_fe3pyovd_kt_e,0.445370152933762,0.9999999999999949,non-essential,3.937981513908678
MOHMT,3-methyl-2-oxobutanoate hydroxymethyltransferase,0.4453701529337635,0.9999999999999982,non-essential,3.937981513908692
EX_glyald_e,R_EX_glyald_e,0.4453701529337635,0.9999999999999982,non-essential,3.9379815139087033
EX_ttdca_e,R_EX_ttdca_e,0.44537015293376453,1.0000000000000007,non-essential,3.937981513908418
EX_23cump_e,R_EX_23cump_e,0.44537015293376453,1.0000000000000007,non-essential,3.937981513908659
ACONT,Aconitate hydratase,0.44537015293376453,1.0000000000000007,non-essential,3.9379815139093144
AGMtex,Agmatine transport via diffusion (extracellular to periplasm),0.4453701529337642,0.9999999999999999,non-essential,3.9379815139085523
GTPDPK_1,ATP:GTP 3'-diphosphotransferase,0.4453701529337642,0.9999999999999999,non-essential,3.9379815139085683
PPDD,Propanediol dehydratase,0.4453701529337642,0.9999999999999999,non-essential,3.9379815139082472
EX_galt_e,R_EX_galt_e,0.4453701529337642,0.9999999999999999,non-essential,3.9379815139085683
DAPDA,"N-acetyl-L,L-diaminopimelate deacetylase",0.4453701529337642,0.9999999999999999,non-essential,3.9379815139082472
EX_trp__L_e,R_EX_trp__L_e,0.44493316833963337,0.9990188282909118,non-essential,3.9217249231732896
ALDD1,Aldehyde dehydrogenase  formaldehyde  NAD,0.4453701529337647,1.0000000000000009,non-essential,3.9379815139083996
EX_ala_L_glu__L_e,R_EX_ala_L_glu__L_e,0.44537015293376403,0.9999999999999996,non-essential,3.9379815139083143
EX_abg4_e,R_EX_abg4_e,0.44537015293376403,0.9999999999999996,non-essential,3.9379815139083116
SMIA2abc,Siderophore Mediated Iron Acquisition: Staphyloferrin B transport via ABC,0.44537015293376403,0.9999999999999996,non-essential,3.9379815139084986
EX_gua_e,R_EX_gua_e,0.44537015293376403,0.9999999999999996,non-essential,3.937981513908324
MTHTHFSs,"(2R,4S)-2-methyl-2,3,3,4-tetrahydroxytetrahydrofuran synthesis (spontaneous)",0.44537015293376403,0.9999999999999996,non-essential,3.9379815139084986
UAG2E,UDP-N-acetylglucosamine 2-epimerase,-5.902612213920893e-16,-1.325327297987733e-15,essential,
ACPPAT181,Acyl-(acyl carrier protein):phosphate acyltransferase (C18:1),0.4453701529337656,1.0000000000000029,non-essential,3.937981513908324
BTNTe,Release of biotin across the basolatral membrane,0.44537015293376414,0.9999999999999998,non-essential,3.9379815139084986
FDMO,FMNH2-dependent monooxygenase,0.44537015293376414,0.9999999999999998,non-essential,3.937981513908324
GUI2,Glucuronate isomerase (D-galacturonate),0.44537015293376414,0.9999999999999998,non-essential,3.9379815139085323
UGLYCH,Ureidoglycolate hydrolase,0.44537015293376414,0.9999999999999998,non-essential,3.9379815139084324
Ktex,Potassium transport via diffusion (extracellular to periplasm),0.44537015293376414,0.9999999999999998,non-essential,3.9379815139084986
EX_ala_L_thr__L_e,R_EX_ala_L_thr__L_e,0.44537015293376414,0.9999999999999998,non-essential,3.937981513908324
HISHIStex,L Histidinylhistidine transport via diffusion  extracellular to periplasm,0.44537015293376414,0.9999999999999998,non-essential,3.9379815139084986
GALURtex,D-galacturonate transport via diffusion (extracellular to periplasm),0.44537015293376414,0.9999999999999998,non-essential,3.937981513908324
DASYN180,CDP-diacylglycerol synthetase (n-C18:0),0.44537015293376414,0.9999999999999998,non-essential,3.9379815139084986
4HPRODCtex,Cis 4 hydroxy L proline transport  extracellular,0.44537015293376414,0.9999999999999998,non-essential,3.937981513908324
EX_hqn_e,R_EX_hqn_e,0.44537015293376414,0.9999999999999998,non-essential,3.9379815139084986
CHORS,Chorismate synthase,0.44537015293376414,0.9999999999999998,non-essential,3.937981513908324
GLUTRS,Glutamyl-tRNA synthetase,0.44537015293376414,0.9999999999999998,non-essential,3.9379815139084986
FACOAE140,Fatty-acid-CoA thioesterase (tetradecanoate),0.44537015293376414,0.9999999999999998,non-essential,3.937981513908324
EX_nh4_e,R_EX_nh4_e,0.44537015293376414,0.9999999999999998,non-essential,3.9379815139084986
ADSS,Adenylosuccinate synthase,0.44537015293376414,0.9999999999999998,non-essential,3.937981513908324
SUCR,Sucrose hydrolyzing enzyme,0.44537015293376414,0.9999999999999998,non-essential,3.9379815139084986
IPDDI,Isopentenyl-diphosphate D-isomerase,0.44537015293376414,0.9999999999999998,non-essential,3.937981513908683
MALTTRabc,Maltotriose transport via ABC system,0.44537015293376414,0.9999999999999998,non-essential,3.937981513908712
EX_fcmcbtt_e,R_EX_fcmcbtt_e,0.44537015293376414,0.9999999999999998,non-essential,3.937981513908321
AMPTASEGGLN,Aminopeptidase  Gly Gln,0.44537015293376414,0.9999999999999998,non-essential,3.937981513908729
FACOAL140_ISO,Fatty acid  CoA ligase  Iso C140,1.1005989701736363e-14,2.4712005573874146e-14,essential,
METte,Methionine antiporter,0.44537015293367094,0.9999999999997905,non-essential,3.937981513908475
NADH4,NADH dehydrogenase  Menaquinone 7  no proton,0.4453701529337643,1.0000000000000002,non-essential,3.937981513908729
ADNt2pp,Adenosine transport in via proton symport (periplasm),0.4453701529337643,1.0000000000000002,non-essential,3.9379815139084116
4HTHRS_1,4-Hydroxy-L-threonine synthase,0.4453701529337643,1.0000000000000002,non-essential,3.9379815139084013
MLDCP2App,"Murein L,D-carboxypeptidase (murein5p5p) (periplasm)",0.4453701529337643,1.0000000000000002,non-essential,3.9379815139079564
3PEPTabcpp,Tripeptide (LalaDgluMdap) transport via ABC system (periplasm),0.4453701529337643,1.0000000000000002,non-essential,3.9379815139084013
NTPP6,Nucleoside triphosphate pyrophosphorylase (atp),0.4453701529337643,1.0000000000000002,non-essential,3.9379815139079564
DHAPT,Dihydroxyacetone phosphotransferase,0.4453701529337643,1.0000000000000002,non-essential,3.9379815139084013
GLYO1,Glycine oxidase,0.4453701529337643,1.0000000000000002,non-essential,2.7759506027779803
MCA,Methyl cis aconitase,0.4453701529337643,1.0000000000000002,non-essential,3.780310751896314
GLYCTO3,Glycolate oxidase,0.4453701529337643,1.0000000000000002,non-essential,3.937981513908625
SULabc,Sulfate transport via ABC system,0.4453701529337643,1.0000000000000002,non-essential,3.9379815139085372
GLYCtpp,Glycerol transport via channel (periplasm),0.4453701529337643,1.0000000000000002,non-essential,3.9379815139084022
EX_gam_e,R_EX_gam_e,0.44480911672206586,0.9987402922984338,non-essential,3.966790716408482
STFRNAt,,0.44537015293376325,0.9999999999999978,non-essential,3.9379815139085146
ASPO1,L-aspartate oxidase,0.4453701529337643,1.0000000000000002,non-essential,3.9379815139088072
MALTabc,Maltose transport via ABC system,0.4453701529337643,1.0000000000000002,non-essential,3.9379815139085004
NMNHYD_1,Nicotinamide ribonucleotide phosphohydrolase,0.4453701529337643,1.0000000000000002,non-essential,3.9379815139088072
NTPP2,Nucleoside triphosphate pyrophosphorylase (gtp),0.4453701529337643,1.0000000000000002,non-essential,3.9379815139085004
VALTA,Valine transaminase,0.44537015293376375,0.9999999999999989,non-essential,3.937981513908793
ACACT1r,Acetyl-CoA C-acetyltransferase,0.44531167769150415,0.9998687041736521,non-essential,2.577666666666693
PACALDt,Phenylacetaldehyde transport  extracellular,0.4453701529337638,0.999999999999999,non-essential,3.90354295284729
DXPRIi,1-deoxy-D-xylulose reductoisomerase,-2.303378381747343e-12,-5.171829244897565e-12,essential,
THRt2pp,L-threonine efflux transport via proton antiport (periplasm),0.4453701529337655,1.0000000000000027,non-essential,3.937981513908564
INSCR,Inositol catabolic reactions  lumped,0.4453701529337642,0.9999999999999999,non-essential,3.937981513908528
TAURabc,Taurine transport via ABC system,0.4453701529337642,0.9999999999999999,non-essential,3.937981513908564
FOMETRi,Aminomethyltransferase,0.4453701529337642,0.9999999999999999,non-essential,3.9379815139087864
CD2tpp,Cadmium (+2) transport in via permease (no H+),0.4453701529337642,0.9999999999999999,non-essential,3.937981513909188
GLYGLNtex,L Glycinylglutamine transport via diffusion  extracellular to periplasm,0.4453701529337642,0.9999999999999999,non-essential,3.9379815139087864
ACGAMK,N-acetylglucosamine kinase,0.4453701529337642,0.9999999999999999,non-essential,3.937981513909188
MSO3abc,Methanesulfonate transport via ABC system,0.4453701529337642,0.9999999999999999,non-essential,3.9379815139087864
DHBD,"2,3-dihydro-2,3-dihydroxybenzoate dehydrogenase",0.4453701529337642,0.9999999999999999,non-essential,3.937981513909188
EX_etoh_e,R_EX_etoh_e,0.4453701529337642,0.9999999999999999,non-essential,3.9379815139087593
EX_gln__L_e,R_EX_gln__L_e,0.4453701529337642,0.9999999999999999,non-essential,3.9379815139085648
SHK3Dr,Shikimate dehydrogenase,0.4453701529337642,0.9999999999999999,non-essential,3.937981513908727
DGNSK_1,ATP deoxyguanosine 5'-phosphotransferase,0.4453701529337642,0.9999999999999999,non-essential,3.9379815139087415
PMANM,Phosphomannomutase,0.4453701529337642,0.9999999999999999,non-essential,3.937981513908761
CYSGL,Cystathionine gamma-lyase,0.4453701529337642,0.9999999999999999,non-essential,3.9379815139087393
GLYBabc,Glycine betaine transport via ABC system,0.4453701529337642,0.9999999999999999,non-essential,3.937981513908741
NDPK5,Nucleoside-diphosphate kinase (ATP:dGDP),0.4453701529337642,0.9999999999999999,non-essential,3.9379815139086807
EX_ca2_e,R_EX_ca2_e,8.102420834318081e-16,1.8192554622139392e-15,essential,
EX_madg_e,R_EX_madg_e,0.44537015293376364,0.9999999999999987,non-essential,3.93798151390873
H2tex,Hydrogen transport via diffusion (extracellular to periplasm),0.4453701529337638,0.999999999999999,non-essential,3.9035429528471624
GLYAT,Glycine C-acetyltransferase,0.4443034001235546,0.9976047950156007,non-essential,2.710386334746375
MMM,Methylmalonyl-CoA mutase,0.44537015293376364,0.9999999999999987,non-essential,3.9379815139086243
PLIPA1G180pp,"Phospholipase A1 (phosphatidylglycerol, n-C18:0) (periplasm)",0.44537015293376353,0.9999999999999983,non-essential,3.937981513908749
EX_hxan_e,R_EX_hxan_e,0.44537015293376353,0.9999999999999983,non-essential,3.93798151390876
FACOAL141t2pp,Fatty-acid-CoA ligase (tetradecenoate transport via vectoral Co-A coupling),0.44537015293376353,0.9999999999999983,non-essential,3.9379815139087753
URIt2pp,Uridine transport in via proton symport (periplasm),0.44537015293376353,0.9999999999999983,non-essential,3.9379815139087477
PPM,Phosphopentomutase,0.4450478959345649,0.9992764288377284,non-essential,3.9143161807022295
FDH,Formate dehydrogenase,0.44537015293376403,0.9999999999999996,non-essential,3.9379815139088383
MALt4,Namalate symporter,0.445370152933764,0.9999999999999993,non-essential,3.9379815139087424
TNTHAC2,2 4 6 dinitrotoluene meisenheimer dihydrideTNT derived hydroxylamines condensation,0.445370152933764,0.9999999999999993,non-essential,3.937981513908799
DKDID,"D-2,3-Diketo 4-deoxy-epi-inositol dehydratase",0.445370152933764,0.9999999999999993,non-essential,3.9379815139087193
H2SO,Hydrogen sulfide oxidation,0.445370152933764,0.9999999999999993,non-essential,3.9379815139087158
AMANK,N-acetyl-D-mannosamine kinase,0.445370152933764,0.9999999999999993,non-essential,3.9379815139087895
FTHFLi,Formate-tetrahydrofolate ligase,0.445370152933764,0.9999999999999993,non-essential,3.937981513908819
TALA,Transaldolase,0.4313683774512849,0.96856148668642,non-essential,3.810963773933535
ACONCt4pp,Citrate transport via sodium symport  periplasm,0.4453701529337643,1.0000000000000002,non-essential,3.937981513908799
DAGK_BS,Diacylglycerol kinase,0.44537015293376453,1.0000000000000007,non-essential,3.9379815139086753
DNMPPA,Dihydroneopterin monophosphate dephosphorylase,0.44537015293376453,1.0000000000000007,non-essential,3.937981513908813
DSERt2,D-serine transport via proton symport,0.44537015293376453,1.0000000000000007,non-essential,3.937981513908637
G3PD4,Glycerol 3 phosphate dehydrogenase  menaquinone 7,0.4453701529337635,0.9999999999999982,non-essential,3.937981513908813
EX_gly_glu__L_e,R_EX_gly_glu__L_e,0.44537015293376336,0.999999999999998,non-essential,3.937981513908646
FRDO,FRDO,0.44537015293376336,0.999999999999998,non-essential,3.937981513908863
EX_h_e,R_EX_h_e,0.4453701529337632,0.9999999999999977,non-essential,3.937981513908729
HCO3E,HCO3 equilibration reaction,-7.859093027906368e-16,-1.76462050187615e-15,essential,
URIDK2r,Uridylate kinase (dUMP),0.4453365970388014,0.9999246561657942,non-essential,3.9404037693419727
AABTN,4 acetamidobutyrate deacetylase,0.4453701529337637,0.9999999999999988,non-essential,3.9379815139087366
AIRC1,Phosphoribosylaminoimidazole carboxylase  ATP dependent,0.4453701529337637,0.9999999999999988,non-essential,3.937981513908767
CHLabc,Choline transport via ABC system,0.4453701529337637,0.9999999999999988,non-essential,3.9379815139087864
PSD161,Phosphatidylserine decarboxylase (n-C16:1),0.4453701529337637,0.9999999999999988,non-essential,3.9379815139091217
FACOAE120,Fatty-acid-CoA thioesterase (dodecanoate),0.4453701529337637,0.9999999999999988,non-essential,3.9379815139087864
MANt2,D mannose transport in via proton symport,0.4453701529337637,0.9999999999999988,non-essential,3.9379815139091217
THMabc,Thiamine transport via ABC system,0.44536200202585,0.9999816985762056,non-essential,3.93802018027338
MHPGLUT2,5-methyltetrahydropteroyltriglutamate methyltransferase,0.44537015293376725,1.0000000000000067,non-essential,3.9379815139087744
NABTNO,N4 AcetylaminobutanalNAD oxidoreductase,0.4453701529337637,0.9999999999999988,non-essential,3.9379815139092362
ALCD19y,Alcohol dehydrogenase  glycerol  NADP,0.44537015293376514,1.000000000000002,non-essential,3.937981513908765
RNTR1,Ribonucleoside triphosphate reductase  ATP,0.44537015293376364,0.9999999999999987,non-essential,3.937981513908751
DCYTD,Deoxycytidine deaminase,0.4451518852418359,0.9995099184566129,non-essential,3.9537373178673314
EX_xyl__D_e,R_EX_xyl__D_e,0.4453701529337637,0.9999999999999988,non-essential,3.937981513908913
CYStpp,L-cysteine export via facilitated transport,0.4453701529337639,0.9999999999999992,non-essential,3.9379815139087944
GLYCDH,Glycerol dehydratase,0.4453701529337639,0.9999999999999992,non-essential,3.937981513908898
PTRCTA2,Putrescine Transaminase  pyruvate,0.44537015293376286,0.9999999999999969,non-essential,3.9379815139087357
NAabc,,0.44537015293376286,0.9999999999999969,non-essential,3.9379815139087704
NTPP9_1,Nucleoside triphosphate pyrophosphorylase (itp),0.44537015293376286,0.9999999999999969,non-essential,3.937981513908765
2AGPG181tipp,2-Acyl-sn-glycero-3-phosphoglycerol (n-C18:1) transporter via facilitated diffusion (periplasm),0.44537015293376286,0.9999999999999969,non-essential,3.937981513908697
EX_balamd_e,R_EX_balamd_e,0.44537015293376286,0.9999999999999969,non-essential,3.937981513908809
EX_bhb_e,R_EX_bhb_e,0.44537015293376286,0.9999999999999969,non-essential,3.9379815139089396
CYTK1,Cytidylate kinase (CMP),0.43984477421180146,0.9875937381848205,non-essential,3.9479902458427554
HYPOE,Hypothetical enyme,0.44537015293376203,0.999999999999995,non-essential,3.9379815139085994
BUTtex,Butyrate transport via diffusion (extracellular to periplasm),0.44537015293376286,0.9999999999999969,non-essential,3.9379815139087224
BUTCT,Acetyl-CoA:butyrate-CoA transferase,0.44537015293376286,0.9999999999999969,non-essential,3.9379815139087944
MG2tex,Magnesium (Mg+2) transport via diffusion (extracellular to periplasm),0.44537015293376286,0.9999999999999969,non-essential,3.937981513908794
EX_glyb_e,R_EX_glyb_e,0.44537015293376286,0.9999999999999969,non-essential,3.9379815139087198
HXANt2pp,Hypoxanthine transport in via proton symport (periplasm),0.44537015293376286,0.9999999999999969,non-essential,3.9379815139087637
SPP,Sucrose-phosphate phosphatase,0.44537015293376286,0.9999999999999969,non-essential,3.937981513908728
RIBabc1,D ribose transport out via ABC system,0.44537015293376286,0.9999999999999969,non-essential,3.9379815139087575
EX_cys__L_e,R_EX_cys__L_e,0.44537015293376286,0.9999999999999969,non-essential,3.9379815139087198
Growth,Biomass reaction,0.0,0.0,essential,
PROHISGLUtr,Tripeptide Opp3 transport,0.44537015293376164,0.9999999999999941,non-essential,3.9379815139087637
LEULEUtex,Leucylleucine transport via diffusion  extracellular to periplasm,0.44537015293376375,0.9999999999999989,non-essential,3.9379815139087695
PLPS_1,Pyridoxal-5-phosphate synthase,-1.1428791849435593e-16,-2.566133310494942e-16,essential,
EX_mcbtt_e,R_EX_mcbtt_e,0.4453701529337509,0.9999999999999699,non-essential,3.937981513908787
OCOAT2r,3-oxoacid CoA-transferase (Succinyl-CoA: 3-methylbutanoate),0.44537015293376414,0.9999999999999998,non-essential,2.87032873579841
ECOAH9ir,2 Methylprop 2 enoyl CoA  2 Methylbut 2 enoyl CoA,0.4453701529337641,0.9999999999999997,non-essential,3.9379815139082353
CITt3pp,Citrate transport out via proton antiport (periplasm),0.4453701529337641,0.9999999999999997,non-essential,3.937981513908815
THRt2r,L threonine reversible transport via proton symport,0.4423690467061458,0.9932615461367372,non-essential,2.7098085162029166
PTRCTA,Putrescine Transaminase,0.44537015293376364,0.9999999999999987,non-essential,3.937981513908615
DIPEPabc12,Dipeptide transport via ABC system  met ala,0.44537015293376303,0.9999999999999972,non-essential,3.937981513908809
PTRCabcpp,Putrescine transport via ABC system (periplasm),0.44537015293376303,0.9999999999999972,non-essential,3.937981513908898
EX_ala_his_e,R_EX_ala_his_e,0.44537015293376303,0.9999999999999972,non-essential,3.9379815139088015
MDDEP3pp,"Murein D,D-endopeptidase (murein5px4p) (periplasm)",0.44537015293376303,0.9999999999999972,non-essential,3.937981513908745
HGt,Mercury transport,0.44537015293376303,0.9999999999999972,non-essential,3.9379815139088006
PGMT,Phosphoglucomutase,0.3405462528956869,0.7646364504949957,non-essential,3.0069261091285577
FDMO4,FMNH2-dependent monooxygenase (butanesulfonate),0.4453701529337642,0.9999999999999999,non-essential,3.9379815139087846
EX_gly_e,R_EX_gly_e,0.4453701529337644,1.0000000000000004,non-essential,3.9379815139087695
EX_gly_gln_e,R_EX_gly_gln_e,0.4453701529337642,0.9999999999999999,non-essential,3.937981513908776
6PHBG_2,,0.445370152933764,0.9999999999999993,non-essential,3.937981513908763
MI1PP,Myo-inositol 1-phosphatase,0.445370152933764,0.9999999999999993,non-essential,3.937981513908911
EX_23cgmp_e,R_EX_23cgmp_e,0.34461914158991996,0.7737814025475838,non-essential,3.012488562211966
OCBT_1,Ornithine carbamoyltransferase,0.4453701529337636,0.9999999999999986,non-essential,3.9379815139086345
BSCT,Benzoylsuccinyl-CoA thiolase,0.44536656190617624,0.9999919369819366,non-essential,3.938006917268232
FDMO3,FMNH2-dependent monooxygenase (ethanesulfonate),0.4453701529337637,0.9999999999999988,non-essential,3.9379815139087717
LIPAMPL,Lipoyl-adenylate protein ligase,0.44537015293376325,0.9999999999999978,non-essential,3.9379815139086904
sink_sheme_c,R_sink_sheme_c,0.44537015293376325,0.9999999999999978,non-essential,3.937981513908745
St,Sulfur diffusion,0.44537015293376325,0.9999999999999978,non-essential,3.9379815139087593
4HPRODCabcpp,Cis 4 Hydroxy D proline transport via ABC system,0.44537015293376325,0.9999999999999978,non-essential,3.9379815139087166
4HPROLTabcpp,Trans 4 Hydroxy D proline transport via ABC system,0.44537015293376325,0.9999999999999978,non-essential,3.937981513908694
MDDEP1pp,"Murein D,D-endopeptidase (murein4px4p) (periplasm)",0.44537015293376325,0.9999999999999978,non-essential,3.937981513908756
EX_manglyc_e,R_EX_manglyc_e,0.44537015293376325,0.9999999999999978,non-essential,3.937981513908809
EX_balagly_e,R_EX_balagly_e,0.44537015293376325,0.9999999999999978,non-essential,3.9379815139087686
TNTR4,TNT nitroreductase Meisenheimer dihydride complex forming,0.44537015293376325,0.9999999999999978,non-essential,3.9379815139088223
BUTt4pp,Butyrate transport via sodium symport (periplasm),0.44537015293376325,0.9999999999999978,non-essential,3.9379815139087575
ARGabc,L-arginine transport via ABC system,0.44537015293376325,0.9999999999999978,non-essential,3.9379815139088223
HXAtex,Hexanoate transport via diffusion (extracellular to periplasm),0.44537015293376325,0.9999999999999978,non-essential,3.9379815139087593
APG3PAT160,Acyl-phosphate:glycerol-3-phosphate acyltransferase (C16:0),0.44537015293376325,0.9999999999999978,non-essential,3.937981513908776
G3PAT181,Glycerol-3-phosphate acyltransferase (C18:1),0.44537015293376325,0.9999999999999978,non-essential,3.937981513908731
ACOAD6,Acyl-CoA dehydrogenase (tetradecanoyl-CoA),0.44533014189854936,0.9999101622887134,non-essential,3.940869738095544
A6PAG,,0.3420073161416761,0.7679170099046572,non-essential,3.008048148154762
ADMDC,Adenosylmethionine decarboxylase,0.445370152933764,0.9999999999999993,non-essential,3.937981513908765
3NTD7pp,3'-nucleotidase (AMP) (periplasm),0.4453701529337633,0.9999999999999979,non-essential,3.9379815139088015
GALT,Galactose 1 phosphate uridylyltransferase,0.34200731614167607,0.767917009904657,non-essential,3.0080481481546584
THMP,Thiamin phosphatase,0.44537015293376436,1.0000000000000002,non-essential,3.9379815139087024
FA80ACPHi,Fatty-acyl-ACP hydrolase,0.44537015293376636,1.0000000000000047,non-essential,3.93798151390886
RHA40tex,R 3 Hydroxy acid transport diffusion C40  extracellular to periplasm,0.44537015293376636,1.0000000000000047,non-essential,3.9379815139087593
FE3Gabcpp,Iron (III) transport via ABC system (GTP) (periplasm),0.44537015293376636,1.0000000000000047,non-essential,3.937981513908886
DHACOAH,"2,3-dehydroadipyl-CoA hydratase",0.44537015293376636,1.0000000000000047,non-essential,3.937981513908673
UM3PL,UDP-N-acetylmuramate:L-alanyl-gamma-D-glutamyl-meso-diaminopimelate ligase,0.44537015293376636,1.0000000000000047,non-essential,3.9379815139088414
ATAH_1,,0.44537015293376636,1.0000000000000047,non-essential,3.937981513908767
IPPS,2-isopropylmalate synthase,0.44537015293376636,1.0000000000000047,non-essential,3.937981513908764
MANpts,D-mannose transport via PEP:Pyr PTS,0.44537015293376636,1.0000000000000047,non-essential,3.937981513908995
EX_mnl_e,R_EX_mnl_e,0.44537015293376636,1.0000000000000047,non-essential,3.937981513908846
ICL,Isocitrate lyase,0.44537015293376636,1.0000000000000047,non-essential,3.9379815139087517
O2tex,Oxygen transport via diffusion (extracellular to periplasm),0.3935378973861411,0.8836198267751192,non-essential,2.819016337335116
EX_ppa_e,R_EX_ppa_e,0.4453701529337641,0.9999999999999997,non-essential,3.937981513907392
GLYALDDr,D-Glyceraldehyde dehydrogenase,0.4453701529337637,0.9999999999999988,non-essential,3.937981513908662
FMNRx,FMN reductase,0.4453701529337637,0.9999999999999988,non-essential,3.9379815139087886
CD2t3pp,Cadmium (Cd+2) transport out via proton antiport (periplasm),0.4453701529337637,0.9999999999999988,non-essential,3.9379815139087877
LEULEUabcpp,L leucylleucine  leuleu  transport via ABC system  periplasm,0.4453701529337637,0.9999999999999988,non-essential,3.9379815139084213
PSUDS,Pseudouridylate synthase,0.4453701529337637,0.9999999999999988,non-essential,3.9379815139085825
2HXMPt6,2  hydroxymethyl phenol transport inout via proton symport,0.4453701529337637,0.9999999999999988,non-essential,3.9379815139087566
HMPK1,Hydroxymethylpyrimidine kinase (ATP),0.4453701529337637,0.9999999999999988,non-essential,3.937981513908781
CDPPT160,CDPPT160,0.4453701529337637,0.9999999999999988,non-essential,3.9379815139087886
MLDCP2Bpp,"Murein L,D-carboxypeptidase (murein4p3p) (periplasm)",0.4453701529337637,0.9999999999999988,non-essential,3.937981513908711
EX_tsul_e,R_EX_tsul_e,0.4453701529337637,0.9999999999999988,non-essential,3.9379815139088707
ACPpds,[acyl-carrier-protein] phosphodiesterase,0.4453701529337637,0.9999999999999988,non-essential,3.937981513908808
NDPK7,Nucleoside-diphosphate kinase (ATP:dCDP),0.4453701529337637,0.9999999999999988,non-essential,3.9379815139088374
IPMD,3-isopropylmalate dehydrogenase,0.4453701529337639,0.9999999999999992,non-essential,3.93798151390871
PLIPA1E180pp,"Phospholipase A1 (phosphatidylethanolamine, n-C18:0) (periplasm)",0.4453701529337639,0.9999999999999992,non-essential,3.9379815139088525
PG160abcpp,"Phosphatidylglycerol transport via ABC system (n-C16:0, periplasm)",0.4453701529337639,0.9999999999999992,non-essential,3.937981513908553
FRUpts,D-fructose transport via PEP:Pyr PTS,0.4453701529337639,0.9999999999999992,non-essential,3.9379815139086647
P5CRx,Pyrroline-5-carboxylate reductase(nadh),0.4453701529337639,0.9999999999999992,non-essential,3.937981513908553
XPPT,Xanthine phosphoribosyltransferase,0.4453701529337639,0.9999999999999992,non-essential,3.9379815139086896
G1PP,Glucose-1-phosphatase,0.4453701529337639,0.9999999999999992,non-essential,3.937981513908859
ACONTa,"Aconitase (half-reaction A, Citrate hydro-lyase)",0.4453701529337639,0.9999999999999992,non-essential,3.9379815139083494
DHPS,Dihydropteroate synthase,0.4453701529337639,0.9999999999999992,non-essential,3.9379815139087846
ECOAH5,3-hydroxyacyl-CoA dehydratase (3-hydroxydodecanoyl-CoA),0.4453701529337639,0.9999999999999992,non-essential,3.9379815139087215
NBAHH_ir,Nalpha-(beta-alanyl)-L-histidine hydrolase IR,0.4453701529337639,0.9999999999999992,non-essential,3.9379815139087895
METSR_S1,L methionine S oxide reductase  trdrd,0.4453701529337639,0.9999999999999992,non-essential,3.9379815139088734
FACOAL140t2pp,Fatty-acid-CoA ligase (tetradecanoate transport via vectoral Co-A coupling),0.4453701529337639,0.9999999999999992,non-essential,3.9379815139087895
MSULR,Metanesulfonate reductase  NADPH2,0.4453701529337639,0.9999999999999992,non-essential,3.9379815139088357
NDPK6,Nucleoside-diphosphate kinase (ATP:dUDP),0.4453701529337639,0.9999999999999992,non-essential,3.9379815139088308
UREASE,Urea carboxylase,0.4453701529337639,0.9999999999999992,non-essential,3.9379815139088516
PC,Pyruvate carboxylase,0.4453701529337639,0.9999999999999992,non-essential,3.9379815139088308
DHNAOT_1,1 4 dihydroxy 2 naphthoate octaprenyltransferase,6.294414813945862e-31,1.4132996502982927e-30,essential,
MTRI,5-methylthioribose-1-phosphate isomerase,0.4453701529337648,1.0000000000000013,non-essential,3.9379815139088516
PAP,Phosphatidate phosphatase,0.4453701529337631,0.9999999999999973,non-essential,3.9379815139088308
EX_cobalt2_e,R_EX_cobalt2_e,-4.8169517636910256e-32,-1.0815614230007473e-31,essential,
3NTD4pp,3'-nucleotidase (CMP) (periplasm),0.44537015293376325,0.9999999999999978,non-essential,3.9379815139088516
RNDR2,Ribonucleoside-diphosphate reductase (GDP),0.44537015293376425,1.0,non-essential,3.9379815139087184
CYTDK1,ATP:cytidine 5'-phosphotransferase,0.4453701529337639,0.9999999999999992,non-essential,3.937981513909099
EX_pacald_e,R_EX_pacald_e,0.445370152933763,0.9999999999999971,non-essential,3.903542952847013
MALDDH,Malate decarboxylating oxidoreductase (decarboxylating),0.445370152933763,0.9999999999999971,non-essential,3.9379815139087175
EX_thr__L_e,R_EX_thr__L_e,0.4423690467061446,0.9932615461367345,non-essential,2.7098085162027745
FACOAE161,Fatty-acid-CoA thioesterase (hexadecenoate),0.4453701529337633,0.9999999999999979,non-essential,3.937981513908794
THIORDXi,Hydrogen peroxide reductase (thioredoxin),0.44537015293376403,0.9999999999999996,non-essential,3.9379815139087677
ADPDA,N6 acetyl LL 2 6 diaminoheptanedioate amidohydrolase,0.44537015293376375,0.9999999999999989,non-essential,3.937981513908695
FEENTERexs,Enterobactin Fe(III) binding (spontaneous),0.44537015293376375,0.9999999999999989,non-essential,3.937981513908876
AEPabcpp,AEP transport via ABC system periplasm,0.44537015293376375,0.9999999999999989,non-essential,3.9379815139080794
H2Otpp,H2O transport via diffusion (periplasm),0.44537015293376375,0.9999999999999989,non-essential,3.937981513908876
NIabc,Nickel transport via ABC system,0.44537015293376375,0.9999999999999989,non-essential,3.9379815139080794
3NUCLE1,3  nucleotidase  3  AMP,0.44537015293376375,0.9999999999999989,non-essential,3.9379815139087158
EX_mmet_e,R_EX_mmet_e,0.4447783813204467,0.9986712813837673,non-essential,3.9344455293829816
ACTNabc,Acetoin transport via ABC system,0.4453701529337642,0.9999999999999999,non-essential,3.93798151390913
ALCD19,Alcohol dehydrogenase (glycerol),0.445370152933764,0.9999999999999993,non-essential,3.937981513909228
AMANK_1,N-acetyl-D-mannosamine kinase,0.445370152933764,0.9999999999999993,non-essential,3.937981513908794
ADPGLC,ADPglucose diphosphatase,0.445370152933764,0.9999999999999993,non-essential,3.9379815139088623
NODOx,Nitric oxide dioxygenase,0.445370152933764,0.9999999999999993,non-essential,3.9379815139087433
KAS7,B-ketoacyl synthetase (n-C16:1),0.445370152933764,0.9999999999999993,non-essential,3.937981513908708
FCLT_2,Heme B synthesis reaction,0.445370152933764,0.9999999999999993,non-essential,3.9379815139086514
EX_drib_e,R_EX_drib_e,0.445370152933764,0.9999999999999993,non-essential,3.9379815139090293
PNP,Purine nucleoside phosphorylase,0.445370152933764,0.9999999999999993,non-essential,3.937981513908731
DHPPDA,Diaminohydroxyphosphoribosylaminopyrimidine deaminase,0.445370152933764,0.9999999999999993,non-essential,3.937981513908731
FACOAL160_ISO,Fatty acid  CoA ligase  Iso C160,1.0271691904391703e-16,2.3063269589867007e-16,essential,
NH4tpp,Ammonia reversible transport (periplasm),0.44537015293376514,1.000000000000002,non-essential,3.9379815139087055
GLCabc,D-glucose transport via ABC system,0.4453701529337639,0.9999999999999992,non-essential,3.9379815139087344
MELIBabc,Melibiose transport via ABC system (import),0.4453701529337639,0.9999999999999992,non-essential,3.9379815139086527
EX_glcn__D_e,R_EX_glcn__D_e,0.4453701529337639,0.9999999999999992,non-essential,3.93798151390875
FE3abcpp,Iron (III) transport via ABC system (periplasm to cytoplasm),0.4453701529337639,0.9999999999999992,non-essential,3.9379815139087357
GLUDC,Glutamate Decarboxylase,0.4453701529337639,0.9999999999999992,non-essential,3.9379815139087344
MDDEP2pp,"Murein D,D-endopeptidase (murein3px4p) (periplasm)",0.4453701529337639,0.9999999999999992,non-essential,3.9379815139087357
ADD,Adenine deaminase,0.4453701529337639,0.9999999999999992,non-essential,3.937981513908781
AMPEP8,Aminopeptidase,0.4453701529337639,0.9999999999999992,non-essential,3.937981513908711
PGI,Glucose-6-phosphate isomerase,0.42737599611233396,0.9595972996778112,non-essential,3.7736079319558997
MME,Methylmalonyl-CoA epimerase,0.4453701529337642,0.9999999999999999,non-essential,3.9379815139086336
EX_melib_e,R_EX_melib_e,0.445370152933763,0.9999999999999971,non-essential,3.9379815139088095
FACOAL161,Fatty acid  CoA ligase  hexadecenoate,0.445370152933763,0.9999999999999971,non-essential,3.9379815139088223
BUTSO3abcpp,Butanesulfonate transport via ABC system (periplasm),0.445370152933763,0.9999999999999971,non-essential,3.9379815139086443
SULFACabcpp,Sulfoacetate transport via ABC system (periplasm),0.445370152933763,0.9999999999999971,non-essential,3.937981513908731
OCTDPS,Octaprenyl pyrophosphate synthase,-1.1562837544545267e-12,-2.5962309033009897e-12,essential,
5DGLCNR,5-dehydro-D-gluconate reductase,0.44537015293376286,0.9999999999999969,non-essential,3.9379815139087677
AEPtex,AEP transport via diffusion extracellular to periplasm,0.4453701529337644,1.0000000000000004,non-essential,3.9379815139087384
FTHFCL,5 formethyltetrahydrofolate cyclo ligase,0.4453701529337644,1.0000000000000004,non-essential,3.937981513908901
MOBDabc_rev,T06232b,0.4453701529337644,1.0000000000000004,non-essential,3.9379815139087198
AGDC,N-acetylglucosamine-6-phosphate deacetylase,0.4453701529337644,1.0000000000000004,non-essential,3.9379815139087677
EX_sucr_e,R_EX_sucr_e,0.4453701529337644,1.0000000000000004,non-essential,3.9379815139087735
ARGDr,Arginine deiminase,0.4453701529337644,1.0000000000000004,non-essential,3.937981513908901
HADPCOADH,3-hydroxyadipyl-CoA dehydrogenase,0.4453701529337644,1.0000000000000004,non-essential,3.903542952847132
Zn2tex,Zinc (Zn+2) transport via diffusion (extracellular to periplasm),0.4453701529337644,1.0000000000000004,non-essential,3.9379815139092513
EX_3gmp_e,R_EX_3gmp_e,0.17156762868766087,0.38522480134221415,critical,5.913712676013809
EX_ptrc_e,R_EX_ptrc_e,0.4453701529337641,0.9999999999999997,non-essential,3.937981513907222
AGPATr_BS,1 acylglycerol 3 phosphate O acyltransferase,6.564824485549539e-17,1.4740153650408323e-16,essential,
PE160abcpp,"Phosphatidylethanolamine transport via ABC system (n-C16:0, periplasm)",0.44537015293376386,0.9999999999999991,non-essential,3.9379815139086656
PGSA181,Phosphatidylglycerol synthase (n-C18:1),0.4453701529337672,1.0000000000000067,non-essential,3.937981513908679
GLUSfx,Glutamate synthase (ferredoxin),0.4453701529337672,1.0000000000000067,non-essential,3.937981513908699
EX_isetac_e,R_EX_isetac_e,0.4453701529337672,1.0000000000000067,non-essential,3.9379815139086967
CA2tex,Calcium (Ca+2) transport via diffusion (extracellular to periplasm),0.4453701529337672,1.0000000000000067,non-essential,3.937981513908699
SUCD5_BS,Succinate dehydrogenase,0.4453701529337672,1.0000000000000067,non-essential,3.9379815139086967
EX_salcn_e,R_EX_salcn_e,0.4453701529337672,1.0000000000000067,non-essential,3.937981513908699
AGM4PH,"N-Acetyl-D-glucosamine(anhydrous)N-Acetylmuramyl-tetrapeptide beta -1,4-N-acetylglucosaminidase",0.4453701529337672,1.0000000000000067,non-essential,3.9379815139086967
AMPEP14,Aminopeptidase,0.4453701529337672,1.0000000000000067,non-essential,3.937981513908699
OAADCS,Oxaloacetate decarboxylase sodium pump,0.4453701529337672,1.0000000000000067,non-essential,3.9379815139086967
SSALx,Succinate-semialdehyde dehydrogenase (NAD),0.4453701529337672,1.0000000000000067,non-essential,3.937981513908699
METGL,Methionine g lyase,0.4453701529337672,1.0000000000000067,non-essential,3.9379815139086967
EX_salchs2fe_e,R_EX_salchs2fe_e,0.4453701529337672,1.0000000000000067,non-essential,3.937981513908682
BUTSO3tex,Butanesulfonate transport via diffusion (extracellular to periplasm),0.4453701529337672,1.0000000000000067,non-essential,3.9379815139087193
ETHSO3abcpp,Ethanesulfonate transport via ABC system (periplasm),0.4453701529337672,1.0000000000000067,non-essential,3.937981513908699
HXANt2r,Hypoxanthine reversible transport via proton symport,0.4453701529337672,1.0000000000000067,non-essential,3.937981513908662
ASNabc,L-asparagine transport via ABC system,0.4453701529337672,1.0000000000000067,non-essential,3.937981513908699
NAtex,Sodium transport via diffusion (extracellular to periplasm),0.4453701529337672,1.0000000000000067,non-essential,3.9379815139087007
3NUCLE2,3  nucleotidase  3  UMP,0.4453701529337635,0.9999999999999982,non-essential,3.9379815139086443
EX_met_L_ala__L_e,R_EX_met_L_ala__L_e,0.4453701529337635,0.9999999999999982,non-essential,3.937981513908711
13PPDH2_1,"1,3-propanediol dehydrogenase",0.4453701529337635,0.9999999999999982,non-essential,3.937981513908724
NOS1_1,Nitric Oxide Synthase (intermediate forming),0.4453701529337635,0.9999999999999982,non-essential,3.9379815139087015
ABUTt2r,4 aminobutyrate reversible transport in via proton symport,0.44425646543136116,0.9974994114556915,non-essential,4.018373814775225
AMPEP16,Aminopeptidase,0.44537015293376403,0.9999999999999996,non-essential,3.9379815139086514
CGLYabcpp,L-Cysteinylglycine (Cys-Gly) transport via ABC system (periplasm),0.4453701529337638,0.999999999999999,non-essential,3.9379815139087055
PFK,Phosphofructokinase,0.4453701529337638,0.999999999999999,non-essential,3.937981513908699
DURIK1,Deoxyuridine kinase (ATP:Deoxyuridine),0.4453701529337638,0.999999999999999,non-essential,3.9379815139087055
TNTR2,TNT nitroreductase 2 Hydroxylamino 4 6 dinitrotoluene,0.4453701529337638,0.999999999999999,non-essential,3.937981513908714
AMPD2,AMP deaminase,0.4453701529337638,0.999999999999999,non-essential,3.9379815139087055
NNDPR,Nicotinate-nucleotide diphosphorylase (carboxylating),0.4453701529337638,0.999999999999999,non-essential,3.937981513908714
METabcpp,L-methionine transport via ABC system (periplasm),0.4453701529337638,0.999999999999999,non-essential,3.9379815139087055
ALAabcpp,L-alanine transport via ABC system (periplasm),0.4453701529337638,0.999999999999999,non-essential,3.937981513908714
SULR,Sulfite reductase (NADPH2),0.4453701529337638,0.999999999999999,non-essential,3.9379815139087055
EX_gly_pro__L_e,R_EX_gly_pro__L_e,0.4453701529337638,0.999999999999999,non-essential,3.937981513908714
GCALDD,Glycolaldehyde dehydrogenase,0.4453701529337638,0.999999999999999,non-essential,3.9379815139087055
ALATRPabcpp,L Alaninyltryptophan  Ala Trp  transport via ABC system  periplasm,0.4453701529337638,0.999999999999999,non-essential,3.937981513908714
D5KGK,2-Deoxy-5-Keto-D-gluconate kinase,0.4453701529337638,0.999999999999999,non-essential,3.9379815139087055
TARTRt7pp,Tartrate/succinate antiporter (periplasm),0.4453701529337638,0.999999999999999,non-essential,3.937981513908714
EX_mobd_e,R_EX_mobd_e,0.4453701529337638,0.999999999999999,non-essential,3.9379815139087055
ADCS,4-amino-4-deoxychorismate synthase,0.4453701529337638,0.999999999999999,non-essential,3.937981513908714
FMNAT,FMN adenylyltransferase,7.825978247186039e-17,1.7571851628660718e-16,essential,
PUNP4,Purine-nucleoside phosphorylase (Deoxyguanosine),0.44537015293376375,0.9999999999999989,non-essential,3.9379815139087055
XANt2,Xanthine transport in via proton symport,0.4453701529337637,0.9999999999999988,non-essential,3.937981513908714
GLCpts,D-glucose transport via PEP:Pyr PTS,0.4453701529337637,0.9999999999999988,non-essential,3.9379815139087055
OHPBAT,O-Phospho-4-hydroxy-L-threonine:2-oxoglutarate aminotransferase,0.4453701529337637,0.9999999999999988,non-essential,3.9379815139086904
AKP1,Alkaline phosphatase  Dihydroneopterin,0.4453701529337637,0.9999999999999988,non-essential,3.9379815139086656
IPPMIa,3-isopropylmalate dehydratase,0.4453701529337637,0.9999999999999988,non-essential,3.9379815139086967
ACACt2pp,Acetoacetate transport via proton symport  (periplasm),0.4453701529337637,0.9999999999999988,non-essential,3.937981513908657
PROabc,L-proline transport via ABC system,0.4453701529337637,0.9999999999999988,non-essential,3.9379815139086762
UNK5,2 keto 4 methylthiobutyrate transamination,0.4453701529337637,0.9999999999999988,non-essential,3.9379815139103522
PPCOAC,Propionyl-CoA carboxylase,0.4453701529337637,0.9999999999999988,non-essential,3.937981513907932
NTPP8,Nucleoside triphosphate pyrophosphorylase (utp),0.4453701529337637,0.9999999999999988,non-essential,3.9379815139082766
NTPP4,Nucleoside triphosphate pyrophosphorylase (ctp),0.4453701529337637,0.9999999999999988,non-essential,3.9379815139082344
KARA1,"Ketol-acid reductoisomerase (2,3-dihydroxy-3-methylbutanoate)",0.4453701529337637,0.9999999999999988,non-essential,3.8519696960776724
HMGL,Hydroxymethylglutaryl-CoA lyase,0.4453701529337637,0.9999999999999988,non-essential,3.9379815139088308
EX_d23hb_e,R_EX_d23hb_e,0.4453701529337637,0.9999999999999988,non-essential,3.937981513909423
ACS_1,Acetyl-CoA synthetase,0.4453701529337637,0.9999999999999988,non-essential,3.937981513908306
HACD8,"3-hydroxyacyl-CoA dehydrogenase (3-oxooctadecanoyl-CoA), peroxisomal",0.4453701529337637,0.9999999999999988,non-essential,3.937981513909529
EX_co2_e,R_EX_co2_e,0.4453701529337637,0.9999999999999988,non-essential,3.9379815139103305
ANS2,Anthranilate synthase 2,0.4453701529337637,0.9999999999999988,non-essential,3.9379815139088414
LYSabcpp,L-lysine transport via ABC system (periplasm),0.4453701529337637,0.9999999999999988,non-essential,3.9379815139084635
RU5PS,Ribulose-5-P Synthetase,0.4309717903017395,0.9676710203025973,non-essential,3.8106705894969086
SO3tex,Sulfite transport via diffusion (extracellular to periplasm),0.445370152933764,0.9999999999999993,non-essential,3.93798151391022
AGM3PH,"N-Acetyl-D-glucosamine(anhydrous)N-Acetylmuramyl-tripeptide beta -1,4-N-acetylglucosaminidase",0.445370152933763,0.9999999999999971,non-essential,3.9379815139087366
NO3t,"Nitrate transport, extracellular",0.445370152933763,0.9999999999999971,non-essential,3.9379815139094525
EX_fald_e,R_EX_fald_e,0.43097179030173927,0.9676710203025969,non-essential,3.810670589496885
EX_tagur_e,R_EX_tagur_e,0.4453701529337638,0.999999999999999,non-essential,3.937981513908765
SHSL2,O succinylhomoserine lyase  H2S,0.44537015293376325,0.9999999999999978,non-essential,3.9379815139087366
METabc,L-methionine transport via ABC system,0.44537015293376325,0.9999999999999978,non-essential,3.9379815139086554
EX_glyc_e,R_EX_glyc_e,0.44537015293376553,1.0000000000000029,non-essential,3.937981513908699
GLYMETabcpp,L Glycinylmethionine  Gly Met  transport via ABC system  periplasm,0.4453701529337648,1.0000000000000013,non-essential,3.937981513908351
DASYN160,CDP-diacylglycerol synthetase (n-C16:0),0.4453701529337648,1.0000000000000013,non-essential,3.9379815139088055
PSSA161,Phosphatidylserine syntase (n-C16:1),0.4453701529337648,1.0000000000000013,non-essential,3.937981513909337
MCTC_1,,0.4453701529337648,1.0000000000000013,non-essential,3.9379815139091483
O2tpp,O2 transport via diffusion (periplasm),0.39353789738614153,0.8836198267751202,non-essential,2.819016337335185
GLYLEUtr,Gly-Leu ABC transporters,0.4453701529337644,1.0000000000000004,non-essential,3.9379815139087486
EX_ala_L_asp__L_e,R_EX_ala_L_asp__L_e,0.4453701529337637,0.9999999999999988,non-essential,3.9379815139087158
EX_gly_cys_e,R_EX_gly_cys_e,0.4453701529337637,0.9999999999999988,non-essential,3.9379815139090186
SSCOARy,Succinyl-coA reductase (NADPH),0.4442564654313612,0.9974994114556917,non-essential,4.018373814775372
FDMO3_1,FMN dependent monooxygenase  hexanesulfonate,0.44537015293376336,0.999999999999998,non-essential,3.9379815139088006
SERGLUGLNtr,Tripeptide transport,0.4453701529337591,0.9999999999999885,non-essential,3.9379815139087846
MTRK,5-methylthioribose kinase,0.4453701529337591,0.9999999999999885,non-essential,3.9379815139084724
EX_h2s_e,R_EX_h2s_e,0.444720631055748,0.99854161336646,non-essential,3.9611845208207583
UDCPDPex,Undecaprenyl-diphosphatase (periplasm),0.4453701529337647,1.0000000000000009,non-essential,3.9379815139086847
HACD5,3-hydroxyacyl-CoA dehydrogenase (3-oxododecanoyl-CoA),0.4453301418985495,0.9999101622887139,non-essential,3.7820968466410436
UAGPT3,UDP-N-acetylglucosamine-N-acetylmuramyl-(pentapeptide)pyrophosphoryl-undecaprenol N-acetylglucosamine transferase,-4.338374197495642e-16,-9.741052849899549e-16,essential,
EX_arab__L_e,R_EX_arab__L_e,0.4453701529337626,0.9999999999999962,non-essential,3.9379815139085608
PYRtex,Pyruvate transport via diffusion (extracellular to periplasm),0.4453701529337637,0.9999999999999988,non-essential,3.937981513908658
SHSL2r,O-succinylhomoserine lyase (H2S),0.4453701529337637,0.9999999999999988,non-essential,3.9379815139088095
ZN2t6,Zinc  Zn2  transport out via proton antiport  periplasmexternal,0.4453701529337637,0.9999999999999988,non-essential,3.937981513908375
NH3c,Ammomnium proton dissociation,0.4453701529337637,0.9999999999999988,non-essential,3.9379815139086602
TNTHAC1,2 4 6 dinitrotoluene meisenheimer dihydrideTNT derived hydroxylamines condensation,0.4453701529337637,0.9999999999999988,non-essential,3.9379815139088272
ALDD3,Aldehyde dehydrogenase  propanal  NAD,0.4453701529337637,0.9999999999999988,non-essential,3.937981513908803
GalMr,Aldose 1-epimerase,0.4453701529337637,0.9999999999999988,non-essential,3.9379815139086496
NTD6,5'-nucleotidase (dAMP),0.4453701529337637,0.9999999999999988,non-essential,3.9379815139088508
EX_pyr_e,R_EX_pyr_e,0.4453701529337637,0.9999999999999988,non-essential,3.9379815139088308
AMPEP17,Aminopeptidase,0.4453701529337637,0.9999999999999988,non-essential,3.9379815139086896
2AACLPGT161,2 acyl acyl carrier protein glycerophospho glycerol acyltransferase  n C160,0.4453701529337637,0.9999999999999988,non-essential,3.937981513908859
GUACYC,Guanylate cyclase,0.4453701529337637,0.9999999999999988,non-essential,3.937981513908763
PPRDNDH,Piperideine dehydrogenase,0.4453701529337637,0.9999999999999988,non-essential,3.937981513908711
EX_fol_e,R_EX_fol_e,0.44534956174159196,0.9999537661155857,non-essential,3.938100363973173
FACOAL120t2pp,Fatty-acid-CoA ligase (dodecanoate transport via vectoral Co-A coupling),0.445370152933764,0.9999999999999993,non-essential,3.937981513908699
EX_serglugly_e,R_EX_serglugly_e,0.4453701529337642,0.9999999999999999,non-essential,3.9379815139088157
EX_inost_e,R_EX_inost_e,0.4453701529337642,0.9999999999999999,non-essential,3.9379815139088463
AM3PA,Anhydrous-N-Acetylmuramyl-tripeptide amidase,0.4453701529337642,0.9999999999999999,non-essential,3.9379815139087593
EX_tre_e,R_EX_tre_e,0.4453701529337642,0.9999999999999999,non-essential,3.9379815139087593
HYXNtex,Hypoxanthine transport via diffusion (extracellular to periplasm),0.4453701529337642,0.9999999999999999,non-essential,3.9379815139087886
ACALDt,Acetaldehyde reversible transport,0.4453701529337633,0.9999999999999979,non-essential,3.937981513908694
GCCc,Glycine-cleavage complex,0.4453701529337636,0.9999999999999986,non-essential,3.9379815139087366
GLUt4,Na+/glutamate symport,0.4453701529337636,0.9999999999999986,non-essential,3.937981513908695
23PDE9pp,"2',3'-cyclic-nucleotide phosphodiesterase (GMP) (periplasm)",0.3446191415899198,0.7737814025475833,non-essential,3.0124885622119764
GLYK,Glycerol kinase,0.44537015293376453,1.0000000000000007,non-essential,3.9379815139090555
TSULabc,Thiosulfate transport via ABC system,0.4453701529337645,1.0000000000000004,non-essential,3.9379815139087175
GLNS,Glutamine synthetase,0.4453701529337645,1.0000000000000004,non-essential,3.8746379333340575
MYCTR,MYCTR,0.4453701529337624,0.9999999999999959,non-essential,3.937981513908667
4PEPTabcpp,Tetrapeptide (LalaDgluMdapDala) transport via ABC system (periplasm),0.4453701529337624,0.9999999999999959,non-essential,3.9379815139089187
NAt3pp,Sodium transport out via proton antiport (cytoplasm to periplasm),0.4453701529337624,0.9999999999999959,non-essential,3.9379815139088734
PPNDH,Prephenate dehydratase,0.4453701529337624,0.9999999999999959,non-essential,3.9379815139087375
ALAHISabcpp,L Alaninylhistidine  Ala His  transport via ABC system  periplasm,0.4453701529337624,0.9999999999999959,non-essential,3.9379815139087753
TGBPA,Tagatose-bisphosphate aldolase,0.4453701529337624,0.9999999999999959,non-essential,3.9379815139087375
PLCD,PLCD,0.4453701529337624,0.9999999999999959,non-essential,3.9379815139087753
MCTP2App,Murein crosslinking transpeptidase 1A:(A2pm->D-ala) (periplasm),0.4453701529337624,0.9999999999999959,non-essential,3.9379815139087375
TYRTA,Tyrosine transaminase,0.4453701529337624,0.9999999999999959,non-essential,3.9379815139087753
AEPPYRTA,2 aminoethylphosphonate pyruvate transaminase,0.4453701529337624,0.9999999999999959,non-essential,3.9379815139087375
TNTR2x,TNT nitroreductase 2 Hydroxylamino 4 6 dinitrotoluene,0.4453701529337624,0.9999999999999959,non-essential,3.9379815139087753
GALURt2rpp,"D-galacturonate transport via proton symport, reversible (periplasm)",0.4453701529337624,0.9999999999999959,non-essential,3.9379815139087375
ACPS1,Acyl-carrier protein synthase,0.4453701529337624,0.9999999999999959,non-essential,3.9379815139087753
KAS1,B-ketoacyl synthetase (Iso-C14:0),-6.268488259915497e-16,-1.4074783006053283e-15,essential,
HETZK,Hydroxyethylthiazole kinase,0.44537015293376364,0.9999999999999987,non-essential,3.9379815139087375
AGMt2pp,GlcNAc-anhMurNAc transport in via proton symport (periplasm),0.4453701529337634,0.9999999999999981,non-essential,3.9379815139087753
ALR2,Aldose reductase (methylglyoxal),0.4453701529337634,0.9999999999999981,non-essential,3.9379815139087375
G3PD1ir,Glycerol 3 phosphate dehydrogenase  NAD,0.4441518939973864,0.9972646147741314,non-essential,3.9370808933001022
HMGL_2,,0.44537015293376375,0.9999999999999989,non-essential,3.937981513908689
UPPDC1,Uroporphyrinogen decarboxylase (uroporphyrinogen III),0.44537015293376375,0.9999999999999989,non-essential,3.9379815139087073
EX_co_e,R_EX_co_e,0.44537015293376375,0.9999999999999989,non-essential,3.937981513908674
ACACT7r,Acetyl-CoA C-acyltransferase (tetradecanoyl-CoA) (r),0.44512404512891257,0.9994474084012355,non-essential,3.9344344363491817
AGPAT160,1-hexadecanoyl-sn-glycerol 3-phosphate O-acyltransferase (n-C16:0),0.4453701529337643,1.0000000000000002,non-essential,3.9379815139087166
RNDR1,Ribonucleoside-diphosphate reductase (ADP),0.44537015293376364,0.9999999999999987,non-essential,3.937981513903558
ALATA_D2,D-alanine transaminase,0.44537015293376364,0.9999999999999987,non-essential,3.9379815139089187
EX_fe3mcbtt_e,R_EX_fe3mcbtt_e,0.44537015293376364,0.9999999999999987,non-essential,3.937981513908766
EX_octa_e,R_EX_octa_e,0.44537015293376364,0.9999999999999987,non-essential,3.937981513908673
SUCCt2_2pp,Succinate transport via proton symport (2 H) (periplasm),0.44537015293376364,0.9999999999999987,non-essential,3.937981513908778
CYTB_B2,Menaquinol oxidase  71 protons,0.44537015293376364,0.9999999999999987,non-essential,3.937981513908674
SHCHD2_1,Sirohydrochlorin dehydrogenase  NAD,0.44537015293376364,0.9999999999999987,non-essential,3.937981513908815
EX_ac_e,R_EX_ac_e,0.44537015293376364,0.9999999999999987,non-essential,3.937981513908695
ACALDtpp,Acetaldehyde reversible transport (periplasm),0.44537015293376364,0.9999999999999987,non-essential,3.9379815139087193
EX_acon_C_e,R_EX_acon_C_e,0.44537015293376364,0.9999999999999987,non-essential,3.937981513908667
EX_leu__L_e,R_EX_leu__L_e,0.44537015293376364,0.9999999999999987,non-essential,3.0552454880191893
UAGPT2_1,UDP-N-acetylglucosamine-N-acetylmuramyl-(pentapeptide)pyrophosphoryl-undecaprenol N-acetylglucosamine transferase,0.4453701529337639,0.9999999999999992,non-essential,3.9379815139091114
ME2,Malic enzyme (NADP),0.4453701529337639,0.9999999999999992,non-essential,3.9379815139088215
G3POA_BS,Glycerol 3 phosphate O acyltransferase,-4.091875245541731e-17,-9.187582999416392e-17,essential,
GLNabc,L-glutamine transport via ABC system,0.44537015293378135,1.0000000000000384,non-essential,3.9379815139087366
MLDCP1App,"Murein L,D-carboxypeptidase (murein5px4p) (periplasm)",0.44537015293376353,0.9999999999999983,non-essential,3.9379815139086514
EX_but_e,R_EX_but_e,0.44537015293376353,0.9999999999999983,non-essential,3.9379815139088357
MCITS,2-methylcitrate synthase,0.44537015293376353,0.9999999999999983,non-essential,3.7803107518962857
GLCAt2,,0.44537015293376353,0.9999999999999983,non-essential,3.937981513908741
VALDHr,Valine dehydrogenase,0.44537015293376353,0.9999999999999983,non-essential,3.937981513908886
CYTB_B3,Menauinol oxidase  72 protons,0.4453701529337634,0.9999999999999981,non-essential,3.937981513909031
GTHRDHpp,Glutathione hydralase (periplasmic),0.4453701529337644,1.0000000000000004,non-essential,3.9379815139087206
EX_dca_e,R_EX_dca_e,0.4453701529337644,1.0000000000000004,non-essential,3.9379815139086527
OIVD1r,2-oxoisovalerate dehydrogenase (acylating; 4-methyl-2-oxopentaoate),0.4453701529337644,1.0000000000000004,non-essential,2.874657733684425
ACTD2,Acetoin dehydrogenase,0.4453701529337644,1.0000000000000004,non-essential,3.9379815139085403
PPTGS_BS,Peptidoglycan subunit synthesis,0.0,0.0,essential,
GLUt2r,L glutamate transport via proton symport  reversible,0.4453701529337644,1.0000000000000004,non-essential,3.9379815139083965
FACOAL170_anteiso,Fatty acid  CoA ligase  anteiso C170,-8.81722696836408e-17,-1.9797525519576935e-16,essential,
ATPM,R_ATPM,0.5903328679129809,1.32548816759343,non-essential,5.21974790088804
EX_icit_e,R_EX_icit_e,0.44537015293376353,0.9999999999999983,non-essential,3.9379815139088903
GLYGLNabcpp,L Glycinylglutamine  Gly Gln  transport via ABC system  periplasm,0.44537015293376353,0.9999999999999983,non-essential,3.9379815139086816
MDNTHAep,N  2 methyl 3 5 dinitrophenyl  4 methyl 3 5 dinitroaniline extrusion pump,0.44537015293376353,0.9999999999999983,non-essential,3.9379815139095307
OXCOAHDH,"Oxepin-CoA hydrolase/ 3-oxo-5,6-dehydrosuberyl-CoA semialdehyde dehydrogenase (NADP+)",0.44537015293376353,0.9999999999999983,non-essential,3.937981513908648
ALTRH,Altronate hydrolase,0.44537015293376353,0.9999999999999983,non-essential,3.93798151390985
SERD_L,L-serine deaminase,0.44537015293376353,0.9999999999999983,non-essential,3.937981513908913
ASPCT_2,Aspartate carbamoyltransferase,0.44537015293376353,0.9999999999999983,non-essential,3.9379815139091106
G6PDA,Glucosamine-6-phosphate deaminase,0.44537015293376353,0.9999999999999983,non-essential,3.937981513908554
EX_glygln_e,R_EX_glygln_e,0.44537015293376353,0.9999999999999983,non-essential,3.9379815139087393
SUCD2,Succinate dehydrogenase dehydrogenase (menaquinone 8 as acceptor),0.44286068473632356,0.9943654324814759,non-essential,2.8837781166484593
GALS3,A-galactosidase (melibiose),0.44537015293376414,0.9999999999999998,non-essential,3.937981513908729
NODOy,Nitric oxide dioxygenase,0.4453701529337633,0.9999999999999979,non-essential,3.9379815139087118
RPE,Ribulose 5-phosphate 3-epimerase,0.3307592140293931,0.7426613836841102,non-essential,2.902508909715513
LDH_D,D-lactate dehydrogenase,0.4453701529337641,0.9999999999999997,non-essential,3.9379815139087233
UAGCVT,UDP-N-acetylglucosamine 1-carboxyvinyltransferase,8.617163864056e-17,1.9348319161696385e-16,essential,
2AGPG160tipp,2-Acyl-sn-glycero-3-phosphoglycerol (n-C16:0) transporter via facilitated diffusion (periplasm),0.4453701529337642,0.9999999999999999,non-essential,3.9379815139087033
TNTtex,Trinitrotoluene transport via diffusion  extracellular to periplasm  irreversible,0.4453701529337639,0.9999999999999992,non-essential,3.9379815139087913
G3PCT,Glycerol-3-phosphate cytidylyltransferase,-4.239492252399293e-17,-9.519030910519487e-17,essential,
LYSt3r,L lysine transport out via proton antiport reversible,0.4453701529337605,0.9999999999999916,non-essential,3.937981513908709
BTNt,Biotin ABC transporter,0.4453701529337636,0.9999999999999986,non-essential,3.9379815139086856
DKMD2K,1 2 dihydroxy 3 keto 5 methylthiopentene dioxygenase  2 keto 4 methylthiobutyrate,0.4453701529337636,0.9999999999999986,non-essential,3.9379815139087317
GLYPHEtr,Gly-Phe ABC transporters,0.4453701529337636,0.9999999999999986,non-essential,3.9379815139088885
G3PAT160,Glycerol-3-phosphate acyltransferase (C16:0),0.4453701529337636,0.9999999999999986,non-essential,3.937981513908682
ACONTb,"Aconitase (half-reaction B, Isocitrate hydro-lyase)",0.4453701529337636,0.9999999999999986,non-essential,3.9379815139087913
PUNP6,Purine-nucleoside phosphorylase (Deoxyinosine),0.4453701529337636,0.9999999999999986,non-essential,3.937981513908662
ARGDI_1,Arginine deiminase,0.4453701529337636,0.9999999999999986,non-essential,3.9379815139086856
ECOAH1_1,3 hydroxyacyl CoA dehydratase  3 hydroxybutanoyl CoA,0.4453701529337636,0.9999999999999986,non-essential,3.9379815139087317
NAabcO,Sodium transport out via ABC system,0.4453701529337636,0.9999999999999986,non-essential,3.9379815139088885
GDH1,Glutamate dehydrogenase (NAD),0.4453701529337636,0.9999999999999986,non-essential,3.937981513908682
ACTDa,Acetoin dehydrogenase,0.4453701529337636,0.9999999999999986,non-essential,3.9379815139087913
URIC,Uricase,0.4453701529337636,0.9999999999999986,non-essential,3.937981513908662
HEXSabc,Hexanesulfonate transport via ABC system,0.4453701529337636,0.9999999999999986,non-essential,3.9379815139086856
FACOAL60t2pp,Fatty-acid-CoA ligase (hexanoate transport via vectoral Co-A coupling),0.4453701529337636,0.9999999999999986,non-essential,3.9379815139087317
ACACT5r,Acetyl-CoA C-acyltransferase (decanoyl-CoA) (r),0.4453701529337636,0.9999999999999986,non-essential,3.9379815139088885
GARFT,Phosphoribosylglycinamide formyltransferase,0.4453701529337636,0.9999999999999986,non-essential,3.937981513908682
LPLIPAL2E161,"Lysophospholipase L2 (2-acylglycerophosphoethanolamine, n-C16:1)",0.4453701529337636,0.9999999999999986,non-essential,3.9379815139087686
PGK,Phosphoglycerate kinase,0.1871374638528913,0.4201841156623769,critical,1.7224130441998067
THZPSN_1,Thiazole phosphate synthesis,0.44537015293376475,1.000000000000001,non-essential,3.937981513908731
GLUDxi,Glutamate dehydrogenase  NAD,0.4453701529337639,0.9999999999999992,non-essential,3.937981513908683
AHSERL2,O acetylhomoserine  thiol  lyase,0.4453701529337639,0.9999999999999992,non-essential,3.9164034034851958
PERD,Erythronate 4-phosphate (4per) dehydrogenase,0.44537015293376364,0.9999999999999987,non-essential,3.937981513908751
ZNabc,Zinc transport via ABC system,0.44537015293376364,0.9999999999999987,non-essential,3.9379815139087953
ADNUC,Adenosine hydrolase,0.44537015293376364,0.9999999999999987,non-essential,3.937981513908761
ID3ACALDt,Indoleacetaldehyde transport  extracellular,0.44537015293376364,0.9999999999999987,non-essential,3.937981513908664
HXPRT,Hypoxanthine phosphoribosyltransferase (Hypoxanthine),0.44537015293376364,0.9999999999999987,non-essential,3.937981513908934
NOS3,N-omega-Hydroxyarginine NADPH oxygen oxidoreductase,0.44537015293376364,0.9999999999999987,non-essential,3.9379815139086354
LYSt3pp,L-lysine transport out via proton antiport (cytoplasm to periplasm),0.44537015293376364,0.9999999999999987,non-essential,3.937981513908808
DSERt2pp,D-serine transport in via proton symport (periplasm),0.44537015293376364,0.9999999999999987,non-essential,3.9379815139087158
EX_hxa_e,R_EX_hxa_e,0.44537015293376364,0.9999999999999987,non-essential,3.9379815139086807
EX_glyser_e,R_EX_glyser_e,0.44537015293376364,0.9999999999999987,non-essential,3.937981513908796
GLYPHEtex,L GlyPhe transport via diffusion  extracellular to periplasm,0.44537015293376364,0.9999999999999987,non-essential,3.9379815139089347
RECOAH2,3 hydroxyacyl Coa dehydratase   3R  3 hydroxyhexanoyl CoA,0.44537015293376364,0.9999999999999987,non-essential,3.937981513908699
EX_mal__D_e,R_EX_mal__D_e,0.44537015293376364,0.9999999999999987,non-essential,3.9379815139088934
PGMT_2,,0.44537015293376364,0.9999999999999987,non-essential,3.9379815139086856
PHEMEt,Heme transport,0.44537015293376364,0.9999999999999987,non-essential,3.9379815139087193
MTHFD,Methylenetetrahydrofolate dehydrogenase (NADP),0.44537015293376364,0.9999999999999987,non-essential,3.9379815139086856
NDPK2,Nucleoside-diphosphate kinase (ATP:UDP),5.600953164052084e-17,1.2575950874025144e-16,essential,
FE2t4pp,Iron(II) transport out via antiport (periplasm),0.4453701529337634,0.9999999999999981,non-essential,3.937981513908712
XYLI1,Xylose isomerase,0.44537015293376364,0.9999999999999987,non-essential,3.9379815139087535
MNLptspp,Mannitol transport via PEP:Pyr PTS (periplasm),0.44537015293376364,0.9999999999999987,non-essential,3.937981513908761
EX_asp__L_e,R_EX_asp__L_e,0.44537015293376364,0.9999999999999987,non-essential,3.937981513908783
ISETACabcpp,Isethionate transport via ABC system (periplasm),0.44537015293376364,0.9999999999999987,non-essential,3.9379815139087175
EX_acac_e,R_EX_acac_e,0.44537015293376364,0.9999999999999987,non-essential,3.9379815139087273
EX_glyphe_e,R_EX_glyphe_e,0.44537015293376364,0.9999999999999987,non-essential,3.9379815139087015
BZDH,Benzaldehyde dehydrogenase,0.44537015293376364,0.9999999999999987,non-essential,3.937981513908783
SHGO,S-2-hydroxyglutarate oxidase,0.44537015293376364,0.9999999999999987,non-essential,3.9379815139087175
KAS11,B-ketoacyl synthetase (Iso-C17:0),-1.118298305970886e-16,-2.5109412891824387e-16,essential,
ALDD20x,"Aldehyde dehydrogenase (indole-3-acetaldehyde, NAD)",0.44537015293376353,0.9999999999999983,non-essential,3.937981513908727
PPPGO,Protoporphyrinogen oxidase (aerobic),0.44537015293376364,0.9999999999999987,non-essential,3.937981513908814
GLCURDH,Glucoronate dehydrogenase,0.44537015293376364,0.9999999999999987,non-essential,3.9379815139090635
METSR_S2,L methionine S oxide reductase  H2O2,0.44537015293376364,0.9999999999999987,non-essential,3.9379815139087175
ALDD2x,"Aldehyde dehydrogenase (acetaldehyde, NAD)",0.44537015293376364,0.9999999999999987,non-essential,3.9379815139087566
LYStex,L-lysine transport via diffusion (extracellular to periplasm),0.44537015293376364,0.9999999999999987,non-essential,3.937981513908814
CITt14,Citrate transport in via Ca complex,1.1242583123322403e-16,2.524323430581215e-16,essential,
EX_ala__D_e,R_EX_ala__D_e,0.4453701529337639,0.9999999999999992,non-essential,3.9379815139090635
CD2t4pp,Cadmium (Cd+2) transport out via proton antiport (periplasm),0.44537015293376336,0.999999999999998,non-essential,3.9379815139087175
TSULabcpp,Thiosulfate transport via ABC system (periplasm),0.44537015293376336,0.999999999999998,non-essential,3.9379815139087566
GLUPRT,Glutamine phosphoribosyldiphosphate amidotransferase,0.44537015293376336,0.999999999999998,non-essential,3.937981513908814
ACODA,Acetylornithine deacetylase,0.44537015293376336,0.999999999999998,non-essential,3.9379815139090635
CAT,Catalase,0.44537015293376336,0.999999999999998,non-essential,3.9379815139087175
2AACLPPEAT180,2 acyl acyl carrier protein glycerophospho glycerol acyltransferase  n C160,0.44537015293376336,0.999999999999998,non-essential,3.937981513908663
GLCptspp,D-glucose transport via PEP:Pyr PTS (periplasm),0.44537015293376336,0.999999999999998,non-essential,3.9379815139087837
IBTMr,Isobutyryl-CoA mutase,0.44535168540877523,0.999958534435082,non-essential,3.7791742254660448
MGCH,Methylglutaconyl-CoA hydratase,0.4453701529337636,0.9999999999999986,non-essential,3.937981513908652
MDDCP2pp,"Murein D,D-carboxypeptidase (murein5px4px4p) (periplasm)",0.44537015293376336,0.999999999999998,non-essential,3.9379815139087593
LALALGLUtex,L-alanyl-L-glutamate transport via diffusion (extracellular to periplasm),0.44537015293376336,0.999999999999998,non-essential,3.937981513908767
REPHACCOAI,"Ring 1,2-epoxyphenylacetyl-CoA isomerase (oxepin-CoA forming)",0.44537015293376336,0.999999999999998,non-essential,3.9379815139087535
CYTK2,Cytidylate kinase (dCMP),0.44537015293376336,0.999999999999998,non-essential,3.937981513908606
PUNP3,Purine-nucleoside phosphorylase (Guanosine),0.4442859966746025,0.9975657186454455,non-essential,3.93718003120185
CYTDH,Cytidine hydrolase,0.44537015293376364,0.9999999999999987,non-essential,3.9379815139087007
AACPS5,Acyl-[acyl-carrier-protein] synthetase  (n-C18:1),0.4453701529337635,0.9999999999999982,non-essential,3.937981513908792
ZN2t3pp,Zinc (Zn+2) transport out via proton antiport (periplasm),0.4453701529337635,0.9999999999999982,non-essential,3.9379815139087344
ADPT,Adenine phosphoribosyltransferase,0.4453701529337634,0.9999999999999981,non-essential,3.9379815139023866
ARBabc,L-arabinose transport via ABC system,0.44537015293376364,0.9999999999999987,non-essential,3.937981513908744
CYSDS,Cysteine Desulfhydrase,0.44537015293376364,0.9999999999999987,non-essential,3.9379815139087184
G6PI,Glucose 6 phosphate isomerase,0.44537015293376364,0.9999999999999987,non-essential,3.937981513908729
ACOAM,Acetate CoA ligase AMP-forming,0.44537015293376364,0.9999999999999987,non-essential,3.9379815139089396
2AGPE180tipp,2-Acyl-sn-glycero-3-phosphoethanolamine (n-C18:0) transporter via facilitated diffusion (periplasm),0.44537015293376364,0.9999999999999987,non-essential,3.9379815139087317
ACCOAC,Acetyl-CoA carboxylase,-5.124137126752878e-17,-1.1505344695864572e-16,essential,
ALPHNH,Allophanate hydrolase,0.44537015293376325,0.9999999999999978,non-essential,3.9379815139085155
GLYt4,Glycine transport via sodium symport,0.44537015293376364,0.9999999999999987,non-essential,3.9379815139086167
NI2uabcpp,"Nickel transport via ABC system (uptake, periplasm)",0.44537015293376364,0.9999999999999987,non-essential,3.93798151390848
GCCa,Glycine-cleavage complex,0.44537015293376364,0.9999999999999987,non-essential,3.937981513909253
AMPTASEAH,Aminopeptidase  Ala His,0.44537015293376364,0.9999999999999987,non-essential,3.9379815139094965
EX_ribflv_e,R_EX_ribflv_e,0.4453489897912109,0.999952481902045,non-essential,3.9381446317459736
FE3PYOVDL2,Ferripyoverdine complex formation  P putida KT2440 specific,0.4453701529337642,0.9999999999999999,non-essential,3.9379815139085874
P52O,,0.4453701529337634,0.9999999999999981,non-essential,3.937981513908744
FEDCabc,Iron  III  dicitrate transport via ABC system,0.4453701529337634,0.9999999999999981,non-essential,3.9379815139087184
ARBTpts,Arbutin transport via PEPPyr PTS,0.4453701529337634,0.9999999999999981,non-essential,3.937981513908787
SCYSSL,S-sulfo-L-cysteine sulfite lyase,0.4453701529337634,0.9999999999999981,non-essential,3.9379815139087193
VNDH_2,4-hydroxybenzaldehyde dehydrogenase,0.4453701529337634,0.9999999999999981,non-essential,3.937981513908645
MN6PP,Mannose 6-phosphate phosphatase,0.4453701529337634,0.9999999999999981,non-essential,3.9379815139087566
ARABRr,Arabinose reductase,0.4453701529337634,0.9999999999999981,non-essential,3.9379815139087047
EX_mththf_e,R_EX_mththf_e,0.4453701529337634,0.9999999999999981,non-essential,3.9379815139087118
GALt2pp,D-galactose transport in via proton symport (periplasm),0.4453701529337634,0.9999999999999981,non-essential,3.937981513908776
PHEabc,,0.4453701529337634,0.9999999999999981,non-essential,3.9379815139086998
EX_meoh_e,R_EX_meoh_e,0.4453701529337634,0.9999999999999981,non-essential,3.9379815139086194
GLUDy_1,Glutamate dehydrogenase (NADP),0.4453701529337634,0.9999999999999981,non-essential,3.9379815139081122
HACD3,3-hydroxyacyl-CoA dehydrogenase (3-oxooctanoyl-CoA),0.4453701529337634,0.9999999999999981,non-essential,3.9379815139087198
GAPD,Glyceraldehyde-3-phosphate dehydrogenase,0.1871374638528906,0.42018411566237535,critical,1.7224130441998344
EX_23camp_e,R_EX_23camp_e,0.4453701529337634,0.9999999999999981,non-essential,3.9379815139091074
ACP1_FMN,Acid phosphatase (FMN),0.44537015293376364,0.9999999999999987,non-essential,3.937981513909424
AGMH,"N-Acetyl-D-glucosamine(anhydrous)N-Acetylmuramyl beta -1,4-N-acetylglucosaminidase",0.44537015293376364,0.9999999999999987,non-essential,3.937981513908658
GLYALDt,Glyceraldehyde facilitated diffusion,0.4453701529337638,0.999999999999999,non-essential,3.9379815139086536
AICART,Phosphoribosylaminoimidazolecarboxamide formyltransferase,0.4453701529337636,0.9999999999999986,non-essential,3.9379815139093712
FE3DCITexs,Dicitrate Fe(III) binding (spontaneous),0.44537015293376336,0.999999999999998,non-essential,3.9379815139090604
TKT1,Transketolase,0.33075921402939407,0.7426613836841123,non-essential,2.9025089097146832
GALKr,Galactokinase,0.3420073161416129,0.7679170099045152,non-essential,3.0080481481547174
GLYSERtex,L Glycinylserine transport via diffusion  extracellular to periplasm,0.44537015293376475,1.000000000000001,non-essential,3.9379815139087175
ALATA_L,L-alanine transaminase,0.44537015293376464,1.0000000000000009,non-essential,3.93798151390878
AMPEP11,Aminopeptidase,0.4453701529337621,0.9999999999999951,non-essential,3.9379815139088525
SMIB1,Staphyloferrin B Mediated Iron Acquisition,0.4453701529337621,0.9999999999999951,non-essential,3.937981513909031
NADK5,NAD kinase  dTTP,0.4453701529337621,0.9999999999999951,non-essential,3.93798151390873
2S6HCCi,2 succinyl 6 hydroxy 2 4 cyclohexadiene 1 carboxylate synthase,0.4453701529337621,0.9999999999999951,non-essential,3.937981513908793
MEOHtrpp,Methanol reversible transport via diffusion (periplasm),0.4453701529337621,0.9999999999999951,non-essential,3.937981513908812
EX_mso3_e,R_EX_mso3_e,0.4453701529337621,0.9999999999999951,non-essential,3.937981513908628
EX_no3_e,R_EX_no3_e,0.4453701529337621,0.9999999999999951,non-essential,3.937981513908689
URIK1,Uridine kinase  ATPUridine,0.4453701529337621,0.9999999999999951,non-essential,3.9379815139089773
HG2t3pp,Mercury (Hg+2) transport out via proton antiport (periplasm),0.4453701529337621,0.9999999999999951,non-essential,3.9379815139086847
EX_h2o_e,R_EX_h2o_e,0.44537015293376286,0.9999999999999969,non-essential,3.9379815139086554
EX_mal__L_e,R_EX_mal__L_e,0.4453701529337633,0.9999999999999979,non-essential,3.9379815139086753
E4PD,Erythrose 4-phosphate dehydrogenase,0.4453701529337633,0.9999999999999979,non-essential,3.9379815139086705
CO2tpp,CO2 transporter via diffusion (periplasm),0.4453701529337633,0.9999999999999979,non-essential,3.937981513908699
ITCY,ITP:cytidine 5'-phosphotransferase,0.4453701529337633,0.9999999999999979,non-essential,3.9379815139086487
PDE4,"3',5'-cyclic-nucleotide phosphodiesterase",0.44537015293376375,0.9999999999999989,non-essential,3.93798151390868
13PPDH2,"1,3-propanediol dehydrogenase",0.44537015293376375,0.9999999999999989,non-essential,3.9379815139086847
FORtex,Formate transport via diffusion (extracellular to periplasm),0.44537015293376375,0.9999999999999989,non-essential,3.9379815139087215
EX_enter_e,R_EX_enter_e,0.44537015293376375,0.9999999999999989,non-essential,3.937981513908764
RNTR4,Ribonucleoside triphosphate reductase  UTP,0.44537015293376375,0.9999999999999989,non-essential,3.9379815139088463
TYRt2r,L tyrosine reversible transport via proton symport,0.4443115487068821,0.9976230912199463,non-essential,3.9371989210174916
NTP10,Nucleoside-triphosphatase (ITP),0.44537015293376336,0.999999999999998,non-essential,3.937981513908715
EX_lysglugly_e,R_EX_lysglugly_e,0.44537015293376375,0.9999999999999989,non-essential,3.9379815139087166
CBPS_1,Carbamoyl-phosphate synthase (glutamine-hydrolysing),0.44537015293376375,0.9999999999999989,non-essential,3.9379815139086
DGUNC,Diguanylate cyclase,0.44537015293376375,0.9999999999999989,non-essential,3.9379815139087166
BALALEUabcpp,Beta alanyl L leucine transport via ABC system  periplasm,0.44537015293376375,0.9999999999999989,non-essential,3.9379815139087384
EX_o2_e,R_EX_o2_e,0.3935378973861428,0.883619826775123,non-essential,2.819016337335183
SHKK,Shikimate kinase,0.4453701529337615,0.9999999999999938,non-essential,3.9379815139087033
THMDt2,Thymidine transport in via proton symport,0.44537015293376336,0.999999999999998,non-essential,3.9327374139679754
UREA_1,Urease,0.44537015293376336,0.999999999999998,non-essential,3.9379815139085004
BALAALAabcpp,Beta alanyl L alanine transport via ABC system  periplasm,0.44537015293376336,0.999999999999998,non-essential,3.9379815139088397
GALM,Aldose 1 epimerase,0.44537015293376336,0.999999999999998,non-essential,3.9379815139087726
ASAD,Aspartate-semialdehyde dehydrogenase,-5.129671805816623e-16,-1.151777183995424e-15,essential,
MMM2,Methylmalonyl-CoA mutase,0.44537015293375787,0.9999999999999857,non-essential,3.9379815139087198
UMPK,UMP kinase,0.0,0.0,essential,
AM4PA,Anhydrous-N-Acetylmuramyl-tetrapeptide amidase,0.4453701529337638,0.999999999999999,non-essential,3.937981513908937
FACOAE180,Fatty-acid-CoA thioesterase (octadecanoate),0.4453701529337647,1.0000000000000009,non-essential,3.9379815139087366
GLYCYSabc,Gly-Cys ABC transporters,0.4453701529337647,1.0000000000000009,non-essential,3.9379815139087544
EX_alatrp_e,R_EX_alatrp_e,0.4453701529337647,1.0000000000000009,non-essential,3.9379815139087198
VALabcpp,L-valine transport via ABC system (periplasm),0.4453701529337647,1.0000000000000009,non-essential,3.937981513908937
FACOAL150_anteiso,Fatty acid  CoA ligase  anteiso C150,-6.186541258622114e-17,-1.3890785491281407e-16,essential,
LYSabc,L-lysine transport via ABC system,0.4453701529337637,0.9999999999999988,non-essential,3.9379815139085212
FE3t,"Ferric iron uptake, plasma membrane",0.4453100775323254,0.9998651112988979,non-essential,3.9379371020494207
MMSAD1,Methylmalonate semialdehyde dehydrogenase,0.44537015293376403,0.9999999999999996,non-essential,3.9379815139091994
PROt2rpp,L-proline reversible transport via proton symport (periplasm),0.4453701529337636,0.9999999999999986,non-essential,3.9379815139086136
PPBNGS,Porphobilinogen synthase,0.4453701529337636,0.9999999999999986,non-essential,3.9379815139089747
FACOAL170_ISO,Fatty acid  CoA ligase  Iso C170,0.0,0.0,essential,
ALATHRtr,Dipeptide transport via ABC system ala-thr,0.44537015293376414,0.9999999999999998,non-essential,3.937981513908695
SO4tex,Sulfate transport via diffusion (extracellular to periplasm),0.4453701529337627,0.9999999999999966,non-essential,3.9379815139088397
AMID_1,Acetamidase,0.4453701529337627,0.9999999999999966,non-essential,3.9379815139087726
UDCPDP,Undecaprenyl-diphosphatase,-1.5488013496338676e-17,-3.4775598217157725e-17,essential,
AACPS6,Acyl-[acyl-carrier-protein] synthetase  (n-C18:0),0.445370152933764,0.9999999999999993,non-essential,3.9379815139087198
CYSTGL,Cystathionine g lyase,0.44537015293376375,0.9999999999999989,non-essential,3.937981513908937
RBK,Ribokinase,0.44537015293376375,0.9999999999999989,non-essential,3.9379815139087366
UAPGR,UDP-N-acetylenolpyruvoylglucosamine reductase,1.4736747643075624e-16,3.308876346113675e-16,essential,
PDE1,"3',5'-cyclic-nucleotide phosphodiesterase",0.4453701529337634,0.9999999999999981,non-essential,3.9379815139087544
VECOAH,3-hydroxyacyl-CoA dehydratase (3-hydroxypentanoyl-CoA),0.44537015293376353,0.9999999999999983,non-essential,3.9379815139087198
LPLIPAL1A161pp,"Lysophospholipase L1 (2-acylglycerophosphotidate, n-C16:1) (periplasm)",0.44537015293376353,0.9999999999999983,non-essential,3.937981513908937
MSO3tex,Methanesulfonate transport via diffusion (extracellular to periplasm),0.44537015293376353,0.9999999999999983,non-essential,3.9379815139087366
EX_4hpro_LT_e,R_EX_4hpro_LT_e,0.44537015293376353,0.9999999999999983,non-essential,3.9379815139087544
GTHOr,Glutathione oxidoreductase,0.44537015293376353,0.9999999999999983,non-essential,3.9379815139087198
LPLIPAL1E180pp,"Lysophospholipase L1 (2-acylglycerophosphoethanolamine, n-C18:0) (periplasm)",0.44537015293376353,0.9999999999999983,non-essential,3.937981513908937
PLIPA1G160pp,"Phospholipase A1 (phosphatidylglycerol, n-C16:0) (periplasm)",0.44537015293376353,0.9999999999999983,non-essential,3.9379815139087366
CPPPGO,Coproporphyrinogen oxidase (O2 required),0.44537015293376353,0.9999999999999983,non-essential,3.9379815139087544
NADPHQR2,NADPH Quinone Reductase (Ubiquinone-8),0.44537015293376353,0.9999999999999983,non-essential,3.9379815139087198
NI2t4pp,Nickel transport out via antiport (periplasm),0.44537015293376353,0.9999999999999983,non-essential,3.937981513908937
DRPA,Deoxyribose-phosphate aldolase,0.44515188524183646,0.9995099184566141,non-essential,3.9537373178674105
MTAM_1,,0.4453701529337644,1.0000000000000004,non-essential,3.9379815139086545
NI2abcpp,Nickle (Ni+2) ABC transporter (periplasm),0.44537015293376336,0.999999999999998,non-essential,3.9379815139084853
ENO,Enolase,0.2725898013494767,0.6120522436311902,non-essential,2.464495273513783
Kt3r,Potassium transport out via proton antiport,0.4453701529337643,1.0000000000000002,non-essential,3.937981513908711
EX_ser__L_e,R_EX_ser__L_e,0.4453701529337641,0.9999999999999997,non-essential,3.9379815139086713
BTS3r,Biotin synthase,0.4453701529337641,0.9999999999999997,non-essential,3.9379815139087584
GLYLEUAP,Gly-Leu aminopeptidase,0.4453701529337641,0.9999999999999997,non-essential,3.93798151390827
EX_pheme_e,R_EX_pheme_e,0.4453701529337641,0.9999999999999997,non-essential,3.9379815139086554
ALKP,Alkaline phosphatase,0.4453701529337641,0.9999999999999997,non-essential,3.9379815139087544
HIBHr,3 hydroxyisobutyryl CoA hydrolase,0.4453701529337641,0.9999999999999997,non-essential,3.7803107518962875
OXDHCOAT,"3-oxo-5,6-dehydrosuberyl-CoA thiolase",0.4453701529337641,0.9999999999999997,non-essential,3.937981513908714
GLCabcpp,D-glucose transport via ABC system (periplasm),0.4453701529337641,0.9999999999999997,non-essential,3.9379815139086713
UAAGDS,"UDP-N-acetylmuramoyl-L-alanyl-D-glutamyl-meso-2,6-diaminopimelate synthetase",-2.6914478931466545e-20,-6.043170776975996e-20,essential,
BG_CELLB,Beta glucosidase  cellobiose,0.44537015293376336,0.999999999999998,non-essential,3.9379815139095347
CARNabcpp,Carnosine transport via ABC system  periplasm,0.44537015293376336,0.999999999999998,non-essential,3.93798151390858
G3PAT180,Glycerol-3-phosphate acyltransferase (C18:0),0.44537015293376336,0.999999999999998,non-essential,3.9379815139085204
MCTP1Bpp,Murein crosslinking transpeptidase 1B:(A2pm->A2pm) (periplasm),0.44537015293376336,0.999999999999998,non-essential,3.937981513908715
DINSK,Deoxyinosine kinase,0.44537015293376336,0.999999999999998,non-essential,3.937981513908524
TRPAS1,Tryptophanase  L cysteine,0.44537015293376336,0.999999999999998,non-essential,3.9379815139087886
ADPRDP_1,ADPribose diphosphatase,0.44537015293376336,0.999999999999998,non-essential,3.9379815139087158
EX_man_e,R_EX_man_e,0.44537015293376336,0.999999999999998,non-essential,3.9379815139088366
ALLTN,Allantoinase,0.44537015293376336,0.999999999999998,non-essential,3.937981513908704
GDPTPDP,Guanosine 3'-diphosphate 5'-triphosphate 3'-diphosphatase,0.44537015293376336,0.999999999999998,non-essential,3.9379815139087744
ALAHIStr,Dipeptide transport via ABC system ala-his,0.44537015293376336,0.999999999999998,non-essential,3.937981513908749
HACD1,3-hydroxyacyl-CoA dehydrogenase (acetoacetyl-CoA),0.44537015293376336,0.999999999999998,non-essential,3.9379815139087744
GCCa_1,Glycine-cleavage complex,0.44537015293376336,0.999999999999998,non-essential,3.9379815139086354
23CAMPtex,23cAMP transport via diffusion (extracellular to periplasm),0.44537015293376336,0.999999999999998,non-essential,3.937981513908677
CYTDtex,Cytidine transport via diffusion (extracellular to periplasm),0.44537015293376386,0.9999999999999991,non-essential,3.93798151390905
ATPX5P,ATP pyridoxal 5'-phosphotransferase,0.44537015293376386,0.9999999999999991,non-essential,3.9379815139083227
INS2D,Inositol 2-dehydrogenase,0.44537015293376386,0.9999999999999991,non-essential,3.93798151390871
PROtex,L-proline transport via diffusion (extracellular to periplasm),0.44537015293376386,0.9999999999999991,non-essential,3.9379815139087433
AGM3PApp,N-Acetyl-D-glucosamine(anhydrous)N-Acetylmuramyl-tripeptide amidase (periplasm),0.44537015293376386,0.9999999999999991,non-essential,3.937981513908952
EX_fe3dcit_e,R_EX_fe3dcit_e,0.44537015293376386,0.9999999999999991,non-essential,3.9379815139089906
DALAt2pp,D-alanine transport in via proton symport (periplasm),0.4453701529337646,1.0000000000000007,non-essential,3.9379815139088397
NDP3,Nucleoside diphosphatase  GDP,0.4453701529337646,1.0000000000000007,non-essential,3.9379815139089906
IPPMIb,2-isopropylmalate hydratase,0.4453701529337646,1.0000000000000007,non-essential,3.9379815139088397
C4HP,,0.4453701529337646,1.0000000000000007,non-essential,3.9379815139089906
23PDE7pp,"2',3'-cyclic-nucleotide phosphodiesterase (AMP) (periplasm)",0.4453701529337646,1.0000000000000007,non-essential,3.937981513908674
EX_thm_e,R_EX_thm_e,0.4453620020258512,0.9999816985762082,non-essential,3.9380201802753874
UPP3MT_2,Uroporphyrinogen methyltransferase,0.44537015293376375,0.9999999999999989,non-essential,3.937981513908714
MTHFR3,5 10 methylenetetrahydrofolatereductase  NADPH,0.4453701529337646,1.0000000000000007,non-essential,3.9379815139094276
TMDPP,Thymidine phosphorylase,0.4453701529337646,1.0000000000000007,non-essential,3.937981513908342
GLYGLUtex,L Histidinylglycine transport via diffusion  extracellular to periplasm,0.4453701529337646,1.0000000000000007,non-essential,3.937981513908684
THRabc,L-threonine transport via ABC system,0.4453701529337646,1.0000000000000007,non-essential,3.937981513908817
MLTGY1pp,Murein lytic transglycosylase (murein4p4p) (periplasm),0.4453701529337646,1.0000000000000007,non-essential,3.93798151390901
MDDCP5pp,"Murein D,D-carboxypeptidase (murein5p3p) (periplasm)",0.4453701529337646,1.0000000000000007,non-essential,3.937981513908342
NADTRHD,NAD transhydrogenase,0.4453701529337646,1.0000000000000007,non-essential,3.937981513908684
EX_ile__L_e,R_EX_ile__L_e,0.44299030174330634,0.9946564645727127,non-essential,4.022997439455344
EX_uri_e,R_EX_uri_e,0.4453701529337646,1.0000000000000007,non-essential,3.937981513908744
NNATr,Nicotinate-nucleotide adenylyltransferase,0.44537015293376353,0.9999999999999983,non-essential,3.9379815139087375
FDMO6,FMNH2-dependent monooxygenase (sulfoacetate),0.44537015293376353,0.9999999999999983,non-essential,3.937981513908886
CYST_II,,0.44537015293376353,0.9999999999999983,non-essential,3.937981513909192
MPTG,Murein polymerizing transglycosylase,0.44537015293376353,0.9999999999999983,non-essential,3.937981513908886
ALAtex,L-alanine transport via diffusion (extracellular to periplasm),0.3612566411662043,0.8111379686907997,non-essential,3.009773403798605
HPPK,2-amino-4-hydroxy-6-hydroxymethyldihydropteridine diphosphokinase,0.4453701529337637,0.9999999999999988,non-essential,3.9379815139087517
EX_metox__R_e,R_EX_metox__R_e,0.44537015293376414,0.9999999999999998,non-essential,3.9379815139087553
ALDD31_1,Aldehyde dehydrogenase  aminoacetaldehyde  NAD,0.44537015293376414,0.9999999999999998,non-essential,3.937981513908713
PLIPA1E160pp,"Phospholipase A1 (phosphatidylethanolamine, n-C16:0) (periplasm)",0.44537015293376414,0.9999999999999998,non-essential,3.937981513908712
SUCD4,Succinate dehyrdogenase,0.44537015293376414,0.9999999999999998,non-essential,3.937981513908668
SUCBZS,O-succinylbenzoate-CoA synthase,0.44537015293376414,0.9999999999999998,non-essential,3.937981513908765
DALAOX,D amino acid oxidase,0.44537015293376414,0.9999999999999998,non-essential,3.9379815139087175
CD2abc1,Cadmium transport out via ABC system,0.44537015293376414,0.9999999999999998,non-essential,3.937981513908764
THPAT,"L-2,3,4,5-tetrahydrodipicolinate N2-acetyltransferase",0.44537015293376414,0.9999999999999998,non-essential,3.9379815139089573
GLXCBL,Glyoxalate carboligase,0.44537015293376414,0.9999999999999998,non-essential,3.9379815139083805
ADNK1,Adenosine kinase,0.44537015293376414,0.9999999999999998,non-essential,3.937981513908577
HEXt2rpp,"Hexanoate transport via proton symport, reversible (periplasm)",0.44537015293376375,0.9999999999999989,non-essential,3.937981513908713
UPPRT,Uracil phosphoribosyltransferase,0.44537015293376375,0.9999999999999989,non-essential,3.9379815139086816
EX_leuleu_e,R_EX_leuleu_e,0.4453701529337637,0.9999999999999988,non-essential,3.937981513908709
OIVD3,2-oxoisovalerate dehydrogenase (acylating; 3-methyl-2-oxopentanoate),-5.557666726812721e-17,-1.2478758826120215e-16,essential,
DAPE,Diaminopimelate epimerase,4.2375021538478104e-13,9.51456249578991e-13,essential,
AMID4,Amidase,0.44537015293388277,1.000000000000266,non-essential,3.9379815139087073
PPA,Inorganic diphosphatase,0.44537015293376364,0.9999999999999987,non-essential,3.937981513908709
ICITtex,Citrate transport via diffusion extracellular to periplasm,0.44537015293376364,0.9999999999999987,non-essential,3.9379815139087073
EX_mg2_e,R_EX_mg2_e,-2.766717873531848e-16,-6.212176220850876e-16,essential,
MLDCP1Bpp,"Murein L,D-carboxypeptidase (murein4p4p) (periplasm)",0.44537015293376425,1.0,non-essential,3.937981513908709
HISGLYabcpp,L Histidinylglycine  His Gly  transport via ABC system  periplasm,0.44537015293376375,0.9999999999999989,non-essential,3.9379815139087073
ALALEUt,Dipeptide transport via ABC system ala-leu,0.44537015293376375,0.9999999999999989,non-essential,3.937981513908709
NAPRT,NAPRTase (rev),0.2627837208111129,0.5900344221095442,non-essential,1.7165851784038173
BALAMDAH,Beta Alaninamide amidohydrolase,0.44537015293376386,0.9999999999999991,non-essential,3.9379815139087886
CTECOAI7,3-cis-2-trans-enoyl-CoA isomerase,0.4453701529337639,0.9999999999999992,non-essential,3.937981513908793
LLEUDr,L leucine dehydrogenase,0.4453701529337639,0.9999999999999992,non-essential,3.9379815139087233
ALDD2y,"Aldehyde dehydrogenase (acetaldehyde, NADP)",0.4453701529337639,0.9999999999999992,non-essential,3.9379815139086656
ALR4x,Aldose reductase (acetol),0.4453701529337639,0.9999999999999992,non-essential,3.9379815139083796
DDGLK,2-dehydro-3-deoxygluconokinase,0.4453701529337639,0.9999999999999992,non-essential,3.9379815139087544
EX_metsox_R__L_e,R_EX_metsox_R__L_e,0.4453701529337639,0.9999999999999992,non-essential,3.9379815139099423
METSR_R1,L methionine R oxide reductase  trdrd,0.4453701529337639,0.9999999999999992,non-essential,3.9379815139074195
PIt2rpp,Phosphate reversible transport via symport (periplasm),0.4453701529337639,0.9999999999999992,non-essential,3.9379815139087233
EX_metox_e,R_EX_metox_e,0.4453701529337639,0.9999999999999992,non-essential,3.9379815139086385
EX_gly_tyr_e,R_EX_gly_tyr_e,0.4453701529337639,0.9999999999999992,non-essential,3.9379815139086904
CTPS2,CTP synthase (glutamine),0.4453701529337639,0.9999999999999992,non-essential,3.9379815139086025
COBALT2abcpp,Cobalt (Co+2) ABC transporter (periplasm),0.4453701529337639,0.9999999999999992,non-essential,3.9379815139087175
AGM4PCP,"N-Acetyl-D-glucosamine(anhydrous)N-Acetylmuramyl-tetrapeptide L,D-carboxypeptidase",0.4453701529337639,0.9999999999999992,non-essential,3.9379815139086025
F1PP,D-fructose 1-phosphate phosphatase,0.4453701529337639,0.9999999999999992,non-essential,3.9379815139087175
PPAt2pp,H+/Propionate symporter (periplasm),0.4453701529337639,0.9999999999999992,non-essential,3.9379815139086025
H2CO3D2,Carboxylic acid dissociation,0.4453701529337639,0.9999999999999992,non-essential,3.9379815139087175
PYK,Pyruvate kinase,0.20344916071394634,0.4568091493643568,critical,1.8458235080918801
UAG2EMA,UDP-N-acetyl-D-glucosamine 2-epimerase (Hydrolysis),0.44537015293376025,0.999999999999991,non-essential,3.9379815139087073
DHDPS,Dihydrodipicolinate synthase,0.0,0.0,essential,
3NTD9pp,3'-nucleotidase (GMP) (periplasm),0.34461914158991985,0.7737814025475834,non-essential,3.012488562211926
AMPTASEAT,Aminopeptidase  Ala Thr,0.4453701529337642,0.9999999999999999,non-essential,3.937981513908783
FORAMD,FORAMD,0.44537015293376414,0.9999999999999998,non-essential,3.937981513908726
EX_his__L_e,R_EX_his__L_e,0.445005940826433,0.9991822260541438,non-essential,3.937712263325045
GLYGLYtex,L Glycinylglycine transport via diffusion  extracellular to periplasm,0.44537015293376386,0.9999999999999991,non-essential,3.9379815139087047
ADSL1r,Adenylsuccinate lyase,0.4453701529337639,0.9999999999999992,non-essential,3.937981513908709
ALAR,Alanine racemase,0.4453701529337639,0.9999999999999992,non-essential,3.9379815139074554
FMNRy,FMN reductase  NADPH dependent,0.44537015293376425,1.0,non-essential,3.9379815139086896
CD2t4,Cadminum transport out via antiport,0.44537015293376425,1.0,non-essential,3.937981513908622
GLUtex,L-glutamate transport via diffusion (extracellular to periplasm),0.44537015293376425,1.0,non-essential,3.937981513909224
EX_lipoate_e,R_EX_lipoate_e,0.44537015293376425,1.0,non-essential,3.937981513910049
HGNTOR,Homogentisateoxygen 1 2 oxidoreductase  decyclizing,0.44537015293376425,1.0,non-essential,3.9379815139087055
EX_glc__D_e,R_EX_glc__D_e,0.44537015293376425,1.0,non-essential,3.937981513908658
EX_thymd_e,R_EX_thymd_e,0.44537015293376425,1.0,non-essential,3.9327374139690328
MPTG2,Murein polymerizing transglycosylase 2 (three linked units),0.44537015293376425,1.0,non-essential,3.937981513908673
DACL,,0.44537015293376425,1.0,non-essential,3.9379815139087366
ILEabcpp,L-isoleucine transport via ABC system (periplasm),0.44537015293376425,1.0,non-essential,3.937981513908545
2AGPE181tipp,2-Acyl-sn-glycero-3-phosphoethanolamine (n-C18:1) transporter via facilitated diffusion (periplasm),0.44537015293376425,1.0,non-essential,3.9379815139086514
MDRPD,5-Methylthio-5-deoxy-D-ribulose 1-phosphate dehydratase,0.44537015293376425,1.0,non-essential,3.9379815139070398
UAGPT2,UDP-N-acetylglucosamine-N-acetylmuramyl-(pentapeptide)pyrophosphoryl-undecaprenol N-acetylglucosamine transferase,0.44537015293376425,1.0,non-essential,3.9379815139087055
EX_h2_e,R_EX_h2_e,0.44537015293376425,1.0,non-essential,3.903542952847119
BALABALAabcpp,Beta alanyl beta alanine transport via ABC system  periplasm,0.44537015293376425,1.0,non-essential,3.9379815139086074
LEUTA,Leucine transaminase,0.44537015293376425,1.0,non-essential,3.9379815139085976
BETALDHy,Betaine-aldehyde dehydrogenase,0.4453701529337639,0.9999999999999992,non-essential,3.937981513908729
ACOAD1,Acyl-CoA dehydrogenase (butanoyl-CoA),0.4453701529337639,0.9999999999999992,non-essential,3.937981513908824
EX_ser__D_e,R_EX_ser__D_e,0.44537015293376414,0.9999999999999998,non-essential,3.9379815139083996
NAt3_2,Sodium proton antiporter (H:NA is 2),0.44537015293376264,0.9999999999999963,non-essential,3.937981513908751
PRMICI,1-(5-phosphoribosyl)-5-[(5-phosphoribosylamino)methylideneamino)imidazole-4-carboxamide isomerase,0.44537015293376264,0.9999999999999963,non-essential,3.937981513908692
