reaction_id,mean_flux,std_flux,min_flux,max_flux
12PPDRDH,0.052550776387624655,0.045936451486079034,8.269756504675088e-05,0.21852422952292105
13PPDH,8.773063731507806,0.5753039265946671,7.901650225496578,10.437081123413545
13PPDH2,-8.63124090887046,0.5218934748938701,-9.976992698096605,-7.783903948921577
13PPDH2_1,-0.1418228226376098,0.12192780019164115,-0.6807583770657306,-0.0010124117821188605
23CAMPtex,0.0255088428761116,0.024221714713159346,6.122858327198479e-05,0.12090965149103618
23CCMPtex,0.15252684372617414,0.06162630559982049,0.0076702832141073846,0.29238545791398673
23CGMPtex,9.411100562574617,0.19576170985658753,8.857735533746775,9.7240507088087
23CUMPtex,0.00047409669517536104,0.0004173859422152614,3.574072645241054e-07,0.0019651754597120215
23PDE2pp,0.00047409669517537096,0.0004173859422152603,3.5740726452409666e-07,0.0019651754597120323
23PDE4pp,0.15252684372617414,0.0616263055998205,0.007670283214107412,0.2923854579139868
23PDE7pp,0.025508842876226272,0.024221714713104366,6.122858327298964e-05,0.12090965149100925
23PDE9pp,9.411100562574617,0.19576170985658703,8.857735533746775,9.724050708808699
2AACLPGT160,0.026318965489727012,0.03658020738070523,1.543936042525348e-05,0.15520718486375268
2AACLPGT161,0.02379550664636703,0.019627557320267924,1.9295733335368407e-05,0.061383662158270264
2AACLPGT180,0.01448767607274729,0.010997165963662523,1.0718042529111932e-05,0.06388910519158468
2AACLPGT181,0.00693260315262572,0.007855099719075873,1.038317800118448e-06,0.028525040460629758
2AACLPPEAT160,0.01124238458403649,0.010555460192336413,3.0852732133246696e-05,0.05975335895723689
2AACLPPEAT161,0.014164543776291326,0.013234090532153861,1.5441085827358868e-05,0.07725317901967832
2AACLPPEAT180,0.2626508457219231,0.8176767848807243,1.67747709111839e-05,3.4309985574870496
2AACLPPEAT181,0.00530429921377846,0.004066521460957202,5.565797736007671e-06,0.02785847217462663
2AGPE160tipp,0.011242384584036487,0.010555460192336415,3.0852732133246696e-05,0.05975335895723689
2AGPE161tipp,0.025025732401641007,0.016786845981637363,2.4360063420976438e-05,0.08917030057886297
2AGPE180tipp,0.2626508457219231,0.8176767848807243,1.677477091119778e-05,3.4309985574870496
2AGPE181tipp,0.005304299213778457,0.004066521460957202,5.565797736007671e-06,0.02785847217462663
2AGPG160tipp,0.026318965489727012,0.03658020738070523,1.543936042525348e-05,0.15520718486375268
2AGPG161tipp,0.023795506646367034,0.019627557320267924,1.9295733335368424e-05,0.061383662158270264
2AGPG180tipp,0.014487676072747278,0.010997165963662521,1.0718042529111905e-05,0.06388910519158468
2AGPG181tipp,0.01187995317264965,0.008616264882702536,1.3625508698035355e-05,0.03874557496490127
2HXMPt6,-0.08736414061260685,0.056587239628435496,-0.26374321662930256,-2.9664648176394373e-05
2INSD,0.04362721117487798,0.03625912882350559,3.321695112081282e-05,0.1336218891594778
2MAHMP,0.0344750442153162,0.028753074948107284,7.22397669667771e-06,0.09914558849938682
2PGLYCt6,0.020054173540831843,0.01987992160976534,5.7948173632719146e-05,0.07455232808892465
2S6HCCi,0.010300591648998311,0.009271417395255702,4.408425730713394e-06,0.0452992100840988
34HPPOR,0.04096299331370624,0.023257695958664993,0.002239378002322842,0.1041708769682938
3AMPt6,0.017244060848863624,0.0316553265930829,6.367067996459092e-06,0.18191023204315537
3CMPt6,0.00048361098633682134,0.00045176248417351625,7.697697062454221e-07,0.0024310758867668193
3GMPtex_1,-9.902130905908988,0.048326886717595045,-9.98788843720016,-9.788439097148258
3MBt2pp,0.11815770764260974,0.07094381772202224,0.0007246338152113751,0.2998084181275781
3MBt4pp,4.299193014407985,0.5227619561745207,2.111604729634196,5.166595000119088
3MBtex,4.417350722050548,0.5330367108903655,2.1870019393172715,5.171167716059069
3NTD2pp,0.00047409669517440266,0.00041738594221514894,3.574072645240714e-07,0.0019651754597107694
3NTD4pp,0.1525268437261742,0.0616263055998205,0.007670283214107411,0.29238545791398685
3NTD7pp,0.025508842876239,0.024221714713108834,6.122858327321672e-05,0.12090965149103644
3NTD9pp,9.41110056257462,0.19576170985658664,8.857735533746775,9.7240507088087
3NUCLE1,0.01724406084846264,0.03165532659320212,6.367067907443877e-06,0.18191023204315535
3NUCLE2,0.0004115677299125366,0.00038176924300607187,5.654287615553286e-07,0.0017225996413986727
3NUCLE3,0.0004836109863423168,0.00045176248417399417,7.697697062342004e-07,0.0024310758867724454
3NUCLE4,-9.90213090590868,0.04832688671756296,-9.987888437200164,-9.788439097147968
3OXCOAT,0.08437650061052222,0.07236485808259219,0.00014185223945888939,0.2816092371542145
3PEPTabcpp,0.0281304110811478,0.012119134444629226,1.974490864355977e-05,0.05099538377153671
3UMPt6,0.00041156772991297403,0.00038176924300608776,5.654287615553835e-07,0.0017225996413987514
4ABUTD,-5.885615382701288,0.9500762227193945,-7.080119895112915,-2.3209810306931553
4HALDD,0.0,0.0,0.0,0.0
4HBAt,-1.7876310666746e-06,9.324346287045409e-07,-3.5520715946738354e-06,-1.6386025305758265e-09
4HPRODCabcpp,0.04246280118797142,0.03066755291339307,6.19028918137254e-05,0.13053080644865817
4HPRODCtex,0.04246280118797144,0.030667552913393074,6.190289181372538e-05,0.1305308064486582
4HPROE,-0.042462801187974464,0.030667552913394718,-0.13053080644866788,-6.190289181372887e-05
4HPROLTabcpp,0.056945953349599336,0.054223199944684504,1.0786769776597424e-05,0.15527807798664328
4HPROLTtex,0.056945953349599336,0.054223199944684504,1.0786769776597428e-05,0.15527807798664328
4HPRO_LT_Et,-0.21223647657154493,0.06344228308966224,-0.35490784428759525,-0.021367619428966478
4HTHRA,0.09698722292786652,0.0922101190773386,0.00011106240572171034,0.3901840081175188
4HTHRS_1,0.0969872229278537,0.09221011907734016,0.00011106240570553262,0.3901840081175074
4PCP,0.03920630134686442,0.03341380602019392,2.2343992048789494e-05,0.1672377366756884
4PEPTabcpp,0.009667745884066941,0.010329531140003857,2.7812800864988134e-06,0.04496840870308842
5DGLCNR,0.0,0.0,0.0,0.0
5DKGR,0.0,0.0,0.0,0.0
6PHBG_2,0.01815008214484445,0.015839684360657448,1.00729320883264e-05,0.051810362262516056
A6PAG,9.899240725969646,0.057788315041742325,9.76267618304683,9.993872911939464
A6PAG2,0.028761493586722874,0.025161142002160967,9.997269977230468e-06,0.11460560543133214
AABTN,0.018129149545156577,0.01693571524041566,1.3151433905624752e-06,0.06018971691110657
AACLAM,1.0418479159213432,0.2771137013873794,0.000837131440103055,1.3887579046015972
AACPS3,0.09158413362670101,0.05064376264497023,0.003629255745335994,0.25975405347369174
AACPS4,0.0716750697818232,0.0328210693631396,7.702879041021721e-05,0.13803579471298413
AACPS5,0.02213160240645232,0.010435746623342786,2.8262240036717843e-05,0.05170303701607568
AACPS6,0.2945968939592569,0.808772219544989,0.010214425712811068,3.431057300733244
AACPS9,0.019945768099831722,0.01945407609135533,2.67506738703128e-05,0.07530666424297483
AB6PGH,0.15339372408230859,0.09576673689345748,0.0008415601707067775,0.42570811010793447
ABG4t2,4.857398640056882e-06,2.8054031467670494e-06,3.3162504069676675e-09,1.0556674760367212e-05
ABTA,0.3136490247225117,0.1662619303779257,0.0427472374420997,0.7811992010919634
ABTt_1,-0.061534212000344535,0.03868993249083524,-0.18274632600930887,-0.005668007767285012
ABUTD,5.9508373615692625,0.9611353637962294,2.358535852639874,7.15496175526404
ABUTt2r,0.14110678256826256,0.16291635920138503,0.000983280108914478,0.6581967712896318
ACACCT,5.874933304276993,0.7271655170539619,4.803652815494815,8.6203595238507
ACACT1r,0.5044718564212957,0.2669643521446118,-0.1293656534949843,1.357580595020794
ACACT2r,-0.28443109880795786,0.10263447911386911,-0.6668869183998811,-0.13790067888847687
ACACT3r,-0.23422620011532738,0.11325215099501584,-0.6668183838638331,-0.0804379543542675
ACACT4r,-0.21596632277847735,0.1179682096826171,-0.666705020686091,-0.06935759315635875
ACACT5r,0.02885573784438596,0.02605286547547096,2.9979267289691156e-05,0.10546410959517327
ACACT5r_1,-0.21596632277847752,0.11796820968261701,-0.6667050206860912,-0.06935759315635884
ACACT6r_1,-0.12102060057215183,0.041365273566504664,-0.21229522966890071,-7.92622154394626e-05
ACACT7r,-0.03417790575231892,0.016215543394680523,-0.11109316837322103,5.56059709938723e-05
ACACT8r,0.0212915963547234,0.009865645582478327,3.331455783591665e-05,0.05079159833966625
ACACt2pp,0.05430065846321171,0.05358290994580212,0.00029802729701757766,0.22443139827417294
ACACtex,0.05430065846321173,0.053582909945802136,0.0002980272970175121,0.22443139827417294
ACALDt,-4.597594690842681,0.7735675249548252,-6.418336073453279,-2.7011849570059914
ACALDtpp,0.0,0.0,0.0,0.0
ACCOAC,0.29201645296145795,0.12083492624467093,0.0034803618282749802,0.8037278624897684
ACGAMK,0.07321027608482329,0.029466242395738498,4.5638067697135555e-05,0.17346026973969123
ACGApts,0.026465029720053584,0.027722710242911154,1.6162084632664133e-05,0.09823124546772248
ACGAptspp,0.11852654452506378,0.08595486591430263,0.0008103328965656468,0.246004655045793
ACGAtex,0.11852654452506384,0.08595486591430263,0.0008103328965656781,0.24600465504579305
ACGK,0.04883140774222567,0.03211577329620503,0.00037085870244170436,0.13944753560660894
ACGS,0.02398934252408474,0.02181341775665716,2.5257344803371082e-05,0.10238837722676354
ACHBS,0.061458899638986215,0.035900468805877314,0.006446639031989314,0.16174088770574607
ACKr,5.256618629181104,0.8046551798337869,3.8027581051527637,7.373740060959738
ACLDC,0.03301066129168613,0.02428099070636138,2.9021862030395273e-05,0.09951696054075393
ACLS,1.3152940210134196,0.1529336938290464,0.6618108462102072,1.6947124197389274
ACLS_a,0.04303844875941285,0.030150860376544887,1.7744161063662287e-05,0.1118724482423757
ACLS_d,0.04303844875941287,0.030150860376544887,1.774416106366206e-05,0.1118724482423757
ACM6PH,0.07321027608482333,0.029466242395738484,4.5638067697135555e-05,0.17346026973969123
ACMANApts,0.03568156642269621,0.025239998705026852,1.4163429370964474e-05,0.09172501190029533
ACOAD1,0.0361432107428629,0.04265597990894609,0.00017984346935560148,0.18599794999600816
ACOAD1fr,0.0283241475952818,0.03475068700450651,2.3606952866818578e-05,0.12745174815030524
ACOAD2,-0.28443109880795986,0.10263447911386872,-0.6668869183998811,-0.13790067888847868
ACOAD20,0.09257810401022754,0.14202361060250945,0.0032609198483495036,0.6407628120086879
ACOAD3,0.23422620011533407,0.11325215099501544,0.08043795435427223,0.6668183838638368
ACOAD4_1,0.21596632277847755,0.11796820968261704,0.06935759315635846,0.6667050206860909
ACOAD5,0.06608998436194183,0.13734726858365728,0.00019857330319056433,0.6665761560790846
ACOAD5_1,0.12102060057215172,0.04136527356650484,7.92622154391844e-05,0.2122952296689018
ACOAD6,0.0859268404410563,0.029495051903139946,-4.672908883095547e-05,0.14248282292135897
ACOAD7,-0.0011626431087942738,0.03210587489969005,-0.1132886742050763,0.06961366069793888
ACOADH2,0.20274545169908267,0.04547051763066533,0.09667204266375402,0.3477627985692792
ACOAM,1.0418479159213427,0.2771137013873793,0.0008371314401028293,1.3887579046015963
ACODA,0.023989342524084342,0.021813417756657294,2.525734480440057e-05,0.10238837722676435
ACONCt4pp,0.04529944442779105,0.0224921889084245,2.3570299055194182e-05,0.10666258159981093
ACONCtex,0.07292929696610077,0.03187257269952381,0.0001971910494386539,0.14863717046576636
ACONCtupp,0.027629852539222646,0.02178589700744017,5.8520612843880104e-05,0.08130663456220567
ACONT,-5.356930410957293,0.9451883571839811,-8.640107942108562,-2.977568175926911
ACONTa,6.202028713674489,0.9819884876946541,3.4897926145925062,8.681171801424245
ACONTb,6.274958010641396,0.9792065735164595,3.578190459057728,8.681368992473669
ACOTA,-0.048831407742231256,0.03211577329621109,-0.13944753560663525,-0.00037085870246684165
ACOXT,0.0,0.0,0.0,0.0
ACP1_FMN,0.03871923387862708,0.057027227613554325,1.949458565690401e-05,0.26627704240568706
ACPPAT160,0.02325888462214503,0.022076392699005975,2.045299524013701e-05,0.12584432793246939
ACPPAT161,0.006807444015601396,0.004819393585511588,2.181593506663915e-06,0.015458933964594522
ACPPAT180,0.004524524710626105,0.00588167487709434,3.6323973986293564e-08,0.025475381063458598
ACPPAT181,0.0029105240868128666,0.0029344994739408095,4.558966072480764e-06,0.012434052594639103
ACPS,0.028438769680887557,0.02369939161565798,2.4379298225083715e-05,0.08264884866666689
ACPS1,0.05095519201601775,0.04826690612065562,6.006265561333707e-06,0.17834024320229327
ACPS1_1,0.015514722533838829,0.013571766788593643,6.006265561333701e-06,0.032606164668607475
ACPpds,0.06646991454985636,0.05691543204798164,1.2012531122667407e-05,0.21087679011889773
ACS,1.117504482493864,0.49163839530238024,0.3248180733567529,2.6823621650180227
ACS2,3.2029313893910474,0.7139766239144327,0.9197121623494906,4.177178269193877
ACSERHS,0.024458099157082084,0.018722398040457153,2.6038539837997333e-05,0.07434107887512445
ACS_1,0.0,0.0,0.0,0.0
ACTD,0.0,0.0,0.0,0.0
ACTD2,0.03928350058049927,0.03503553740632087,9.300835621444926e-06,0.10827477064187287
ACTD_1,0.0,0.0,0.0,0.0
ACTDa,0.0,0.0,0.0,0.0
ACTNabc,0.033354391066079486,0.024686851161229057,1.1948971269344029e-05,0.10839639613126235
ACTNabc1,0.027081551777267853,0.022814900127627866,2.8178624500344446e-05,0.10865442007534364
ACt2rpp,0.02507974036983511,0.018487038607353047,5.886913138047586e-06,0.060904908501142344
ACt4pp,0.03606674518343977,0.04093538050734271,1.1789397876588108e-05,0.14818917410808358
ACtex,0.061146485553274864,0.05455606110207358,1.7680322227523012e-05,0.2030657072467097
ADADir,0.04195615429949501,0.035238992548840636,7.254396129791983e-06,0.2565363451630318
ADAPAT,0.0,0.0,0.0,0.0
ADCL,5.831941626128781e-07,2.948891086865228e-07,3.227936290436043e-10,9.61384994491231e-07
ADCS,5.8319416236055e-07,2.948891086598584e-07,3.227936281166197e-10,9.613849943155814e-07
ADD,0.011114876003144536,0.013357190209944194,6.0545678949488245e-06,0.037646274774017136
ADK1,-0.5804513337706227,0.38923503246334984,-1.0929617244257193,1.2682588907960728
ADK2,1.2462350234615755e-15,5.5452794654145466e-17,1.1616539707311474e-15,1.4158212494817842e-15
ADMDC,0.00738852062243462,0.00701661126884998,1.6376681554873194e-06,0.03409720409018596
ADNCYC,0.04628589668778143,0.055827533984493805,3.587473137582421e-05,0.2006657669033829
ADNK1,0.21143051708425986,0.10334506017569532,0.05397683296838528,0.484754572306427
ADNUC,0.03326148693149526,0.030434567599237683,7.752270811950416e-06,0.08312083593159432
ADNt2pp,0.025508842876238984,0.024221714713108824,6.122858327321504e-05,0.12090965149103639
ADPDA,0.07383677053581864,0.10061238379745023,3.9994286795778895e-05,0.885444064003581
ADPGLC,0.03416305703977177,0.01939711774691656,5.1026841631618465e-05,0.0728708960180344
ADPRDP,0.09904568077266293,0.060928292214918585,3.392798445940919e-05,0.21570083148286648
ADPRDP_1,0.0,0.0,0.0,0.0
ADPT,0.06654069624594157,0.049928486842346756,0.0017999783252393234,0.2380886399251716
ADSK,0.027969862767978467,0.02532643858664676,1.328445639165468e-05,0.0730266595884351
ADSL1r,0.08475291216622775,0.05056442595567592,0.00015445170215131238,0.24219658742857145
ADSL2r,0.005218912539711475,0.005515242213965177,1.1739943578547727e-05,0.03273605443218272
ADSS,0.08475291216622834,0.050564425955676055,0.00015445170215131387,0.24219658742857336
ADtr,0.035690781982563785,0.02677619996915636,2.1508253011442138e-05,0.13389905097056276
AEPPYRTA,0.012279995012380246,0.011847616494172639,9.709255085878301e-06,0.05915907609756659
AEPabcpp,0.012279995012380238,0.011847616494172639,9.709255085878301e-06,0.05915907609756659
AEPtex,0.012279995012380232,0.01184761649417264,9.709255085878369e-06,0.05915907609756659
AGDC,0.3584450786377817,0.11202415243056019,0.002341727922195859,0.6253618590614594
AGM3PApp,0.028130411081147794,0.012119134444629226,1.974490864355977e-05,0.05099538377153671
AGM3PH,0.005873563656810747,0.006890147309660449,3.0899658935704025e-06,0.028718032125558103
AGM4PApp,0.009667745884067193,0.01032953114000384,2.781280087187496e-06,0.044968408703088714
AGM4PCP,0.005873563656810737,0.006890147309660449,3.0899658935704275e-06,0.02871803212555809
AGM4PH,0.029538555462797357,0.035264641385351916,1.914974174448378e-05,0.1671995763085988
AGM4Pt2pp,0.03541211911960902,0.03462337118201423,2.2698908749268153e-05,0.16720266715611323
AGMH,0.0377981569652149,0.01862899819595188,2.2939158947866237e-05,0.085223775970934
AGMPTRCtpp,0.015484639675194192,0.01021151212065218,5.424052410495839e-05,0.04556248700379656
AGMT,0.03303791266596894,0.0147306880192248,0.010192482157143478,0.07041414420475645
AGMt2pp,0.03779815696521349,0.01862899819595139,2.293915894786634e-05,0.08522377597093185
AGMtex,0.015484639675193682,0.010211512120652088,5.424052410497758e-05,0.04556248700379598
AGPAT160,0.012539858159386305,0.014086646650731751,1.8973753133176144e-05,0.07762435821932738
AGPAT161,0.016857509679582362,0.008000690842145242,2.1135797936744816e-05,0.0380660821220009
AGPAT180,0.008729186082290414,0.007283576483726421,8.819540072358813e-06,0.030453407172798767
AGPAT181,0.004947350020024098,0.0034145533273590295,8.255199120827458e-06,0.016824486478929316
AGPATr_BS,0.0003616367379847507,0.00012305567750838317,0.00018119885127155543,0.0010650772599720736
AGPR,-0.04883140774230868,0.032115773296193355,-0.13944753560664047,-0.00037085870253328324
AH6PI,-9.182007380255213,0.37360947211235496,-9.872011522830853,-7.926435184082074
AHCYSNS,0.14406707356903178,0.11499567082311002,0.00015731670061694227,0.3918828507692532
AHCi,-0.016433513823861753,0.09394007096564813,-0.25428219680986963,0.15995854047241664
AHMMPS_1,1.5378228030236768e-06,8.960837369290077e-07,5.696737384249982e-10,3.4459375798540675e-06
AHSERL2,6.07403472479294,0.49605309514888474,5.002200238202212,7.937227411719972
AHSERL4,0.016505309677285418,0.012611558548862303,1.395612570799511e-05,0.03988208419557582
AI2tex,-0.1440670735689356,0.1149956708231044,-0.39188285076915097,-0.00015731670059082603
AI2tpp,0.14406707356903903,0.11499567082310867,0.0001573167006191811,0.3918828507692546
AICART,0.016787546370182743,0.015204829493820697,4.446788420120691e-05,0.06412017281082066
AIRC1,0.023540183971849777,0.018055495298340767,7.052597092891087e-05,0.0772978960524225
AIRCr,-0.01832127143223229,0.01854824518978474,-0.07068171238558207,0.013314201286126703
AKGDH,0.04673421361019277,0.03358993409635347,1.3270681959341879e-05,0.093200365522574
AKP1,5.200672671858986e-07,5.424703578141434e-07,1.5005415928024827e-10,1.5790627872747826e-06
ALAALAabcpp,0.013531479920918998,0.005946646507542782,1.5710066153909608e-05,0.026626513552294964
ALAALAr,0.05985961453289666,0.031233126307312606,0.00019349348525494054,0.1674246843630835
ALAD_L,3.2231888015306356,0.9609742627745461,0.5858239606505576,5.250164671602138
ALAGLNtr,0.03453862077215756,0.038249100152129505,2.2586259733118558e-05,0.1358992559138548
ALAGLUabcpp,0.018682274245070407,0.014314600471353743,5.870699045732165e-06,0.06315498407426957
ALAGLYtr,0.017922237715982406,0.0184815476832057,1.6839582721971658e-05,0.07438432486764945
ALAHISabcpp,0.00889139420083891,0.006001299750428275,6.217263693915397e-06,0.025226982015321912
ALAHIStex,0.00889139420083888,0.006001299750428292,6.217263693915376e-06,0.02522698201532188
ALAHIStr,0.01726670345117726,0.021401933292070296,2.156890997922803e-06,0.08573271245687278
ALALEUabcpp,0.022344209082817826,0.028650877563006178,2.4784044776721134e-05,0.10413189705758358
ALALEUt,0.029142083009044827,0.02726800140942878,2.9197239435057242e-05,0.12564375618989682
ALALEUtex,0.022344209082817826,0.028650877563006178,2.4784044776721134e-05,0.10413189705758358
ALAR,-7.216286602289423,0.6064789778068025,-9.316049685610288,-6.205145259709813
ALATA_D,-8.956505383564645,0.30993636672937025,-9.713871832502036,-8.404611623441973
ALATA_D2,0.06933876744684378,0.05298450242809541,3.7799257519023136e-05,0.16771845152317416
ALATA_L,-8.052137009193704,0.8652844694616187,-9.377822581828001,-5.789871615738855
ALATA_L2,5.2896218308830685,2.5516668877021393,3.0388450959334548,14.588168003425768
ALATHRabcpp,0.014839077584273748,0.013357961441726044,1.8900721602954465e-05,0.06470229998013213
ALATHRtex,0.01483907758427374,0.01335796144172604,1.8900721602954465e-05,0.0647022999801321
ALATHRtr,0.018000171589842563,0.018090965331603787,1.2522068712330093e-05,0.08338755979447639
ALATRPabcpp,0.0004182736982193421,0.00019723606525738472,7.511878477030574e-06,0.0006843268017369534
ALATRPtex,0.0004182736982193421,0.00019723606525738472,7.511878477030574e-06,0.0006843268017369534
ALAabc,0.0228842174531545,0.020891598385132302,8.654887093225295e-06,0.05061591073617535
ALAabcpp,0.09147148891802853,0.08477401730903786,1.9657299973255906e-05,0.229904067691469
ALAt2pp,0.5110973756095203,0.42037010789021567,0.00032904098396531435,1.7710672084139263
ALAt2r,0.02344756367131828,0.02321903202306577,8.63080048833691e-06,0.1030438071667279
ALAt4,0.06884111721548083,0.051735142464443606,1.0767589901539204e-06,0.23666165514798596
ALAtex,-9.874632359595592,0.05721264129255364,-9.988724895763719,-9.732376991937793
ALAtpp,10.477201224123176,0.4009645771259916,9.88748908380123,11.749267140569534
ALCD19,0.9889733333020282,0.9747340806922087,-0.8874787727419733,2.994768773623065
ALCD19y,-9.248346616218969,0.22947964187629502,-9.881818535662335,-8.886113626064182
ALCD2ir,0.0,0.0,0.0,0.0
ALCD2x,3.110085305720367,1.1303196634318475,-1.633181837632371,4.921914602819511
ALCD2y,0.0,0.0,0.0,0.0
ALDD1,0.044718326360520255,0.026167443087816253,0.0012596588179696426,0.10984219384221539
ALDD19xr,0.08437650061052206,0.0723648580825923,0.00014185223945888556,0.2816092371542146
ALDD20x,3.705194908144196,0.7910992336432862,1.2161896732367876,5.436990116988977
ALDD20y,0.8329071944414862,0.3709776798284237,0.04149703167563768,1.6564974234472571
ALDD2x,0.06072058348950681,0.041931676251420365,0.00029701920719544937,0.15701111114399185
ALDD2y,0.0681524703649866,0.05732010596585075,1.5298733518271722e-05,0.1729089136419811
ALDD3,0.007599933361181517,0.007207315918193604,6.814397311145675e-06,0.023868167363026545
ALDD31_1,0.0976000861521442,0.04701732657353233,3.761226890238902e-05,0.2558867368532728
ALDD3y,0.018454994497565148,0.017442527854871576,5.544245133538921e-06,0.05462365425708282
ALDD4,0.013327349187166061,0.011781076682022452,1.3379750141801255e-06,0.05490950149511155
ALDD6,0.02117210417852971,0.02573520118648487,1.67716142124244e-05,0.12272073756772223
ALKP,0.1416313726443894,0.1230331942462168,4.0675826729843404e-05,0.42945572005388316
ALLTAMH,0.059014249326237195,0.03764586046795017,1.6700827264140704e-05,0.13861836765748978
ALLTN,0.017913198816951244,0.020245462693637566,7.677395650761539e-06,0.09443913224097221
ALPHNH,0.01196876485283557,0.010810760470897907,6.4091627881270716e-06,0.03258353833410175
ALR2,0.08828847756126189,0.053297419053639716,0.000409928800428255,0.2500924022606437
ALR3,0.03573770117363709,0.023768261711390105,2.061540895296182e-05,0.09136326937520023
ALR4x,0.052550776387624655,0.045936451486079034,8.269756504674394e-05,0.21852422952292105
ALTRH,0.05330012122794534,0.035542161228952464,0.0009096024260488611,0.17399572101682856
AM3PA,0.005873563656810747,0.006890147309660451,3.089965893570393e-06,0.028718032125558103
AM4PA,0.029538555462797364,0.03526464138535191,1.9149741744483156e-05,0.1671995763085988
AMANAPEr,0.06703295222302043,0.04630746079790507,0.00043020469317975947,0.20321888585543954
AMANK,0.03135138580031681,0.03772357055170694,0.00021550694060376016,0.1490042359399748
AMANK_1,0.0,0.0,0.0,0.0
AMID4,0.0356907819825638,0.026776199969156367,2.1508253011442138e-05,0.1338990509705628
AMID_1,0.0,0.0,0.0,0.0
AMMQLT8,7.996397747132556e-07,5.333488944692879e-07,4.281593932881117e-09,2.084059111723801e-06
AMMQT8_2,1.0085439146693934e-06,8.064646989110213e-07,2.306423078938984e-09,4.215594084647885e-06
AMPD2,0.05129634359447927,0.04781038369840049,9.467232475379332e-05,0.20419891394306725
AMPEP1,0.014116676681432431,0.011886368201907964,1.2521967795420558e-05,0.04644893184583145
AMPEP10,0.022871800528081975,0.025677048894025653,1.4547103334341233e-05,0.09172799388681083
AMPEP11,0.018234099298179915,0.023793720426002994,3.0375178376614264e-07,0.08525915255746742
AMPEP12,0.03453862077215515,0.03824910015212615,2.2586259733273467e-05,0.13589925591385218
AMPEP13,0.021876077050709816,0.02161896107169474,1.2878881066073008e-05,0.07456682132947322
AMPEP14,0.00781645731689502,0.008554842743779706,4.16892926216888e-06,0.0322101950777557
AMPEP15,0.0087637051233462,0.00937054634662905,4.081251387716864e-06,0.037409225033543575
AMPEP16,0.0415629336193128,0.03455126156900054,1.5576861016509692e-05,0.13638375956314855
AMPEP17,0.02464820734650509,0.019209675093542156,2.301455783814573e-06,0.07809164963356237
AMPEP18,0.015055846555747765,0.018386827347361686,1.9246849604486128e-05,0.08104167968459565
AMPEP2,0.01800017158984253,0.018090965331603807,1.252206871235024e-05,0.0833875597944765
AMPEP3,0.0625786768904095,0.04063973216199913,1.5861863482844264e-05,0.17356320204943199
AMPEP4,0.017922237715981972,0.018481547683205677,1.6839582721960843e-05,0.07438432486764925
AMPEP5,0.023351139234884695,0.025527268754551115,1.9415491391625127e-05,0.1699066283606194
AMPEP6,0.0291420830090448,0.027268001409428786,2.919723943505697e-05,0.1256437561898968
AMPEP7,0.017266703451177094,0.021401933292070283,2.1568909979233556e-06,0.08573271245687257
AMPEP8,0.036740180489100424,0.030976738823077686,1.9050766049266e-05,0.11136055515215816
AMPEP9,0.005481329341725489,0.004914896822758344,4.6684897768781636e-06,0.022383050599095594
AMPTASEAH,0.008891394200842144,0.006001299750426869,6.217263693916941e-06,0.02522698201532438
AMPTASEAL,0.022344209082818058,0.028650877563006247,2.4784044776721243e-05,0.10413189705758383
AMPTASEAT,0.014839077584274551,0.01335796144172612,1.8900721602954855e-05,0.06470229998013304
AMPTASEATRP,0.0004182736982193417,0.00019723606525738453,7.511878477030579e-06,0.0006843268017369529
AMPTASECG,0.11137921023388458,0.09360206542672637,6.869686196001439e-05,0.3859169877702509
AMPTASEGGLN,0.06478718321608729,0.04448888467666741,2.9483183826282238e-06,0.1267677641227493
AMPTASEGGLU,0.03471543242805027,0.030326101535192607,2.551627173646348e-05,0.11532112046069387
AMPTASEGM,0.009345278799571168,0.008671895627009719,3.1549773613862858e-06,0.03773092084367458
AMPTASEGS,0.025708131235838944,0.023884985740909716,2.7649331053697533e-06,0.12772945271565256
AMPTASEHG,0.013150663137338061,0.012215763600532554,1.108419741552804e-05,0.04090056983494887
AMPTASEHH,0.011039934499519854,0.01690206268154691,7.135070608995258e-06,0.06205824002400043
AMPTASEPG,0.005606294357655154,0.006817725684888161,7.18867485868777e-06,0.048386250863627966
ANHMK,0.07321027608482333,0.029466242395738484,4.5638067697135555e-05,0.17346026973969123
ANPRT,9.100641171924431e-05,8.921147240355007e-05,5.486120627098632e-08,0.0003377590949174439
ANS,4.9086913081255e-06,2.101705008443546e-06,4.938370426024864e-10,8.284384071549454e-06
ANS2,8.609772041092186e-05,8.869609578942729e-05,5.433227628730682e-08,0.00033164102802222525
ANSN,-9.353296100035414e-17,1.2960163146212328e-17,-1.2558997625444468e-16,-7.959570525154262e-17
AP4AH,0.09881838433107738,0.2772569072481911,8.097546044346992e-05,1.3331798805566792
AP4AS,0.09881838433107293,0.2772569072481922,8.097546043883076e-05,1.333179880556679
APATi,0.0738367705358199,0.10061238379744951,3.999428679468173e-05,0.8854440640035803
APG3PAT160,0.023258884622144968,0.02207639269900599,2.0452995240076295e-05,0.12584432793246939
APG3PAT161,0.006807444015601402,0.004819393585511587,2.181593506677764e-06,0.015458933964594527
APG3PAT180,0.0045245247106260825,0.005881674877094342,3.632397391064103e-08,0.025475381063458563
APG3PAT181,0.00291052408681287,0.0029344994739408103,4.558966072480764e-06,0.012434052594639105
APRAUR,4.700168106108722e-07,5.055160570825587e-07,7.21712227677004e-10,2.1753706044235097e-06
APRTO2,0.01812914954515657,0.016935715240415664,1.315143390545128e-06,0.060189716911106576
APSR,0.07278043806882922,0.043102731829710625,0.00012754196692355327,0.20680887799315287
APTA1i,0.0738367705358188,0.10061238379745019,3.999428679602138e-05,0.885444064003581
APTNAT,0.016113093545715516,0.016179602888132028,1.7505376579982478e-05,0.06983088278969281
ARABRr,0.0615342120003445,0.038689932490835244,0.005668007767284989,0.18274632600930893
ARBTpts,0.15339372408289417,0.09576673689359688,0.0008415601707068379,0.42570811010873594
ARBabc,0.026477915228675607,0.024523805593272,5.1059945221075776e-06,0.09746330510155529
ARBt2r,0.03505629677166664,0.032627416165972464,0.0003400067875825764,0.1595694120963413
ARGDC,0.01755327299077653,0.009988985132159971,7.788459372989485e-05,0.044262345432639745
ARGDI_1,0.0440386729181222,0.0335613593815587,2.6644516546502177e-05,0.13022495913841742
ARGDr,0.07137387884425499,0.051111893050678675,3.180363511698761e-05,0.1669815178677171
ARGN_1,0.076491009768305,0.044657200862816625,7.284144491525614e-05,0.18915098877595218
ARGSL,0.43103631089833366,0.14921162119237166,0.007025139967311108,0.6715655945999134
ARGSS,0.4310363108983866,0.14921162119238504,0.007025139967311134,0.6715655945999807
ARGabc,0.011065626484677786,0.012354589816963664,3.1882799646067295e-06,0.06798335522730341
ARGt2r,0.06899010670099211,0.04133588309734659,0.004785721212640253,0.14739913973623042
ASAD,-0.6645508331576815,0.20326032853189127,-1.6919460617113886,-0.35752431216982217
ASNN,0.07339742997098427,0.03782215632990048,5.54434481390386e-05,0.16121393210039237
ASNS1,0.024261701419908008,0.021503899029429747,1.3082529637367575e-05,0.08397086626290187
ASNabc,0.017740522047116885,0.024849166143897584,5.402701965467705e-06,0.09871594169143437
ASNt4,0.02163724701629164,0.01610245742909662,0.00013555722569358596,0.05913279845014986
ASP1DC,9.935480058143242e-07,7.449662679056187e-07,4.525312145520592e-10,2.6406061996159944e-06
ASPCT,0.0012451931733357916,0.0006194124338789507,1.6994019886034635e-06,0.003050063196458813
ASPCT_2,0.0,0.0,0.0,0.0
ASPK,0.6645508331577361,0.20326032853187043,0.35752431216995034,1.6919460617113835
ASPO1,0.5681999880889573,0.3478530493145791,0.010374221455147702,1.3764323406490582
ASPO6,0.07425282719227609,0.03770472305894157,0.000336526399431392,0.1786534724666686
ASPTA,-8.318334940387176,0.6865185340486082,-9.985325059411357,-7.311433088423053
ASPTA6,-6.68355246743325,0.7725234042406974,-9.263938030898485,-5.460410705390191
ASPabc,0.01973606269348725,0.013466261109077421,2.486149935300492e-05,0.05158811805796366
ASPt2_2pp,0.015441719731970087,0.010776356178939666,5.036466044163234e-06,0.0324203113907044
ASPt2pp,0.04407999185496049,0.042613429114639154,1.6194045436203317e-05,0.14079068664089167
ASPt2r,0.09260306680366255,0.0775396240674168,3.180793748040752e-05,0.21889908434779157
ASPtpp,-0.05952171158694741,0.04475625710431245,-0.15369577439474646,-2.1592060571506977e-05
ATAH_1,-0.041101050509302156,0.043380340134823454,-0.11625074914496186,0.054971652638102886
ATHRDHr,-0.44361472811888053,0.6785633799718801,-3.2382585978164418,-0.00019512620949857507
ATPHs,0.029093455412113264,0.025468025741344356,1.4737862923754076e-05,0.1329083463331597
ATPPRT,0.01156863383045696,0.014369894357355162,2.449424020957167e-05,0.0566551982241581
ATPX5P,0.04695777746732779,0.047173414993667444,2.5964661278534007e-05,0.22528300525195993
BALAALAabcpp,0.019537813334998887,0.021728539716304625,3.1688477560117664e-05,0.08135206004847852
BALAALAtex,0.019537813334998905,0.02172853971630462,3.1688477560117664e-05,0.08135206004847853
BALABALAabcpp,0.04512314899566343,0.03319522085766767,1.8788044415659204e-05,0.0964106150669614
BALABALAtex,0.04512314899566372,0.03319522085766723,1.878804441566076e-05,0.09641061506695917
BALAGLYabcpp,0.018306062421521472,0.019586655371273336,4.148114693325454e-06,0.07354272604871954
BALAGLYtex,0.018306062421521472,0.019586655371273333,4.1481146933254554e-06,0.07354272604871953
BALALEUabcpp,0.04482470391353985,0.030797480099608834,1.8650391991787174e-05,0.0945234459837077
BALALEUtex,0.04482470391353889,0.030797480099608858,1.8650391991785032e-05,0.09452344598370739
BALAMDAH,1.0363170319127218e-06,8.631678691824863e-07,4.4029727759114356e-11,3.3437423037433024e-06
BALAt2pp,1.5071040917895852e-19,1.114337579164701e-19,-5.258327568032988e-23,3.136465937998858e-19
BALAt2r,2.1682892180994274e-06,1.0871485681448606e-06,3.008893726425674e-10,3.415728534276672e-06
BALAtex,1.5071040917895854e-19,1.1143375791647011e-19,-5.258327568032988e-23,3.1364659379988586e-19
BDH,0.04924797054950993,0.07620987643074405,2.6694099480259885e-05,0.3241141391145515
BETALDHx,0.0291303651263554,0.02327932812953586,5.7116551566304064e-05,0.09249368387159444
BETALDHy,0.01896478887099316,0.01797978718843932,8.783873486571389e-07,0.0736456846250804
BGLA,-0.422403166994927,0.11101353427338177,-0.6825257199441861,-0.12995056781837988
BGLA1,0.04330490114858743,0.033805411736051214,1.2378318148353928e-05,0.09697010565993247
BGLK,0.45922919543684193,0.1206403885310033,0.14627782141359696,0.7588317299571833
BG_CELLB,0.012603745747340946,0.011433521767897373,2.3365318097890318e-05,0.04801028878719727
BG_MADG,0.10232518596738238,0.08252321489491353,7.113741249296712e-05,0.2665976680170591
BG_MBDG,0.06150347147201623,0.048334149981658206,8.138586402642416e-05,0.21630388887854687
BHBtpp,0.04924797054950991,0.07620987643074402,2.669409948026041e-05,0.32411413911455145
BLAMDabcpp,1.0363170319127218e-06,8.631678691824863e-07,4.4029727759114356e-11,3.3437423037433024e-06
BLAMDtex,1.0363170319127218e-06,8.631678691824863e-07,4.4029727759061416e-11,3.3437423037433016e-06
BPNT_1,0.12287854699872332,0.07734837372092457,5.095966626153757e-05,0.2867715652196701
BSCT,0.010298783465308619,0.009271463899712938,3.0839293694979033e-06,0.04529791591126
BTDD_RR,0.0,0.0,0.0,0.0
BTNTe,5.802077103488725,3.6663164848916443,0.08120175568855365,24.878736492421627
BTNt,0.039956696932566836,0.038530792157409406,1.9650412598737297e-05,0.1371488388973066
BTNt2i,5.76212040655609,3.654915838377272,0.0811820884059437,24.878653199413254
BTS3r,0.0,0.0,0.0,0.0
BUTCT,0.5865592784798469,0.2518503010180045,0.004929000638282698,1.2453278232146963
BUTCT2,3.1591421571932004,0.5107885436692883,1.4994109161424753,4.049596717550429
BUTKr,2.6193127120911943,0.40554007603144593,1.4945172122192307,3.6336106425822727
BUTSO3abcpp,0.013327349187166047,0.011781076682022459,1.3379750141801981e-06,0.05490950149511156
BUTSO3tex,0.013327349187166044,0.011781076682022456,1.3379750141799013e-06,0.05490950149511156
BUTt2rpp,0.021083338238002205,0.02455402230299408,4.25162705064202e-06,0.0745252455275327
BUTt4pp,0.012319145952596432,0.01021933078916952,1.2058728321161482e-05,0.03885202602448783
BUTtex,0.03340248419059995,0.02439076613731057,1.759593175475507e-05,0.09110517629896302
BZDH,0.0,0.0,0.0,0.0
BZt,-0.010298783465308641,0.00927146389971294,-0.04529791591126,-3.0839293695447484e-06
C4HP,0.0,0.0,0.0,0.0
CA2abc1,0.010354313394983014,0.012162400507589566,6.722007037139455e-06,0.03820240229788957
CA2tex,0.0,0.0,0.0,0.0
CARNabcpp,7.26941428540832e-07,5.96446010097782e-07,2.583892806789189e-10,2.0182562247586483e-06
CARNtex,7.269414285495443e-07,5.964460101029205e-07,2.5838928055113346e-10,2.0182562247755826e-06
CAT,1.7542558386755893,0.25986906766416407,1.2137727151532185,2.486729563878113
CAt4,0.020754651852696544,0.019046128176126727,1.3343579501454816e-05,0.08140500498260833
CBPS,0.020582205446851163,0.01580187344943407,0.0021488626510467465,0.08659017752980572
CBPS_1,0.0,0.0,0.0,0.0
CD2abc1,0.021265454868543334,0.019586899361857504,2.9145928967742462e-05,0.07928754676448133
CD2abcpp,0.04044392521563651,0.03752529868205263,1.3904846521066306e-05,0.11693459336008447
CD2t3pp,0.4157081587523287,0.24185584475193986,0.00015857939857521268,1.1375575920573582
CD2t4,0.41277537160158306,0.2677046323521635,0.0001046197907576987,1.360477607294353
CD2t4pp,0.32059667490808713,0.2530554866374797,0.00010820706139818327,1.114556137340714
CD2t5,0.7101240305332025,0.5326411801394387,9.612213950369046e-05,1.7204175465063016
CD2t6,0.35263246042752533,0.2801557830929202,2.6830643409575373e-06,0.7949990828306733
CD2tex,1.4967973174308578,0.9204819814328763,0.0004987256375258769,3.851330944554349
CD2tpp,1.9209136158793703,0.9715390857668402,0.0008656758430346568,3.8103342689588606
CDGUNPD,0.02584805587307604,0.017467845057006007,1.5743413776330692e-05,0.0686958460050655
CDPMEK,0.049958543784202405,0.024921511498851346,0.00016327974916981574,0.10138704337281504
CDPPH,0.04629213630196624,0.039705517232969376,3.1913004159701945e-05,0.191905435332832
CDPPT160,0.02494869422409251,0.025612566468212517,3.2168928807041655e-05,0.13801338249413841
CELBpts,0.04330490114858738,0.03380541173605121,1.2378318148353928e-05,0.09697010565993242
CELBt2,0.02483975455180523,0.022264236870283543,3.587861605855543e-05,0.08724506662043251
CELLBabc,0.011986273890167022,0.013145245518031557,5.1646000527915466e-08,0.06161771984771866
CELLBpts_2,0.01815008214484445,0.015839684360657448,1.00729320883264e-05,0.051810362262516056
CGLYabcpp,0.052193488831956805,0.08629879987705315,2.007404705517284e-05,0.320671855664263
CHLabc,0.04809515399734883,0.030512541554855256,6.217934030801422e-05,0.10336368088570935
CHOLD,0.04809515399734837,0.030512541554855197,6.217934030801553e-05,0.10336368088570859
CHORM,0.012560249399123868,0.008096773928842156,5.656339762853122e-06,0.03249751699727111
CHORS,0.03853345616020356,0.022906365450759726,0.0003262509851672016,0.12615174195927217
CITt14,0.03120308120874005,0.021697624448856482,0.0001167037739596189,0.08998681901178462
CITt3pp,0.7212007745103527,0.3486237050755279,0.0012515927717011023,1.9706136533377683
CITt4pp_1,0.5052397207595221,0.26251158668230495,0.0007554560977725681,1.1438381929782806
CITtupp,0.21596105375082986,0.2009081903214456,0.0004955880002865243,0.996258631722389
CLtex,0.0,0.0,0.0,0.0
CMCBTFexs,3.960457205144145,1.1441308962255388,2.822344328464449,8.205553348510302
CMPDAi,0.049660051532348405,0.02700863764548239,4.54553228395815e-05,0.10531202065885686
CO2t,0.009898503372182914,0.008126809654549112,1.4650911627035396e-05,0.031345874628883656
CO2tex,0.02442700717176332,0.016742789196203933,5.0364660441632e-06,0.07496663064921219
CO2tpp,0.02442700717176332,0.016742789196203933,5.0364660441632e-06,0.07496663064921219
COBALT2abcpp,0.03726390166176563,0.023392674624234815,1.2623947414730946e-05,0.09878287568181984
COBALT2t3pp,0.6236654087719242,0.3330204815976338,0.12560783780579465,1.2490639652506637
COBALT2tex,-0.5893177615278418,0.40783701771284125,-1.4665279859342144,0.09360159808644397
COBALTt4pp,0.08679515199538991,0.131691782894268,1.8018796684001e-05,0.3852279519680693
COBALTt5,-0.5153014379753074,0.42568199979442145,-1.395365026275738,0.13839583514238463
COabc,0.0740181317363528,0.05576962944843126,2.7824677675492372e-05,0.1741567914212732
COt_1,0.0,0.0,0.0,0.0
CPGNexs,1.3150883119425152,0.36681060416896166,0.8575068748150648,3.270631313197171
CPPPGO,0.00876601201678726,0.007467237303964918,1.4427915649023469e-05,0.025713482138339704
CRO4abcpp,0.07493701833291515,0.0505211990568538,2.780969304213243e-05,0.18947742935779746
CRO4t3,0.028772013127725985,0.022934325178887393,1.3904846521066111e-05,0.06405989769151632
CRO4t3pp,0.04616500520518898,0.03625215972866848,1.390484652106634e-05,0.1256157627191251
CRO4tex,0.028772013127725985,0.022934325178887393,1.3904846521066111e-05,0.06405989769151632
CS,0.7841775376967811,0.30776259811781614,0.03121159523364395,1.347483997763481
CTECOAI6,0.0350937601310966,0.02674015386915991,7.9460436281351e-05,0.10768481907271209
CTECOAI7,0.03534054886111511,0.038455302055976116,-0.040703604637943466,0.19727527629625416
CTECOAI8,0.021291596354723344,0.009865645582478311,3.331455783591664e-05,0.05079159833966608
CTPS1,0.11889607474248821,0.08184359287385458,0.0007831173685235029,0.29561597303010806
CTPS2,0.061853500472316816,0.030528125849824898,7.49685864777389e-06,0.10100493938303225
CU2abcpp,0.05745986212423706,0.04448148292338784,1.2982330639838175e-05,0.1961103570119974
CU2tex,0.35256853597267157,0.8456405506218384,3.4236300149451147e-05,5.457939676852656
CU2tpp,0.41002839809691094,0.8332451445406007,4.814270058538847e-05,5.457953947635044
CYS,-0.8000907097357544,0.3443744191653693,-1.3843909143838387,0.000985309484748953
CYSDS,0.24574242480475098,0.1654374479704558,0.0008182271175168558,0.777625892165752
CYSGL,0.04545626906463873,0.03010397596776759,4.5929572739961354e-05,0.10981954594276833
CYSK2_I,0.13480967306495453,0.061106288689772324,5.61734547736426e-05,0.2464671768440012
CYSS,0.042677461603190456,0.03136648497296651,1.5366819172823177e-05,0.08764013451123691
CYSS_2,0.0,0.0,0.0,0.0
CYSTGL,0.03478588281546094,0.022441422889399005,6.877036478701122e-05,0.0975217374994424
CYSTL,0.2905496115257558,0.1665924716542877,0.00041186568847027263,0.5659381017465385
CYSTS,0.7890427332492,0.319444594652397,0.0021394050880414947,1.3794135538101895
CYST_II,0.07805132671108997,0.07822255159767724,0.0004966505990340045,0.3244383261856916
CYSabc,0.04464624264990652,0.034667193238247594,8.428867186061337e-11,0.1134121339358046
CYSabc2pp,0.017437662046156033,0.027916463811240813,6.951174223535247e-06,0.12225317920175172
CYSabcpp,0.03774993839131018,0.030781081645246705,2.0853522670605423e-05,0.12955155674827287
CYStpp,0.0203122763451539,0.01832704674432682,1.2982330639838065e-05,0.08022302637325328
CYTBD2pp,0.5103815372771587,0.21062703721710463,0.00017926042677828804,0.8384664204458349
CYTB_B2,0.06236042754045266,0.040668049204288376,3.5185740136008995e-05,0.1292323154674346
CYTB_B3,14.71130274464642,1.3415373771820842,12.679657736272127,19.50938378911286
CYTD,0.019050093980774948,0.013772152473612059,4.890793575734924e-08,0.07115125925519236
CYTDH,0.030994430373456686,0.03120917696551817,1.9312298851863098e-05,0.10461702709299589
CYTDK1,0.03159098420448301,0.027461511159756122,3.9223200070641856e-06,0.12647849389904486
CYTDK2,0.07978795155447015,0.12071932976095973,1.0426435478636136e-05,0.6563592835216175
CYTDt2,0.0013114468010067095,0.0011121627174617175,6.5353851932067465e-06,0.006673140781014068
CYTDtex,-0.1525268437261742,0.0616263055998205,-0.2923854579139868,-0.007670283214107411
CYTK1,0.12559789219991074,0.07121981307384469,-0.02454662006091901,0.3071321746307216
CYTK2,-0.07676428972641113,0.09592166670570369,-0.273352490809307,0.07834981823255482
CYTOM,6.26114514403664e-05,4.8754424189499384e-05,3.965914088986751e-09,0.00021490908203284062
Clt,9.41159610606494e-05,3.202524007154274e-05,4.715700104342201e-05,0.00027718635690775304
Cobalt2abcppI,0.1584067009011207,0.1031784827596604,5.9881323537573724e-05,0.4746286059627466
Cotpp,0.0,0.0,0.0,0.0
Cut1,0.3525557159502978,0.8456381017196649,2.780969304213358e-05,5.457912219698943
D5KGK,0.043627211174877945,0.03625912882350558,3.321695112081282e-05,0.13362188915947776
D5KGPA,0.04362721117487797,0.03625912882350559,3.321695112081282e-05,0.1336218891594778
DAAOP,0.0401414564246004,0.053507634187465784,6.523863929024761e-05,0.17570130388922345
DABAAT2,0.0,0.0,0.0,0.0
DACL,4.857398639248565e-06,2.8054031464795486e-06,3.3162504068928478e-09,1.055667475953378e-05
DADK,-0.04858051492974427,0.05778270053320293,-0.22455495942503312,0.03590084724077691
DADNK,0.05381942540598149,0.05264740080693691,3.096646046858416e-05,0.18011609191964498
DADNK_1,0.0,0.0,0.0,0.0
DAGK,0.05065857548865924,0.04763491873509357,4.6864312509670035e-05,0.18128429074716718
DAGK160,0.024948694224092488,0.02561256646821251,3.216892880704135e-05,0.1380133824941384
DAGK_BS,0.04443648652105716,0.033390038594125884,4.18073795116402e-07,0.13683141041141209
DALAALAD,0.01953781333499885,0.021728539716304625,3.168847756011737e-05,0.08135206004847839
DALADALAD,0.045123148995663484,0.033195220857667705,1.8788044415659146e-05,0.0964106150669614
DALAGLYD,0.018306062421521455,0.01958665537127333,4.1481146933256105e-06,0.07354272604871953
DALALEUD,0.04482470391353985,0.030797480099608834,1.8650391991787174e-05,0.09452344598370771
DALAOX,1.8794269813109585,0.5486945197981155,0.3982297897000324,2.814874430595305
DALAt2pp,0.0742777273241334,0.03170057068168111,3.396284403287486e-05,0.16887204910783168
DALAt2r,0.03897722964763573,0.028432879537608112,5.017858514516218e-05,0.12323816572124423
DAPAT,0.01611309354571552,0.01617960288813203,1.7505376579982566e-05,0.06983088278969281
DAPDA,0.0,0.0,0.0,0.0
DAPDC,0.14957484835235912,0.09952930539269697,0.0035688439335117275,0.9077228638840523
DAPE,0.14975566672141263,0.09954271209135529,0.0038134638829479934,0.9080549078866648
DASYN160,0.02494869422409245,0.025612566468212528,3.216892880704269e-05,0.13801338249413841
DASYN161,0.010861188625349924,0.007845881550851596,8.912421404672788e-06,0.030664914071681853
DASYN180,0.00872918608229043,0.007283576483726422,8.819540072358801e-06,0.030453407172798784
DASYN181,0.004947350020024098,0.0034145533273590295,8.255199120827458e-06,0.016824486478929316
DATPHs,0.020738442019899026,0.015616372229526474,1.909431654167473e-05,0.05666215610287178
DB4PS,9.400336212209542e-07,1.0110321141648908e-06,1.4434244553540228e-09,4.350741208845922e-06
DCAtex,0.02885573784438604,0.026052865475470987,2.9979267289690885e-05,0.1054641095951734
DCMPDA,0.02151716694645513,0.021197015581952198,6.521928578084932e-06,0.07837507726166819
DCYTD,0.09042145775328893,0.09079631916228838,0.004134966154548278,0.28047900127021735
DCYTt2,0.0010693355304219935,0.0012638108388066506,4.66091901975636e-06,0.007474195898845104
DDCAtexi,0.08025922103727498,0.13427051191771075,0.00579093587356897,0.6665829767753053
DDGLCNt2r,0.11822204984431167,0.4187759944356494,4.564481081305142e-06,1.9996181654834164
DDGLK,0.17152217107225634,0.409257225552747,0.007502330579301803,2.0006056020190024
DDPA,0.03853345616020356,0.022906365450759726,0.0003262509851672014,0.12615174195927217
DGK1,-0.061452439655093546,0.06297129333153059,-0.19941145145762285,0.16555179315052548
DGNSK,0.06043756440032627,0.03837482843186938,0.0037691524041302215,0.14425090663535686
DGNSK_1,0.0,0.0,0.0,0.0
DGUNC,0.025848055873076047,0.017467845057006007,1.5743413776330692e-05,0.0686958460050655
DH23t,0.015581025506199614,0.018141091178404997,6.0481922954969456e-05,0.10868404934678405
DHACOAH,0.06496698200481113,0.06866178293375266,1.4901168790853827e-05,0.2688369588657037
DHAD1,1.2822833597217282,0.15659040184152154,0.6585939669308573,1.6893291144628138
DHAD2,0.026573734917805805,0.018477432225194643,1.8577168410722395e-05,0.07476306338484613
DHAD3,0.034885164721187384,0.03782844660254367,0.00015888548858813888,0.16172231053733535
DHAK,0.0784172918476369,0.06944786735380178,2.617909010347176e-05,0.23716093487401096
DHAPT,0.0632140807967534,0.0694446750056626,1.286613368771085e-05,0.19229478517987372
DHBD,0.01558102550619959,0.018141091178404994,6.0481922954952095e-05,0.10868404934678402
DHBSZ3FEexs,2.0788750043754725,0.2613263439251854,1.5488413854685943,3.022487633931579
DHDPRy,0.14975566672141286,0.09954271209135519,0.003813463882948086,0.9080549078866642
DHDPS,0.1497556667214133,0.09954271209135528,0.003813463882947995,0.9080549078866649
DHFR,0.00025403503281709773,0.0001866918757806754,1.023848041536305e-05,0.0011036375948043546
DHFS,5.440592802295868e-06,2.855571627489212e-06,3.647764023567978e-09,1.1155129349860357e-05
DHNAOT_1,1.808183689795571e-06,6.152783875553637e-07,9.059942563481105e-07,5.325386299846468e-06
DHNCOAS,1.0151916454895555e-06,8.466335966168938e-07,1.832029205251906e-08,5.284635623222009e-06
DHNCOAT,1.0151916454951705e-06,8.466335966132516e-07,1.8320292073886438e-08,5.284635623231172e-06
DHNPA_1,5.440592802370005e-06,2.8555716275627923e-06,3.6477640230367024e-09,1.1155129350110496e-05
DHORDi,0.0012451931733361977,0.0006194124338790162,1.6994019889529085e-06,0.0030500631964598592
DHORTS,-0.0012451931733358022,0.0006194124338789479,-0.0030500631964587963,-1.6994019886034648e-06
DHPACCOAHIT,0.019409518605711197,0.018313195789373377,2.551008058950066e-05,0.07598469955387037
DHPPDA,4.7001681061087237e-07,5.055160570825588e-07,7.21712227677004e-10,2.17537060442351e-06
DHPS,2.4635554779788763e-06,2.356298818931191e-06,1.8303359697943178e-09,8.41622911455432e-06
DHPTDCs2,0.144067073569039,0.11499567082310867,0.00015731670061918803,0.3918828507692546
DHQS,0.03853345616020352,0.02290636545075972,0.00032625098516720204,0.12615174195927217
DHQTi,0.03853345616020352,0.022906365450759726,0.0003262509851672013,0.12615174195927217
DINSK,0.053165026074451185,0.04865089656791735,3.167242228206281e-05,0.2927561076986532
DIPEPabc1,0.021876077050713764,0.021618961071692838,1.287888106594069e-05,0.07456682132946689
DIPEPabc10,0.036740180489100153,0.03097673882307766,1.9050766049266486e-05,0.11136055515215802
DIPEPabc12,0.007816457316894706,0.008554842743779727,4.1689292621269225e-06,0.03221019507775553
DIPEPabc13,0.022871800528061207,0.02567704889401,1.4547103334352381e-05,0.09172799388674736
DIPEPabc14,0.01823409929818003,0.023793720426003053,3.0375178401113167e-07,0.08525915255746767
DIPEPabc15,0.03794070279715866,0.04003591889707136,2.6471422506464803e-05,0.13560079161634536
DIPEPabc3,0.023351139234884178,0.025527268754551097,1.9415491391624293e-05,0.16990662836061912
DIPEPabc8,0.014116676681379703,0.011886368201910759,1.252196779542195e-05,0.046448931845795155
DKDID,0.04362721117487806,0.036259128823505626,3.321695112081282e-05,0.13362188915947795
DKMD2K,0.007388520622434593,0.00701661126884998,1.6376681554487642e-06,0.03409720409018594
DM1PE,0.007388520622434595,0.00701661126884998,1.6376681554487642e-06,0.03409720409018594
DMATT,0.016649834288584506,0.008307381615307257,5.2669948111534405e-05,0.03379377157265272
DMPPS,0.01921768964505413,0.015220518460618258,8.888043568707187e-06,0.07977715426926621
DNADDP,0.030880961832135,0.028162671192136658,2.21427481143805e-05,0.0982653371775859
DNMPPA,4.920525535195099e-06,2.7217194648681753e-06,3.4631629029610046e-09,1.0855879990152599e-05
DNTAep,0.021345895266194435,0.016479452108366186,2.4690656288015895e-05,0.06372100811469797
DNTPPA,4.920525535241334e-06,2.721719464896676e-06,3.4631629029547127e-09,1.0855879990255287e-05
DPCOAK,0.094919099368799,0.06360818213347197,4.247250228480796e-05,0.26607108522097667
DPR,4.925095683911111e-06,1.967124371833704e-06,1.9785680863137115e-09,7.981183628192118e-06
DRBK,0.029304560695071445,0.031199107878718622,3.283831011713806e-05,0.1383540226001606
DRIBabc,0.029304560695075435,0.031199107878719903,3.283831011696295e-05,0.13835402260016733
DRPA,0.5054068105093279,0.1227902012401606,0.23794490827055614,0.8768492498513191
DSERDHr,0.04985172513548623,0.03895112543773936,1.904465950711387e-05,0.1758785420284781
DSERt2,0.04274275589464006,0.03571434717257344,1.2854370325735315e-05,0.15398335210137873
DSERt2pp,0.0071089692408508424,0.007487395502261944,5.393384888298338e-06,0.06625263773098403
DSERtex,0.007108969240850846,0.007487395502261944,5.393384888298338e-06,0.06625263773098404
DTMPK,0.037316493928172816,0.02923925700488216,0.00038277462206156513,0.10527027631325264
DURIK1,0.04866235684352718,0.04848309492479736,0.0001388847551752807,0.21534003169938085
DURIPP,0.2728288522960639,0.09103667701853975,0.07651848996609782,0.5639687793805375
DURIPP_1,0.0,0.0,0.0,0.0
DUTPDP,0.05884500997911193,0.044797717412633394,3.583890128788134e-05,0.19972069199967218
DXPRIi,0.049958543784185946,0.024921511498845122,0.0001632797491692661,0.10138704337277635
DXPS,0.049960331415269336,0.02492160186295093,0.00016336543578369405,0.10138894367757537
E4PD,0.09698722292804357,0.09221011907730847,0.00011106240600506083,0.3901840081176664
ECOAH1,-1.3223432555061976,1.210409578436513,-6.317175065040743,1.622524028336727
ECOAH1_1,1.3868106138442142,1.1921469530969682,-1.5957049701349222,6.346769691829486
ECOAH2,-0.2844310988079596,0.10263447911386889,-0.666886918399881,-0.1379006788884784
ECOAH2c,0.4054909033981651,0.09094103526133061,0.19334408532750805,0.6955255971385584
ECOAH3,8.635344221307788,0.46710551255251304,7.628397895074949,9.785904363672183
ECOAH4,-0.21596632277847752,0.11796820968261713,-0.666705020686091,-0.06935759315635832
ECOAH5,-0.06608998436194187,0.13734726858365726,-0.6665761560790846,-0.00019857330319057647
ECOAH5_1,-0.12102060057215155,0.04136527356650483,-0.21229522966890138,-7.926221543899057e-05
ECOAH6,-0.12102060057215179,0.04136527356650471,-0.21229522966890105,-7.926221543946006e-05
ECOAH7,-0.03417790575232016,0.016215543394680742,-0.11109316837322086,5.560597099387182e-05
ECOAH8,-0.021291596354723403,0.009865645582478327,-0.05079159833966626,-3.331455783591665e-05
ECOAH9ir,0.185156208020455,0.28404722120501896,0.006521839696698896,1.281525624017376
EDA,0.17152217107224307,0.4092572255527502,0.007502330579275079,2.0006056020190024
ENO,9.682932489940017,0.1877393782779162,9.217419386426245,9.977148251079917
ETHSO3abcpp,0.04820537859680361,0.02934669007030093,2.9725788334199973e-05,0.11817658827615142
ETHSO3tex,0.048205378596803614,0.029346690070300937,2.972578833419999e-05,0.11817658827615145
ETOHtex,3.1100853057203373,1.1303196634318495,-1.6331818376323621,4.921914602819579
ETOHtrpp,3.1100853057203746,1.1303196634318544,-1.6331818376323626,4.921914602819594
F1PP,0.052450017268534994,0.041563337940168296,7.702282604394573e-08,0.14142116112364062
F6PP,0.05087533809305826,0.040958646987910664,0.00022698120510230522,0.15766980750304965
FA80ACPHi,0.019945768099831722,0.01945407609135533,2.67506738703128e-05,0.07530666424297483
FACOAE120,0.01416923667533154,0.012489777026294219,5.937148718575087e-06,0.04767436907929602
FACOAE140,0.030450058507829253,0.022145336415231368,1.8018796684001036e-05,0.1112521866322295
FACOAE160,0.14321845195175256,0.06211356020803736,0.013672671754056424,0.27362721473387125
FACOAE161,0.09035115174586093,0.05683570019830392,0.00011152967884772717,0.2205179146737734
FACOAE180,0.2945968939592585,0.8087722195449896,0.010214425712812532,3.431057300733247
FACOAL100t2pp,0.028855737844385984,0.026052865475470973,2.997926728969113e-05,0.10546410959517331
FACOAL120t2pp,0.08025922103727448,0.13427051191771083,0.005790935873568532,0.6665829767753052
FACOAL140,0.04684977929827074,0.02691429173115557,2.884767520255431e-05,0.12102608049477717
FACOAL140_ISO,7.232734759694904e-06,2.461113550167669e-06,3.6239770254310715e-06,2.1301545199441418e-05
FACOAL140t2pp,0.03537091210257455,0.02509482897763359,2.73917290368048e-05,0.08675237573436023
FACOAL141t2pp,0.03509376013109667,0.026740153869159934,7.9460436281351e-05,0.10768481907271216
FACOAL150_ISO,0.00014465469519390087,4.9222271003353334e-05,7.247954050862181e-05,0.00042603090398882947
FACOAL150_anteiso,0.0002459129818296296,8.367786070570052e-05,0.0001232152188646573,0.0007242525367810079
FACOAL160,0.05819547344329629,0.04295145273225186,3.0823423710758233e-08,0.151656643915179
FACOAL160_ISO,3.616367379847528e-05,1.2305567750838335e-05,1.8119885127155452e-05,0.00010650772599720734
FACOAL160t2pp,0.0626410663925367,0.050110396641838105,8.972299800997741e-05,0.22369825125188583
FACOAL161,0.06487781945050415,0.03817462156851484,0.002009130907333355,0.20208275989973637
FACOAL161t2pp,0.06081388115647201,0.028472432529323476,6.811636900552377e-05,0.1207749824879783
FACOAL170_ISO,5.062914331786539e-05,1.7227794851173646e-05,2.5367839178017728e-05,0.0001491108163960902
FACOAL170_anteiso,0.00012295649091481487,4.183893035285026e-05,6.160760943232864e-05,0.00036212626839050394
FACOAL180_2,2.1698204279084955e-05,7.383340650503005e-06,1.0871931076293289e-05,6.390463559832427e-05
FACOAL180t2pp,0.2945968939592575,0.8087722195449895,0.010214425712811519,3.4310573007332463
FACOAL181,0.004107343968295113,0.0034776260636943616,1.0776888875096876e-06,0.018414816357406483
FACOAL181t2pp,0.017184252386428286,0.008892011157860188,2.000704091589066e-05,0.04440602166223888
FACOAL60t2pp,0.009114176601262581,0.0072898593897431285,1.1073395630611922e-05,0.03833864431498152
FACOAL80t2pp,0.018259877336853605,0.01831136195549706,4.9571906060914835e-06,0.111210936911059
FADH2D,2.971031385927682,0.8716671262722266,2.130743412907069,6.106276435460718
FADMQOR,0.2840009400273698,0.2160108783731239,3.9009725863882406e-05,0.7459515815476598
FALDep,9.13728905389474,0.3709651510495983,7.921450812052068,9.843518828199166
FAS140,0.014169236675331548,0.012489777026294216,5.937148718575019e-06,0.04767436907929602
FBA,1.4506743644043256,0.2038828963938803,0.9334824417609529,1.8526224844217776
FBA2,-0.021977929707718568,0.08029059840127295,-0.30261723805736196,0.15209214429740925
FBA3,0.1690671539889812,0.06683411578198419,0.0001165105665292078,0.3047532208935046
FBP,0.10753107289446737,0.08779404232515824,0.0009957836153103668,0.33811676029483106
FCLT_2,0.00876601201678724,0.007467237303964913,1.4427915649023469e-05,0.025713482138339665
FDH,0.17128631953422005,0.08612737790381421,0.00018093152338151077,0.7709657907574666
FDMO,0.05120487376762604,0.061496137696644866,3.110980828515194e-05,0.24370805332387552
FDMO3,0.04820537859680364,0.029346690070300937,2.972578833419999e-05,0.1181765882761515
FDMO3_1,0.021172104178529706,0.025735201186484875,1.67716142124244e-05,0.12272073756772224
FDMO4,0.013327349187166044,0.011781076682022457,1.3379750141801513e-06,0.054909501495111555
FDMO4_1,0.09760008615214427,0.04701732657353236,3.761226890238902e-05,0.25588673685327284
FDMO6,0.02509994581645018,0.02246475978840638,2.3427319843969274e-05,0.07886333067044077
FE2Gabcpp,0.10302026427793821,0.0857915881397003,4.884093934170775e-05,0.3571985550219919
FE2abc,0.08776732738988692,0.061165349994215315,5.936898051206972e-07,0.24895175485018614
FE2abcpp,0.14572590027140667,0.09233783571648149,1.2982330639838065e-05,0.2899257012997381
FE2t,0.06430178731536637,0.0394857654105149,0.00022798639564873245,0.17612120476573057
FE2t3pp,0.11801169355718093,0.0944233430193994,0.00011598456271731158,0.3092376079964068
FE2t4pp,0.3248540182101657,0.14525519188303979,1.9312298851863094e-05,0.4794325049100531
FE2tex,-0.19411954721801525,0.06138356897793711,-0.30930582340484847,-7.333963456801484e-05
FE3DCITexs,4.119049316009891,0.18324023187277533,3.7993170494917217,4.633366040755978
FE3Gabcpp,0.01652426618494747,0.012861929284581252,1.9575190580539402e-05,0.05229790271119083
FE3PYOVDL2,-9.518322598710338,0.1676395831625019,-9.82844332540363,-9.042152513719829
FE3abc,0.1546008470838175,0.0975634735442476,4.742564986023499e-05,0.30371409915010306
FE3abcpp,0.06902070189019385,0.06183116375198108,5.037537851517688e-06,0.1675113486544526
FE3t,-0.25486347408237187,0.15585551159755515,-0.469120550003419,8.93108511199614e-05
FE3tex,0.08554496807514138,0.06336988979278924,4.117979799145645e-05,0.18989631684694583
FEDCabc,0.014858841905907468,0.01239847260844133,7.979036010044003e-06,0.04540858729626437
FEENTERexs,0.1910023454336278,0.1475095000362534,0.00013629263333068067,0.4590762858271682
FEOXAMexs,1.2967291708173256,0.20999583548263875,0.7279429398876396,1.7698487431765735
FFSD,0.03784393868481812,0.01978123834075735,6.5068751548875675e-06,0.06407245203410834
FFSD1r,-2.9428497708614736,0.669596008395947,-5.192690684232518,-1.9223493932412588
FGLU_1,0.13174025639927942,0.0776381233863484,0.00014905664317456613,0.7395540599603819
FMNAT,4.0322496286308415e-06,1.3720708042112444e-06,2.020367191677755e-06,1.1875611448692025e-05
FMNRx,0.1304930319397576,0.06729064384428624,0.00012090096281061796,0.33769291011373953
FMNRx2,0.026934890135924216,0.025599550032507693,7.921891017285286e-06,0.0922184733302758
FMNRy,0.11877219033067414,0.05715447021944671,5.687303034878832e-05,0.27847275044155445
FOLD3,2.9770373244028268e-06,1.6290084390129588e-06,5.530055370331725e-10,6.20119754054159e-06
FOLR2,6.6561560859366555e-06,5.4558805867558535e-06,7.475922131040742e-08,3.5128642063587484e-05
FOMETRi,5.61519288170405,0.6101903436769717,3.7101156495834027,6.807291934058102
FORAMD,0.1317402563992793,0.07763812338634836,0.00014905664317456613,0.7395540599603819
FORtex,0.0,0.0,0.0,0.0
FRD2,0.39527158282022345,0.27532981889413005,0.00016830321652564213,0.9533064192377677
FRD3,1.87308497507629,0.7125521302226119,1.0176192675699727,4.1128255316835105
FRDO,-0.035930266774062705,0.03180983746895318,-0.11092558747403003,-8.363346245305436e-05
FRDx,0.24719257630207664,0.1500793704981343,0.0018752383255305322,0.633826489354461
FRUK,0.04923823887646369,0.03809892622086181,0.00023461724857073356,0.2319636000401654
FRUpts,0.07971032643721704,0.05057008187683292,7.936750385939363e-05,0.188926103885855
FRUpts2,0.07497600598532903,0.04898444935066558,8.970497914193746e-06,0.13353800117026687
FTHFCL,0.031233771831457282,0.022472003662237228,5.393384888298357e-06,0.06482941279409167
FTHFLi,0.028981581402317894,0.022332865713879026,8.911278463229906e-05,0.10195468467035579
FUM,3.1659630508880605,0.32269828475375756,2.0092936536245123,3.7933331829038366
FUMAC,0.07092321328295416,0.029773420152083167,0.004527900188251903,0.13914663187715626
G1PACT,0.1804118861572636,0.06630169138589105,0.00376976356708498,0.35884521409164216
G1PP,0.05592964325531469,0.039719971382436256,0.0020033401196485,0.1499998972483548
G1SAT,0.40851974540409847,0.1262061536995102,0.00039239341158882335,0.6408584707737925
G3PAT160,0.018224040771405766,0.022025721900287423,4.504699171000079e-06,0.08687624314362082
G3PAT161,0.010050065663980964,0.006757885584721535,1.1958488037901842e-05,0.027769365358353816
G3PAT180,0.00420466137166431,0.0040488412683764245,7.2372001993410785e-06,0.023128462943852585
G3PAT181,0.002036825933211213,0.0016305774781718912,3.024514189613112e-06,0.006324754662818701
G3PCT,0.01112032969303978,0.003783962083381502,0.005571864676600313,0.0327511257441411
G3PD1ir,4.8323085116551,1.3609892068696916,1.292094553056348,11.190383992428425
G3PD4,4.769311150856728,1.342731915783547,1.2650974942325013,11.103883326934202
G3PEabcpp,0.008729186082290397,0.007283576483726412,8.819540072358838e-06,0.030453407172798742
G3POA_BS,0.0003616367379847514,0.00012305567750838317,0.00018119885127155543,0.0010650772599720736
G3PT,0.1027332118895217,0.10487668961162172,3.158801723883591e-05,0.5552542822000653
G5SADs,0.13431092345040574,0.057089263294252485,0.00016253919080097114,0.2938289658413317
G5SD,0.028325518213262384,0.0217915334648224,4.4822624011684595e-05,0.10186602117923003
G6PBDH,4.752983208463418,0.7338773984840445,3.235620417340406,7.531440489389011
G6PDA,0.32247359732330705,0.1602366527233926,0.0010321363027024633,0.624550089574383
G6PDH2r,-4.717548570127381,0.7307246663862332,-7.489677823456276,-3.205010310103762
G6PI,4.7529832084634185,0.733877398484045,3.2356204173404084,7.531440489389015
G6PP,0.06497292053524815,0.0479632499697508,2.5694581392741284e-05,0.2547062732337602
GALK2,0.128868242840372,0.08029609969645381,0.000304119743606026,0.28443391810781615
GALKr,-9.929899577988163,0.039576126817722004,-9.995893088736924,-9.784200249165906
GALM,0.128868242840372,0.08029609969645381,0.000304119743606026,0.28443391810781615
GALM1,-0.10832035698097217,0.07071716993804913,-0.29077109641395715,0.021981992470269773
GALM2,0.05039600922775678,0.03137667711412696,2.9091763540059947e-05,0.10386289362995786
GALS3,0.011444223666244669,0.008312380530608125,8.174060310728208e-06,0.031141209000163463
GALT,-9.801031335147696,0.08275834852362603,-9.991936024754345,-9.613695965133193
GALTpts,0.07701503290391674,0.04573443424425201,1.5050670461148134e-05,0.20679615701427578
GALURDH,0.0,0.0,0.0,0.0
GALURt2rpp,0.03867478929184384,0.034838458598157505,0.0008915051400325498,0.16828218072705808
GALURtex,0.03867478929184383,0.034838458598157505,0.0008915051400325498,0.16828218072705808
GALUi,9.804738111712032,0.08274700751615259,9.617406686184898,9.996968749318237
GALabc,0.03636915792787716,0.02909117916765685,1.1842959195335797e-05,0.11026469868725976
GALabcpp,0.0,0.0,0.0,0.0
GALpts,-9.928002219556346,0.046430544302050424,-9.999324173462643,-9.799371082310573
GALt2_3,0.07915750281810074,0.04364930457226875,6.523886289082489e-05,0.16363380409080985
GALt2pp,0.0,0.0,0.0,0.0
GAMpts,0.048246307264925924,0.03326893756297284,0.0002600891860148038,0.12839085488820995
GAPD,9.789782781045073,0.13370258840373786,9.405588257928656,9.997491574214498
GAPDi_nadp,0.0,0.0,0.0,0.0
GARFT,0.005220450362515744,0.0055152512271047305,1.3011335777063385e-05,0.0327372659389071
GCALDD,0.14819907511108604,0.09490622971522517,0.0003315182949272062,0.4015771453780546
GCCa,0.02916405783106427,0.021924797181904335,5.564450048052194e-05,0.09259750604939315
GCCa_1,0.006815855587823688,0.005591484611393069,5.399545590648394e-06,0.01699694020729974
GCCb,0.029164057831066164,0.021924797181904127,5.564450048052066e-05,0.0925975060493964
GCCb_1,0.006815855587823686,0.005591484611393067,5.399545590648394e-06,0.01699694020729973
GCCc,0.02916405783106426,0.02192479718190433,5.564450048052194e-05,0.09259750604939312
GCCc_1,0.006815855587823688,0.005591484611393069,5.399545590648394e-06,0.01699694020729974
GDH1,0.43724894539308157,2.329882143288893,-6.476324499904598,9.820510305171691
GDPTPDP,0.0864276217766152,0.07500615421623294,1.930249639652198e-05,0.269831894519524
GF6PTA,0.09619409757786736,0.08191308463426739,6.08732138653769e-05,0.29581352015314993
GHMT2r,-0.04981898229496234,0.04242569167120656,-0.20114722226548842,0.03756791645421309
GK1,0.22889241261129356,1.3835906718641136,-5.315458375889418,2.8065310210147114
GK2,0.06166878668537611,1.3298689340823622,-2.7324238084681722,5.3810058655787145
GLCADpts,0.008893571150516323,0.010690360884378209,5.394354010500245e-06,0.033891093893721864
GLCAt2,0.047146160022016534,0.0323212377655463,1.010398451414146e-05,0.13843022991818413
GLCDpp,2.5247716901056365e-16,1.5350586221974428e-16,-4.812316673000381e-18,4.953524728630043e-16
GLCNt2ir,0.0,0.0,0.0,0.0
GLCNt2r,0.0762180381616066,0.07311775340029783,2.3615956340433806e-05,0.24522072129172723
GLCNt2rpp,3.9040793673716174e-16,2.5267941371014443e-16,-1.3253302781510798e-17,7.939237740068029e-16
GLCRt1,-3.91180311410344,0.7247922884331106,-4.8856085352109995,-1.4300537996448668
GLCURDH,3.911803114103643,0.7247922884331315,1.4300537996448919,4.885608535211026
GLCURt2rpp,3.9118031141036425,0.7247922884331311,1.4300537996448919,4.885608535211023
GLCURtex,3.911803114103646,0.7247922884331329,1.4300537996448919,4.885608535211032
GLCabc,0.029602329207163814,0.02295060979696544,3.0443290394975766e-05,0.09702179402175753
GLCabcpp,0.0,0.0,0.0,0.0
GLCpts,0.052082128418013754,0.03174090171250907,3.203081669272197e-05,0.10960476381640558
GLCptspp,-1.2827402274916068e-16,1.1921143082507786e-16,-4.39211743745725e-16,-2.2521025993206516e-20
GLCt2pp,-3.689959135896806e-17,2.359196395592783e-17,-1.077451662753504e-16,-9.413154085782736e-21
GLGC,0.0341630570397713,0.019397117746916468,5.1026841631684087e-05,0.07287089601803408
GLNS,0.3277624806290929,0.15424169521287462,0.029024913107949395,0.6501303513018902
GLNabc,0.04416390294902007,0.03320760836677432,2.135741029739602e-05,0.09944372487652278
GLTPD,0.07701503290391666,0.04573443424425196,1.5050670461147968e-05,0.20679615701427584
GLU5K,0.028325518213262377,0.0217915334648224,4.4822624011684595e-05,0.10186602117923002
GLUDC,0.08919111374101274,0.057122991632113936,8.250179139345499e-06,0.2152291275496498
GLUDxi,-9.257701132175184,0.5654007290177029,-9.951506105934653,-7.66173381425531
GLUDy,-6.288570669165354,0.7667251003004266,-8.814447382303978,-5.144569136321766
GLUDy_1,8.171881878969428,4.137287942234849,4.007819700220031,25.46340278581303
GLUKA_1,0.1554665170029426,0.07644961560815765,0.00010249434350958842,0.37776751671240916
GLUN,0.0622292174965834,0.0626622616015573,0.0009241914232963729,0.22882358668628652
GLUPRT,0.005220450362513984,0.005515251227104887,1.3011335774106227e-05,0.032737265938908126
GLUR,-3.597720746205155,2.392422024057394,-5.867939122855873,4.87408851658647
GLUSfx,0.017965133387031335,0.015904918734476584,4.181673122652708e-05,0.055462793737015015
GLUSx,0.07562147959588382,0.06819630322011047,6.505817578085329e-07,0.3176986214195615
GLUSy,0.04412821345775504,0.040321897018684605,1.3464405996812352e-05,0.13603919071330783
GLUTARH,0.016113093545715516,0.016179602888132028,1.7505376579982566e-05,0.06983088278969281
GLUTRR,0.40851974540409675,0.12620615369950958,0.00039239341158882535,0.6408584707737903
GLUTRS,0.40851974540409836,0.1262061536995102,0.00039239341158882335,0.6408584707737924
GLUabc,0.01382260475761365,0.009965564242091048,1.8823411042671325e-05,0.043129251976486704
GLUt2r,0.15793851540199066,0.12993357863957433,9.88875687718527e-05,0.423288682309321
GLUt2rpp,0.03165546681461243,0.02863863282731167,7.282308965932614e-06,0.07768151162487333
GLUt4,0.07491841568723939,0.051429336226119435,1.6242958319075873e-05,0.19724499644231128
GLUt4pp,0.05630185514462794,0.04350765675049763,0.00012508392558816653,0.2053013353176701
GLUtex,0.035763833127283554,0.09778693590283968,-0.2751833279283573,0.1761463165582702
GLXCBL,0.02804360071375966,0.024450773984920675,2.9733834611683873e-05,0.1121173741758607
GLXO1,3.3496250623409436,0.3449665861733698,1.7403317459533474,4.074529094877945
GLYALDDr,0.04585276000701482,0.04333471714220188,3.219120463806016e-05,0.14443274292607075
GLYALDt,-8.19154259320193,0.7998620202502144,-9.82257774722178,-6.794363244058029
GLYAT,0.10881456472154527,0.35675700164381113,-0.4411259230181255,1.1979984792843172
GLYBabc,0.02401996756470203,0.019673695717648813,8.139824499108898e-06,0.06054824096623428
GLYBt2r,0.8265083582995258,0.987494759498108,0.015498868329846809,4.30866247987654
GLYBt3pp,0.8986234798614902,0.9720742517810226,0.03551401831772245,4.309801357845528
GLYBtex,-0.8986234798616507,0.9720742517809562,-4.309801357845544,-0.03551401831794365
GLYC3Pabcpp,0.018536179213617957,0.014939630471916827,3.6687962771039416e-05,0.07931534208091034
GLYCDH,0.14182282263757295,0.12192780019163135,0.00101241178211938,0.6807583770656518
GLYCK,0.20018452086626254,0.10291600742709743,0.00044910509837016275,0.46157415486712494
GLYCL,0.03435591939356047,0.028964207322837866,7.006533192563967e-05,0.13044205335332879
GLYCLTDx,0.25455782828927037,0.17085104386249694,0.00014070047964646619,0.5698283427209804
GLYCTO1,0.22751581973677892,0.12014080387404452,0.0035833285376169724,0.4799109992468042
GLYCTO3,0.1952952572044687,0.09879499464707306,6.887738211933976e-05,0.3955165582530988
GLYCYSAP,0.01523214898377858,0.01777046063259679,1.3965287064391446e-05,0.0809152495543201
GLYCYSabc,0.015232148983771508,0.017770460632597438,1.3965287064409094e-05,0.08091524955431063
GLYCt,-4.193142790787557,0.9469446190381191,-6.070736941538737,-2.233697266595648
GLYCtex,4.156537920399554,0.6035775551074617,1.8869327464931391,5.499027069632511
GLYCtpp,-4.156537920399648,0.6035775551074624,-5.499027069632507,-1.886932746493141
GLYGLNabcpp,0.06478718321608389,0.04448888467666763,2.9483183823786294e-06,0.12676776412274768
GLYGLNtex,0.06478718321608393,0.04448888467666764,2.9483183823789936e-06,0.12676776412274768
GLYGLNtr,0.06257867689041019,0.04063973216199926,1.5861863483322285e-05,0.1735632020494327
GLYGLUabcpp,0.034715432428050474,0.03032610153519266,2.5516271736463447e-05,0.11532112046069393
GLYGLUtex,0.034715432428050474,0.03032610153519266,2.5516271736463447e-05,0.11532112046069393
GLYGLYCNc,0.061741921849840814,0.034756883759476546,1.996570968379337e-05,0.10639982351049766
GLYGLYGLNtr,0.024648207346504945,0.019209675093542062,2.301455783786061e-06,0.07809164963356191
GLYGLYabcpp,0.06174192184984193,0.03475688375947571,1.9965709683793895e-05,0.10639982351049801
GLYGLYtex,0.06174192184984193,0.03475688375947571,1.9965709683793895e-05,0.10639982351049801
GLYK,0.05616516754232284,0.043338219371337236,0.0001392766766421495,0.22452377077514182
GLYLEUAP,0.015442411176713107,0.01616812506776939,2.0462258835820564e-06,0.06654991034712772
GLYLEUtr,0.015442411176711529,0.01616812506776903,2.0462258836325366e-06,0.06654991034712611
GLYMETabcpp,0.009345278799571378,0.008671895627009759,3.1549773613862443e-06,0.03773092084367475
GLYMETtex,0.009345278799571371,0.008671895627009757,3.154977361386245e-06,0.037730920843674735
GLYMETtr,0.005481329341720139,0.004914896822761077,4.668489776795141e-06,0.02238305059909791
GLYO1,2.0770482948138245,0.33147895286043827,1.2932950091676017,2.9204975570329665
GLYOX,0.0,0.0,0.0,0.0
GLYOX_1,0.0,0.0,0.0,0.0
GLYPHEAP,0.006165117871933362,0.006533466652303149,5.4693036985693425e-06,0.030090930807113482
GLYPHEHYc,0.005713110210095378,0.007865873230890753,6.274198466390571e-06,0.03988712984783201
GLYPHEabcpp,0.005713110210095343,0.007865873230890746,6.274198466390544e-06,0.03988712984783196
GLYPHEtex,0.0057131102100953365,0.007865873230890745,6.274198466390544e-06,0.03988712984783195
GLYPHEtr,0.006165117871933403,0.006533466652303163,5.46930369856928e-06,0.0300909308071139
GLYSERabcpp,0.025708131235838934,0.023884985740909716,2.7649331053698617e-06,0.12772945271565256
GLYSERtex,0.025708131235838927,0.02388498574090972,2.7649331053698346e-06,0.12772945271565256
GLYTYRAP,0.015095387485372406,0.020608773037317184,8.90731486104039e-06,0.08078035241005603
GLYTYRabc,0.01509538748537348,0.020608773037317087,8.90731486496021e-06,0.080780352410057
GLYabc,0.04720912053604342,0.02671170775967781,0.004856582141936489,0.18561574168720807
GLYt2pp,0.0824993097575674,0.07716367571696692,0.00011413580228632542,0.3159732776096551
GLYt2r,0.0292668878731257,0.020559314254769298,3.847770683810605e-05,0.08279689572402187
GLYt4,0.21686627249890403,0.11542938618177837,6.137509645229231e-05,0.39583118597587164
GLYtex,0.08249930975756722,0.07716367571696701,0.00011413580228578145,0.31597327760965516
GMPR,0.022417379086088013,0.019160212374618853,1.217601524985248e-05,0.0687157982842941
GMPS2,0.12124092872534126,0.04321453763222446,0.043791177522677874,0.22161331626218259
GND,0.11165267649762094,0.08605625711705112,0.012891254671598185,0.32781585618518816
GNK_1,0.10073472759371692,0.0841108831561064,3.9572458420284954e-05,0.29090296111323666
GNKr,4.34899954088048e-18,1.7147863740520771e-18,1.3485255616277047e-18,7.2353190704588e-18
GNNUC,0.04051962054038744,0.03700673719079555,1.7310649258878968e-05,0.13636077121615794
GNP,0.02451668943210974,0.015817552616453876,1.298233063984303e-05,0.053290263427513494
GPDDA2,0.019590374707640506,0.010698501946902063,1.7736356621285373e-05,0.040527854084194674
GPDDA4,0.004947350020024107,0.00341455332735903,8.255199120827265e-06,0.016824486478929323
GRTT,0.016649834288584506,0.008307381615307254,5.2669948111534405e-05,0.03379377157265269
GSNt2pp,9.411100562574616,0.19576170985658775,8.857735533746771,9.724050708808699
GTHOr,-2.7764204882496446,0.7621660172742557,-5.785212049637579,-1.2836744961300557
GTHPe,2.2107374154863124,0.31137065751102483,1.8716083406310964,3.327955462948425
GTHPi,0.40946799122466876,0.2136700990802067,0.020809754426541947,0.9913814028985518
GTHRDH_syn,0.021245018604770145,0.017682771782686603,1.303561608304491e-05,0.0591228076255193
GTHRDHpp,0.05219348883195675,0.08629879987705319,2.0074047055131206e-05,0.32067185566426304
GTHRDabc2pp,0.1007106543479989,0.08502144485651876,3.7126699007671336e-05,0.34881474201639523
GTHRDabcpp,0.0485171655160437,0.028665750973327908,6.952423260533107e-06,0.08534560532190406
GTHRDt2_1,0.0734385074367276,0.08365477113837827,4.2186444286815324e-05,0.3218785041602531
GTPCI,5.4405928024308035e-06,2.855571627588615e-06,3.6477640199979415e-09,1.115512935022395e-05
GTPCII,4.700168106108725e-07,5.055160570825588e-07,7.217122276770015e-10,2.17537060442351e-06
GTPDPK,0.0864276217766152,0.07500615421623294,1.930249639652198e-05,0.2698318945195239
GTPDPK_1,0.0,0.0,0.0,0.0
GTPHs,0.005806392312671724,0.005010330692663107,8.152460817655643e-06,0.021105868988821858
GUACYC,0.039797060529806895,0.03192422790832124,1.930135728422552e-05,0.08797179408841621
GUAPRT,0.06063906578499778,0.05177722268628497,0.00020138134932897716,0.24410099029279414
GUAt2pp,0.026210347535936325,0.022627737323391125,1.5003280685730562e-05,0.09896735763337716
GUAt2r,0.37618659685705547,0.20425497306858206,0.017332679850744315,0.885544938656451
GUAtex,0.02621034753593633,0.022627737323391125,1.5003280685730562e-05,0.09896735763337716
GUI2,0.03867478929184383,0.034838458598157505,0.0008915051400325654,0.16828218072705808
GalMr,-0.10832035698091151,0.0707171699380122,-0.29077109641379906,0.02198199247027066
H2CO3D2,0.0,0.0,0.0,0.0
H2Ot,-6.195447060512241,0.30573263388090754,-6.961094452893169,-5.3810894472065245
H2Otex,19.859315974893033,0.807802467900201,18.722682889968148,22.68887198558165
H2Otpp,0.06211098619169153,0.059532918416778366,1.9062755515082853e-05,0.20790784745460822
H2SO,0.029853130900582354,0.01927970351541274,3.5627438904751596e-05,0.09083876542583179
H2St1,1.1055617746280564,0.34754869194845095,-0.00342571571416602,1.5779457630117495
H2tex,-0.08437650061053781,0.07236485808258497,-0.2816092371542531,-0.00014185223946050485
H2tpp,-0.08437650061052229,0.07236485808259228,-0.2816092371542147,-0.00014185223945888673
HACD1,-1.32234325550613,1.2104095784365103,-6.31717506504077,1.6225240283367057
HACD1_1,1.386810613844422,1.1921469530969535,-1.5957049701348378,6.346769691829548
HACD1i,0.0,0.0,0.0,0.0
HACD2,-0.28443109880796014,0.10263447911386873,-0.6668869183998813,-0.137900678888479
HACD3,8.635344221308005,0.46710551255245475,7.62839789507529,9.785904363672284
HACD4,-0.2159663227784777,0.11796820968261701,-0.666705020686091,-0.06935759315635859
HACD5,-0.18711058493409502,0.11819749539136991,-0.6666554182945237,-0.06308679839414227
HACD6,-0.12102060057215142,0.0413652735665047,-0.21229522966890174,-7.926221543946225e-05
HACD7,-0.034177905752319035,0.016215543394680593,-0.1110931683732209,5.5605970993872276e-05
HACD8,-0.021291596354723333,0.00986564558247831,-0.050791598339666046,-3.331455783591665e-05
HACD8i,0.0,0.0,0.0,0.0
HACD9,0.18515620802045493,0.28404722120501896,0.006521839696698837,1.281525624017376
HACOADr,0.16829947441068127,0.11240828426747133,0.00023500849765739168,0.38996147140286935
HADPCOADH,0.0843765006105224,0.0723648580825923,0.00014185223945888673,0.2816092371542148
HCO3E,0.44126702074205887,0.15311290009557824,0.01034433031822399,0.84421956321941
HCYSMT,0.023397684407246138,0.02397953854366907,9.766212898478663e-06,0.10961473567890406
HCYSMT2,0.0028072934495916376,0.002399381699796893,3.192929177759393e-05,0.01085949676998175
HDECH,0.02894306723416457,0.03255005508896055,-0.0433832558270716,0.1252779320564859
HEMEOS_1,0.016648026104896393,0.008307508342904894,5.1615967144485875e-05,0.03379262584168092
HETZK,0.011864832407104287,0.014002938334556438,1.642990013836661e-05,0.0804057489203085
HEX1,0.10535590533332163,0.10331677113844434,7.243449924047362e-05,0.3761371372943814
HEX4,0.1057967778036873,0.06619835122452221,5.050670201538033e-05,0.30988997938082585
HEX7,3.553469341484894,0.30904290502669607,2.772240167814019,4.249701962522055
HEXSabc,0.021172104178529685,0.025735201186484875,1.67716142124244e-05,0.12272073756772224
HEXt2rpp,0.019918617912834467,0.018071781947637314,1.844935880363424e-05,0.08027598607373733
HG2abcpp,0.03165038859550529,0.028491635715566902,1.3833710023497106e-05,0.10584171551890346
HG2t3pp,0.20322047579457517,0.12805475271220967,2.2460120458349663e-05,0.40580642153811275
HG2tex,-0.2348708643900208,0.13430539695324817,-0.48729548930795197,-3.947876436249942e-05
HGNTOR,0.07092321328295408,0.029773420152083164,0.004527900188251905,0.13914663187715617
HGt,0.23487086439007793,0.13430539695328242,3.947876436680175e-05,0.4872954893080485
HIBD,0.2371914289874536,0.17440751802459162,0.007273012085048925,0.6670748843905611
HIBHr,0.4054909033981681,0.09094103526133031,0.19334408532750805,0.6955255971385584
HISDr,0.13174025639927953,0.07763812338634844,0.00014905664317456626,0.7395540599603823
HISGLYabcpp,0.013150663137338073,0.01221576360053256,1.108419741552804e-05,0.040900569834948906
HISGLYtex,0.013150663137338082,0.012215763600532567,1.108419741552804e-05,0.04090056983494895
HISHISabcpp,0.01103993449952208,0.0169020626815466,7.135070608995871e-06,0.06205824002400182
HISHIStex,0.011039934499522083,0.0169020626815466,7.135070608995871e-06,0.06205824002400182
HISTD,0.011568633830456953,0.014369894357354716,2.4494240208977146e-05,0.056655198224156364
HISTP,0.011568633830456925,0.01436989435735515,2.449424020954717e-05,0.056655198224158036
HISTP_1,0.0,0.0,0.0,0.0
HISabc,0.011296750683976816,0.010713346035364224,3.6037593368002716e-06,0.030483270840671574
HISt2r,0.04043484709583783,0.06122654126082694,0.0003460400126760589,0.7080833694043661
HKM1PP,0.0073885206224346,0.0070166112688499795,1.6376681554480036e-06,0.034097204090185934
HMBS,0.05106496817551231,0.015775769212438777,4.904917644860292e-05,0.08010730884672407
HMGL,0.03253634418883456,0.03781200630511334,3.561187532546013e-05,0.1804607277449118
HMGL_2,0.0,0.0,0.0,0.0
HMPK1,0.011866620038170987,0.014003030139356758,1.646227788578457e-05,0.08040627811700511
HMPPtr,2.498082638487036e-07,1.9700906175561522e-07,1.5728831916869273e-10,9.160731026632751e-07
HMR_9610,0.026220349556962,0.027160584320230923,2.9839758209427863e-06,0.11913681157833343
HOXPRx,-0.02804360071360189,0.024450773984901485,-0.112117374175833,-2.973383461579715e-05
HPHACA,0.029960219969248143,0.01943480520592518,3.483738781769918e-05,0.1027528897845238
HPPK,2.9770373244028183e-06,1.6290084390129397e-06,5.530055370331496e-10,6.201197540541481e-06
HQNt6,-0.15339372408230859,0.09576673689345747,-0.42570811010793447,-0.0008415601707067775
HSDxi,0.0,0.0,0.0,0.0
HSDy,-0.5147951664360962,0.1354365646123428,-0.8929426761309109,-0.25043413449841534
HSERTA,0.036107516536524754,0.026621580209776174,0.00040211905821182386,0.11250147608133912
HSK,0.47868764989969936,0.1393667598445021,0.223454659722589,0.8370101984909099
HSTPT,4.659718712510295,0.7922423273790208,2.265995719056412,6.381967555081326
HSTPTr,-4.6481500786797145,0.7938349181506589,-6.380800638018467,-2.265590337754589
HXANt2pp,0.009824197363164939,0.010913213686115678,7.0075512207999245e-06,0.03530593698989228
HXANt2r,0.023203084904230266,0.016382955733237385,5.397667527141495e-06,0.057952071021156404
HXAtex,0.02903279451409686,0.020376806635742012,4.921393012217024e-05,0.09788033734575662
HXCT,0.041090722091364384,0.035076116685013516,3.522710396332826e-05,0.16338282288452147
HXPRT,0.06488060029050398,0.033828898477732273,7.695846238128528e-05,0.14218519636223215
HYPOE,0.04695777746579386,0.04717341499403667,2.5964661279676417e-05,0.22528300524750694
HYXNtex,0.009824197363164946,0.01091321368611568,7.0075512207999245e-06,0.03530593698989229
Htex,39.990864553033774,2.334731890010563,35.341806835574374,44.44312872959732
IBTMr,0.39562829052383053,0.09038895675838217,0.19154381294977318,0.695497680520636
ICDHyr,-0.2306798328583677,0.1352784130918388,-1.0216385905997587,0.03178532357152264
ICHORS,0.02588161715519807,0.021108470646650605,0.00022738447575327894,0.11759584334029106
ICHORT,0.015581025506199596,0.018141091178404997,6.0481922954964224e-05,0.10868404934678404
ICITt4pp,0.0255334764540949,0.020559008368609712,7.4297512949986384e-06,0.07050089285320377
ICITtex,0.06574586785187242,0.03294731401342632,3.083545158743456e-05,0.1448358576436697
ICITtupp,0.040212391397777957,0.02089437139263084,2.231522557419299e-05,0.09659420571269911
ICL,1.214453300394132,0.3683136138768728,0.009246215318854249,1.8420063907041275
ID3ACALDt,-4.538102102585237,0.8959569702849655,-6.095124965385683,-1.2578546064270837
IG3PS_1,0.011568633830456976,0.014369894357355162,2.4494240209593356e-05,0.056655198224158106
IGPDH_1,0.011568633830456934,0.014369894357355152,2.449424020956148e-05,0.05665519822415804
IGPS,9.10064117192444e-05,8.921147240355009e-05,5.486120627098632e-08,0.000337759094917444
ILEDHr,-0.03488516472118742,0.03782844660254367,-0.16172231053733532,-0.00015888548858821036
ILETA,0.15895134257539706,0.289920111927831,0.002288942938149581,1.2820078643177635
ILEabc,0.014255198863942713,0.013416946045871903,4.776248522006406e-06,0.0609058464046086
ILEabcpp,0.008966250643049721,0.005487701583993939,1.036021694239415e-05,0.021008600997705063
ILEt2r,0.10609802633975299,0.26247548147958755,0.0001258602748162823,1.127400898431891
ILEtex,0.008966250643049721,0.005487701583993939,1.036021694239415e-05,0.021008600997705063
IMPC,-0.01678754637018102,0.01520482949382049,-0.06412017281081926,-4.44678842011935e-05
IMPD,0.09972241258713342,0.04113628339400614,0.039255472083178686,0.2077919690188547
IND3ACtex,4.538102102585694,0.8959569702850738,1.2578546064270844,6.095124965385693
IND3ACtpp,4.538102102585683,0.8959569702850725,1.2578546064270846,6.0951249653856925
INOSR,-0.07515262840687117,0.060207199133808426,-0.19256036183595424,-8.15482849979379e-05
INS2D,0.2220548125148872,0.13018265229209708,0.00015019492916519493,0.5111074414300616
INSCR,0.10327497293313809,0.051766522119257155,3.0485583016231528e-05,0.20025643877575425
INSH,0.043959583057350024,0.04216106435647136,1.8691921380915098e-05,0.13613761948474068
INSTabc,0.010179929423609945,0.009066239324367311,5.397247513389852e-06,0.040764190420000214
INSTt2,0.13672225468505264,0.07186138914744225,6.23929598491393e-05,0.29694713441493875
IPDDI,-0.0025678553564698315,0.012069796790600579,-0.046734700453083616,0.020830914400709066
IPDPS,0.030740854139147865,0.019691828361964793,0.00013209948422773348,0.08025230924456071
IPMD,0.036397304044049214,0.03474406633019507,8.401213675352944e-06,0.13430281989754195
IPPMIa,-0.03639730404404921,0.03474406633019507,-0.13430281989754195,-8.401213675346005e-06
IPPMIb,-0.036397304044049256,0.03474406633019506,-0.13430281989754195,-8.401213675415394e-06
IPPS,0.03639730404404924,0.03474406633019507,8.40121367534915e-06,0.134302819897542
ISETACabcpp,0.051204873767624025,0.06149613769664439,3.110980828494898e-05,0.2437080533238721
ISETACtex,0.05120487376762399,0.061496137696644367,3.110980828494809e-05,0.24370805332387196
ITCY,0.06605059316309479,0.046901673608751596,1.5221829282445899e-05,0.1448829695523779
IZPN,0.1317402563992796,0.07763812338634844,0.00014905664317456613,0.7395540599603819
IZPN_1,0.0,0.0,0.0,0.0
KARA1,-1.282283359721755,0.15659040184151304,-1.6893291144628027,-0.6585939669308356
KARA2,0.06145889963898817,0.035900468805877,0.006446639031992421,0.1617408877057461
KAS1,7.232734759694908e-06,2.46111355016767e-06,3.6239770254310728e-06,2.130154519944143e-05
KAS11,5.062914331786541e-05,1.722779485117364e-05,2.5367839178017728e-05,0.0001491108163960902
KAS12,0.0001229564909148147,4.183893035285029e-05,6.160760943232863e-05,0.00036212626839050394
KAS13,2.1698204278993584e-05,7.3833406504607385e-06,1.0871931074945461e-05,6.390463559708441e-05
KAS17,0.02129159635472329,0.009865645582478301,3.331455783591663e-05,0.05079159833966596
KAS2,0.0022304841151094797,0.0026758581508128532,1.0794734628987368e-06,0.010614036543272112
KAS3,0.00014465469519390074,4.922227100335334e-05,7.247954050862178e-05,0.0004260309039888294
KAS4,0.00024591298182962963,8.367786070570054e-05,0.00012321521886465733,0.0007242525367810081
KAS6,3.616367379847513e-05,1.2305567750838337e-05,1.8119885127155446e-05,0.00010650772599720733
KAS7,0.0063974816269495895,0.011320750311518473,6.61357881761113e-06,0.10283706151666637
KAS8,0.006561155118243191,0.006481444078928379,1.681184370687596e-06,0.019190676880299636
Kabc,0.046568341573318545,0.03682790394857742,8.766789143438638e-06,0.1058291040210217
Kabcpp,0.03319447915360782,0.032013733447383216,0.0003883370937655164,0.1180511954936042
Kt1,-0.24887627311961608,0.5776176451324756,-1.5820141825936895,0.625371415218865
Kt2r,0.4405497096370721,0.4122455612101497,0.0012157175434112555,0.9623559930040002
Kt3r,1.715730816281158,0.7367821595392329,0.034200050329732085,2.874565874785504
Ktex,0.9092386846388161,0.35613403611327443,0.05306828891316574,1.6811991023842645
LALALGLUtex,0.018682274245070414,0.014314600471353743,5.870699045732172e-06,0.06315498407426957
LALGP,0.01868227424506562,0.014314600471352822,5.870699045732918e-06,0.0631549840742679
LCADi,0.1418228226374179,0.12192780019167122,0.0010124117819406138,0.6807583770656611
LDGUNPD,0.025848055873076443,0.017467845057006066,1.5743413776330827e-05,0.06869584600506586
LDH_D,0.07321027608482152,0.02946624239573874,4.563806769713528e-05,0.1734602697396904
LDH_L,0.14182282263743262,0.12192780019165386,0.0010124117819058003,0.6807583770656598
LEULEULAPc,0.03550645441837622,0.032265462865001315,1.5842965477714248e-05,0.13682858163435496
LEULEUabcpp,0.03550645441837622,0.03226546286500133,1.5842965477639776e-05,0.13682858163435496
LEULEUtex,0.03550645441837664,0.03226546286500141,1.5842965478155592e-05,0.1368285816343555
LEUTA,2.0672467983244345,1.3077984730363832,0.5755095998304451,6.433344497859919
LEUabc,0.04928227899386257,0.04712435250019789,1.8196922373314036e-05,0.14156492482531893
LEUabcpp,0.023005389628708742,0.029609951815328717,3.2487598950797104e-05,0.1012214678568739
LEUt2r,1.1268752337162786,1.2730303273907282,0.00495291400281315,5.344237704159178
LEUt3pp,5.794799188361432,0.7573861719076626,4.955308231499545,8.779401177888662
LEUtex,-5.771793798732719,0.7624823447252612,-8.779363896863503,-4.943126202150467
LGTHL,0.0,0.0,0.0,0.0
LIPAMPL,0.022512596199801234,0.01759898282534403,2.7341279937184703e-06,0.06234246640255847
LIPATPT_2,0.022512596199801223,0.017598982825344025,2.7341279937184567e-06,0.062342466402558486
LIPO1S24_BS,9.040918449626918e-07,3.0763919377083704e-07,4.5299712817888405e-07,2.6626931499301726e-06
LIPO2S24_BS,9.040918449627683e-07,3.0763919377082593e-07,4.5299712817888415e-07,2.662693149930173e-06
LIPO3S24_BS,9.04091844962615e-07,3.0763919377084927e-07,4.5299712817888415e-07,2.662693149930174e-06
LIPO4S24_BS,9.040918449626918e-07,3.0763919377083704e-07,4.5299712817888405e-07,2.6626931499301726e-06
LIPOPBt,0.02251259619980098,0.01759898282534405,2.7341279937666097e-06,0.0623424664025584
LLEUDr,-6.488263196391216,0.8789436273531488,-9.886711097453846,-5.3516576576033685
LPLIPAL1A160pp,0.012539858159386304,0.014086646650731758,1.897375313317609e-05,0.0776243582193274
LPLIPAL1A161pp,0.005996321054231653,0.0045868493123189255,1.2217927527895838e-05,0.023081383103907886
LPLIPAL1E180pp,0.008729186082290388,0.007283576483726413,8.819540072359404e-06,0.03045340717279872
LPLIPAL2E161,0.010861188625349882,0.007845881550851587,8.912421404672698e-06,0.030664914071681783
LPLIPAL2G181,0.004947350020024002,0.0034145533273590794,8.255199120827345e-06,0.016824486478929333
LSERDHr,-0.049851725135499535,0.038951125437738765,-0.1758785420284923,-1.904465950453016e-05
LTHRK,0.021160435306119035,0.0178367501249947,2.782461001402951e-05,0.06531162934780227
LYSDC,0.016113093545715523,0.016179602888132024,1.7505376579982474e-05,0.0698308827896928
LYSGLUGLYtr,0.0415629336193142,0.034551261569001346,1.5576861017416532e-05,0.13638375956314994
LYSabc,0.041972785713635115,0.029095824883171507,0.0006019354259662183,0.11923489989174567
LYSabcpp,0.04565431997994585,0.0405659188950575,6.034947532953386e-06,0.200166531398677
LYSt3pp,0.08012937246788719,0.0652548107352798,3.515207247652953e-05,0.22622454457841554
LYSt3r,0.17631744041951986,0.1338163204392041,0.0018527861509888498,0.9202800655386983
LYStex,-0.034475052487905694,0.059702885224383176,-0.1413382383538746,0.14700665417763048
M1PD,0.05212242001137227,0.02992655385536865,2.016547066567996e-05,0.12260639186454232
MACACI,0.07092321328295417,0.02977342015208317,0.004527900188251903,0.13914663187715628
MACCOAT,0.18515620802045535,0.2840472212050189,0.006521839696699462,1.2815256240173762
MAL6PG,3.562611105858558,0.19193249749083396,3.10368472180586,4.091389475530235
MALDDH,0.030515548255192856,0.028462155637551438,1.00729320883264e-05,0.11722992453093002
MALDt2_2pp,0.03051554825519542,0.02846215563755139,1.0072932088340031e-05,0.11722992453093262
MALDtex,0.03051554825519542,0.02846215563755139,1.0072932088340031e-05,0.11722992453093262
MALS,0.09705572472476916,0.10363429528406241,1.569370932046208e-05,0.3443972600328203
MALT,0.016305643779908983,0.010485315103322283,3.5884101802026674e-08,0.046676874398289075
MALTTRabc,0.03455559698281221,0.02463530709291913,2.7792537497253202e-05,0.08120278814896983
MALTTTRabc,0.024921204528057597,0.02752479395960539,5.5996286895911484e-05,0.1428669318409967
MALTabc,0.03514925891517043,0.025705506430239472,4.029172835330542e-06,0.08056528873597331
MALTpts,0.02796827033958137,0.01574693768841572,4.029172835330555e-06,0.04801396688797594
MALTt2,3.4563224188730057,0.21340282152025392,2.981392539379067,4.081329998197752
MALt4,0.0165356889932648,0.011962729278567787,0.00023598731942825067,0.05553035272329279
MAN6PI,0.16623562963941418,0.07651083367724548,4.7686182119961985e-05,0.38937765213226117
MANGLYCptspp,0.045143588930218796,0.04452031932213599,7.842304792597123e-07,0.2079010960374221
MANGLYCtex,0.045143588930218796,0.04452031932213599,7.842304792597123e-07,0.2079010960374221
MANPGH,0.04514358893021878,0.04452031932213599,7.842304792597123e-07,0.2079010960374221
MANpts,0.056194372756873584,0.036978619151789086,3.0218796264979175e-06,0.13145375246380367
MANt2,0.06489766795232048,0.04806970631468689,8.237058765980823e-06,0.13723458401812866
MBCOAi,0.03253634418883459,0.03781200630511339,3.561187532533765e-05,0.1804607277449119
MCA,0.8283670486731736,0.3008973681728525,0.48474583014222794,2.0111814657422613
MCBTFUexs,1.0637292115000325,0.2961809379493334,0.018960789017208223,1.4992579827976624
MCCC,0.03253634418883434,0.0378120063051134,3.561187532533755e-05,0.1804607277449117
MCITL2,0.8283670486731733,0.3008973681728525,0.48474583014222805,2.0111814657422613
MCITS,0.8283670486731738,0.3008973681728524,0.48474583014222794,2.0111814657422613
MCSNAH,6.261145144005739e-05,4.875442418940512e-05,3.965914088070704e-09,0.00021490908203234644
MCTC_1,0.0,0.0,0.0,0.0
MCTP1App,0.013752654399393709,0.007222310753079733,1.032916692193155e-05,0.038365868749806714
MCTP1Bpp,0.005209464853238931,0.0032436852334327706,5.7955822228624686e-06,0.014855841574522188
MCTP2App,0.006303684378200117,0.01155477830886022,1.1995260239988835e-08,0.0556879219420098
MDDCP1pp,0.006482346824061168,0.006572644208445932,4.960035609283184e-06,0.0335615559709574
MDDCP2pp,0.006303684378200113,0.011554778308860224,1.1995260239987988e-08,0.055687921942009805
MDDCP3pp,0.00598977004793914,0.003677594335542316,3.5491670047849344e-06,0.01724106045412171
MDDCP4pp,0.008956617165466236,0.004161433919912635,6.122313083253967e-06,0.02294211651440518
MDDCP5pp,0.005586354592443505,0.003475695348415055,3.6229832714678594e-06,0.016072435465314346
MDDEP1pp,0.012786031202261154,0.012025705668124921,4.972096721168099e-06,0.05570589373623236
MDDEP2pp,0.004303460457805568,0.00359983339535723,2.892706349501297e-06,0.017117557242606083
MDDEP3pp,0.0029668471175270184,0.0025913103586846556,2.240607852415095e-06,0.012393576502411855
MDDEP4pp,0.0063036843782001105,0.011554778308860224,1.1995260239988306e-08,0.0556879219420098
MDH,3.0074700897173736,0.3095257789277806,2.0984247391307065,3.824284515766399
MDNTHAep,0.027259029374406284,0.012900357119391116,4.570405394972928e-06,0.056416915897339465
MDRPD,0.007388520622434595,0.0070166112688499795,1.637668155448981e-06,0.03409720409018594
ME2,0.2720843748886537,0.12411900146748077,0.02068792638467048,0.5350334772094626
MECDPDH2,0.04995854378420217,0.02492151149885137,0.00016327974916927423,0.10138704337281489
MECDPS,0.04995854378420237,0.02492151149885134,0.00016327974916982042,0.101387043372815
MELIBabc,0.011444223666244662,0.008312380530608125,8.174060310728208e-06,0.031141209000163463
MEOHtex,0.0,0.0,0.0,0.0
MEOHtrpp,0.0,0.0,0.0,0.0
MEPCT,0.04995854378420242,0.024921511498851353,0.0001632797491698152,0.10138704337281504
METAT,0.1350261126171771,0.059956003531819214,0.00012132427842022644,0.29860516445749147
METB1,-6.037927208256434,0.4987225365880467,-7.935447369065555,-4.9782531785994495
METDabc,0.026701031688661624,0.02228511607148236,1.0446972194604056e-05,0.08201468397337039
METGL,0.008751638754897569,0.011228050846805716,1.6025359245415774e-06,0.09342029327235742
METOX1s,0.10235248383525752,0.0674349575765189,5.424753816907953e-06,0.20576867422940356
METOX2s,0.04278164803074064,0.033266517200696774,2.47611815173111e-05,0.11933773452669544
METS,0.027235507308254726,0.011769153959462146,1.8537978123373524e-05,0.04944151418442516
METSOX1abc,0.0,0.0,0.0,0.0
METSOX2abc,0.007476493191508083,0.008025380622109422,4.057985548180108e-06,0.024394063604602723
METSOXR1,0.10235248383525752,0.0674349575765189,5.424753816907953e-06,0.20576867422940356
METSOXR2,0.050258141222239004,0.03368293426828585,2.884205513963853e-05,0.14318447978361462
METSR_R1,0.05260907070378651,0.033998306173084344,2.5068607969347166e-05,0.12881512701579556
METSR_R2,0.04566829972120697,0.032505598668880545,2.0312259178729888e-05,0.1173223845670519
METSR_S1,0.0,0.0,0.0,0.0
METSR_S2,0.0,0.0,0.0,0.0
METSRabc,0.006940770982578476,0.006137819238471917,3.4911700019175904e-06,0.02274933615368944
METSabc,0.0,0.0,0.0,0.0
METabc,0.003041347341751265,0.0024160875396190148,3.2140649886802847e-06,0.008851931604545137
METabcpp,0.031843170026063114,0.02458192834226216,1.3904846521065355e-05,0.12203862430767914
METt3pp,0.031843170026064536,0.024581928342262617,1.390484652106621e-05,0.12203862430768028
METte,-0.026701031688661628,0.022285116071482366,-0.0820146839733704,-1.0446972194604056e-05
MFUMt8,0.028168147302648473,0.024329490809315076,3.260752765269325e-06,0.08453449593282708
MG2tex,0.0,0.0,0.0,0.0
MGCH,0.03253634418883439,0.03781200630511341,3.561187532533751e-05,0.1804607277449118
MGSA,0.13702747460878578,0.10095103807364082,0.0004350814929444652,0.45101983449373484
MGt5,-0.00015685993510108312,5.337540011923769e-05,-0.00046197726151292213,-7.859500173903683e-05
MHPGLUT,0.019573543385293983,0.01954788132755071,9.95859864347638e-06,0.07758085949286771
MHPGLUT2,-0.01957354338528471,0.01954788132755869,-0.07758085949287441,-9.958598615966707e-06
MI1PP,0.02494869422409253,0.02561256646821251,3.216892880704135e-05,0.13801338249413836
MLDCP1App,0.004303460457805565,0.0035998333953572294,2.892706349501296e-06,0.01711755724260608
MLDCP1Bpp,0.0069292337280934604,0.005605770333137454,1.42732006569433e-06,0.016422744367219373
MLDCP2App,0.0021977221745394892,0.0013630994481543604,2.1591516466326283e-06,0.006136912457403252
MLDCP2Bpp,0.007669697432135269,0.005511386713410479,2.0860831729379558e-06,0.01872714668127374
MLDCP3App,0.0018208324353349407,0.001624872372545869,7.828913134751223e-07,0.007140710751162739
MLDEP1pp,0.0018208324353349407,0.0016248723725458686,7.828913134746818e-07,0.0071407107511627385
MLDEP2pp,0.003388632417903988,0.002922022816455145,1.4636680548488191e-06,0.014327996917298774
MLTG1,0.059476801510868024,0.030562111856042625,0.00012729015168139404,0.1452462797634814
MLTG2,0.02492120452805577,0.027524793959605266,5.599628689233318e-05,0.14286693184099258
MLTGY1pp,0.014813414639633834,0.012125326914978522,9.575122480289087e-06,0.05956406192123986
MLTGY2pp,0.009149351346207237,0.005270325525636647,5.858645771141942e-06,0.018773677384138043
MLTGY3pp,0.009490529867470199,0.006014969167549624,6.51008558040481e-06,0.02090140867581985
MLTGY4pp,0.0063036843782001105,0.011554778308860224,1.1995260239990053e-08,0.055687921942009805
MMCD,0.11145444536542645,0.05929477240876341,9.738152260081845e-05,0.3458738703695162
MME,0.021947160720718183,0.015988036140694512,2.706306182593308e-05,0.09186239744653071
MMETt2pp,0.0028072934495917425,0.002399381699796893,3.192929177773436e-05,0.010859496769981823
MMETtex,0.002807293449591745,0.0023993816997968927,3.192929177773858e-05,0.010859496769981821
MMM,0.03505744590231774,0.02380361879155158,1.9586985731492276e-05,0.08906468144613282
MMM2,0.02194716072026718,0.015988036140614566,2.706306182587073e-05,0.09186239744630934
MMSAD1,0.2371914289874558,0.17440751802459176,0.007273012085049872,0.6670748843905611
MMSAD2,0.06223354970252226,0.049850553003028375,0.0003963000058059631,0.22898874938384817
MMSAD3,0.14690218410801603,0.07759221488929675,6.858324903047763e-05,0.3194361365227465
MMSDHir,0.1682994744106774,0.11240828426747172,0.00023500849765305904,0.3899614714028676
MN2t3pp,0.06624154682394873,0.04527087903647681,5.7411714697050114e-05,0.18095113794702686
MN6PP,0.04089910985136675,0.04898512595526458,1.218266054633826e-05,0.21947870454500965
MNLpts,0.047280581562987936,0.02930312100551109,9.141693344276996e-06,0.11244907824564263
MNLptspp,0.0048418384483844435,0.005443585715755144,9.935769701754143e-06,0.025568853903796224
MNLtex,0.004841838448384445,0.005443585715755144,9.935769701754143e-06,0.025568853903796228
MNabc,0.01712360791822295,0.011518708980443715,2.222801857490404e-06,0.04467648315924445
MNt2,0.04913043345502348,0.040800119337914095,5.516057220891065e-05,0.16243295441667363
MNtex,-0.06624154682396767,0.04527087903644577,-0.1809511379469999,-5.7411714683652804e-05
MOBDabc,0.022198357389929528,0.023662620295442104,7.343252531785847e-05,0.11675281367413047
MOBDabc_rev,0.030973264290488835,0.025008996073268397,8.141077635778331e-05,0.12941630655531997
MOBDabcpp,0.008774906900559296,0.005135909470000347,6.4911653199190476e-06,0.015407432967268372
MOBDtex,0.008774906900559296,0.005135909470000347,6.4911653199190476e-06,0.015407432967268372
MOHMT,4.925095683862636e-06,1.9671243718281773e-06,1.978568086270034e-09,7.981183628116851e-06
MPTG,0.033453295853311034,0.010223294462708716,2.2809945543444253e-05,0.06590801686475783
MPTG2,0.006303684378200109,0.011554778308860222,1.1995260240097474e-08,0.0556879219420098
MSO3abc,0.006910139245232195,0.005970331775465249,1.13361190831382e-05,0.027790719732243407
MSO3abcpp,0.007583378961201252,0.0074059903912111515,1.3860612833848606e-06,0.02634238673782278
MSO3tex,0.007583378961201237,0.007405990391211147,1.3860612833848676e-06,0.026342386737822795
MSULR,-0.014493518206433324,0.008839141770282744,-0.03395225037381287,-1.3039407399605975e-05
MTAM_1,-5.6464266535355545,0.6150788319448348,-6.807959987555997,-3.710783913212544
MTAN,0.007388520622434595,0.00701661126884998,1.637668155450499e-06,0.03409720409018594
MTHFC,-3.1382346901707048,0.7657229870716162,-5.811257905318751,-1.9565641310232769
MTHFC_1,3.131265137750759,0.7676976004747028,1.9501522260623192,5.803473440131031
MTHFD,-1.7686332498365633,0.29664712096289503,-2.5449043152589796,-0.9804300963676784
MTHFD2i,1.7616636974164863,0.3031169510847321,0.9634399544294018,2.5904141013708957
MTHFR3,0.027235507308254442,0.01176915395946232,1.853797812336288e-05,0.049441514184426306
MTHTHFSs,0.144067073569039,0.11499567082310867,0.0001573167006191811,0.3918828507692546
MTRI,0.007388520622434598,0.007016611268849979,1.6376681554469194e-06,0.034097204090185934
MTRK,0.007388520622434598,0.007016611268849979,1.637668155450499e-06,0.034097204090185934
MYCTR,-3.356490561602828,0.7581756938205614,-5.892240462838608,-1.9321534262834614
MYCTR2,3.3564905616028735,0.7581756938205542,1.932153426283493,5.892240462838629
NABTNO,0.018129149545156594,0.01693571524041566,1.3151433905867613e-06,0.060189716911106576
NACt,-9.779701239941417,0.06657319157037465,-9.91990197512034,-9.608708368228957
NADDP,8.569572283275686,0.3422148711813561,7.7788582957963115,9.550262250490603
NADDPp_1,-8.612598709788143,0.3200167850110344,-9.54448063008806,-7.9321641737596655
NADH10,0.21417558452751745,0.09243149130174715,3.130860671342277e-05,0.31864291560087393
NADH4,0.04368337635444202,0.0325914341188725,2.0145913676137056e-05,0.12672806546762874
NADH5,0.3085686968848443,0.14397793183131977,0.00016244825724708302,0.5819108106246015
NADH9,1.8730857747160898,0.7125522450173635,1.01761929654377,4.112826081056631
NADHPO,0.27843561127885236,0.08740807501571696,0.12528525149542866,0.6971163249795361
NADK,5.613215182815446,0.5977356117933149,3.660669530464601,6.789064693670755
NADK1,0.06446347645849987,0.05664898297368793,2.158909747766404e-05,0.24440529441048445
NADK2,2.4745103403560353,0.8090252294019787,1.4888032844340264,5.430063599615587
NADK3,0.37990206349965583,0.042297112592848476,0.30680557804995945,0.47600837561854037
NADK4,0.04935579111016925,0.02385432409433563,1.3207117511358423e-05,0.08453813326943968
NADK5,0.01759747298006084,0.013108523760391398,1.0790657872051176e-05,0.05118394001319148
NADK_1,0.0,0.0,0.0,0.0
NADKd,-8.599036244638778,0.3629156259761571,-9.607484028601938,-7.755895202197045
NADN,0.09904568077266293,0.060928292214918585,3.392798445940919e-05,0.21570083148286648
NADPHQR2,0.10878624040332355,0.07687459737898279,0.00013833184327467315,0.3570334106998273
NADPHQR3,0.21218234688193235,0.10246159264157577,7.899045314507555e-05,0.4027334625857518
NADS1,0.013934117933584194,0.011585979831962922,3.135842353620481e-06,0.05004635956080525
NADS2,0.007625119334742946,0.007877020059514843,3.861910504080931e-06,0.026521584339009866
NADTRHD,10.687822809283556,5.970408673016967,5.937550204160462,32.43782501448281
NAPRT,-9.720020205165413,0.07871256384178137,-9.90720029064435,-9.518835551545033
NAabc,0.025408558087418927,0.02727232717696985,1.840288666714593e-05,0.1316347932013542
NAabcO,0.0880318992184158,0.10387722872687476,1.2562086174542751e-05,0.286716929622677
NAt3_1,4.888134139290672,0.7890781488499247,1.817790349309754,6.032238290471139
NAt3_2,0.2138859809656922,0.19345435385782608,0.00017992743360652723,0.6751553960413336
NAt3pp,0.08360069646011838,0.10871095165623022,1.3100643234680845e-05,0.4114672291440724
NAtex,4.555328073614346,0.649287089917972,2.061146331698742,5.711992751593998
NBAHH_ir,7.269414285211735e-07,5.964460100926453e-07,2.5838927678741044e-10,2.0182562247262294e-06
NDP3,0.043296011918042936,0.04642383673507919,3.082245543029646e-05,0.17169709215701642
NDP7,0.027511798662282896,0.021944965364015093,2.6238572410110686e-05,0.09712891960648755
NDPK1,0.7487245825113553,0.2203288437940773,0.34174586538394053,1.3194854410422858
NDPK2,0.4421410960020114,0.08299808737463567,0.26888372495538504,0.676938884990804
NDPK3,0.0002588835364819057,0.11656797797674322,-0.2815652271541609,0.22175960282678453
NDPK4,-8.544122277730546,0.36779027403266773,-9.591060827217206,-7.705524629428628
NDPK5,0.4130107095081284,0.05851563681862673,0.2722885940115223,0.5633455489061454
NDPK6,0.010524464654084537,0.04877814740447403,-0.053254640883737714,0.18058861850858063
NDPK7,0.06613447048766541,0.04942478487114126,-0.02051221568765449,0.18369185172539026
NDPK8,2.564858375294023,2.0878661448218154,-1.1638654862756201,10.815891631132823
NDPK9,0.26002220056641606,0.1756331283595063,6.446835674802268e-05,0.701178411455094
NH3c,8.844205726976279,3.1366321462176114,4.829118633185152,19.54276861598861
NH4t,0.2911469888239887,0.12005673559681314,9.921781630528566e-05,0.5231007336970341
NH4tex,1.1015430442050167,0.21156362818553864,0.6597084933496755,1.6271075778101385
NH4tpp,1.0109806664105108,0.23434581721857242,0.5486857308224966,1.5580178345514408
NH4tpp_1,0.09056237779492418,0.07708018927093195,0.0005982051314772782,0.3060259722371803
NI2abcpp,0.006340441706385945,0.004371055890204319,6.491165319919087e-06,0.0280131783468534
NI2t3pp,0.06288664329331849,0.044838762208194494,0.0002202895348409326,0.19369833030612482
NI2t4pp,0.06665078631837791,0.0570642490065888,0.003975341602317782,0.2400803025518436
NI2tex,-0.03923346082579873,0.020200696200599107,-0.09689197626786061,-0.0036926807110457815
NI2uabcpp,0.09664441049234875,0.05815342670025807,0.012685785140285762,0.2824288792163028
NIabc,0.039233460825734257,0.020200696200602317,0.0036926807109343893,0.09689197626778741
NMNAT,0.03450120740790702,0.03250428900067555,3.5925648165445326e-05,0.12573270653331056
NMNDA,9.667326615241269,0.08417044575829381,9.495129840636293,9.899356179205167
NMNHYD_1,0.043812556699751606,0.038205119714618506,3.6006017253619066e-05,0.15754404314065096
NMNN,0.09522512487810235,0.06581626897640247,0.0021897526583701233,0.23103737388033968
NMNP,9.705489603164851,0.07537588178056005,9.56741867928295,9.913306453396768
NMO,0.01959037470764129,0.010698501946902313,1.7736356621285004e-05,0.04052785408419624
NNAM,0.0596810347759574,0.03450130788561325,0.0023133157455518783,0.17220750729745354
NNATr,0.05244019910046246,0.03403340671546725,4.312121513765025e-05,0.1294137016380042
NNDPR,0.07425282719243317,0.037704723058992036,0.0003365263994114523,0.17865347246692925
NO2tex,0.0,0.0,0.0,0.0
NO3abc,0.025254481288672297,0.020289709002681247,1.0789913696576237e-05,0.08748757144737555
NO3abcpp,0.02653460857909581,0.02369680326929272,6.189159074176964e-06,0.059833461583524025
NO3t,-0.34807583673070963,0.10247360956905226,-0.5395262468611222,-0.00017118434426066642
NO3tex,0.02653460857909581,0.02369680326929272,6.189159074176964e-06,0.059833461583524025
NODOx,0.047993942651421054,0.041335799997599405,6.794572072988292e-05,0.12934159043174218
NODOy,0.10014943077980085,0.060316251399787496,6.671932256933592e-06,0.19510126700696775
NOR_syn_1,0.06819529934824142,0.02863319458963409,6.084569401583215e-05,0.13018563091249594
NOS1_1,0.29628674686244094,0.10973690458564213,0.00015259631067448835,0.5320766241566888
NOS3,0.14814337343122055,0.05486845229282107,7.629815533724417e-05,0.26603831207834444
NOX,0.4992946107471357,0.35449600003552595,0.0216138274663558,1.5840002713940566
NPHS,7.929920443279082e-07,5.815183151775321e-07,-3.4970057172740313e-09,2.3560771456654746e-06
NTD1,0.2310697513863309,0.11650935202393353,0.0005616158347050745,0.4990208770920662
NTD10,0.030061313557187268,0.031616812026626834,3.859456446005518e-05,0.17421696169954173
NTD12,0.0739034680943498,0.05134778407921054,0.00010581535781350805,0.296343336090857
NTD2,0.15621107005889637,0.08490233174675335,0.00012566429985367417,0.3861070526721541
NTD3,0.13130827652236474,0.09050720714106675,0.016954092061774673,0.32855203585216686
NTD4,0.19474717656693175,0.1242443104296273,6.574508042059605e-05,0.6733216069630572
NTD5,0.04680674972727193,0.06009650439490649,2.5964661278591975e-05,0.27209515470187184
NTD6,0.12632701641651317,0.10363834875523477,0.0026783125620765485,0.4127743905427237
NTD7,0.03880351423057813,0.03383833729173048,6.435312419724716e-05,0.15970707248426003
NTD8,0.1705275403396158,0.0659022672395434,0.02559330923153901,0.36484357695073627
NTD9,0.03918248878515806,0.037335092721618994,7.21942016539563e-05,0.21347434864680848
NTP1,0.0,0.0,0.0,0.0
NTP10,0.046329560374933354,0.06961824364404139,3.867636995872896e-06,0.2887239083205156
NTP3,0.18414624553425835,0.26216285879666673,0.0036946396551944412,1.128529162140448
NTP5,0.014485681604577774,0.014391790826937492,2.669986720103169e-05,0.07275503705465858
NTPP1,0.04863753628418013,0.038027453317205966,3.5873323578062694e-06,0.18897255606119695
NTPP10,0.020738442019899044,0.015616372229526485,1.9094316541674725e-05,0.05666215610287182
NTPP10_1,0.0,0.0,0.0,0.0
NTPP11,0.005806392312671766,0.00501033069266311,8.152460817655603e-06,0.02110586898882191
NTPP11_1,0.0,0.0,0.0,0.0
NTPP1_1,0.0,0.0,0.0,0.0
NTPP2,0.03549188846396619,0.013926363426714045,9.009398342000657e-06,0.05005010145056931
NTPP2_1,0.0,0.0,0.0,0.0
NTPP3,0.034104999442760145,0.03485744740965354,3.979288195926232e-05,0.11847372269546538
NTPP4,0.03571816264614679,0.03199825138625684,3.6976701452102003e-06,0.09331467318221559
NTPP5,0.02392707608075925,0.02598942000105849,2.965446402924021e-05,0.1583844840536624
NTPP6,0.08082251912870626,0.09493739562127482,1.487031190416026e-05,0.3254466859383982
NTPP7,0.03684336458386752,0.029221864487720295,3.321412217157058e-05,0.10468961709260989
NTPP8,0.026346647716044468,0.020280507271953012,1.7741131281533603e-05,0.07567563990166465
NTPP8_1,0.0,0.0,0.0,0.0
NTPP9,0.029093455412113355,0.025468025741344345,1.4737862923750198e-05,0.13290834633315982
NTPP9_1,0.0,0.0,0.0,0.0
O2tex,13.919274685720465,0.8741168188755651,11.113970531996694,15.7198985761598
O2tpp,13.919274685720465,0.8741168188755647,11.113970531996694,15.7198985761598
OAADCS,0.21930324939898393,0.12212984059207983,0.0006376769308598814,0.5464891657766445
OBDHc,0.05281218850371818,0.031022650700467398,0.00010284094358564209,0.16687657550675622
OCBT,0.01933701227351605,0.015807849091002434,0.0006927229992017706,0.08529563956661859
OCBT_1,0.0,0.0,0.0,0.0
OCOAT1,-8.827067274985678,0.3920051791735313,-9.89621699288053,-8.136952235893359
OCOAT2r,4.417350722050542,0.5330367108903633,2.187001939317272,5.171167716059065
OCTAtex,0.018259877336853608,0.01831136195549706,4.9571906060914835e-06,0.111210936911059
OCTDPS,1.808183689846686e-06,6.152783875553336e-07,9.059942563530552e-07,5.325386299862836e-06
OHPBAT,0.09698722292785424,0.09221011907734,0.00011106240570646654,0.39018400811750803
OIVD1r,-4.3846190940225975,0.5252491344441065,-5.160354156719145,-2.1687709469537007
OIVD2,0.009906009282861106,0.007387260782652228,3.86166575462768e-06,0.02003492294422003
OIVD3,0.185525077493198,0.2840462452915312,0.006785476740814988,1.282026441486172
OMCDC,0.03639730404404923,0.03474406633019506,8.4012136753807e-06,0.13430281989754192
OMPDC,0.0012451931733358128,0.0006194124338789467,1.6994019886034487e-06,0.003050063196458796
ORNTA,0.0046523302505676,0.024779530162336888,-0.07874846447316461,0.09126485399125893
ORNTAC_1,0.024842065218143798,0.023584183099922707,-0.015854001243842324,0.09867938936564673
ORNTA_1,0.10133307498657407,0.04882983607666662,0.006217695993733267,0.2188030613385095
ORPT,-0.0012451931733358011,0.0006194124338789484,-0.0030500631964587997,-1.6994019886034561e-06
OXADC,0.01641394691106705,0.01581113360004268,2.2975594396503306e-05,0.06309547356431984
OXAtpp,-3.3332111154298447,0.34161838311253784,-4.072004170885107,-1.7374322588249782
OXCOAHDH,0.06496698200481105,0.06866178293375264,1.4901168790770994e-05,0.26883695886570363
OXDHCOAT,0.06496698200481109,0.06866178293375265,1.4901168790824337e-05,0.26883695886570363
OXFOtex,-3.333211115429847,0.3416183831125383,-4.072004170885107,-1.7374322588249778
OXGDC,0.030972695923507227,0.020192693295256744,4.227753534854746e-05,0.10166003453725324
OXPTNDH,0.016113093545715607,0.01617960288813203,1.7505376579992266e-05,0.06983088278969286
P52O,5.3589605983298965,2.5431100262503104,3.09552783749899,14.588205844531482
P5CD,0.11887083945222031,0.054577750831938034,0.00012089264948897548,0.29305997182869126
P5CR,0.015440083998176798,0.01537851233813396,8.78989034193274e-06,0.048132547845646
P5CRx,0.0,0.0,0.0,0.0
PA160abcpp,0.012539858159386304,0.014086646650731756,1.897375313317609e-05,0.0776243582193274
PA161abcpp,0.005996321054231629,0.004586849312318925,1.221792752789586e-05,0.023081383103907886
PACALDt,-0.08437650061052214,0.07236485808259235,-0.2816092371542148,-0.00014185223945888432
PACCOAE,0.06496698200481105,0.06866178293375264,1.4901168790777066e-05,0.26883695886570363
PACCOAL,0.08437650061052238,0.07236485808259224,0.00014185223945888556,0.2816092371542147
PANO,0.04873899704752337,0.074200767083701,2.1914671147376058e-05,0.3030742257688354
PANTS,4.925095683874346e-06,1.9671243718273138e-06,1.978568086302379e-09,7.981183628183253e-06
PAP,0.05065857548865928,0.04763491873509356,4.6864312509669114e-05,0.18128429074716718
PAPPT3,0.0733910944538152,0.029469920530951547,0.0002911368269114067,0.17396659641605494
PAPSR,0.027969862767978474,0.02532643858664676,1.328445639165468e-05,0.0730266595884351
PAP_BS,0.04479812325904214,0.033366371627100856,0.0002990939853035177,0.13711855214313973
PBUTT,-2.6193127120910744,0.40554007603144093,-3.6336106425822448,-1.4945172122192307
PC,0.029713414549688087,0.02799635696680738,1.9357771665276838e-05,0.10137886174014411
PDE1,0.04628589668778165,0.05582753398449386,3.5874731376201046e-05,0.20066576690338317
PDE4,0.03979706052980703,0.03192422790832121,1.9301357284225643e-05,0.08797179408841616
PDH,0.029404309289489186,0.020347354224059252,1.8659769000636605e-05,0.07127112307798164
PDHbr,0.043038448759412894,0.030150860376544894,1.7744161063662287e-05,0.11187244824237576
PDHcr,0.043038448759412894,0.030150860376544898,1.774416106366239e-05,0.11187244824237576
PE160abcpp,0.011242384584036482,0.010555460192336408,3.0852732133246696e-05,0.05975335895723688
PE161abcpp,0.025025732401641018,0.01678684598163737,2.436006342097643e-05,0.08917030057886294
PE180abcpp,0.2713800318042139,0.8151444074863149,0.0028967229582924103,3.431012412026245
PE181abcpp,0.005304299213778454,0.004066521460957202,5.565797736007671e-06,0.027858472174626624
PEPA,3.534642835519065,0.20214703886466087,3.0759258544547805,4.0913378819271005
PERD,0.09698722292785487,0.09221011907733985,0.00011106240570727262,0.3901840081175084
PFK,1.5089671984224022,0.1573224687523486,1.1976629089173865,1.8641346824173464
PFK_2,0.07701503290391723,0.045734434244252165,1.505067046114968e-05,0.20679615701427617
PFK_4,0.16906715398898128,0.06683411578198423,0.00011651056652918262,0.30475322089350476
PG160abcpp,0.026318965489727012,0.036580207380705235,1.543936042525353e-05,0.15520718486375268
PG161abcpp,0.023795506646367044,0.019627557320267924,1.9295733335368424e-05,0.06138366215827028
PG180abcpp,0.014487676072747245,0.010997165963662476,1.0718042529514835e-05,0.0638891051915846
PG181abcpp,0.00693260315262573,0.007855099719075874,1.038317800118448e-06,0.028525040460629772
PGAMT,-0.18041188615733825,0.0663016913858854,-0.3588452140916374,-0.0037697635670674856
PGCD,0.30703481197144417,0.13345877168941547,0.0010495923413898884,0.6040930883666662
PGI,-5.406712590877983,0.19948878690809857,-6.038683417589693,-4.941908036894367
PGI1c,0.16436008815345896,0.0807067459729604,0.00010868463269096278,0.38902321493850867
PGK,-9.789782781045554,0.13370258840388022,-9.997491574215312,-9.405588257928988
PGL,0.03543463833606245,0.02615576648706001,0.00020045176794753083,0.1100225647834807
PGLYCP,0.02005417354083154,0.019879921609765386,5.7948173632543505e-05,0.07455232808892434
PGLYCP_1,0.0,0.0,0.0,0.0
PGM,-9.682932489940054,0.1877393782778754,-9.97714825107994,-9.21741938642639
PGMT,-9.86066775496739,0.06864617279138244,-9.999632663364553,-9.694667786040275
PGMT_2,0.0,0.0,0.0,0.0
PGMT_B,0.0,0.0,0.0,0.0
PGP181abcpp,0.004947350020024106,0.003414553327359031,8.255199120827458e-06,0.016824486478929326
PGPP181pp,0.004947350020024103,0.0034145533273590286,8.255199120830435e-06,0.01682448647892932
PGSA181,0.004947350020024107,0.00341455332735903,8.255199120827458e-06,0.01682448647892933
PHACOAOR,0.01940951860571118,0.01831319578937337,2.551008058950066e-05,0.07598469955387036
PHEMEt,0.007882014088108192,0.011875528261565786,-0.019256797359977287,0.03225058788100105
PHETA1,0.023308649443121655,0.017714529657235974,3.3010907816797976e-05,0.09736091652301254
PHEabc,0.004262755470267289,0.005389607970762576,3.4023548213916665e-06,0.03501580420526816
PHEt2r,0.010517597403967013,0.009744818193980138,3.21097979545381e-05,0.050971214442803024
PHHL,0.012279995012380241,0.011847616494172639,9.709255085878369e-06,0.05915907609756659
PHHL2,0.012279995012380238,0.011847616494172639,9.709255085878301e-06,0.05915907609756659
PIabc,0.016999040643533646,0.01063431513388086,2.302098102804569e-05,0.043123534346658714
PIt2r,0.06858313537279358,0.05969721345243728,3.287713186740397e-05,0.2055048952638699
PIt2rpp,0.022490709882570698,0.016744820712353496,1.5120342672054661e-05,0.0783727823920007
PIt7,0.03768106223989624,0.024738802491267683,6.386932506204782e-07,0.08709625590928098
PItex,-9.572066986009936,0.1720972059341875,-9.846524680846938,-9.098667678170848
PLCD,0.02494869422409253,0.02561256646821251,3.216892880704135e-05,0.13801338249413836
PLIPA1E160pp,0.011242384584036475,0.010555460192336415,3.0852732133246696e-05,0.05975335895723689
PLIPA1E161pp,0.02502573240164104,0.016786845981637374,2.436006342097643e-05,0.08917030057886298
PLIPA1E180pp,0.2626508457219231,0.8176767848807243,1.6774770911225534e-05,3.4309985574870496
PLIPA1E181pp,0.0053042992137784534,0.004066521460957202,5.565797736007671e-06,0.02785847217462663
PLIPA1G160pp,0.026318965489726988,0.036580207380705235,1.543936042525348e-05,0.15520718486375268
PLIPA1G161pp,0.023795506646367016,0.019627557320267917,1.9295733335368424e-05,0.061383662158270236
PLIPA1G180pp,0.014487676072747266,0.010997165963662518,1.0718042529111905e-05,0.06388910519158462
PLIPA1G181pp,0.011879953172649761,0.00861626488270268,1.3625508698035565e-05,0.03874557496490211
PLIPA2A160pp,0.012539858159386323,0.01408664665073176,1.897375313317609e-05,0.07762435821932742
PLIPA2A161pp,0.0059963210542316485,0.004586849312318929,1.2217927527896114e-05,0.023081383103907893
PLIPA2E180pp,0.00872918608229041,0.007283576483726418,8.819540072359155e-06,0.03045340717279875
PLPS_1,4.032249628513905e-06,1.372070804218568e-06,2.020367191678058e-06,1.1875611448683524e-05
PMANM,0.0,0.0,0.0,0.0
PMDPHT,4.700168106108722e-07,5.055160570825587e-07,7.21712227677004e-10,2.1753706044235097e-06
PMPK,0.04634166425348711,0.033917930735515224,2.3686254582462008e-05,0.13576939785542108
PNP,-0.13458977087491325,0.08684148184203842,-0.2712154079122442,0.055345685933936295
PNTK,1.0415138054995132e-05,3.5440035111655623e-06,5.218526928587415e-06,3.067422509947665e-05
PNTK_1,0.0,0.0,0.0,0.0
PNTOt4pp,5.490042368933631e-06,4.6148796785257e-06,6.827214558586736e-08,3.041956755286427e-05
PNTOtex,5.490042373163459e-06,4.614879676959421e-06,6.827216091355156e-08,3.0419567554257855e-05
POR_syn,0.20458589804472507,0.08589958376890247,0.00018253708204749323,0.3905568927374903
PPA,0.1912274960783158,0.48099208497393786,2.538807653639332e-05,2.1551893365224615
PPAKr,3.137261796965733,0.7066633788922421,0.9196767823343044,4.168053868214608
PPAt2pp,0.017736846426747034,0.01833411593342628,5.397247513389852e-06,0.05257008914214478
PPAt4pp,0.02187781813982699,0.020154245994247866,1.070566449807378e-05,0.08375356474250814
PPAtex,0.03961466456657405,0.03135508180538966,1.6103679643475018e-05,0.11185593533417196
PPBNGS,0.20425987270204918,0.06310307684975508,0.00019619670579441167,0.32042923538689627
PPC,0.11796614204636996,0.15732930556898278,0.00021395100086127875,0.6658386497939626
PPCDC,1.041513805485668e-05,3.544003511159769e-06,5.2185269284535696e-06,3.067422509937117e-05
PPCK,0.26410784630266976,0.14231931223277883,0.0033254810576021517,0.5229972121725526
PPCOAC,0.054449838742390545,0.05045377691898923,4.1714539563204826e-05,0.28617983611315584
PPDD,0.03573770117363709,0.023768261711390105,2.061540895296182e-05,0.09136326937520023
PPM,-1.0142907110478856,0.2714456024669881,-1.6550926897774403,-0.3327716108905179
PPM2,0.4761022498143012,0.11477351005286086,0.23517433738476232,0.8501410615116629
PPNCL,1.0415138055001272e-05,3.5440035111590995e-06,5.218526928450642e-06,3.0674225099342504e-05
PPND,0.005908678872997475,0.005435132097870515,3.830104351835755e-06,0.023350945089714786
PPNDH,0.006651570526126477,0.004988227525009312,1.8254450507596141e-06,0.01659801310512573
PPOR,0.029960219969248147,0.01943480520592518,3.483738781769916e-05,0.1027528897845238
PPPGO,0.008766012016787249,0.007467237303964916,1.4427915649023469e-05,0.025713482138339683
PPRDNDH,0.01611309354571553,0.016179602888132024,1.7505376579990016e-05,0.06983088278969281
PPTGS_BS,0.0001808183689926782,6.152783875415212e-05,9.059942563577778e-05,0.0005325386299860757
PRAGSr,0.005220450362514265,0.005515251227104854,1.3011335774668913e-05,0.03273726593890809
PRAIS_1,0.005220450362514196,0.0055152512271048676,1.3011335774705787e-05,0.032737265938908085
PRAIi,9.100641171924431e-05,8.921147240355007e-05,5.486120627098632e-08,0.0003377590949174439
PRAMPC_1,0.011568633830456962,0.014369894357355164,2.449424020957319e-05,0.056655198224158106
PRASCSi,0.005218912539711818,0.005515242213964152,1.1739943578569355e-05,0.032736054432175844
PRATPP,0.01156863383045697,0.014369894357355164,2.449424020958902e-05,0.056655198224158106
PRFGS,0.005220450362514219,0.005515251227104818,1.3011335774973895e-05,0.03273726593890777
PRFGS_1,0.0,0.0,0.0,0.0
PRMICI,0.011568633830456965,0.014369894357355164,2.4494240209581863e-05,0.05665519822415811
PRO1x,0.0,0.0,0.0,0.0
PROAKGOX1,0.11282772203402848,0.048665653224616044,0.005907388720318214,0.21836410436685938
PROGLYabcpp,0.00560629435765491,0.006817725684888203,7.188674858103768e-06,0.04838625086362797
PROGLYtex,0.005606294357654911,0.006817725684888203,7.188674858103985e-06,0.04838625086362797
PROHISGLUtr,0.008763705123344533,0.009370546346629037,4.081251387716746e-06,0.03740922503354195
PROabc,0.01613682543266404,0.014378492474514063,4.4134512897883e-06,0.03685059209269722
PROt2r,0.013761675548447897,0.010511852326697926,7.849279275544763e-07,0.04229410197620746
PROt2rpp,0.008513101943037157,0.009730899917881883,4.721367204730368e-06,0.02435274864179895
PROt4,0.012335085664802216,0.011382643549560995,1.044721769393095e-05,0.04940415480876795
PROt4pp,0.018033931123478376,0.01853315514837743,6.769048804561248e-06,0.06463072759621742
PROtex,0.026547033066515523,0.019106399617059087,1.1875363194419835e-05,0.06858333688246182
PRPPS,-9.20792131659227,0.15000895235907752,-9.557796027167457,-8.836082238886249
PSCVT,0.03853345616020358,0.022906365450759726,0.0003262509851672016,0.12615174195927217
PSD161,0.01086118862534992,0.007845881550851596,8.912421404672788e-06,0.030664914071681846
PSD180,0.008729186082290417,0.0072835764837264165,8.819540072359001e-06,0.030453407172798767
PSERT,0.30703481197145255,0.13345877168941755,0.0010495923413898394,0.6040930883666769
PSP_L,0.09417381219540727,0.045280301566975587,5.2098412427894945e-05,0.18174244076794369
PSSA161,0.010861188625349941,0.007845881550851594,8.91242140467277e-06,0.030664914071681884
PSSA180,0.008729186082290443,0.007283576483726427,8.819540072358803e-06,0.030453407172798798
PSUDS,8.08292313388397,0.4764340497763524,7.214350735481856,9.588779861019907
PTA2,3.1372617969657344,0.7066633788922423,0.9196767823343057,4.168053868214609
PTAr,-5.256618629180903,0.8046551798337797,-7.373740060959754,-3.8027581051526145
PTHPS,7.426094824562903,0.6948063698027596,6.302272003025782,9.587828450111259
PTHPS_1,-7.426094824562891,0.6948063698027717,-9.587828450111273,-6.302272003025748
PTHRP,0.021160435306119035,0.017836750124994704,2.782461001402912e-05,0.06531162934780228
PTPATi,0.09491909936879894,0.06360818213347193,4.247250228486401e-05,0.26607108522097656
PTRCAT1,0.01812914954515613,0.016935715240415542,1.3151433903028087e-06,0.060189716911105494
PTRCTA,0.0217820954340549,0.018479632953042804,0.00022977850704064665,0.10169690342226319
PTRCTA2,0.0434398834335954,0.037090920740777744,0.000444095548019037,0.145791451420414
PTRCabc,0.05770173636955066,0.03603374542348924,0.0009743322921790688,0.1849606784291954
PTRCabcpp,0.01548463967518541,0.010211512120651606,5.424052410504716e-05,0.0455624870037901
PUNP1,-0.17956909988451744,0.14437321047059862,-0.4884598904981283,0.060920725115501284
PUNP2,0.07250759101052587,0.07546882380112557,-0.008596805489464229,0.32389094251459855
PUNP3,-0.4923674750892555,0.18996235413079968,-0.9429019080235612,-0.10306208402148087
PUNP4,0.11008997593934867,0.050968532819507084,0.005764496963285737,0.24607157939733248
PUNP5,-0.04395958305734049,0.042161064356461615,-0.13613761948471836,-1.8691921384927923e-05
PUNP6,0.02073844201989895,0.015616372229526432,1.9094316541672723e-05,0.05666215610287171
PUNP7,-9.156247640070466e-06,0.03570163668479714,-0.08980781475662702,0.13557498421359782
PYDXK_1,0.013400811474732587,0.010534217289891944,1.5953589040203537e-05,0.06341018631955786
PYDXPP,0.013400811474732523,0.01053421728989194,1.5953589040203147e-05,0.06341018631955775
PYK,18.45403007973322,0.33784824052707285,17.841495676506085,19.319529195687924
PYNP1,0.030931818922005472,0.031201872823514328,1.8698997560059272e-05,0.10446917875788177
PYNP1_1,0.0,0.0,0.0,0.0
PYNP2r,-0.2003006100819353,0.08569320892870703,-0.4622677417607317,0.00010844399345266709
PYNP2r_1,0.0674368031093289,0.07134085274468761,0.00011407035955188213,0.3575935875597641
PYRt2rpp,0.2897893260084047,0.20251258151235235,0.0020059131892102284,0.8247506646314392
PYRt4pp,0.057664627235705895,0.04715125801506088,0.00044331604643698357,0.17826593392770312
PYRtex,0.34745395324411305,0.21542288046445945,0.0025060568522304117,0.8281189043394521
QMO2,0.8659954711453857,0.2659167188836267,0.18784718503127856,1.5681428260740709
QULNS,0.0742528271924332,0.037704723058992036,0.0003365263994114432,0.17865347246692925
R5PP,0.040724497428564196,0.028909607655026287,3.8351904965717935e-05,0.10680998674321057
RBFK,0.038723266128255815,0.05702706940747062,2.2327588422201797e-05,0.26628024403599576
RBFSa,9.400336212209542e-07,1.0110321141648908e-06,1.4434244553540228e-09,4.350741208845922e-06
RBFSa_1,0.0,0.0,0.0,0.0
RBFSb,4.7001681061066416e-07,5.055160570825612e-07,7.217122276769585e-10,2.17537060442323e-06
RBK,0.2698073753435277,0.097142714382676,0.00022383867133462363,0.50973891147061
RECOAH2,-3.042302079688963e-19,1.2116249295047432e-19,-4.61612500298333e-19,5.9115912981348795e-21
RECOAH3,-8.869570421423168,0.4726843606261443,-9.985431822413268,-7.961863076472445
REPHACCOAI,0.06496698200481103,0.06866178293375265,1.4901168790737167e-05,0.26883695886570363
RHA40tex,-0.04924797054960368,0.07620987643071958,-0.324114139114533,-2.6694099480195632e-05
RHACOAR80,-8.869570421423086,0.47268436062616365,-9.985431822413272,-7.961863076472367
RHCCE,0.14406707356903908,0.11499567082310866,0.0001573167006191672,0.3918828507692546
RIBFLVt2,7.5944824466352e-06,2.788456988674703e-06,3.977383618965676e-06,2.3733506417669716e-05
RIBabc,0.05319489673024632,0.06884950007541257,1.4766711813016962e-05,0.21002864837515875
RIBabc1,0.06829209958209402,0.031533152519523974,0.00011645472995353136,0.13538681131827102
RIBabcpp,0.023905673838226466,0.020392549179643744,7.960134582799959e-06,0.07975622402885053
RIBtex,0.023905673838226466,0.020392549179643744,7.960134582799959e-06,0.07975622402885053
RNDR1,0.07725976318229667,0.07395979913470939,0.00023970915005707387,0.3297953367766408
RNDR2,0.09456108566342476,0.050096483875697165,0.0007819101400218121,0.23666263628350553
RNDR3,0.09354296910404364,0.08330595670030458,0.0002351638111589915,0.2691326836173543
RNDR4,0.11281162055525056,0.08271222677649136,0.0005303380903731543,0.3137327239105945
RNMK,0.17840232757456093,0.09310602456581854,4.3992755073633144e-05,0.3802321360707503
RNTR1,0.01645939919242783,0.015044719754088642,8.852477564390827e-06,0.04558926926232345
RNTR2,0.016017407263330254,0.016019705238672403,1.583814809692304e-05,0.09527252960033156
RNTR3,0.017814837052796437,0.012249467721950208,3.236963677440697e-05,0.06145629703231925
RNTR4,0.04832054532502635,0.034395969681611384,1.8403973245663473e-05,0.10443231793735296
RPE,11.856551232174924,0.3217507733037228,11.232740445915578,12.605652568268503
RPI,2.5628961477053145,0.2420809013082709,2.2073353939992977,3.473403963600319
RU5PS,-9.182007380255222,0.3736094721123609,-9.87201152283087,-7.926435184082075
S6PG,0.08736414061260639,0.05658723962843552,2.9664648175940322e-05,0.26374321662930206
SADT,0.10075030083680747,0.04283360508591928,0.00014329976525655411,0.22748132244267838
SALCHS2FEexs,0.025323611816720427,0.018773528353204047,4.4278084542351085e-05,0.08184909601267931
SALCHS4FEexs,0.24368858204678928,0.16623538014987624,0.00010851647544764526,0.6620658446551182
SALCpts,0.08736414061244382,0.05658723962837893,2.9664648382271165e-05,0.26374321662778144
SCYSSL,0.17060208212856515,0.07306783753168164,8.571978160336433e-05,0.29034748440256447
SDPDS,0.075918896185594,0.05843586278651131,0.0006026659943278958,0.22455401336939257
SDPTA,-0.07591889618554902,0.058435862786485784,-0.2245540133693389,-0.0006026659943341173
SERAT,0.16488954856580756,0.06560024822522552,0.00027695636930417575,0.3139070988017191
SERD_L,0.13035857156751093,0.08960128516608085,0.0018376676256474044,0.3772889593309597
SERGLUGLNtr,0.01505584655574781,0.018386827347361683,1.9246849604486002e-05,0.08104167968459566
SERabc,0.012362514568984639,0.02058086835276952,3.232249240960346e-06,0.08314699612762619
SERt2r,0.060812428527861125,0.03260947215538173,0.002511544849216899,0.147233364961421
SHCHD2_1,0.04229895615872474,0.0161117562337691,3.4607924311458274e-05,0.07270999801806682
SHCHF_2,0.04229895615872472,0.0161117562337691,3.4607924311458274e-05,0.07270999801806684
SHGO,0.016113093545715516,0.01617960288813203,1.7505376579982566e-05,0.06983088278969281
SHK3Dr,0.038533456160203206,0.022906365450759816,0.00032625098516589265,0.12615174195927178
SHKK,0.038533456160203476,0.022906365450759726,0.0003262509851672016,0.12615174195927215
SHSL1,5.528763700283754,0.5035389996518191,4.72638019274089,7.72961087340928
SHSL2,0.0,0.0,0.0,0.0
SHSL2r,-5.584704865199575,0.5022618014429702,-7.731284846650855,-4.728051581126259
SHSL3,0.02324515696133822,0.015637726617136315,2.7008406653766697e-05,0.11394385721457109
SHSL4r,0.032696007954450344,0.022557815504964787,5.393384888296629e-06,0.10211510585572797
SLCYSS,0.035792409063610586,0.0284862104137326,2.9513651779456992e-05,0.09688793912759947
SMIA1,-9.695445549834306,0.16408946654993886,-9.985802152436806,-9.332096938988233
SMIA1Eabc,0.01952048398319322,0.016766480865048467,5.225763580682881e-06,0.04450256966674574
SMIA2abc,0.09323682022303484,0.06294011243385728,2.9499792644410127e-05,0.2128948163278898
SMIB1,-6.729198458774794,0.733842132589424,-9.524053162894736,-5.671930034932325
SO3abcpp,0.13071488939733003,0.07303212136086089,3.0943210444356784e-05,0.24566062081154552
SO3tex,0.13071488939733006,0.07303212136086092,3.094321044435627e-05,0.2456606208115456
SO4t2,0.0375615822525194,0.022632927503087083,0.00014663406198129236,0.10991699796810254
SO4tex,0.0157602586942082,0.012121045184461809,1.8825473368533607e-05,0.053235592772951014
SPMDabc,0.024680189509946368,0.026312182089363905,1.628320649376903e-05,0.1030141643189795
SPMDt3i,-0.032068710132381655,0.02713498174180089,-0.12884628391011205,-2.2925140335455003e-05
SPMS,0.007388520622434595,0.0070166112688499795,1.6376681554518e-06,0.03409720409018594
SPODM,0.8659954711453856,0.26591671888362667,0.18784718503127856,1.5681428260740709
SPP,0.011264693668847794,0.01471932765291411,8.814742524304684e-06,0.08405434057136259
SSALx,0.03128776360982267,0.026069450911277586,0.00016276355881203523,0.10360361146270673
SSALy,0.052849515923961136,0.0394217153299567,1.4258942008221012e-05,0.17031473245420242
SSCOARy,-0.26048444111216856,0.13427691710507078,-0.7007011211189118,-0.0482619685338026
STFRNAt,0.07371633623984179,0.05221617222031272,2.3902749558912655e-05,0.1694539256131064
SUCBZL,0.010300591648998334,0.009271417395255702,4.408425730755027e-06,0.04529921008409881
SUCBZS,0.010300591648998299,0.009271417395255702,4.408425730717514e-06,0.04529921008409878
SUCBZT1,-0.010298783465308624,0.009271463899712938,-0.04529791591125998,-3.0839293695154834e-06
SUCCt2_2pp,0.1631271735642061,0.11047592777192833,0.00035953621987213887,0.439673618043189
SUCD1,-0.566272544473218,0.299368898109068,-1.4976476419228981,-0.0707884101200326
SUCD2,5.627685233369995,0.5765572352475066,4.189124344731187,6.740787463470193
SUCD4,0.44864053385722147,0.2503146833191546,0.00431401677439776,0.8779639179997802
SUCD5_BS,1.3619520256780593,0.3772817092255909,0.037532467122571966,1.9913002692869783
SUCOAS,-4.688985772390934,0.7455686045155059,-7.722533624969054,-3.4116121882815147
SUCR,0.03675067382505568,0.03138868767440996,3.228732706654704e-05,0.20448267954640184
SUCRt2,0.02548598015620758,0.030123997242763014,1.6033215170864898e-05,0.20193141728843297
SUCpts,0.04910863235366591,0.029162582556240272,1.6746795665339654e-05,0.1481267926054709
SULFACabcpp,0.025099945816450222,0.022464759788406362,2.3427319843969484e-05,0.0788633306704408
SULFACtex,0.025099945816450243,0.02246475978840637,2.3427319843969453e-05,0.07886333067044081
SULR,0.6996404188958127,0.24956664311292745,0.00048689173546329724,1.063307584097363
SULabc,0.01765376799796977,0.015069260226602793,5.042953238612118e-06,0.039620162164000064
SULabcpp,0.015760258694208704,0.01212104518446197,1.882547336853328e-05,0.0532355927729518
St,0.0,0.0,0.0,0.0
TAGURr,-0.05330012122787792,0.03554216122894058,-0.17399572101674288,-0.0009096024260486502
TAGabc,0.014625331936101403,0.014288529043382492,1.0789913696576249e-05,0.0652284342510953
TALA,5.88502098741668,0.16463956905549046,5.482519041084151,6.256416204957221
TARTDC,0.08114457121525503,0.0640967335229409,0.00031790680523466314,0.25798008905297504
TARTRt7,0.08114457121525896,0.06409673352293992,0.0003179068052371863,0.25798008905298125
TARTRt7pp,0.16312717356420606,0.11047592777192819,0.0003595362198721404,0.43967361804318866
TARTRtpp,-0.16312717356418152,0.11047592777189376,-0.43967361804300253,-0.00035953621987161455
TAURabc,0.024635152342241853,0.022350762268411574,3.1416257708209026e-05,0.085883190139807
TAURabcpp,0.07296493380990261,0.0417505151286724,5.0364660441632e-06,0.2077092269547119
TAURtex,0.07296493380990261,0.0417505151286724,5.0364660441632e-06,0.2077092269547119
TDP,0.01871588336976004,0.015101614252388694,1.5464643805617117e-05,0.06087890016980038
TECA1S45,1.8081836899252297e-05,6.152783875416995e-06,9.059942563577716e-06,5.325386299860353e-05
TECA2S45,1.808183689925235e-05,6.152783875416983e-06,9.059942563577713e-06,5.325386299860353e-05
TECA3S45,1.8081836899252304e-05,6.152783875416988e-06,9.059942563577713e-06,5.3253862998603514e-05
TGBPA,0.07701503290391717,0.04573443424425216,1.50506704611493e-05,0.20679615701427606
THDPS,0.07591889618559451,0.058435862786511306,0.0006026659943278776,0.224554013369393
THIORDXi,1.8579169166690592,0.5445142113346678,0.0239533903500116,2.505631137927456
THMDt2,0.00016857960892243762,0.00011404951567117356,2.717526466941528e-06,0.0005047668762111978
THMP,0.030582503407931453,0.019886691811006937,3.192783437156523e-05,0.09295334244559345
THMabc,2.24461856153734e-06,1.3874278906725437e-06,6.111166138294628e-08,8.58315704956996e-06
THPAT,0.0,0.0,0.0,0.0
THRA,0.5602816464635997,0.26932887348964446,0.003888750981292379,0.9785440090227036
THRA2,0.4436147281186959,0.6785633799719606,0.00019512620936962,3.2382585978164453
THRD,0.33480016339707075,0.4273311511288242,0.0011494566417301142,2.05055341798121
THRD_L,0.03803755861788737,0.03802029296740677,7.541003796630443e-05,0.16188367730556716
THRS,0.4786876498996986,0.1393667598444998,0.22345465972259124,0.8370101984909087
THRS_2,0.0,0.0,0.0,0.0
THRabc,0.012882645549258704,0.01270092603603011,3.2781011716044738e-06,0.05323010833774548
THRabcpp,0.029449417307467862,0.03546920911705075,1.2982330644229466e-05,0.11304770847394063
THRt2pp,0.029449417307512,0.03546920911704812,1.2982330639838048e-05,0.11304770847386228
THRt2r,0.4132969508130203,0.4341622747354504,0.0008259407289288157,2.2368947439880076
THZPSN,1.7876310666746002e-06,9.324346287045406e-07,1.6386025305758265e-09,3.5520715946738354e-06
THZPSN_1,0.0,0.0,0.0,0.0
TKT1,6.0540881414056695,0.17326540184760095,5.670127378201674,6.3885495013970495
TKT2,5.918567462317396,0.19210373479261436,5.5683773626700335,6.345145048425544
TMDK1,0.047037940787645054,0.06006157332203481,0.0001586155691816675,0.2722707337178123
TMDPK_1,0.018719915619387812,0.015101278597556016,1.74850109972949e-05,0.060882784828327555
TMDPP,-6.261145145042804e-05,4.875442418928732e-05,-0.00021490908204399687,-3.96591408546699e-09
TMDS,0.00024193828392901195,0.00018352211434991748,4.232907712539771e-07,0.0010680107604577871
TMN,0.011864832407104276,0.014002938334556436,1.6429900138367013e-05,0.08040574892030847
TMPPP,0.011866620038171015,0.014003030139356762,1.646227788578457e-05,0.08040627811700514
TNTHAC1,0.021345895266194445,0.01647945210836619,2.4690656288015895e-05,0.06372100811469798
TNTHAC2,0.027259029374406368,0.012900357119391144,4.570405394972827e-06,0.056416915897339555
TNTR1,0.009854683299231242,0.005915170635149962,1.6564265524303625e-06,0.02005372626998949
TNTR1x,0.011491211966967523,0.012785461795852947,6.697677839592636e-06,0.04701288726504277
TNTR2,0.007670483457035437,0.006426161225945047,2.69717700525012e-06,0.019662071502513256
TNTR2x,0.0195885459173728,0.010658620611915366,1.8732283897218263e-06,0.04394106377192105
TNTR3,0.0243024623203004,0.011511993118376317,2.0081776986729425e-05,0.055208064995811254
TNTR4,0.02430246232030039,0.011511993118376314,2.0081776986729425e-05,0.05520806499581125
TNTep,0.4151012797131052,0.3804200704607171,0.0001924265957415936,1.0455910545909635
TNTtex,0.5123111289943184,0.4036550549831195,0.0002753260289652881,1.2252939152745672
TNTtpp,0.5123111289943184,0.4036550549831195,0.0002753260289652881,1.2252939152745674
TPI,1.5474031430979591,0.18669822301760272,0.8984257622998673,1.792615788433702
TRDR,2.681637949440107,0.6473142234091117,0.38806396830120954,3.384401225054515
TRE6PH,2.977877372102036,0.6664083347460508,1.929382350484622,5.199737034303176
TREpts,0.035027601240623686,0.029526181562138324,1.6185825730802173e-05,0.11360023130506806
TRPAS1,0.0,0.0,0.0,0.0
TRPS1,9.100641171925749e-05,8.92114724035522e-05,5.4861206270989157e-08,0.00033775909491745565
TRPS2,-1.3663281236417504e-17,6.814733040340961e-18,-3.064405819497126e-17,3.961750981292163e-19
TRPS3,-1.3663281236417441e-17,6.814733040340975e-18,-3.0644058194971254e-17,3.961750981292163e-19
TRPabc,5.1913421806162016e-05,5.7858917068624017e-05,2.164047887854323e-08,0.00020288986145651839
TRPt2r,0.00046663232311952,0.00048678355765439984,2.3402823758634446e-06,0.0030087427642331516
TRSARr,0.0,0.0,0.0,0.0
TSULP,0.18100939466523439,0.07190170890482576,0.00011875278771103772,0.2892026275617449
TSULabc,0.019469977573956923,0.0155033170380121,7.397786191779436e-06,0.06063155214274529
TSULabcpp,0.011086118723742985,0.011265178218044342,5.397247513389886e-06,0.03332777560981387
TSULtex,0.011086118723742988,0.01126517821804434,5.3972475133898965e-06,0.03332777560981387
TTDCAtexi,0.035370912102574543,0.02509482897763359,2.73917290368048e-05,0.08675237573436023
TTDCEAtexi,0.03509376013109667,0.026740153869159934,7.9460436281351e-05,0.10768481907271216
TYRTA,0.03505431444070877,0.023335993227725713,0.0005306266112622713,0.09816999931735482
TYRabc,0.011117449777206141,0.007885400172804055,0.00011785053877536035,0.02527158371036544
TYRt2r,0.011336677790256072,0.011572335015041523,8.413265139820358e-07,0.07104681705260389
UAAGDS,0.00018081836899279779,6.152783875416323e-05,9.059942563578124e-05,0.0005325386299860788
UAG2E,5.424551069775706e-05,1.8458351626250962e-05,2.7179827690733048e-05,0.00015976158899581053
UAG2EMA,0.031351385800324795,0.03772357055170593,0.00021550694060394493,0.14900423593995824
UAGCVT,0.0733910944538142,0.02946992053095179,0.00029113682691140616,0.17396659641605489
UAGDP,0.18041188615726364,0.06630169138589104,0.0037697635670849773,0.35884521409164216
UAGPT2,8.618010799741848,0.40931327020673125,7.776598097721343,9.58873847029734
UAGPT2_1,-8.61801079974186,0.40931327020672315,-9.588738470297342,-7.776598097721363
UAGPT3,0.07339109445381523,0.029469920530951547,0.00029113682691140675,0.17396659641605494
UAMAGS,0.0001808183689927563,6.152783875416643e-05,9.059942563578278e-05,0.000532538629986074
UAMAS,0.00018081836899272552,6.152783875416883e-05,9.059942563576802e-05,0.0005325386299860531
UAPGR,0.07339109445381438,0.02946992053095175,0.00029113682691140735,0.17396659641605486
UDCPDP,0.07339109445381535,0.029469920530951533,0.00029113682691140664,0.17396659641605494
UDCPDPex,0.22737385613889813,0.08179283452249814,0.02302991346263836,0.3984262677792314
UDPG4E,9.801031335147684,0.08275834852362836,9.613695965133152,9.991936024754335
UGLYCH,0.017913198816946918,0.020245462693638264,7.677395650762547e-06,0.09443913224096893
UGMDDS,0.07339109445381514,0.029469920530951557,0.0002911368269114082,0.17396659641605494
UGT_BS,0.0003616367379847502,0.0001230556775083832,0.00018119885127155543,0.0010650772599720732
UM3PL,0.07321027608482322,0.029466242395738508,4.56380676971357e-05,0.17346026973969123
UMPK,0.4717911924624544,0.08551640524391398,0.2721918962141705,0.7370996922115508
UNK5,0.0073885206224346064,0.0070166112688499795,1.637668155450282e-06,0.03409720409018594
UPP3MT_2,0.04229895615872482,0.0161117562337691,3.4607924311458294e-05,0.07270999801806682
UPP3S,0.05106496817551229,0.01577576921243877,4.904917644860292e-05,0.08010730884672404
UPPDC1,0.008766012016787115,0.007467237303964896,1.4427915649023064e-05,0.025713482138339523
UPPRT,0.18188697789851122,0.09587112450158734,0.02863681884865703,0.591625626119722
URATEt_1,0.017913198816951244,0.020245462693637566,7.677395650761539e-06,0.09443913224097225
URAt2,0.00045311635388494255,0.00046138035229397704,4.2871411626125173e-07,0.0019509551022263254
URCN,0.13174025639927958,0.07763812338634843,0.00014905664317456613,0.7395540599603819
UREA,0.0206868136957585,0.016473045249011067,7.043523895557016e-06,0.05224517023861591
UREASE,0.011968764852835474,0.010810760470897893,6.409162788110861e-06,0.03258353833410167
UREA_1,0.03577229337637096,0.0315750815817943,4.354055812130411e-05,0.14672452630515181
URIC,0.017913198816951234,0.020245462693637566,7.677395650761539e-06,0.09443913224097222
URIDK2r,-0.10228715590126389,0.10601621681565775,-0.3619975968510385,0.168233712067952
URIH,0.04146881622115373,0.04543885121901772,6.093989345699392e-05,0.12760722710590153
URIK1,0.05693884192614359,0.05785365873474383,1.248851460954462e-05,0.2692186561814005
URIK2,0.06332536461978734,0.0635120181782333,2.0946176015948923e-05,0.21023821121534625
URIK3,0.14764204702839018,0.10735005656007471,1.7363261281125756e-05,0.2807728750121487
URIt2,0.0003644343581179209,0.0003431905379464023,1.917964060770194e-07,0.0011654881677715318
URIt2pp,0.0004740966951743842,0.00041738594221514644,3.5740726452405886e-07,0.0019651754597107447
VALDHr,-7.573009998021009,0.5329846287339125,-9.076803367022043,-6.352319174399547
VALTA,10.317619801249066,1.1009924310270998,5.899249374412598,14.073931827324106
VALabc,0.040001717901909706,0.03500003431346139,1.9611656990237518e-05,0.12297921124037578
VALabcpp,0.025794538703203217,0.013723271185996885,1.4321355140075846e-05,0.052232489211070994
VALt2r,1.0430150885968115,1.487891325213478,0.0005498355748306191,5.793128447348865
VALt2rpp,1.0950004212031226,0.5059454735775644,0.0008349077848372179,2.0911035084454066
VALt3pp,3.4321353414382685,1.3592092119625792,1.8838577883692498,7.448957467697996
VALtex,-2.3113403815317173,1.5117622044243977,-7.423834044883825,-1.1214133781431102
VECOAH,0.0,0.0,0.0,0.0
VNDH_2,0.0,0.0,0.0,0.0
VPAMTr,3.9805849245272595,1.3003432611389176,-1.6079469021572308,7.858617629252834
XANt2,0.015712123825548537,0.010199452441628565,2.410758500946424e-06,0.04456126088702415
XPPT,0.04577343738273683,0.036816527908064736,5.5615397193566254e-05,0.19948592754546915
XTSNH,0.030070469804737324,0.022745277776645898,0.00010802959957861209,0.12687884136024952
XYLI1,0.11610437154808241,0.06494126671720102,9.419765956496927e-05,0.2318489445965328
XYLI2,6.318399144474842,0.7779850582967376,4.876942529376889,9.025449128897304
XYLK,0.11610437154808276,0.06494126671720107,9.419765956496874e-05,0.23184894459653277
XYLabc,0.030864016572120623,0.028175849648570894,8.100726187398555e-06,0.11438882892859223
XYLabcpp,0.037320321650171746,0.034497126089171756,1.8567477222531173e-05,0.14509828511396364
XYLt2,0.04792003332578945,0.03928574887069173,1.9016199416434292e-05,0.1631491568632559
XYLtex,0.037320321650171746,0.034497126089171756,1.8567477222531173e-05,0.14509828511396364
YUMPS,-8.082923133884014,0.4764340497763442,-9.588779861019907,-7.21435073548189
ZN2abcpp,0.04260650837022829,0.02823178360033569,1.16495570151762e-05,0.1019698290843277
ZN2t3pp,0.6806270458563476,0.19458798204484035,0.23206340259003957,1.2130368514210432
ZN2t4,0.1590044299399501,0.07121870422040535,2.2167262715712635e-05,0.3332605130876795
ZN2t4pp,0.07714757405319851,0.07757017320994172,1.9309552520404457e-05,0.4529602914923008
ZN2t5,0.057070532335926884,0.05095595936365615,1.8018796684001246e-05,0.21013375575933232
ZN2t6,1.1574151047589705,0.8805564576949985,0.00043240671020004166,2.8886427401344577
ZNabc,0.10224933724478613,0.0835791079761264,2.348974634666943e-05,0.45880957863566724
ZNabcpp,0.04286665466653756,0.04545706486252801,3.2064939297414876e-05,0.21253934454020135
Zn2tex,0.39990063114577074,0.9290705873738799,-1.0912090594524164,2.2066689999667073
r0963,6.65615608593665e-06,5.455880586755852e-06,7.475922131040276e-08,3.512864206358747e-05
r2136,0.030749877117915218,0.02422705154103422,0.0003482197680054757,0.10819959837116574
r2465_1,-0.8713462645507161,0.18290345160813237,-1.326149535900344,-0.23954444796638574
sink_hemeO_c,0.0166480261048964,0.008307508342904894,5.1615967144486296e-05,0.033792625841680926
sink_lipopb_c,0.022512596199801217,0.017598982825344025,2.7341279937184703e-06,0.062342466402558486
sink_sheme_c,0.04229895615872485,0.016111756233769137,3.4607924311458206e-05,0.07270999801806703
EX_23camp_e,-0.025508842876111663,0.02422171471315932,-0.12090965149103602,-6.122858327197372e-05
EX_23ccmp_e,-0.15252684372620276,0.061626305599830844,-0.292385457914051,-0.007670283214091356
EX_23cgmp_e,-9.411100562574635,0.19576170985660257,-9.724050708808736,-8.857735533746794
EX_23cump_e,-0.0004740966951753626,0.0004173859422152614,-0.0019651754597120224,-3.574072645240939e-07
EX_23dhbzs3_e,-2.0788750043755395,0.2613263439251777,-3.0224876339315676,-1.5488413854686396
EX_2ameph_e,-0.012279995012380246,0.011847616494172635,-0.05915907609756658,-9.709255085878369e-06
EX_2ddglcn_e,-0.11822204984427052,0.41877599443565755,-1.9996181654834162,-4.564481038471513e-06
EX_2hxmp_e,0.08736414061260665,0.05658723962843551,2.966464817619137e-05,0.2637432166293022
EX_2m35mdntha_e,0.027259029374406333,0.012900357119391125,4.5704053949728675e-06,0.056416915897339465
EX_2pglyc_e,-0.02005417354091784,0.019879921609776516,-0.07455232808902856,-5.7948173743938014e-05
EX_35dnta_e,0.021345895266194445,0.01647945210836619,2.4690656288015895e-05,0.063721008114698
EX_3amp_e,-0.017244060848863624,0.0316553265930829,-0.18191023204315537,-6.367067996460664e-06
EX_3cmp_e,-0.0004836109863368228,0.00045176248417351647,-0.0024310758867668206,-7.69769706245422e-07
EX_3gmp_e,9.902130905908983,0.04832688671756811,9.788439097148304,9.987888437200168
EX_3mb_e,-4.417350722050905,0.5330367108904451,-5.171167716059433,-2.1870019393173097
EX_3ump_e,-0.00041156772991297424,0.00038176924300608786,-0.0017225996413987518,-5.654287615553835e-07
EX_4abut_e,-0.14110678256825726,0.16291635920137051,-0.6581967712896146,-0.0009832801089046939
EX_4ahmmp_e,-2.4980826241360887e-07,1.97009063076252e-07,-9.160731355706275e-07,-1.5727330548997998e-10
EX_4hba_e,1.7876310666746e-06,9.324346287045406e-07,1.6386025305758265e-09,3.5520715946738354e-06
EX_4hpro_DC_e,-0.042462801187905616,0.030667552913369235,-0.13053080644849757,-6.19028917956399e-05
EX_4hpro_LT_e,0.15529052322199835,0.06406899341836572,0.011674755555757413,0.3346972500906784
EX_LalaLglu_e,-0.01868227424502738,0.014314600471355465,-0.06315498407424691,-5.870699041565786e-06
EX_abg4_e,-4.857398640058041e-06,2.8054031467674034e-06,-1.0556674760369062e-05,-3.3162504069679086e-09
EX_abt__L_e,0.06153421200034451,0.03868993249083525,0.0056680077672850064,0.18274632600930904
EX_ac_e,-0.061146485553253006,0.05455606110203137,-0.2030657072466049,-1.7680322239144175e-05
EX_acac_e,-0.0543006584631841,0.05358290994580738,-0.22443139827417546,-0.00029802729698502617
EX_acald_e,4.597594690842513,0.7735675249548589,2.7011849570060242,6.418336073453226
EX_acgam_e,-0.14499157424505565,0.09459228672608748,-0.2996844336361928,-0.0008755011212500108
EX_acmana_e,-0.03568156642266571,0.025239998705024372,-0.09172501190026061,-1.416342934135173e-05
EX_acon_C_e,-0.07292929696609068,0.0318725726995172,-0.14863717046573832,-0.0001971910494305007
EX_actn__R_e,-0.006272839288838489,0.022574390203440455,-0.08266836735433714,0.05812318641920555
EX_ad_e,-0.03569078198262606,0.026776199969153043,-0.13389905097062993,-2.150825301860948e-05
EX_agm_e,-0.015484639675193593,0.010211512120652083,-0.045562487003795914,-5.424052410497757e-05
EX_ala_B_e,-2.1682892181417884e-06,1.0871485681394942e-06,-3.4157285342457604e-06,-3.0088937285298333e-10
EX_ala_L_asp__L_e,-0.021876077050713368,0.021618961071692738,-0.07456682132946646,-1.2878881065940564e-05
EX_ala_L_glu__L_e,-0.023351139234822196,0.025527268754543166,-0.16990662836058146,-1.9415491376406635e-05
EX_ala_L_thr__L_e,-0.018000171589898677,0.01809096533161631,-0.08338755979456103,-1.2522068704612366e-05
EX_ala__D_e,0.04130568320160787,0.09960827123099843,-0.1006211713548586,0.2869508424694587
EX_ala__L_e,9.759459461255753,0.10243535382356858,9.529893631254927,9.988643036825465
EX_ala_gln_e,-0.03453862077215755,0.038249100152129505,-0.1358992559138548,-2.2586259733118558e-05
EX_ala_his_e,-0.01726670345117726,0.0214019332920703,-0.08573271245687278,-2.156890997922803e-06
EX_ala_leu_e,-0.029142083009012314,0.027268001409432797,-0.12564375618987622,-2.9197239422629195e-05
EX_alaala_e,-0.040141456424683475,0.05350763418748895,-0.17570130388937155,-6.523863928542539e-05
EX_alagly_e,-0.01792223771614378,0.018481547683227004,-0.0743843248678644,-1.6839582771766004e-05
EX_alahis_e,-0.00889139420083888,0.006001299750428291,-0.02522698201532188,-6.217263693915294e-06
EX_alaleu_e,-0.022344209082822076,0.028650877563023626,-0.10413189705763415,-2.4784044777348413e-05
EX_alathr_e,-0.014839077584197407,0.013357961441722679,-0.06470229998007948,-1.8900721579839797e-05
EX_alatrp_e,-0.0004182736982193104,0.00019723606525736735,-0.0006843268017368864,-7.511878477030565e-06
EX_arab__L_e,-0.06153421200032134,0.038689932490812484,-0.18274632600921148,-0.005668007767281047
EX_arbt_e,-0.15339372408286134,0.09576673689359087,-0.42570811010868326,-0.0008415601707074671
EX_arg__L_e,-0.0800557331856699,0.04603039131973343,-0.17230833896457992,-0.005524098010856001
EX_asn__L_e,-0.039377769063382674,0.03377809339936143,-0.14814201987856634,-0.0010559138808217128
EX_asp__L_e,-0.11233912949707048,0.08047918609486654,-0.2685706836569075,-5.6699568975915327e-05
EX_balaala_e,-0.019537813335056813,0.021728539716295237,-0.08135206004856954,-3.1688477555746886e-05
EX_balabala_e,-0.04512314899564621,0.03319522085767276,-0.09641061506696325,-1.8788044410911198e-05
EX_balagly_e,-0.01830606242150758,0.019586655371265672,-0.07354272604872669,-4.1481146713095995e-06
EX_balaleu_e,-0.04482470391356717,0.03079748009960464,-0.09452344598369411,-1.8650391982788506e-05
EX_balamd_e,-1.0363170319127218e-06,8.631678691824862e-07,-3.3437423037433016e-06,-4.4029727758962155e-11
EX_bhb_e,-0.04924797054950995,0.07620987643074403,-0.32411413911455156,-2.669409948026411e-05
EX_btn_e,0.0,0.0,0.0,0.0
EX_but_e,-0.03340248419059989,0.024390766137310584,-0.09110517629896292,-1.759593175475531e-05
EX_butso3_e,-0.013327349187166042,0.011781076682022456,-0.05490950149511155,-1.3379750141799046e-06
EX_bz_e,0.01029878346530864,0.009271463899712938,3.08392936953781e-06,0.04529791591126
EX_ca2_e,-9.411596106038267e-05,3.202524007161781e-05,-0.0002771863569077632,-4.715700104343112e-05
EX_carn_e,-7.269414285495443e-07,5.964460101029205e-07,-2.0182562247755826e-06,-2.5838928055113346e-10
EX_cellb_e,-0.11088475748272728,0.05021466935713938,-0.21470305008043766,-0.00010372865955510235
EX_cgly_e,-0.037940702797142636,0.04003591889707703,-0.13560079161634064,-2.647142250644663e-05
EX_chol_e,-0.04809515399734883,0.030512541554855256,-0.10336368088570932,-6.217934030801422e-05
EX_cit_e,-8.299019397040368,0.350472875169835,-9.304216008693881,-7.66600602326764
EX_cl_e,-9.411596106064936e-05,3.2025240071542756e-05,-0.00027718635690775304,-4.715700104342201e-05
EX_cmcbtt_e,-3.9604572051441345,1.144130896225529,-8.205553348510307,-2.822344328464472
EX_co2_e,-0.034325510543905105,0.0198602924924321,-0.0885945379100086,-2.0048926764104635e-05
EX_co_e,0.0,0.0,0.0,0.0
EX_cobalt2_e,-1.8081836897974524e-06,6.15278387547856e-07,-5.325386299821592e-06,-9.059942563432787e-07
EX_cpgn_e,1.3150883119425152,0.36681060416896155,0.8575068748150648,3.270631313197171
EX_cpgn_un_e,-1.3150883119424994,0.36681060416895583,-3.270631313197171,-0.8575068748150816
EX_cu2_e,-1.2820022371769399e-05,4.362323767238953e-06,-3.775698886601165e-05,-6.4234992775754185e-06
EX_cys__L_e,-0.04464624264996856,0.034667193238255074,-0.11341213393587068,-8.428102660218428e-11
EX_cytd_e,0.15121539692516892,0.061866340009692614,0.0064591245677993615,0.2917830482844452
EX_d23hb_e,0.015581025506199596,0.018141091178405,6.048192295496078e-05,0.10868404934678405
EX_dca_e,-0.02885573784438604,0.026052865475470987,-0.1054641095951734,-2.9979267289690885e-05
EX_dcyt_e,-0.0010693355304219792,0.001263810838806654,-0.007474195898845102,-4.6609190197373525e-06
EX_ddca_e,-0.08025922103727498,0.13427051191771075,-0.6665829767753053,-0.00579093587356897
EX_drib_e,-0.02930456069507071,0.031199107878711753,-0.13835402260012764,-3.2838310119132075e-05
EX_enter_e,-0.1910023454335126,0.14750950003624044,-0.4590762858270274,-0.00013629263331260688
EX_ethso3_e,-0.048205378596760176,0.02934669007027987,-0.11817658827600219,-2.9725788344592274e-05
EX_etoh_e,-3.110085305720246,1.1303196634318586,-4.921914602819622,1.633181837632371
EX_fald_e,9.13728905389474,0.3709651510495983,7.921450812052068,9.843518828199166
EX_fcmcbtt_e,3.9604572051441416,1.14413089622554,2.822344328464444,8.205553348510302
EX_fe2_e,16.46669444112168,0.7730989170379865,15.424387948935399,19.509654760065008
EX_fe3_e,-4.775761343358607,1.0715602221744367,-8.785094122156652,-3.851911970806425
EX_fe3dcit_e,4.1190493160098915,0.18324023187277477,3.7993170494917226,4.633366040755978
EX_fe3dhbzs3_e,2.0788750043754733,0.2613263439251852,1.5488413854685952,3.022487633931579
EX_fe3mcbtt_e,1.0637292115000325,0.2961809379493334,0.018960789017208195,1.4992579827976624
EX_fe3pyovd_kt_e,-9.518322598710355,0.1676395831625084,-9.828443325403676,-9.042152513719873
EX_feenter_e,0.1910023454336277,0.14750950003625338,0.00013629263333068067,0.4590762858271681
EX_feoxam_e,1.2967291708173259,0.20999583548263887,0.7279429398876396,1.769848743176574
EX_feoxam_un_e,-1.296729170817233,0.20999583548261366,-1.7698487431764134,-0.7279429398875585
EX_fol_e,-6.656156085936664e-06,5.45588058675585e-06,-3.5128642063587484e-05,-7.475922131042251e-08
EX_for_e,0.0,0.0,0.0,0.0
EX_fru_e,-0.15468633242254692,0.09463679251292338,-0.30260549322179386,-8.966558734080365e-05
EX_fum_e,-0.02816814730262583,0.02432949080930548,-0.08453449593280382,-3.260752782452414e-06
EX_gal_bD_e,-0.07915750281449437,0.04364930457081297,-0.1636338040809857,-6.523886289322434e-05
EX_gal_e,9.891633061632028,0.05293690233544108,9.750441813722144,9.99200944878803
EX_galt_e,-0.07701503290384065,0.0457344342442434,-0.2067961570141179,-1.5050670461036475e-05
EX_galur_e,-0.03867478929184383,0.034838458598157505,-0.16828218072705808,-0.0008915051400325498
EX_gam_e,-0.048246307264979894,0.033268937562956,-0.12839085488820068,-0.0002600891861916921
EX_glc__D_e,0.1073516913089199,0.10694985835302676,-0.10040335977690029,0.4257061086755569
EX_glc__aD_e,-0.056039731172449404,0.030913900691383518,-0.1387638724312268,-5.224939667236583e-05
EX_glcn__D_e,0.0,0.0,0.0,0.0
EX_glcn_e,-0.07621803816159664,0.07311775340027603,-0.24522072129168038,-2.361595635136382e-05
EX_glcr_e,3.911803114103509,0.7247922884331307,1.4300537996448919,4.885608535211074
EX_glcur_e,-3.911803114103646,0.7247922884331329,-4.885608535211032,-1.4300537996448919
EX_gln__L_e,-0.044163902949029964,0.0332076083668188,-0.09944372487664133,-2.1357410311395597e-05
EX_glu__L_e,-0.28244336897395217,0.15371611717711525,-0.6070133827536122,0.05589485009492101
EX_gly_asn__L_e,-0.014116676681379703,0.011886368201910759,-0.046448931845795155,-1.2521967795421954e-05
EX_gly_asp__L_e,-0.022871800528061238,0.0256770488940101,-0.09172799388674763,-1.454710333435237e-05
EX_gly_cys_e,-0.015232148983712307,0.017770460632607885,-0.08091524955427154,-1.396528706720801e-05
EX_gly_e,-0.3758415906656369,0.10212978966569804,-0.5434264974524474,-0.08207269953629748
EX_gly_gln_e,-0.06257867689041019,0.040639732161999266,-0.1735632020494327,-1.5861863483322285e-05
EX_gly_glu__L_e,-0.03674018048912042,0.03097673882309514,-0.11136055515223475,-1.90507660438044e-05
EX_gly_leu_e,-0.015442411176668376,0.016168125067758755,-0.06654991034699798,-2.0462258838449543e-06
EX_gly_met_e,-0.005481329341720139,0.004914896822761077,-0.02238305059909791,-4.668489776795141e-06
EX_gly_phe_e,-0.006165117871933403,0.006533466652303163,-0.0300909308071139,-5.46930369856928e-06
EX_gly_pro__L_e,-0.018234099298180016,0.023793720426003053,-0.08525915255746766,-3.0375178397947297e-07
EX_gly_tyr_e,-0.015095387485373478,0.020608773037317087,-0.080780352410057,-8.90731486496021e-06
EX_glyald_e,8.191542593202081,0.7998620202502021,6.794363244058095,9.82257774722189
EX_glyb_e,0.04809515399744022,0.03051254155487307,6.217934030539256e-05,0.10336368088583678
EX_glyc_e,-8.349680711211052,0.8114688083620432,-9.918487627078639,-6.933174269636686
EX_glygln_e,-0.06478718321608393,0.044488884676667624,-0.12676776412274765,-2.948318382378997e-06
EX_glyglu_e,-0.03471543242807685,0.03032610153516874,-0.11532112046067233,-2.5516271714209893e-05
EX_glygly_e,-0.06174192184975709,0.0347568837594887,-0.10639982351045063,-1.9965709677549626e-05
EX_glyglygln_e,-0.024648207346504948,0.019209675093542062,-0.07809164963356191,-2.301455783786278e-06
EX_glymet_e,-0.009345278799571019,0.008671895627009684,-0.037730920843674035,-3.154977361386264e-06
EX_glyphe_e,-0.0057131102100953365,0.007865873230890745,-0.03988712984783195,-6.274198466390544e-06
EX_glyser_e,-0.02570813123584907,0.02388498574091735,-0.12772945271565472,-2.7649330949230944e-06
EX_gthox_e,2.2107374154863124,0.31137065751102483,1.8716083406310964,3.327955462948425
EX_gthrd_e,-4.494913338411452,0.601013837903154,-6.655953151336282,-3.7785984999664475
EX_gua_e,-0.4023969443928474,0.2014045947955277,-0.8971054002363115,-0.05841704803140857
EX_h2_e,0.0843765006105218,0.07236485808259216,0.00014185223945888678,0.28160923715421404
EX_h2o2_e,-2.2107374154863124,0.31137065751102483,-3.327955462948425,-1.8716083406310964
EX_h2o_e,-9.686341799158292,0.17860391077787274,-9.986531513472562,-9.269517737769633
EX_h2s_e,1.105561774628057,0.34754869194845145,-0.0034257157141660286,1.5779457630117506
EX_h_e,-6.592180488004419,1.1913147325335927,-8.639057551084427,-4.034207895647276
EX_hexs_e,-0.021172104178529702,0.02573520118648488,-0.12272073756772225,-1.67716142124244e-05
EX_his__L_e,-0.05173159777981524,0.059866737814484886,-0.7080872206515108,-0.0023959137157574767
EX_hisgly_e,-0.013150663137338071,0.012215763600532555,-0.04090056983494889,-1.108419741552804e-05
EX_hishis_e,-0.011039934499522074,0.016902062681546592,-0.0620582400240018,-7.135070608995871e-06
EX_hqn_e,0.15339372408230864,0.09576673689345751,0.0008415601707067777,0.42570811010793463
EX_hxa_e,-0.02903279451409686,0.020376806635742012,-0.09788033734575662,-4.921393012217024e-05
EX_hxan_e,-0.033027282267395264,0.02235346944334107,-0.07987346766805344,-1.4009032886436632e-05
EX_icit_e,-0.06574586785186665,0.03294731401342168,-0.14483585764366502,-3.0835451594768415e-05
EX_id3acald_e,-4.538102102585245,0.8959569702849666,-6.095124965385698,-1.2578546064270848
EX_ile__L_e,-0.1293194758467645,0.2570086833817037,-1.1274180046820028,-0.004093455688815695
EX_ind3ac_e,4.538102102585694,0.8959569702850738,1.2578546064270846,6.095124965385693
EX_inost_e,-0.14690218410803146,0.07759221488928483,-0.3194361365227154,-6.858324903724622e-05
EX_isetac_e,-0.05120487376759826,0.061496137696613364,-0.2437080533237701,-3.110980827969456e-05
EX_istfrnA_e,-9.78868237005738,0.13264058579490462,-9.985836003089643,-9.46442315707035
EX_istfrnB_e,-6.729198458774789,0.7338421325894208,-9.524053162894738,-5.671930034932366
EX_k_e,-0.0035294479898778067,0.001200980342994159,-0.010394781280287303,-0.0017684373688124774
EX_leu__L_e,4.595636286022595,0.5931654865019721,2.2211742988322034,5.367832022968248
EX_leuleu_e,-0.03550645441837659,0.03226546286500137,-0.13682858163435532,-1.5842965478176602e-05
EX_lipoate_e,-0.02251259619981925,0.017598982825336482,-0.06234246640257801,-2.734128001335989e-06
EX_lys__L_e,0.16881970719382328,0.10180235622798148,-0.004282159469805896,0.893642661437922
EX_lysglugly_e,-0.04156293361921746,0.03455126156897776,-0.1363837595630848,-1.5576860905142098e-05
EX_madg_e,-0.10232518596730066,0.08252321489487643,-0.26659766801694396,-7.113741242825711e-05
EX_mal__D_e,-0.03051554825526999,0.028462155637561316,-0.11722992453100467,-1.0072932083105002e-05
EX_mal__L_e,-0.016535688993115596,0.01196272927856677,-0.05553035272323825,-0.00023598731908514026
EX_malt_e,-3.5194399481260445,0.18374332085192982,-4.081338851495055,-3.0681470851303887
EX_malttr_e,-0.03455559698281273,0.024635307092919154,-0.08120278814896989,-2.779253749725033e-05
EX_maltttr_e,-0.0249212045280378,0.02752479395962155,-0.142866931841,-5.599628686894433e-05
EX_man_e,-0.12109204070920356,0.059454672416758496,-0.1846782612572495,-1.147403286516635e-05
EX_manglyc_e,-0.04514358893019213,0.04452031932213585,-0.2079010960373857,-7.8423048144316e-07
EX_mbdg_e,-0.06150347147197279,0.04833414998166345,-0.21630388887846408,-8.138586404271564e-05
EX_mcbtt_e,-1.0637292115000063,0.296180937949309,-1.4992579827976247,-0.018960789017253177
EX_melib_e,-0.011444223666272858,0.008312380530607462,-0.031141209000160153,-8.174060313059783e-06
EX_meoh_e,0.16382865743939892,0.09450653557841406,0.00015297812010884356,0.4570788158782069
EX_met_L_ala__L_e,-0.007816457316894728,0.008554842743779725,-0.03221019507775554,-4.168929262126923e-06
EX_met__D_e,1.5347931902066787e-17,8.054890947165862e-18,1.2542971411995466e-21,2.716991767380013e-17
EX_met__L_e,-0.0030413473417512655,0.0024160875396190143,-0.008851931604545137,-3.2140649886802847e-06
EX_metox__R_e,-0.006940770982578455,0.0061378192384719185,-0.022749336153689396,-3.4911700019175904e-06
EX_metox_e,0.0,0.0,0.0,0.0
EX_metsox_R__L_e,-0.007476493191508149,0.008025380622109484,-0.024394063604603042,-4.057985548180138e-06
EX_metsox_S__L_e,0.0,0.0,0.0,0.0
EX_mg2_e,-0.0001568599351010832,5.337540011923765e-05,-0.000461977261512922,-7.85950017390368e-05
EX_mmet_e,-0.002807293449591745,0.0023993816997968927,-0.010859496769981821,-3.192929177773858e-05
EX_mn2_e,-1.2494549297362779e-05,4.251573657919118e-06,-3.679841933204782e-05,-6.260420311414064e-06
EX_mnl_e,-0.052122420011421165,0.02992655385538388,-0.12260639186460054,-2.0165470654198714e-05
EX_mobd_e,0.0,0.0,0.0,0.0
EX_mso3_e,-0.01449351820643346,0.00883914177028279,-0.033952250373813365,-1.3039407399629311e-05
EX_mththf_e,0.14406707356903678,0.11499567082310981,0.00015731670061701976,0.39188285076925444
EX_nac_e,9.779701239941383,0.06657319157037252,9.608708368228942,9.919901975120291
EX_nh4_e,-1.3926900330290333,0.18335067575217376,-1.917549813252033,-0.9631946507628708
EX_nmn_e,-9.705489603173692,0.07537588178181374,-9.91330645339676,-9.567418679285634
EX_no2_e,0.0,0.0,0.0,0.0
EX_no3_e,0.29628674686290246,0.10973690458566984,0.00015259631067443414,0.5320766241572684
EX_o2_e,-13.919274685719529,0.8741168188753948,-15.719898576160068,-11.113970531996724
EX_octa_e,-0.018259877336853615,0.01831136195549706,-0.111210936911059,-4.9571906060914835e-06
EX_oxa_e,3.333211115429847,0.3416183831125383,1.7374322588249778,4.072004170885107
EX_pacald_e,-0.08437650061052214,0.07236485808259235,-0.2816092371542148,-0.00014185223945888432
EX_phe__L_e,-0.014780352874234275,0.010695754720887515,-0.05456405352713557,-0.002138043395199505
EX_pheme_e,-0.007882014088108171,0.011875528261565781,-0.03225058788100102,0.0192567973599773
EX_pi_e,9.645427726774592,0.17174515705298854,9.218641196854463,9.933298669987174
EX_pnto__R_e,-5.490042373164886e-06,4.614879676958042e-06,-3.041956755425801e-05,-6.827216091858865e-08
EX_ppa_e,-0.03961466456660682,0.03135508180539268,-0.11185593533422189,-1.6103679653767244e-05
EX_pro__L_e,-0.06878061971242963,0.03215887367314491,-0.12730533300161134,-0.0027683537583902736
EX_progly_e,-0.00560629435765492,0.0068177256848882,-0.048386250863627966,-7.188674858117998e-06
EX_prohisglu_e,-0.00876370512334454,0.009370546346629038,-0.037409225033541965,-4.081251387716739e-06
EX_ptrc_e,-0.05770173636922233,0.036033745423292365,-0.18496067842834663,-0.0009743322922899367
EX_pyovd_kt_e,9.51832259871025,0.16763958316249952,9.042152513719891,9.828443325403665
EX_pyr_e,-0.3474539532441769,0.2154228804644441,-0.828118904339421,-0.0025060568522476956
EX_rib__D_e,-0.00880847098720593,0.08387860795043457,-0.20759584913032292,0.11136013474476147
EX_ribflv_e,-7.594482446635186e-06,2.788456988674702e-06,-2.373350641766971e-05,-3.977383618965666e-06
EX_s_e,0.0,0.0,0.0,0.0
EX_salchs2_e,-0.025323611816776385,0.01877352835320687,-0.08184909601271606,-4.427808455353954e-05
EX_salchs2fe_e,0.025323611816720448,0.018773528353204054,4.4278084542351085e-05,0.08184909601267934
EX_salchs4_e,-0.24368858204676674,0.16623538014987138,-0.6620658446550944,-0.00010851647544640741
EX_salchs4fe_e,0.24368858204678948,0.1662353801498763,0.00010851647544764526,0.6620658446551185
EX_salcn_e,-0.08736414061251462,0.056587239628367154,-0.26374321662780176,-2.9664648517169212e-05
EX_ser__D_e,-0.04985172513549089,0.03895112543773976,-0.17587854202848552,-1.9044659507106857e-05
EX_ser__L_e,-0.0731749430969509,0.03890844174745391,-0.1689176938320509,-0.003079839103866
EX_serglugly_e,-0.01505584655574781,0.018386827347361683,-0.08104167968459566,-1.9246849604486002e-05
EX_so3_e,-0.13071488939729545,0.07303212136086729,-0.2456606208115364,-3.0943210447276215e-05
EX_so4_e,-0.07097560894464573,0.03585094081890819,-0.18528167597160916,-0.00020784009218388633
EX_spmd_e,0.007388520622435086,0.007016611268849922,1.6376681559489388e-06,0.034097204090186004
EX_stfrnA_e,9.788682370057272,0.13264058579494803,9.46442315707011,9.985836003089661
EX_stfrnB_e,6.729198458774736,0.7338421325894471,5.6719300349322905,9.524053162894754
EX_succ_e,0.05492422165837708,0.07869434969176141,-0.11547590731811574,0.2534222163183575
EX_sucr_e,-0.07459461250977872,0.037832248420326946,-0.20464331897493082,-4.021938018716753e-05
EX_sulfac_e,-0.025099945816430158,0.02246475978840067,-0.07886333067040141,-2.342731982452051e-05
EX_tagur_e,-0.014625331936101407,0.014288529043382488,-0.0652284342510953,-1.0789913696576249e-05
EX_tartr__L_e,-0.0811445712152436,0.06409673352295056,-0.25798008905302083,-0.00031790680522902903
EX_taur_e,-0.09760008615219312,0.047017326573537896,-0.2558867368532116,-3.761226889942293e-05
EX_thm_e,-2.2446185615373378e-06,1.3874278906725429e-06,-8.58315704956996e-06,-6.111166138294554e-08
EX_thr__L_e,-0.42617959636235164,0.4309884133808925,-2.237436028539874,-0.004593221184602925
EX_thymd_e,-0.00016857960892243748,0.00011404951567117359,-0.0005047668762111978,-2.7175264669414084e-06
EX_tnt_e,-0.09720984928129627,0.04604797247352344,-0.22083225998338385,-8.032710796435083e-05
EX_tre_e,-0.03502760124064261,0.029526181562140652,-0.11360023130509767,-1.6185825755243854e-05
EX_trp__L_e,-0.0005185457449256681,0.00048004515080595823,-0.003009533404295428,-2.308099396327887e-05
EX_tsul_e,-0.21156549096292776,0.083980643610294,-0.36189140153545196,-0.00013233973298909518
EX_ttdca_e,-0.03537091210257455,0.02509482897763359,-0.08675237573436023,-2.73917290368048e-05
EX_ttdcea_e,-0.035093760131096656,0.02674015386915993,-0.10768481907271216,-7.9460436281351e-05
EX_tyr__L_e,-0.02245412756746241,0.01301589134412239,-0.07116471754501659,-0.0041688177220418595
EX_udcpdp_e,-0.2273738561389228,0.08179283452246544,-0.3984262677793584,-0.02302991346263461
EX_udcpp_e,0.22737385613889813,0.08179283452249814,0.02302991346263836,0.3984262677792314
EX_ura_e,-0.00045311635388494293,0.0004613803522939772,-0.0019509551022263262,-4.2871411626125173e-07
EX_urate_e,-0.017913198816951227,0.020245462693637573,-0.09443913224097224,-7.677395650761525e-06
EX_uri_e,-0.0003644343581179209,0.0003431905379464024,-0.0011654881677715318,-1.917964060770193e-07
EX_val__L_e,1.2283235750329136,0.15912172533463828,0.6408013042473649,1.6848818640403418
EX_xan_e,-0.015712123825548516,0.010199452441628561,-0.044561260887024105,-2.4107585009464167e-06
EX_xyl__D_e,-0.11610437154810477,0.06494126671722388,-0.2318489445964591,-9.419765958185167e-05
EX_zn2_e,-6.165906382244404e-06,2.098099301494125e-06,-1.8159567282429266e-05,-3.0894404141730775e-06
Growth,0.018081836899260392,0.0061527838754164505,0.009059942563577767,0.05325386299860779
ATPM,8.411168733881059,0.014881526866699689,8.390016662123555,8.460003579781699
AACOAR_syn,0.6470126845675596,0.2678004752348337,0.18395627139821236,1.5797755324633287
PHBS_syn_1,0.6470126845675552,0.26780047523483436,0.18395627139821447,1.579775532463329
SK_phb_c,0.647012684567555,0.2678004752348343,0.18395627139821438,1.579775532463329
