carbon_source,flux_minimum,carbon_yield_minimum,mass_yield_minimum,flux_maximum,carbon_yield_maximum,mass_yield_maximum,EX_glc__D_e,EX_o2_e
"EX_23camp_e, EX_23cgmp_e, EX_3mb_e, EX_4abut_e, EX_arg__L_e, EX_asn__L_e, EX_bz_e, EX_cit_e, EX_cytd_e, EX_dcyt_e, EX_fe3pyovd_kt_e, EX_fol_e, EX_gam_e, EX_glu__L_e, EX_glyc_e, EX_gthrd_e, EX_his__L_e, EX_ile__L_e, EX_istfrnA_e, EX_lys__L_e, EX_malt_e, EX_mmet_e, EX_nmn_e, EX_phe__L_e, EX_pnto__R_e, EX_pro__L_e, EX_ribflv_e, EX_ser__L_e, EX_thm_e, EX_thr__L_e, EX_trp__L_e, EX_tyr__L_e, EX_val__L_e",0.0,0.0,,0.11532662694748971,0.09512655657507542,,-20.0,-20.0
"EX_23camp_e, EX_23cgmp_e, EX_3mb_e, EX_4abut_e, EX_arg__L_e, EX_asn__L_e, EX_bz_e, EX_cit_e, EX_cytd_e, EX_dcyt_e, EX_fe3pyovd_kt_e, EX_fol_e, EX_gam_e, EX_glu__L_e, EX_glyc_e, EX_gthrd_e, EX_his__L_e, EX_ile__L_e, EX_istfrnA_e, EX_lys__L_e, EX_malt_e, EX_mmet_e, EX_nmn_e, EX_phe__L_e, EX_pnto__R_e, EX_pro__L_e, EX_ribflv_e, EX_ser__L_e, EX_thm_e, EX_thr__L_e, EX_trp__L_e, EX_tyr__L_e, EX_val__L_e",0.0,0.0,,0.11532662694749035,0.09732593356028078,,-20.0,-18.94736842105263
"EX_23camp_e, EX_23cgmp_e, EX_3mb_e, EX_4abut_e, EX_arg__L_e, EX_asn__L_e, EX_bz_e, EX_cit_e, EX_cytd_e, EX_dcyt_e, EX_fe3pyovd_kt_e, EX_fol_e, EX_gam_e, EX_glu__L_e, EX_glyc_e, EX_gthrd_e, EX_his__L_e, EX_ile__L_e, EX_istfrnA_e, EX_lys__L_e, EX_malt_e, EX_mmet_e, EX_nmn_e, EX_phe__L_e, EX_pnto__R_e, EX_pro__L_e, EX_ribflv_e, EX_ser__L_e, EX_thm_e, EX_thr__L_e, EX_trp__L_e, EX_tyr__L_e, EX_val__L_e",0.0,0.0,,0.11532662694749037,0.09407535793269982,,-20.0,-17.894736842105264
"EX_23camp_e, EX_23cgmp_e, EX_3mb_e, EX_4abut_e, EX_arg__L_e, EX_asn__L_e, EX_bz_e, EX_cit_e, EX_cytd_e, EX_dcyt_e, EX_fe3pyovd_kt_e, EX_fol_e, EX_gam_e, EX_glu__L_e, EX_glyc_e, EX_gthrd_e, EX_his__L_e, EX_ile__L_e, EX_istfrnA_e, EX_lys__L_e, EX_malt_e, EX_mmet_e, EX_nmn_e, EX_phe__L_e, EX_pnto__R_e, EX_pro__L_e, EX_ribflv_e, EX_ser__L_e, EX_thm_e, EX_thr__L_e, EX_trp__L_e, EX_tyr__L_e, EX_val__L_e",0.0,0.0,,0.11532662694748942,0.09215970961968052,,-20.0,-16.842105263157894
"EX_23camp_e, EX_23cgmp_e, EX_3mb_e, EX_4abut_e, EX_arg__L_e, EX_asn__L_e, EX_bz_e, EX_cit_e, EX_cytd_e, EX_dcyt_e, EX_fe3pyovd_kt_e, EX_fol_e, EX_gam_e, EX_glu__L_e, EX_glyc_e, EX_gthrd_e, EX_his__L_e, EX_ile__L_e, EX_istfrnA_e, EX_lys__L_e, EX_malt_e, EX_mmet_e, EX_nmn_e, EX_phe__L_e, EX_pnto__R_e, EX_pro__L_e, EX_ribflv_e, EX_ser__L_e, EX_thm_e, EX_thr__L_e, EX_trp__L_e, EX_tyr__L_e, EX_val__L_e",0.0,0.0,,0.11532662694748942,0.09032052072932428,,-20.0,-15.789473684210527
"EX_23camp_e, EX_23cgmp_e, EX_3mb_e, EX_4abut_e, EX_arg__L_e, EX_asn__L_e, EX_bz_e, EX_cit_e, EX_cytd_e, EX_dcyt_e, EX_fe3pyovd_kt_e, EX_fol_e, EX_gam_e, EX_glu__L_e, EX_glyc_e, EX_gthrd_e, EX_his__L_e, EX_ile__L_e, EX_istfrnA_e, EX_lys__L_e, EX_malt_e, EX_mmet_e, EX_nmn_e, EX_phe__L_e, EX_pnto__R_e, EX_pro__L_e, EX_ribflv_e, EX_ser__L_e, EX_thm_e, EX_thr__L_e, EX_trp__L_e, EX_tyr__L_e, EX_val__L_e",0.0,0.0,,0.11532662694748942,0.08855330323071894,,-20.0,-14.736842105263158
"EX_23camp_e, EX_23cgmp_e, EX_3mb_e, EX_4abut_e, EX_arg__L_e, EX_asn__L_e, EX_bz_e, EX_cit_e, EX_cytd_e, EX_dcyt_e, EX_fe3pyovd_kt_e, EX_fol_e, EX_gam_e, EX_glu__L_e, EX_glyc_e, EX_gthrd_e, EX_his__L_e, EX_ile__L_e, EX_istfrnA_e, EX_lys__L_e, EX_malt_e, EX_mmet_e, EX_nmn_e, EX_phe__L_e, EX_pnto__R_e, EX_pro__L_e, EX_ribflv_e, EX_ser__L_e, EX_thm_e, EX_thr__L_e, EX_trp__L_e, EX_tyr__L_e, EX_val__L_e",0.0,0.0,,0.11532662694748942,0.0882761798814466,,-20.0,-13.68421052631579
"EX_23camp_e, EX_23cgmp_e, EX_3mb_e, EX_4abut_e, EX_arg__L_e, EX_asn__L_e, EX_bz_e, EX_cit_e, EX_cytd_e, EX_dcyt_e, EX_fe3pyovd_kt_e, EX_fol_e, EX_gam_e, EX_glu__L_e, EX_glyc_e, EX_gthrd_e, EX_his__L_e, EX_ile__L_e, EX_istfrnA_e, EX_lys__L_e, EX_malt_e, EX_mmet_e, EX_nmn_e, EX_phe__L_e, EX_pnto__R_e, EX_pro__L_e, EX_ribflv_e, EX_ser__L_e, EX_thm_e, EX_thr__L_e, EX_trp__L_e, EX_tyr__L_e, EX_val__L_e",0.0,0.0,,0.11532662694748988,0.0898195339326634,,-20.0,-12.631578947368421
"EX_23camp_e, EX_23cgmp_e, EX_3mb_e, EX_4abut_e, EX_arg__L_e, EX_asn__L_e, EX_bz_e, EX_cit_e, EX_cytd_e, EX_dcyt_e, EX_fe3pyovd_kt_e, EX_fol_e, EX_gam_e, EX_glu__L_e, EX_glyc_e, EX_gthrd_e, EX_his__L_e, EX_ile__L_e, EX_istfrnA_e, EX_lys__L_e, EX_malt_e, EX_mmet_e, EX_nmn_e, EX_phe__L_e, EX_pnto__R_e, EX_pro__L_e, EX_ribflv_e, EX_ser__L_e, EX_thm_e, EX_thr__L_e, EX_trp__L_e, EX_tyr__L_e, EX_val__L_e",0.0,0.0,,0.11532662694748988,0.09141781394079652,,-20.0,-11.578947368421053
"EX_23camp_e, EX_23cgmp_e, EX_3mb_e, EX_4abut_e, EX_arg__L_e, EX_asn__L_e, EX_bz_e, EX_cit_e, EX_cytd_e, EX_dcyt_e, EX_fe3pyovd_kt_e, EX_fol_e, EX_gam_e, EX_glu__L_e, EX_glyc_e, EX_gthrd_e, EX_his__L_e, EX_ile__L_e, EX_istfrnA_e, EX_lys__L_e, EX_malt_e, EX_mmet_e, EX_nmn_e, EX_phe__L_e, EX_pnto__R_e, EX_pro__L_e, EX_ribflv_e, EX_ser__L_e, EX_thm_e, EX_thr__L_e, EX_trp__L_e, EX_tyr__L_e, EX_val__L_e",0.0,0.0,,0.11532662694748988,0.09307400514086499,,-20.0,-10.526315789473685
"EX_23camp_e, EX_23cgmp_e, EX_3mb_e, EX_4abut_e, EX_arg__L_e, EX_asn__L_e, EX_bz_e, EX_cit_e, EX_cytd_e, EX_dcyt_e, EX_fe3pyovd_kt_e, EX_fol_e, EX_gam_e, EX_glu__L_e, EX_glyc_e, EX_gthrd_e, EX_his__L_e, EX_ile__L_e, EX_istfrnA_e, EX_lys__L_e, EX_malt_e, EX_mmet_e, EX_nmn_e, EX_phe__L_e, EX_pnto__R_e, EX_pro__L_e, EX_ribflv_e, EX_ser__L_e, EX_thm_e, EX_thr__L_e, EX_trp__L_e, EX_tyr__L_e, EX_val__L_e",0.0,0.0,,0.1153266269474912,0.09479131309010705,,-20.0,-9.473684210526317
"EX_23camp_e, EX_23cgmp_e, EX_3mb_e, EX_4abut_e, EX_arg__L_e, EX_asn__L_e, EX_bz_e, EX_cit_e, EX_cytd_e, EX_dcyt_e, EX_fe3pyovd_kt_e, EX_fol_e, EX_gam_e, EX_glu__L_e, EX_glyc_e, EX_gthrd_e, EX_his__L_e, EX_ile__L_e, EX_istfrnA_e, EX_lys__L_e, EX_malt_e, EX_mmet_e, EX_nmn_e, EX_phe__L_e, EX_pnto__R_e, EX_pro__L_e, EX_ribflv_e, EX_ser__L_e, EX_thm_e, EX_thr__L_e, EX_trp__L_e, EX_tyr__L_e, EX_val__L_e",0.0,0.0,,0.11532662694749013,0.09657318437587739,,-20.0,-8.421052631578949
"EX_23camp_e, EX_23cgmp_e, EX_3mb_e, EX_4abut_e, EX_arg__L_e, EX_asn__L_e, EX_bz_e, EX_cit_e, EX_cytd_e, EX_dcyt_e, EX_fe3pyovd_kt_e, EX_fol_e, EX_gam_e, EX_glu__L_e, EX_glyc_e, EX_gthrd_e, EX_his__L_e, EX_ile__L_e, EX_istfrnA_e, EX_lys__L_e, EX_malt_e, EX_mmet_e, EX_nmn_e, EX_phe__L_e, EX_pnto__R_e, EX_pro__L_e, EX_ribflv_e, EX_ser__L_e, EX_thm_e, EX_thr__L_e, EX_trp__L_e, EX_tyr__L_e, EX_val__L_e",0.0,0.0,,0.11532662694749013,0.09842332970388463,,-20.0,-7.368421052631579
"EX_23camp_e, EX_23cgmp_e, EX_3mb_e, EX_4abut_e, EX_arg__L_e, EX_asn__L_e, EX_bz_e, EX_cit_e, EX_cytd_e, EX_dcyt_e, EX_fe3pyovd_kt_e, EX_fol_e, EX_gam_e, EX_glu__L_e, EX_glyc_e, EX_gthrd_e, EX_his__L_e, EX_ile__L_e, EX_istfrnA_e, EX_lys__L_e, EX_malt_e, EX_mmet_e, EX_nmn_e, EX_phe__L_e, EX_pnto__R_e, EX_pro__L_e, EX_ribflv_e, EX_ser__L_e, EX_thm_e, EX_thr__L_e, EX_trp__L_e, EX_tyr__L_e, EX_val__L_e",0.0,0.0,,0.11532662694749013,0.09004389567111731,,-20.0,-6.315789473684211
"EX_23camp_e, EX_23cgmp_e, EX_3mb_e, EX_4abut_e, EX_arg__L_e, EX_asn__L_e, EX_bz_e, EX_cit_e, EX_cytd_e, EX_dcyt_e, EX_fe3pyovd_kt_e, EX_fol_e, EX_gam_e, EX_glu__L_e, EX_glyc_e, EX_gthrd_e, EX_his__L_e, EX_ile__L_e, EX_istfrnA_e, EX_lys__L_e, EX_malt_e, EX_mmet_e, EX_nmn_e, EX_phe__L_e, EX_pnto__R_e, EX_pro__L_e, EX_ribflv_e, EX_ser__L_e, EX_thm_e, EX_thr__L_e, EX_trp__L_e, EX_tyr__L_e, EX_val__L_e",0.0,0.0,,0.11532662694749136,0.09236263589602156,,-20.0,-5.2631578947368425
"EX_23camp_e, EX_23cgmp_e, EX_3mb_e, EX_4abut_e, EX_arg__L_e, EX_asn__L_e, EX_bz_e, EX_cit_e, EX_cytd_e, EX_dcyt_e, EX_fe3pyovd_kt_e, EX_fol_e, EX_gam_e, EX_glu__L_e, EX_glyc_e, EX_gthrd_e, EX_his__L_e, EX_ile__L_e, EX_istfrnA_e, EX_lys__L_e, EX_malt_e, EX_mmet_e, EX_nmn_e, EX_phe__L_e, EX_pnto__R_e, EX_pro__L_e, EX_ribflv_e, EX_ser__L_e, EX_thm_e, EX_thr__L_e, EX_trp__L_e, EX_tyr__L_e, EX_val__L_e",0.0,0.0,,0.11142694683341903,0.0889375637884162,,-20.0,-4.210526315789474
"EX_23camp_e, EX_23cgmp_e, EX_3mb_e, EX_4abut_e, EX_arg__L_e, EX_asn__L_e, EX_bz_e, EX_cit_e, EX_cytd_e, EX_dcyt_e, EX_fe3pyovd_kt_e, EX_fol_e, EX_gam_e, EX_glu__L_e, EX_glyc_e, EX_gthrd_e, EX_his__L_e, EX_ile__L_e, EX_istfrnA_e, EX_lys__L_e, EX_malt_e, EX_mmet_e, EX_nmn_e, EX_phe__L_e, EX_pnto__R_e, EX_pro__L_e, EX_ribflv_e, EX_ser__L_e, EX_thm_e, EX_thr__L_e, EX_trp__L_e, EX_tyr__L_e, EX_val__L_e",0.0,0.0,,0.10526684805057829,0.08285922111505874,,-20.0,-3.157894736842106
"EX_23camp_e, EX_23cgmp_e, EX_3mb_e, EX_4abut_e, EX_arg__L_e, EX_asn__L_e, EX_bz_e, EX_cit_e, EX_cytd_e, EX_dcyt_e, EX_fe3pyovd_kt_e, EX_fol_e, EX_gam_e, EX_glu__L_e, EX_glyc_e, EX_gthrd_e, EX_his__L_e, EX_ile__L_e, EX_istfrnA_e, EX_lys__L_e, EX_malt_e, EX_mmet_e, EX_nmn_e, EX_phe__L_e, EX_pnto__R_e, EX_pro__L_e, EX_ribflv_e, EX_ser__L_e, EX_thm_e, EX_thr__L_e, EX_trp__L_e, EX_tyr__L_e, EX_val__L_e",0.0,0.0,,0.0991067492677376,0.07693931410746425,,-20.0,-2.1052631578947363
"EX_23camp_e, EX_23cgmp_e, EX_3mb_e, EX_4abut_e, EX_arg__L_e, EX_asn__L_e, EX_bz_e, EX_cit_e, EX_cytd_e, EX_dcyt_e, EX_fe3pyovd_kt_e, EX_fol_e, EX_gam_e, EX_glu__L_e, EX_glyc_e, EX_gthrd_e, EX_his__L_e, EX_ile__L_e, EX_istfrnA_e, EX_lys__L_e, EX_malt_e, EX_mmet_e, EX_nmn_e, EX_phe__L_e, EX_pnto__R_e, EX_pro__L_e, EX_ribflv_e, EX_ser__L_e, EX_thm_e, EX_thr__L_e, EX_trp__L_e, EX_tyr__L_e, EX_val__L_e",0.0,0.0,,0.09294665048489657,0.07118687269111706,,-20.0,-1.05263157894737
"EX_23camp_e, EX_23cgmp_e, EX_3mb_e, EX_4abut_e, EX_arg__L_e, EX_asn__L_e, EX_bz_e, EX_cit_e, EX_cytd_e, EX_dcyt_e, EX_fe3pyovd_kt_e, EX_fol_e, EX_gam_e, EX_glu__L_e, EX_glyc_e, EX_gthrd_e, EX_his__L_e, EX_ile__L_e, EX_istfrnA_e, EX_lys__L_e, EX_malt_e, EX_mmet_e, EX_nmn_e, EX_phe__L_e, EX_pnto__R_e, EX_pro__L_e, EX_ribflv_e, EX_ser__L_e, EX_thm_e, EX_thr__L_e, EX_trp__L_e, EX_tyr__L_e, EX_val__L_e",0.0,0.0,,0.08484193701133212,0.06453305398494985,,-20.0,0.0
"EX_23camp_e, EX_23cgmp_e, EX_3mb_e, EX_4abut_e, EX_arg__L_e, EX_asn__L_e, EX_bz_e, EX_cit_e, EX_cytd_e, EX_dcyt_e, EX_fe3pyovd_kt_e, EX_fol_e, EX_gam_e, EX_glu__L_e, EX_glyc_e, EX_gthrd_e, EX_his__L_e, EX_ile__L_e, EX_istfrnA_e, EX_lys__L_e, EX_malt_e, EX_mmet_e, EX_nmn_e, EX_phe__L_e, EX_pnto__R_e, EX_pro__L_e, EX_ribflv_e, EX_ser__L_e, EX_thm_e, EX_thr__L_e, EX_trp__L_e, EX_tyr__L_e, EX_val__L_e",0.0,0.0,,0.14287498914532265,0.11120493101972695,,-18.94736842105263,-20.0
"EX_23camp_e, EX_23cgmp_e, EX_3mb_e, EX_4abut_e, EX_arg__L_e, EX_asn__L_e, EX_bz_e, EX_cit_e, EX_cytd_e, EX_dcyt_e, EX_fe3pyovd_kt_e, EX_fol_e, EX_gam_e, EX_glu__L_e, EX_glyc_e, EX_gthrd_e, EX_his__L_e, EX_ile__L_e, EX_istfrnA_e, EX_lys__L_e, EX_malt_e, EX_mmet_e, EX_nmn_e, EX_phe__L_e, EX_pnto__R_e, EX_pro__L_e, EX_ribflv_e, EX_ser__L_e, EX_thm_e, EX_thr__L_e, EX_trp__L_e, EX_tyr__L_e, EX_val__L_e",0.0,0.0,,0.14287498914531338,0.1112049310197199,,-18.94736842105263,-18.94736842105263
"EX_23camp_e, EX_23cgmp_e, EX_3mb_e, EX_4abut_e, EX_arg__L_e, EX_asn__L_e, EX_bz_e, EX_cit_e, EX_cytd_e, EX_dcyt_e, EX_fe3pyovd_kt_e, EX_fol_e, EX_gam_e, EX_glu__L_e, EX_glyc_e, EX_gthrd_e, EX_his__L_e, EX_ile__L_e, EX_istfrnA_e, EX_lys__L_e, EX_malt_e, EX_mmet_e, EX_nmn_e, EX_phe__L_e, EX_pnto__R_e, EX_pro__L_e, EX_ribflv_e, EX_ser__L_e, EX_thm_e, EX_thr__L_e, EX_trp__L_e, EX_tyr__L_e, EX_val__L_e",0.0,0.0,,0.14287498914531338,0.11144740950257725,,-18.94736842105263,-17.894736842105264
"EX_23camp_e, EX_23cgmp_e, EX_3mb_e, EX_4abut_e, EX_arg__L_e, EX_asn__L_e, EX_bz_e, EX_cit_e, EX_cytd_e, EX_dcyt_e, EX_fe3pyovd_kt_e, EX_fol_e, EX_gam_e, EX_glu__L_e, EX_glyc_e, EX_gthrd_e, EX_his__L_e, EX_ile__L_e, EX_istfrnA_e, EX_lys__L_e, EX_malt_e, EX_mmet_e, EX_nmn_e, EX_phe__L_e, EX_pnto__R_e, EX_pro__L_e, EX_ribflv_e, EX_ser__L_e, EX_thm_e, EX_thr__L_e, EX_trp__L_e, EX_tyr__L_e, EX_val__L_e",0.0,0.0,,0.14287498914531396,0.11150506012194768,,-18.94736842105263,-16.842105263157894
"EX_23camp_e, EX_23cgmp_e, EX_3mb_e, EX_4abut_e, EX_arg__L_e, EX_asn__L_e, EX_bz_e, EX_cit_e, EX_cytd_e, EX_dcyt_e, EX_fe3pyovd_kt_e, EX_fol_e, EX_gam_e, EX_glu__L_e, EX_glyc_e, EX_gthrd_e, EX_his__L_e, EX_ile__L_e, EX_istfrnA_e, EX_lys__L_e, EX_malt_e, EX_mmet_e, EX_nmn_e, EX_phe__L_e, EX_pnto__R_e, EX_pro__L_e, EX_ribflv_e, EX_ser__L_e, EX_thm_e, EX_thr__L_e, EX_trp__L_e, EX_tyr__L_e, EX_val__L_e",0.0,0.0,,0.14287498914531385,0.11125403811816566,,-18.94736842105263,-15.789473684210527
"EX_23camp_e, EX_23cgmp_e, EX_3mb_e, EX_4abut_e, EX_arg__L_e, EX_asn__L_e, EX_bz_e, EX_cit_e, EX_cytd_e, EX_dcyt_e, EX_fe3pyovd_kt_e, EX_fol_e, EX_gam_e, EX_glu__L_e, EX_glyc_e, EX_gthrd_e, EX_his__L_e, EX_ile__L_e, EX_istfrnA_e, EX_lys__L_e, EX_malt_e, EX_mmet_e, EX_nmn_e, EX_phe__L_e, EX_pnto__R_e, EX_pro__L_e, EX_ribflv_e, EX_ser__L_e, EX_thm_e, EX_thr__L_e, EX_trp__L_e, EX_tyr__L_e, EX_val__L_e",0.0,0.0,,0.1428749891453136,0.11231526306648221,,-18.94736842105263,-14.736842105263158
"EX_23camp_e, EX_23cgmp_e, EX_3mb_e, EX_4abut_e, EX_arg__L_e, EX_asn__L_e, EX_bz_e, EX_cit_e, EX_cytd_e, EX_dcyt_e, EX_fe3pyovd_kt_e, EX_fol_e, EX_gam_e, EX_glu__L_e, EX_glyc_e, EX_gthrd_e, EX_his__L_e, EX_ile__L_e, EX_istfrnA_e, EX_lys__L_e, EX_malt_e, EX_mmet_e, EX_nmn_e, EX_phe__L_e, EX_pnto__R_e, EX_pro__L_e, EX_ribflv_e, EX_ser__L_e, EX_thm_e, EX_thr__L_e, EX_trp__L_e, EX_tyr__L_e, EX_val__L_e",0.0,0.0,,0.14287498914531357,0.11422685549631253,,-18.94736842105263,-13.68421052631579
"EX_23camp_e, EX_23cgmp_e, EX_3mb_e, EX_4abut_e, EX_arg__L_e, EX_asn__L_e, EX_bz_e, EX_cit_e, EX_cytd_e, EX_dcyt_e, EX_fe3pyovd_kt_e, EX_fol_e, EX_gam_e, EX_glu__L_e, EX_glyc_e, EX_gthrd_e, EX_his__L_e, EX_ile__L_e, EX_istfrnA_e, EX_lys__L_e, EX_malt_e, EX_mmet_e, EX_nmn_e, EX_phe__L_e, EX_pnto__R_e, EX_pro__L_e, EX_ribflv_e, EX_ser__L_e, EX_thm_e, EX_thr__L_e, EX_trp__L_e, EX_tyr__L_e, EX_val__L_e",0.0,0.0,,0.14287498914531396,0.11637183222047953,,-18.94736842105263,-12.631578947368421
"EX_23camp_e, EX_23cgmp_e, EX_3mb_e, EX_4abut_e, EX_arg__L_e, EX_asn__L_e, EX_bz_e, EX_cit_e, EX_cytd_e, EX_dcyt_e, EX_fe3pyovd_kt_e, EX_fol_e, EX_gam_e, EX_glu__L_e, EX_glyc_e, EX_gthrd_e, EX_his__L_e, EX_ile__L_e, EX_istfrnA_e, EX_lys__L_e, EX_malt_e, EX_mmet_e, EX_nmn_e, EX_phe__L_e, EX_pnto__R_e, EX_pro__L_e, EX_ribflv_e, EX_ser__L_e, EX_thm_e, EX_thr__L_e, EX_trp__L_e, EX_tyr__L_e, EX_val__L_e",0.0,0.0,,0.14287498914531396,0.11866107719044972,,-18.94736842105263,-11.578947368421053
"EX_23camp_e, EX_23cgmp_e, EX_3mb_e, EX_4abut_e, EX_arg__L_e, EX_asn__L_e, EX_bz_e, EX_cit_e, EX_cytd_e, EX_dcyt_e, EX_fe3pyovd_kt_e, EX_fol_e, EX_gam_e, EX_glu__L_e, EX_glyc_e, EX_gthrd_e, EX_his__L_e, EX_ile__L_e, EX_istfrnA_e, EX_lys__L_e, EX_malt_e, EX_mmet_e, EX_nmn_e, EX_phe__L_e, EX_pnto__R_e, EX_pro__L_e, EX_ribflv_e, EX_ser__L_e, EX_thm_e, EX_thr__L_e, EX_trp__L_e, EX_tyr__L_e, EX_val__L_e",0.0,0.0,,0.14287498914531335,0.12160259117634753,,-18.94736842105263,-10.526315789473685
"EX_23camp_e, EX_23cgmp_e, EX_3mb_e, EX_4abut_e, EX_arg__L_e, EX_asn__L_e, EX_bz_e, EX_cit_e, EX_cytd_e, EX_dcyt_e, EX_fe3pyovd_kt_e, EX_fol_e, EX_gam_e, EX_glu__L_e, EX_glyc_e, EX_gthrd_e, EX_his__L_e, EX_ile__L_e, EX_istfrnA_e, EX_lys__L_e, EX_malt_e, EX_mmet_e, EX_nmn_e, EX_phe__L_e, EX_pnto__R_e, EX_pro__L_e, EX_ribflv_e, EX_ser__L_e, EX_thm_e, EX_thr__L_e, EX_trp__L_e, EX_tyr__L_e, EX_val__L_e",0.0,0.0,,0.1428749891453137,0.12379436364606651,,-18.94736842105263,-9.473684210526317
"EX_23camp_e, EX_23cgmp_e, EX_3mb_e, EX_4abut_e, EX_arg__L_e, EX_asn__L_e, EX_bz_e, EX_cit_e, EX_cytd_e, EX_dcyt_e, EX_fe3pyovd_kt_e, EX_fol_e, EX_gam_e, EX_glu__L_e, EX_glyc_e, EX_gthrd_e, EX_his__L_e, EX_ile__L_e, EX_istfrnA_e, EX_lys__L_e, EX_malt_e, EX_mmet_e, EX_nmn_e, EX_phe__L_e, EX_pnto__R_e, EX_pro__L_e, EX_ribflv_e, EX_ser__L_e, EX_thm_e, EX_thr__L_e, EX_trp__L_e, EX_tyr__L_e, EX_val__L_e",0.0,0.0,,0.1428749891453137,0.12527611233300903,,-18.94736842105263,-8.421052631578949
"EX_23camp_e, EX_23cgmp_e, EX_3mb_e, EX_4abut_e, EX_arg__L_e, EX_asn__L_e, EX_bz_e, EX_cit_e, EX_cytd_e, EX_dcyt_e, EX_fe3pyovd_kt_e, EX_fol_e, EX_gam_e, EX_glu__L_e, EX_glyc_e, EX_gthrd_e, EX_his__L_e, EX_ile__L_e, EX_istfrnA_e, EX_lys__L_e, EX_malt_e, EX_mmet_e, EX_nmn_e, EX_phe__L_e, EX_pnto__R_e, EX_pro__L_e, EX_ribflv_e, EX_ser__L_e, EX_thm_e, EX_thr__L_e, EX_trp__L_e, EX_tyr__L_e, EX_val__L_e",0.0,0.0,,0.1428749891453137,0.1267907617438471,,-18.94736842105263,-7.368421052631579
"EX_23camp_e, EX_23cgmp_e, EX_3mb_e, EX_4abut_e, EX_arg__L_e, EX_asn__L_e, EX_bz_e, EX_cit_e, EX_cytd_e, EX_dcyt_e, EX_fe3pyovd_kt_e, EX_fol_e, EX_gam_e, EX_glu__L_e, EX_glyc_e, EX_gthrd_e, EX_his__L_e, EX_ile__L_e, EX_istfrnA_e, EX_lys__L_e, EX_malt_e, EX_mmet_e, EX_nmn_e, EX_phe__L_e, EX_pnto__R_e, EX_pro__L_e, EX_ribflv_e, EX_ser__L_e, EX_thm_e, EX_thr__L_e, EX_trp__L_e, EX_tyr__L_e, EX_val__L_e",0.0,0.0,,0.14287498914531355,0.1283455593737958,,-18.94736842105263,-6.315789473684211
"EX_23camp_e, EX_23cgmp_e, EX_3mb_e, EX_4abut_e, EX_arg__L_e, EX_asn__L_e, EX_bz_e, EX_cit_e, EX_cytd_e, EX_dcyt_e, EX_fe3pyovd_kt_e, EX_fol_e, EX_gam_e, EX_glu__L_e, EX_glyc_e, EX_gthrd_e, EX_his__L_e, EX_ile__L_e, EX_istfrnA_e, EX_lys__L_e, EX_malt_e, EX_mmet_e, EX_nmn_e, EX_phe__L_e, EX_pnto__R_e, EX_pro__L_e, EX_ribflv_e, EX_ser__L_e, EX_thm_e, EX_thr__L_e, EX_trp__L_e, EX_tyr__L_e, EX_val__L_e",0.0,0.0,,0.14287498914531355,0.1299389624584508,,-18.94736842105263,-5.2631578947368425
"EX_23camp_e, EX_23cgmp_e, EX_3mb_e, EX_4abut_e, EX_arg__L_e, EX_asn__L_e, EX_bz_e, EX_cit_e, EX_cytd_e, EX_dcyt_e, EX_fe3pyovd_kt_e, EX_fol_e, EX_gam_e, EX_glu__L_e, EX_glyc_e, EX_gthrd_e, EX_his__L_e, EX_ile__L_e, EX_istfrnA_e, EX_lys__L_e, EX_malt_e, EX_mmet_e, EX_nmn_e, EX_phe__L_e, EX_pnto__R_e, EX_pro__L_e, EX_ribflv_e, EX_ser__L_e, EX_thm_e, EX_thr__L_e, EX_trp__L_e, EX_tyr__L_e, EX_val__L_e",0.0,0.0,,0.14287498914531355,0.12885525899348832,,-18.94736842105263,-4.210526315789474
"EX_23camp_e, EX_23cgmp_e, EX_3mb_e, EX_4abut_e, EX_arg__L_e, EX_asn__L_e, EX_bz_e, EX_cit_e, EX_cytd_e, EX_dcyt_e, EX_fe3pyovd_kt_e, EX_fol_e, EX_gam_e, EX_glu__L_e, EX_glyc_e, EX_gthrd_e, EX_his__L_e, EX_ile__L_e, EX_istfrnA_e, EX_lys__L_e, EX_malt_e, EX_mmet_e, EX_nmn_e, EX_phe__L_e, EX_pnto__R_e, EX_pro__L_e, EX_ribflv_e, EX_ser__L_e, EX_thm_e, EX_thr__L_e, EX_trp__L_e, EX_tyr__L_e, EX_val__L_e",0.0,0.0,,0.14224512992441754,0.12346756634754569,,-18.94736842105263,-3.157894736842106
"EX_23camp_e, EX_23cgmp_e, EX_3mb_e, EX_4abut_e, EX_arg__L_e, EX_asn__L_e, EX_bz_e, EX_cit_e, EX_cytd_e, EX_dcyt_e, EX_fe3pyovd_kt_e, EX_fol_e, EX_gam_e, EX_glu__L_e, EX_glyc_e, EX_gthrd_e, EX_his__L_e, EX_ile__L_e, EX_istfrnA_e, EX_lys__L_e, EX_malt_e, EX_mmet_e, EX_nmn_e, EX_phe__L_e, EX_pnto__R_e, EX_pro__L_e, EX_ribflv_e, EX_ser__L_e, EX_thm_e, EX_thr__L_e, EX_trp__L_e, EX_tyr__L_e, EX_val__L_e",0.0,0.0,,0.13608426499493315,0.12191776036562489,,-18.94736842105263,-2.1052631578947363
"EX_23camp_e, EX_23cgmp_e, EX_3mb_e, EX_4abut_e, EX_arg__L_e, EX_asn__L_e, EX_bz_e, EX_cit_e, EX_cytd_e, EX_dcyt_e, EX_fe3pyovd_kt_e, EX_fol_e, EX_gam_e, EX_glu__L_e, EX_glyc_e, EX_gthrd_e, EX_his__L_e, EX_ile__L_e, EX_istfrnA_e, EX_lys__L_e, EX_malt_e, EX_mmet_e, EX_nmn_e, EX_phe__L_e, EX_pnto__R_e, EX_pro__L_e, EX_ribflv_e, EX_ser__L_e, EX_thm_e, EX_thr__L_e, EX_trp__L_e, EX_tyr__L_e, EX_val__L_e",0.0,0.0,,0.12992340006544817,0.12026498558520399,,-18.94736842105263,-1.05263157894737
"EX_23camp_e, EX_23cgmp_e, EX_3mb_e, EX_4abut_e, EX_arg__L_e, EX_asn__L_e, EX_bz_e, EX_cit_e, EX_cytd_e, EX_dcyt_e, EX_fe3pyovd_kt_e, EX_fol_e, EX_gam_e, EX_glu__L_e, EX_glyc_e, EX_gthrd_e, EX_his__L_e, EX_ile__L_e, EX_istfrnA_e, EX_lys__L_e, EX_malt_e, EX_mmet_e, EX_nmn_e, EX_phe__L_e, EX_pnto__R_e, EX_pro__L_e, EX_ribflv_e, EX_ser__L_e, EX_thm_e, EX_thr__L_e, EX_trp__L_e, EX_tyr__L_e, EX_val__L_e",0.0,0.0,,0.12113721880706883,0.11507934150550296,,-18.94736842105263,0.0
"EX_23camp_e, EX_23cgmp_e, EX_3mb_e, EX_4abut_e, EX_arg__L_e, EX_asn__L_e, EX_bz_e, EX_cit_e, EX_cytd_e, EX_dcyt_e, EX_fe3pyovd_kt_e, EX_fol_e, EX_gam_e, EX_glu__L_e, EX_glyc_e, EX_gthrd_e, EX_his__L_e, EX_ile__L_e, EX_istfrnA_e, EX_lys__L_e, EX_malt_e, EX_mmet_e, EX_nmn_e, EX_phe__L_e, EX_pnto__R_e, EX_pro__L_e, EX_ribflv_e, EX_ser__L_e, EX_thm_e, EX_thr__L_e, EX_trp__L_e, EX_tyr__L_e, EX_val__L_e",0.0,0.0,,0.17042335134313769,0.13243803958496053,,-17.894736842105264,-20.0
"EX_23camp_e, EX_23cgmp_e, EX_3mb_e, EX_4abut_e, EX_arg__L_e, EX_asn__L_e, EX_bz_e, EX_cit_e, EX_cytd_e, EX_dcyt_e, EX_fe3pyovd_kt_e, EX_fol_e, EX_gam_e, EX_glu__L_e, EX_glyc_e, EX_gthrd_e, EX_his__L_e, EX_ile__L_e, EX_istfrnA_e, EX_lys__L_e, EX_malt_e, EX_mmet_e, EX_nmn_e, EX_phe__L_e, EX_pnto__R_e, EX_pro__L_e, EX_ribflv_e, EX_ser__L_e, EX_thm_e, EX_thr__L_e, EX_trp__L_e, EX_tyr__L_e, EX_val__L_e",0.0,0.0,,0.17042335134313782,0.13243803958496067,,-17.894736842105264,-18.94736842105263
"EX_23camp_e, EX_23cgmp_e, EX_3mb_e, EX_4abut_e, EX_arg__L_e, EX_asn__L_e, EX_bz_e, EX_cit_e, EX_cytd_e, EX_dcyt_e, EX_fe3pyovd_kt_e, EX_fol_e, EX_gam_e, EX_glu__L_e, EX_glyc_e, EX_gthrd_e, EX_his__L_e, EX_ile__L_e, EX_istfrnA_e, EX_lys__L_e, EX_malt_e, EX_mmet_e, EX_nmn_e, EX_phe__L_e, EX_pnto__R_e, EX_pro__L_e, EX_ribflv_e, EX_ser__L_e, EX_thm_e, EX_thr__L_e, EX_trp__L_e, EX_tyr__L_e, EX_val__L_e",0.0,0.0,,0.17042335134313782,0.1324818702788546,,-17.894736842105264,-17.894736842105264
"EX_23camp_e, EX_23cgmp_e, EX_3mb_e, EX_4abut_e, EX_arg__L_e, EX_asn__L_e, EX_bz_e, EX_cit_e, EX_cytd_e, EX_dcyt_e, EX_fe3pyovd_kt_e, EX_fol_e, EX_gam_e, EX_glu__L_e, EX_glyc_e, EX_gthrd_e, EX_his__L_e, EX_ile__L_e, EX_istfrnA_e, EX_lys__L_e, EX_malt_e, EX_mmet_e, EX_nmn_e, EX_phe__L_e, EX_pnto__R_e, EX_pro__L_e, EX_ribflv_e, EX_ser__L_e, EX_thm_e, EX_thr__L_e, EX_trp__L_e, EX_tyr__L_e, EX_val__L_e",0.0,0.0,,0.17042335134313857,0.13317767098874253,,-17.894736842105264,-16.842105263157894
"EX_23camp_e, EX_23cgmp_e, EX_3mb_e, EX_4abut_e, EX_arg__L_e, EX_asn__L_e, EX_bz_e, EX_cit_e, EX_cytd_e, EX_dcyt_e, EX_fe3pyovd_kt_e, EX_fol_e, EX_gam_e, EX_glu__L_e, EX_glyc_e, EX_gthrd_e, EX_his__L_e, EX_ile__L_e, EX_istfrnA_e, EX_lys__L_e, EX_malt_e, EX_mmet_e, EX_nmn_e, EX_phe__L_e, EX_pnto__R_e, EX_pro__L_e, EX_ribflv_e, EX_ser__L_e, EX_thm_e, EX_thr__L_e, EX_trp__L_e, EX_tyr__L_e, EX_val__L_e",0.0,0.0,,0.1704233513431377,0.13446160655098433,,-17.894736842105264,-15.789473684210527
"EX_23camp_e, EX_23cgmp_e, EX_3mb_e, EX_4abut_e, EX_arg__L_e, EX_asn__L_e, EX_bz_e, EX_cit_e, EX_cytd_e, EX_dcyt_e, EX_fe3pyovd_kt_e, EX_fol_e, EX_gam_e, EX_glu__L_e, EX_glyc_e, EX_gthrd_e, EX_his__L_e, EX_ile__L_e, EX_istfrnA_e, EX_lys__L_e, EX_malt_e, EX_mmet_e, EX_nmn_e, EX_phe__L_e, EX_pnto__R_e, EX_pro__L_e, EX_ribflv_e, EX_ser__L_e, EX_thm_e, EX_thr__L_e, EX_trp__L_e, EX_tyr__L_e, EX_val__L_e",0.0,0.0,,0.1704233513431373,0.13572128219651552,,-17.894736842105264,-14.736842105263158
"EX_23camp_e, EX_23cgmp_e, EX_3mb_e, EX_4abut_e, EX_arg__L_e, EX_asn__L_e, EX_bz_e, EX_cit_e, EX_cytd_e, EX_dcyt_e, EX_fe3pyovd_kt_e, EX_fol_e, EX_gam_e, EX_glu__L_e, EX_glyc_e, EX_gthrd_e, EX_his__L_e, EX_ile__L_e, EX_istfrnA_e, EX_lys__L_e, EX_malt_e, EX_mmet_e, EX_nmn_e, EX_phe__L_e, EX_pnto__R_e, EX_pro__L_e, EX_ribflv_e, EX_ser__L_e, EX_thm_e, EX_thr__L_e, EX_trp__L_e, EX_tyr__L_e, EX_val__L_e",0.0,0.0,,0.17042335134313766,0.13572128219651575,,-17.894736842105264,-13.68421052631579
"EX_23camp_e, EX_23cgmp_e, EX_3mb_e, EX_4abut_e, EX_arg__L_e, EX_asn__L_e, EX_bz_e, EX_cit_e, EX_cytd_e, EX_dcyt_e, EX_fe3pyovd_kt_e, EX_fol_e, EX_gam_e, EX_glu__L_e, EX_glyc_e, EX_gthrd_e, EX_his__L_e, EX_ile__L_e, EX_istfrnA_e, EX_lys__L_e, EX_malt_e, EX_mmet_e, EX_nmn_e, EX_phe__L_e, EX_pnto__R_e, EX_pro__L_e, EX_ribflv_e, EX_ser__L_e, EX_thm_e, EX_thr__L_e, EX_trp__L_e, EX_tyr__L_e, EX_val__L_e",0.0,0.0,,0.17042335134313766,0.13572128219651575,,-17.894736842105264,-12.631578947368421
"EX_23camp_e, EX_23cgmp_e, EX_3mb_e, EX_4abut_e, EX_arg__L_e, EX_asn__L_e, EX_bz_e, EX_cit_e, EX_cytd_e, EX_dcyt_e, EX_fe3pyovd_kt_e, EX_fol_e, EX_gam_e, EX_glu__L_e, EX_glyc_e, EX_gthrd_e, EX_his__L_e, EX_ile__L_e, EX_istfrnA_e, EX_lys__L_e, EX_malt_e, EX_mmet_e, EX_nmn_e, EX_phe__L_e, EX_pnto__R_e, EX_pro__L_e, EX_ribflv_e, EX_ser__L_e, EX_thm_e, EX_thr__L_e, EX_trp__L_e, EX_tyr__L_e, EX_val__L_e",0.0,0.0,,0.17042335134313755,0.13648293390521232,,-17.894736842105264,-11.578947368421053
"EX_23camp_e, EX_23cgmp_e, EX_3mb_e, EX_4abut_e, EX_arg__L_e, EX_asn__L_e, EX_bz_e, EX_cit_e, EX_cytd_e, EX_dcyt_e, EX_fe3pyovd_kt_e, EX_fol_e, EX_gam_e, EX_glu__L_e, EX_glyc_e, EX_gthrd_e, EX_his__L_e, EX_ile__L_e, EX_istfrnA_e, EX_lys__L_e, EX_malt_e, EX_mmet_e, EX_nmn_e, EX_phe__L_e, EX_pnto__R_e, EX_pro__L_e, EX_ribflv_e, EX_ser__L_e, EX_thm_e, EX_thr__L_e, EX_trp__L_e, EX_tyr__L_e, EX_val__L_e",0.0,0.0,,0.17042335134313774,0.13711462070796682,,-17.894736842105264,-10.526315789473685
"EX_23camp_e, EX_23cgmp_e, EX_3mb_e, EX_4abut_e, EX_arg__L_e, EX_asn__L_e, EX_bz_e, EX_cit_e, EX_cytd_e, EX_dcyt_e, EX_fe3pyovd_kt_e, EX_fol_e, EX_gam_e, EX_glu__L_e, EX_glyc_e, EX_gthrd_e, EX_his__L_e, EX_ile__L_e, EX_istfrnA_e, EX_lys__L_e, EX_malt_e, EX_mmet_e, EX_nmn_e, EX_phe__L_e, EX_pnto__R_e, EX_pro__L_e, EX_ribflv_e, EX_ser__L_e, EX_thm_e, EX_thr__L_e, EX_trp__L_e, EX_tyr__L_e, EX_val__L_e",0.0,0.0,,0.17042335134313705,0.1380485900473926,,-17.894736842105264,-9.473684210526317
"EX_23camp_e, EX_23cgmp_e, EX_3mb_e, EX_4abut_e, EX_arg__L_e, EX_asn__L_e, EX_bz_e, EX_cit_e, EX_cytd_e, EX_dcyt_e, EX_fe3pyovd_kt_e, EX_fol_e, EX_gam_e, EX_glu__L_e, EX_glyc_e, EX_gthrd_e, EX_his__L_e, EX_ile__L_e, EX_istfrnA_e, EX_lys__L_e, EX_malt_e, EX_mmet_e, EX_nmn_e, EX_phe__L_e, EX_pnto__R_e, EX_pro__L_e, EX_ribflv_e, EX_ser__L_e, EX_thm_e, EX_thr__L_e, EX_trp__L_e, EX_tyr__L_e, EX_val__L_e",0.0,0.0,,0.17042335134313727,0.14085208831209495,,-17.894736842105264,-8.421052631578949
"EX_23camp_e, EX_23cgmp_e, EX_3mb_e, EX_4abut_e, EX_arg__L_e, EX_asn__L_e, EX_bz_e, EX_cit_e, EX_cytd_e, EX_dcyt_e, EX_fe3pyovd_kt_e, EX_fol_e, EX_gam_e, EX_glu__L_e, EX_glyc_e, EX_gthrd_e, EX_his__L_e, EX_ile__L_e, EX_istfrnA_e, EX_lys__L_e, EX_malt_e, EX_mmet_e, EX_nmn_e, EX_phe__L_e, EX_pnto__R_e, EX_pro__L_e, EX_ribflv_e, EX_ser__L_e, EX_thm_e, EX_thr__L_e, EX_trp__L_e, EX_tyr__L_e, EX_val__L_e",0.0,0.0,,0.17042335134313727,0.14377181412216067,,-17.894736842105264,-7.368421052631579
"EX_23camp_e, EX_23cgmp_e, EX_3mb_e, EX_4abut_e, EX_arg__L_e, EX_asn__L_e, EX_bz_e, EX_cit_e, EX_cytd_e, EX_dcyt_e, EX_fe3pyovd_kt_e, EX_fol_e, EX_gam_e, EX_glu__L_e, EX_glyc_e, EX_gthrd_e, EX_his__L_e, EX_ile__L_e, EX_istfrnA_e, EX_lys__L_e, EX_malt_e, EX_mmet_e, EX_nmn_e, EX_phe__L_e, EX_pnto__R_e, EX_pro__L_e, EX_ribflv_e, EX_ser__L_e, EX_thm_e, EX_thr__L_e, EX_trp__L_e, EX_tyr__L_e, EX_val__L_e",0.0,0.0,,0.17042335134313724,0.146815148324794,,-17.894736842105264,-6.315789473684211
"EX_23camp_e, EX_23cgmp_e, EX_3mb_e, EX_4abut_e, EX_arg__L_e, EX_asn__L_e, EX_bz_e, EX_cit_e, EX_cytd_e, EX_dcyt_e, EX_fe3pyovd_kt_e, EX_fol_e, EX_gam_e, EX_glu__L_e, EX_glyc_e, EX_gthrd_e, EX_his__L_e, EX_ile__L_e, EX_istfrnA_e, EX_lys__L_e, EX_malt_e, EX_mmet_e, EX_nmn_e, EX_phe__L_e, EX_pnto__R_e, EX_pro__L_e, EX_ribflv_e, EX_ser__L_e, EX_thm_e, EX_thr__L_e, EX_trp__L_e, EX_tyr__L_e, EX_val__L_e",0.0,0.0,,0.17042335134313724,0.1499901102274383,,-17.894736842105264,-5.2631578947368425
"EX_23camp_e, EX_23cgmp_e, EX_3mb_e, EX_4abut_e, EX_arg__L_e, EX_asn__L_e, EX_bz_e, EX_cit_e, EX_cytd_e, EX_dcyt_e, EX_fe3pyovd_kt_e, EX_fol_e, EX_gam_e, EX_glu__L_e, EX_glyc_e, EX_gthrd_e, EX_his__L_e, EX_ile__L_e, EX_istfrnA_e, EX_lys__L_e, EX_malt_e, EX_mmet_e, EX_nmn_e, EX_phe__L_e, EX_pnto__R_e, EX_pro__L_e, EX_ribflv_e, EX_ser__L_e, EX_thm_e, EX_thr__L_e, EX_trp__L_e, EX_tyr__L_e, EX_val__L_e",0.0,0.0,,0.17042335134313727,0.15251265680817744,,-17.894736842105264,-4.210526315789474
"EX_23camp_e, EX_23cgmp_e, EX_3mb_e, EX_4abut_e, EX_arg__L_e, EX_asn__L_e, EX_bz_e, EX_cit_e, EX_cytd_e, EX_dcyt_e, EX_fe3pyovd_kt_e, EX_fol_e, EX_gam_e, EX_glu__L_e, EX_glyc_e, EX_gthrd_e, EX_his__L_e, EX_ile__L_e, EX_istfrnA_e, EX_lys__L_e, EX_malt_e, EX_mmet_e, EX_nmn_e, EX_phe__L_e, EX_pnto__R_e, EX_pro__L_e, EX_ribflv_e, EX_ser__L_e, EX_thm_e, EX_thr__L_e, EX_trp__L_e, EX_tyr__L_e, EX_val__L_e",0.0,0.0,,0.17042335134313724,0.15439883371340224,,-17.894736842105264,-3.157894736842106
"EX_23camp_e, EX_23cgmp_e, EX_3mb_e, EX_4abut_e, EX_arg__L_e, EX_asn__L_e, EX_bz_e, EX_cit_e, EX_cytd_e, EX_dcyt_e, EX_fe3pyovd_kt_e, EX_fol_e, EX_gam_e, EX_glu__L_e, EX_glyc_e, EX_gthrd_e, EX_his__L_e, EX_ile__L_e, EX_istfrnA_e, EX_lys__L_e, EX_malt_e, EX_mmet_e, EX_nmn_e, EX_phe__L_e, EX_pnto__R_e, EX_pro__L_e, EX_ribflv_e, EX_ser__L_e, EX_thm_e, EX_thr__L_e, EX_trp__L_e, EX_tyr__L_e, EX_val__L_e",0.0,0.0,,0.17042335134313766,0.1575614560272059,,-17.894736842105264,-2.1052631578947363
"EX_23camp_e, EX_23cgmp_e, EX_3mb_e, EX_4abut_e, EX_arg__L_e, EX_asn__L_e, EX_bz_e, EX_cit_e, EX_cytd_e, EX_dcyt_e, EX_fe3pyovd_kt_e, EX_fol_e, EX_gam_e, EX_glu__L_e, EX_glyc_e, EX_gthrd_e, EX_his__L_e, EX_ile__L_e, EX_istfrnA_e, EX_lys__L_e, EX_malt_e, EX_mmet_e, EX_nmn_e, EX_phe__L_e, EX_pnto__R_e, EX_pro__L_e, EX_ribflv_e, EX_ser__L_e, EX_thm_e, EX_thr__L_e, EX_trp__L_e, EX_tyr__L_e, EX_val__L_e",0.0,0.0,,0.1668885896423592,0.15492504436384838,,-17.894736842105264,-1.05263157894737
"EX_23camp_e, EX_23cgmp_e, EX_3mb_e, EX_4abut_e, EX_arg__L_e, EX_asn__L_e, EX_bz_e, EX_cit_e, EX_cytd_e, EX_dcyt_e, EX_fe3pyovd_kt_e, EX_fol_e, EX_gam_e, EX_glu__L_e, EX_glyc_e, EX_gthrd_e, EX_his__L_e, EX_ile__L_e, EX_istfrnA_e, EX_lys__L_e, EX_malt_e, EX_mmet_e, EX_nmn_e, EX_phe__L_e, EX_pnto__R_e, EX_pro__L_e, EX_ribflv_e, EX_ser__L_e, EX_thm_e, EX_thr__L_e, EX_trp__L_e, EX_tyr__L_e, EX_val__L_e",0.0,0.0,,0.15731828323907815,0.14954098102082233,,-17.894736842105264,0.0
"EX_23camp_e, EX_23cgmp_e, EX_3mb_e, EX_4abut_e, EX_arg__L_e, EX_asn__L_e, EX_bz_e, EX_cit_e, EX_cytd_e, EX_dcyt_e, EX_fe3pyovd_kt_e, EX_fol_e, EX_gam_e, EX_glu__L_e, EX_glyc_e, EX_gthrd_e, EX_his__L_e, EX_ile__L_e, EX_istfrnA_e, EX_lys__L_e, EX_malt_e, EX_mmet_e, EX_nmn_e, EX_phe__L_e, EX_pnto__R_e, EX_pro__L_e, EX_ribflv_e, EX_ser__L_e, EX_thm_e, EX_thr__L_e, EX_trp__L_e, EX_tyr__L_e, EX_val__L_e",0.0,0.0,,0.19796267456098363,0.15329058816620303,,-16.842105263157894,-20.0
"EX_23camp_e, EX_23cgmp_e, EX_3mb_e, EX_4abut_e, EX_arg__L_e, EX_asn__L_e, EX_bz_e, EX_cit_e, EX_cytd_e, EX_dcyt_e, EX_fe3pyovd_kt_e, EX_fol_e, EX_gam_e, EX_glu__L_e, EX_glyc_e, EX_gthrd_e, EX_his__L_e, EX_ile__L_e, EX_istfrnA_e, EX_lys__L_e, EX_malt_e, EX_mmet_e, EX_nmn_e, EX_phe__L_e, EX_pnto__R_e, EX_pro__L_e, EX_ribflv_e, EX_ser__L_e, EX_thm_e, EX_thr__L_e, EX_trp__L_e, EX_tyr__L_e, EX_val__L_e",0.0,0.0,,0.19796267456098374,0.15596128953294663,,-16.842105263157894,-18.94736842105263
"EX_23camp_e, EX_23cgmp_e, EX_3mb_e, EX_4abut_e, EX_arg__L_e, EX_asn__L_e, EX_bz_e, EX_cit_e, EX_cytd_e, EX_dcyt_e, EX_fe3pyovd_kt_e, EX_fol_e, EX_gam_e, EX_glu__L_e, EX_glyc_e, EX_gthrd_e, EX_his__L_e, EX_ile__L_e, EX_istfrnA_e, EX_lys__L_e, EX_malt_e, EX_mmet_e, EX_nmn_e, EX_phe__L_e, EX_pnto__R_e, EX_pro__L_e, EX_ribflv_e, EX_ser__L_e, EX_thm_e, EX_thr__L_e, EX_trp__L_e, EX_tyr__L_e, EX_val__L_e",0.0,0.0,,0.19796267456098363,0.15901567469913006,,-16.842105263157894,-17.894736842105264
"EX_23camp_e, EX_23cgmp_e, EX_3mb_e, EX_4abut_e, EX_arg__L_e, EX_asn__L_e, EX_bz_e, EX_cit_e, EX_cytd_e, EX_dcyt_e, EX_fe3pyovd_kt_e, EX_fol_e, EX_gam_e, EX_glu__L_e, EX_glyc_e, EX_gthrd_e, EX_his__L_e, EX_ile__L_e, EX_istfrnA_e, EX_lys__L_e, EX_malt_e, EX_mmet_e, EX_nmn_e, EX_phe__L_e, EX_pnto__R_e, EX_pro__L_e, EX_ribflv_e, EX_ser__L_e, EX_thm_e, EX_thr__L_e, EX_trp__L_e, EX_tyr__L_e, EX_val__L_e",0.0,0.0,,0.19796267456098393,0.16380545210228986,,-16.842105263157894,-16.842105263157894
"EX_23camp_e, EX_23cgmp_e, EX_3mb_e, EX_4abut_e, EX_arg__L_e, EX_asn__L_e, EX_bz_e, EX_cit_e, EX_cytd_e, EX_dcyt_e, EX_fe3pyovd_kt_e, EX_fol_e, EX_gam_e, EX_glu__L_e, EX_glyc_e, EX_gthrd_e, EX_his__L_e, EX_ile__L_e, EX_istfrnA_e, EX_lys__L_e, EX_malt_e, EX_mmet_e, EX_nmn_e, EX_phe__L_e, EX_pnto__R_e, EX_pro__L_e, EX_ribflv_e, EX_ser__L_e, EX_thm_e, EX_thr__L_e, EX_trp__L_e, EX_tyr__L_e, EX_val__L_e",0.0,0.0,,0.19796267456098393,0.1688927407272876,,-16.842105263157894,-15.789473684210527
"EX_23camp_e, EX_23cgmp_e, EX_3mb_e, EX_4abut_e, EX_arg__L_e, EX_asn__L_e, EX_bz_e, EX_cit_e, EX_cytd_e, EX_dcyt_e, EX_fe3pyovd_kt_e, EX_fol_e, EX_gam_e, EX_glu__L_e, EX_glyc_e, EX_gthrd_e, EX_his__L_e, EX_ile__L_e, EX_istfrnA_e, EX_lys__L_e, EX_malt_e, EX_mmet_e, EX_nmn_e, EX_phe__L_e, EX_pnto__R_e, EX_pro__L_e, EX_ribflv_e, EX_ser__L_e, EX_thm_e, EX_thr__L_e, EX_trp__L_e, EX_tyr__L_e, EX_val__L_e",0.0,0.0,,0.19796267456098346,0.17275077351462928,,-16.842105263157894,-14.736842105263158
"EX_23camp_e, EX_23cgmp_e, EX_3mb_e, EX_4abut_e, EX_arg__L_e, EX_asn__L_e, EX_bz_e, EX_cit_e, EX_cytd_e, EX_dcyt_e, EX_fe3pyovd_kt_e, EX_fol_e, EX_gam_e, EX_glu__L_e, EX_glyc_e, EX_gthrd_e, EX_his__L_e, EX_ile__L_e, EX_istfrnA_e, EX_lys__L_e, EX_malt_e, EX_mmet_e, EX_nmn_e, EX_phe__L_e, EX_pnto__R_e, EX_pro__L_e, EX_ribflv_e, EX_ser__L_e, EX_thm_e, EX_thr__L_e, EX_trp__L_e, EX_tyr__L_e, EX_val__L_e",0.0,0.0,,0.19796267456097358,0.17340997856807552,,-16.842105263157894,-13.68421052631579
"EX_23camp_e, EX_23cgmp_e, EX_3mb_e, EX_4abut_e, EX_arg__L_e, EX_asn__L_e, EX_bz_e, EX_cit_e, EX_cytd_e, EX_dcyt_e, EX_fe3pyovd_kt_e, EX_fol_e, EX_gam_e, EX_glu__L_e, EX_glyc_e, EX_gthrd_e, EX_his__L_e, EX_ile__L_e, EX_istfrnA_e, EX_lys__L_e, EX_malt_e, EX_mmet_e, EX_nmn_e, EX_phe__L_e, EX_pnto__R_e, EX_pro__L_e, EX_ribflv_e, EX_ser__L_e, EX_thm_e, EX_thr__L_e, EX_trp__L_e, EX_tyr__L_e, EX_val__L_e",0.0,0.0,,0.1979626745609837,0.16453854878429228,,-16.842105263157894,-12.631578947368421
"EX_23camp_e, EX_23cgmp_e, EX_3mb_e, EX_4abut_e, EX_arg__L_e, EX_asn__L_e, EX_bz_e, EX_cit_e, EX_cytd_e, EX_dcyt_e, EX_fe3pyovd_kt_e, EX_fol_e, EX_gam_e, EX_glu__L_e, EX_glyc_e, EX_gthrd_e, EX_his__L_e, EX_ile__L_e, EX_istfrnA_e, EX_lys__L_e, EX_malt_e, EX_mmet_e, EX_nmn_e, EX_phe__L_e, EX_pnto__R_e, EX_pro__L_e, EX_ribflv_e, EX_ser__L_e, EX_thm_e, EX_thr__L_e, EX_trp__L_e, EX_tyr__L_e, EX_val__L_e",0.0,0.0,,0.19796267456098374,0.1601509735985022,,-16.842105263157894,-11.578947368421053
"EX_23camp_e, EX_23cgmp_e, EX_3mb_e, EX_4abut_e, EX_arg__L_e, EX_asn__L_e, EX_bz_e, EX_cit_e, EX_cytd_e, EX_dcyt_e, EX_fe3pyovd_kt_e, EX_fol_e, EX_gam_e, EX_glu__L_e, EX_glyc_e, EX_gthrd_e, EX_his__L_e, EX_ile__L_e, EX_istfrnA_e, EX_lys__L_e, EX_malt_e, EX_mmet_e, EX_nmn_e, EX_phe__L_e, EX_pnto__R_e, EX_pro__L_e, EX_ribflv_e, EX_ser__L_e, EX_thm_e, EX_thr__L_e, EX_trp__L_e, EX_tyr__L_e, EX_val__L_e",0.0,0.0,,0.19796267456098376,0.16074269582896084,,-16.842105263157894,-10.526315789473685
"EX_23camp_e, EX_23cgmp_e, EX_3mb_e, EX_4abut_e, EX_arg__L_e, EX_asn__L_e, EX_bz_e, EX_cit_e, EX_cytd_e, EX_dcyt_e, EX_fe3pyovd_kt_e, EX_fol_e, EX_gam_e, EX_glu__L_e, EX_glyc_e, EX_gthrd_e, EX_his__L_e, EX_ile__L_e, EX_istfrnA_e, EX_lys__L_e, EX_malt_e, EX_mmet_e, EX_nmn_e, EX_phe__L_e, EX_pnto__R_e, EX_pro__L_e, EX_ribflv_e, EX_ser__L_e, EX_thm_e, EX_thr__L_e, EX_trp__L_e, EX_tyr__L_e, EX_val__L_e",0.0,0.0,,0.19796267456098374,0.16133880683907367,,-16.842105263157894,-9.473684210526317
"EX_23camp_e, EX_23cgmp_e, EX_3mb_e, EX_4abut_e, EX_arg__L_e, EX_asn__L_e, EX_bz_e, EX_cit_e, EX_cytd_e, EX_dcyt_e, EX_fe3pyovd_kt_e, EX_fol_e, EX_gam_e, EX_glu__L_e, EX_glyc_e, EX_gthrd_e, EX_his__L_e, EX_ile__L_e, EX_istfrnA_e, EX_lys__L_e, EX_malt_e, EX_mmet_e, EX_nmn_e, EX_phe__L_e, EX_pnto__R_e, EX_pro__L_e, EX_ribflv_e, EX_ser__L_e, EX_thm_e, EX_thr__L_e, EX_trp__L_e, EX_tyr__L_e, EX_val__L_e",0.0,0.0,,0.19796267456098413,0.16193935563768896,,-16.842105263157894,-8.421052631578949
"EX_23camp_e, EX_23cgmp_e, EX_3mb_e, EX_4abut_e, EX_arg__L_e, EX_asn__L_e, EX_bz_e, EX_cit_e, EX_cytd_e, EX_dcyt_e, EX_fe3pyovd_kt_e, EX_fol_e, EX_gam_e, EX_glu__L_e, EX_glyc_e, EX_gthrd_e, EX_his__L_e, EX_ile__L_e, EX_istfrnA_e, EX_lys__L_e, EX_malt_e, EX_mmet_e, EX_nmn_e, EX_phe__L_e, EX_pnto__R_e, EX_pro__L_e, EX_ribflv_e, EX_ser__L_e, EX_thm_e, EX_thr__L_e, EX_trp__L_e, EX_tyr__L_e, EX_val__L_e",0.0,0.0,,0.19796267456098413,0.16254439196607956,,-16.842105263157894,-7.368421052631579
"EX_23camp_e, EX_23cgmp_e, EX_3mb_e, EX_4abut_e, EX_arg__L_e, EX_asn__L_e, EX_bz_e, EX_cit_e, EX_cytd_e, EX_dcyt_e, EX_fe3pyovd_kt_e, EX_fol_e, EX_gam_e, EX_glu__L_e, EX_glyc_e, EX_gthrd_e, EX_his__L_e, EX_ile__L_e, EX_istfrnA_e, EX_lys__L_e, EX_malt_e, EX_mmet_e, EX_nmn_e, EX_phe__L_e, EX_pnto__R_e, EX_pro__L_e, EX_ribflv_e, EX_ser__L_e, EX_thm_e, EX_thr__L_e, EX_trp__L_e, EX_tyr__L_e, EX_val__L_e",0.0,0.0,,0.19796267456098413,0.1631539663116786,,-16.842105263157894,-6.315789473684211
"EX_23camp_e, EX_23cgmp_e, EX_3mb_e, EX_4abut_e, EX_arg__L_e, EX_asn__L_e, EX_bz_e, EX_cit_e, EX_cytd_e, EX_dcyt_e, EX_fe3pyovd_kt_e, EX_fol_e, EX_gam_e, EX_glu__L_e, EX_glyc_e, EX_gthrd_e, EX_his__L_e, EX_ile__L_e, EX_istfrnA_e, EX_lys__L_e, EX_malt_e, EX_mmet_e, EX_nmn_e, EX_phe__L_e, EX_pnto__R_e, EX_pro__L_e, EX_ribflv_e, EX_ser__L_e, EX_thm_e, EX_thr__L_e, EX_trp__L_e, EX_tyr__L_e, EX_val__L_e",0.0,0.0,,0.1979626745609841,0.16338385788458099,,-16.842105263157894,-5.2631578947368425
"EX_23camp_e, EX_23cgmp_e, EX_3mb_e, EX_4abut_e, EX_arg__L_e, EX_asn__L_e, EX_bz_e, EX_cit_e, EX_cytd_e, EX_dcyt_e, EX_fe3pyovd_kt_e, EX_fol_e, EX_gam_e, EX_glu__L_e, EX_glyc_e, EX_gthrd_e, EX_his__L_e, EX_ile__L_e, EX_istfrnA_e, EX_lys__L_e, EX_malt_e, EX_mmet_e, EX_nmn_e, EX_phe__L_e, EX_pnto__R_e, EX_pro__L_e, EX_ribflv_e, EX_ser__L_e, EX_thm_e, EX_thr__L_e, EX_trp__L_e, EX_tyr__L_e, EX_val__L_e",0.0,0.0,,0.1979626745609829,0.16603506510216742,,-16.842105263157894,-4.210526315789474
"EX_23camp_e, EX_23cgmp_e, EX_3mb_e, EX_4abut_e, EX_arg__L_e, EX_asn__L_e, EX_bz_e, EX_cit_e, EX_cytd_e, EX_dcyt_e, EX_fe3pyovd_kt_e, EX_fol_e, EX_gam_e, EX_glu__L_e, EX_glyc_e, EX_gthrd_e, EX_his__L_e, EX_ile__L_e, EX_istfrnA_e, EX_lys__L_e, EX_malt_e, EX_mmet_e, EX_nmn_e, EX_phe__L_e, EX_pnto__R_e, EX_pro__L_e, EX_ribflv_e, EX_ser__L_e, EX_thm_e, EX_thr__L_e, EX_trp__L_e, EX_tyr__L_e, EX_val__L_e",0.0,0.0,,0.19796267456098346,0.1695288342633556,,-16.842105263157894,-3.157894736842106
"EX_23camp_e, EX_23cgmp_e, EX_3mb_e, EX_4abut_e, EX_arg__L_e, EX_asn__L_e, EX_bz_e, EX_cit_e, EX_cytd_e, EX_dcyt_e, EX_fe3pyovd_kt_e, EX_fol_e, EX_gam_e, EX_glu__L_e, EX_glyc_e, EX_gthrd_e, EX_his__L_e, EX_ile__L_e, EX_istfrnA_e, EX_lys__L_e, EX_malt_e, EX_mmet_e, EX_nmn_e, EX_phe__L_e, EX_pnto__R_e, EX_pro__L_e, EX_ribflv_e, EX_ser__L_e, EX_thm_e, EX_thr__L_e, EX_trp__L_e, EX_tyr__L_e, EX_val__L_e",0.0,0.0,,0.19796267456098357,0.17317279815359363,,-16.842105263157894,-2.1052631578947363
"EX_23camp_e, EX_23cgmp_e, EX_3mb_e, EX_4abut_e, EX_arg__L_e, EX_asn__L_e, EX_bz_e, EX_cit_e, EX_cytd_e, EX_dcyt_e, EX_fe3pyovd_kt_e, EX_fol_e, EX_gam_e, EX_glu__L_e, EX_glyc_e, EX_gthrd_e, EX_his__L_e, EX_ile__L_e, EX_istfrnA_e, EX_lys__L_e, EX_malt_e, EX_mmet_e, EX_nmn_e, EX_phe__L_e, EX_pnto__R_e, EX_pro__L_e, EX_ribflv_e, EX_ser__L_e, EX_thm_e, EX_thr__L_e, EX_trp__L_e, EX_tyr__L_e, EX_val__L_e",0.0,0.0,,0.19796267456098354,0.17697685467679425,,-16.842105263157894,-1.05263157894737
"EX_23camp_e, EX_23cgmp_e, EX_3mb_e, EX_4abut_e, EX_arg__L_e, EX_asn__L_e, EX_bz_e, EX_cit_e, EX_cytd_e, EX_dcyt_e, EX_fe3pyovd_kt_e, EX_fol_e, EX_gam_e, EX_glu__L_e, EX_glyc_e, EX_gthrd_e, EX_his__L_e, EX_ile__L_e, EX_istfrnA_e, EX_lys__L_e, EX_malt_e, EX_mmet_e, EX_nmn_e, EX_phe__L_e, EX_pnto__R_e, EX_pro__L_e, EX_ribflv_e, EX_ser__L_e, EX_thm_e, EX_thr__L_e, EX_trp__L_e, EX_tyr__L_e, EX_val__L_e",0.0,0.0,,0.1934993476710869,0.18055534749482907,,-16.842105263157894,0.0
"EX_23camp_e, EX_23cgmp_e, EX_3mb_e, EX_4abut_e, EX_arg__L_e, EX_asn__L_e, EX_bz_e, EX_cit_e, EX_cytd_e, EX_dcyt_e, EX_fe3pyovd_kt_e, EX_fol_e, EX_gam_e, EX_glu__L_e, EX_glyc_e, EX_gthrd_e, EX_his__L_e, EX_ile__L_e, EX_istfrnA_e, EX_lys__L_e, EX_malt_e, EX_mmet_e, EX_nmn_e, EX_phe__L_e, EX_pnto__R_e, EX_pro__L_e, EX_ribflv_e, EX_ser__L_e, EX_thm_e, EX_thr__L_e, EX_trp__L_e, EX_tyr__L_e, EX_val__L_e",0.0,0.0,,0.21989860968939634,0.1698043405981739,,-15.789473684210527,-20.0
"EX_23camp_e, EX_23cgmp_e, EX_3mb_e, EX_4abut_e, EX_arg__L_e, EX_asn__L_e, EX_bz_e, EX_cit_e, EX_cytd_e, EX_dcyt_e, EX_fe3pyovd_kt_e, EX_fol_e, EX_gam_e, EX_glu__L_e, EX_glyc_e, EX_gthrd_e, EX_his__L_e, EX_ile__L_e, EX_istfrnA_e, EX_lys__L_e, EX_malt_e, EX_mmet_e, EX_nmn_e, EX_phe__L_e, EX_pnto__R_e, EX_pro__L_e, EX_ribflv_e, EX_ser__L_e, EX_thm_e, EX_thr__L_e, EX_trp__L_e, EX_tyr__L_e, EX_val__L_e",0.0,0.0,,0.21989860968939928,0.16980434059817617,,-15.789473684210527,-18.94736842105263
"EX_23camp_e, EX_23cgmp_e, EX_3mb_e, EX_4abut_e, EX_arg__L_e, EX_asn__L_e, EX_bz_e, EX_cit_e, EX_cytd_e, EX_dcyt_e, EX_fe3pyovd_kt_e, EX_fol_e, EX_gam_e, EX_glu__L_e, EX_glyc_e, EX_gthrd_e, EX_his__L_e, EX_ile__L_e, EX_istfrnA_e, EX_lys__L_e, EX_malt_e, EX_mmet_e, EX_nmn_e, EX_phe__L_e, EX_pnto__R_e, EX_pro__L_e, EX_ribflv_e, EX_ser__L_e, EX_thm_e, EX_thr__L_e, EX_trp__L_e, EX_tyr__L_e, EX_val__L_e",0.0,0.0,,0.21989860968939928,0.16993543213624568,,-15.789473684210527,-17.894736842105264
"EX_23camp_e, EX_23cgmp_e, EX_3mb_e, EX_4abut_e, EX_arg__L_e, EX_asn__L_e, EX_bz_e, EX_cit_e, EX_cytd_e, EX_dcyt_e, EX_fe3pyovd_kt_e, EX_fol_e, EX_gam_e, EX_glu__L_e, EX_glyc_e, EX_gthrd_e, EX_his__L_e, EX_ile__L_e, EX_istfrnA_e, EX_lys__L_e, EX_malt_e, EX_mmet_e, EX_nmn_e, EX_phe__L_e, EX_pnto__R_e, EX_pro__L_e, EX_ribflv_e, EX_ser__L_e, EX_thm_e, EX_thr__L_e, EX_trp__L_e, EX_tyr__L_e, EX_val__L_e",0.0,0.0,,0.2198986096893993,0.1710303016625647,,-15.789473684210527,-16.842105263157894
"EX_23camp_e, EX_23cgmp_e, EX_3mb_e, EX_4abut_e, EX_arg__L_e, EX_asn__L_e, EX_bz_e, EX_cit_e, EX_cytd_e, EX_dcyt_e, EX_fe3pyovd_kt_e, EX_fol_e, EX_gam_e, EX_glu__L_e, EX_glyc_e, EX_gthrd_e, EX_his__L_e, EX_ile__L_e, EX_istfrnA_e, EX_lys__L_e, EX_malt_e, EX_mmet_e, EX_nmn_e, EX_phe__L_e, EX_pnto__R_e, EX_pro__L_e, EX_ribflv_e, EX_ser__L_e, EX_thm_e, EX_thr__L_e, EX_trp__L_e, EX_tyr__L_e, EX_val__L_e",0.0,0.0,,0.21989860968939984,0.1710303016625651,,-15.789473684210527,-15.789473684210527
"EX_23camp_e, EX_23cgmp_e, EX_3mb_e, EX_4abut_e, EX_arg__L_e, EX_asn__L_e, EX_bz_e, EX_cit_e, EX_cytd_e, EX_dcyt_e, EX_fe3pyovd_kt_e, EX_fol_e, EX_gam_e, EX_glu__L_e, EX_glyc_e, EX_gthrd_e, EX_his__L_e, EX_ile__L_e, EX_istfrnA_e, EX_lys__L_e, EX_malt_e, EX_mmet_e, EX_nmn_e, EX_phe__L_e, EX_pnto__R_e, EX_pro__L_e, EX_ribflv_e, EX_ser__L_e, EX_thm_e, EX_thr__L_e, EX_trp__L_e, EX_tyr__L_e, EX_val__L_e",0.0,0.0,,0.21989860968939984,0.1710303016625651,,-15.789473684210527,-14.736842105263158
"EX_23camp_e, EX_23cgmp_e, EX_3mb_e, EX_4abut_e, EX_arg__L_e, EX_asn__L_e, EX_bz_e, EX_cit_e, EX_cytd_e, EX_dcyt_e, EX_fe3pyovd_kt_e, EX_fol_e, EX_gam_e, EX_glu__L_e, EX_glyc_e, EX_gthrd_e, EX_his__L_e, EX_ile__L_e, EX_istfrnA_e, EX_lys__L_e, EX_malt_e, EX_mmet_e, EX_nmn_e, EX_phe__L_e, EX_pnto__R_e, EX_pro__L_e, EX_ribflv_e, EX_ser__L_e, EX_thm_e, EX_thr__L_e, EX_trp__L_e, EX_tyr__L_e, EX_val__L_e",0.0,0.0,,0.21989860968939984,0.1716599366884885,,-15.789473684210527,-13.68421052631579
"EX_23camp_e, EX_23cgmp_e, EX_3mb_e, EX_4abut_e, EX_arg__L_e, EX_asn__L_e, EX_bz_e, EX_cit_e, EX_cytd_e, EX_dcyt_e, EX_fe3pyovd_kt_e, EX_fol_e, EX_gam_e, EX_glu__L_e, EX_glyc_e, EX_gthrd_e, EX_his__L_e, EX_ile__L_e, EX_istfrnA_e, EX_lys__L_e, EX_malt_e, EX_mmet_e, EX_nmn_e, EX_phe__L_e, EX_pnto__R_e, EX_pro__L_e, EX_ribflv_e, EX_ser__L_e, EX_thm_e, EX_thr__L_e, EX_trp__L_e, EX_tyr__L_e, EX_val__L_e",0.0,0.0,,0.21989860968939998,0.17350890666789912,,-15.789473684210527,-12.631578947368421
"EX_23camp_e, EX_23cgmp_e, EX_3mb_e, EX_4abut_e, EX_arg__L_e, EX_asn__L_e, EX_bz_e, EX_cit_e, EX_cytd_e, EX_dcyt_e, EX_fe3pyovd_kt_e, EX_fol_e, EX_gam_e, EX_glu__L_e, EX_glyc_e, EX_gthrd_e, EX_his__L_e, EX_ile__L_e, EX_istfrnA_e, EX_lys__L_e, EX_malt_e, EX_mmet_e, EX_nmn_e, EX_phe__L_e, EX_pnto__R_e, EX_pro__L_e, EX_ribflv_e, EX_ser__L_e, EX_thm_e, EX_thr__L_e, EX_trp__L_e, EX_tyr__L_e, EX_val__L_e",0.0,0.0,,0.21989860968939998,0.17539814130219045,,-15.789473684210527,-11.578947368421053
"EX_23camp_e, EX_23cgmp_e, EX_3mb_e, EX_4abut_e, EX_arg__L_e, EX_asn__L_e, EX_bz_e, EX_cit_e, EX_cytd_e, EX_dcyt_e, EX_fe3pyovd_kt_e, EX_fol_e, EX_gam_e, EX_glu__L_e, EX_glyc_e, EX_gthrd_e, EX_his__L_e, EX_ile__L_e, EX_istfrnA_e, EX_lys__L_e, EX_malt_e, EX_mmet_e, EX_nmn_e, EX_phe__L_e, EX_pnto__R_e, EX_pro__L_e, EX_ribflv_e, EX_ser__L_e, EX_thm_e, EX_thr__L_e, EX_trp__L_e, EX_tyr__L_e, EX_val__L_e",0.0,0.0,,0.21989860968939998,0.17541755359646327,,-15.789473684210527,-10.526315789473685
"EX_23camp_e, EX_23cgmp_e, EX_3mb_e, EX_4abut_e, EX_arg__L_e, EX_asn__L_e, EX_bz_e, EX_cit_e, EX_cytd_e, EX_dcyt_e, EX_fe3pyovd_kt_e, EX_fol_e, EX_gam_e, EX_glu__L_e, EX_glyc_e, EX_gthrd_e, EX_his__L_e, EX_ile__L_e, EX_istfrnA_e, EX_lys__L_e, EX_malt_e, EX_mmet_e, EX_nmn_e, EX_phe__L_e, EX_pnto__R_e, EX_pro__L_e, EX_ribflv_e, EX_ser__L_e, EX_thm_e, EX_thr__L_e, EX_trp__L_e, EX_tyr__L_e, EX_val__L_e",0.0,0.0,,0.21989860968939878,0.17670035180199592,,-15.789473684210527,-9.473684210526317
"EX_23camp_e, EX_23cgmp_e, EX_3mb_e, EX_4abut_e, EX_arg__L_e, EX_asn__L_e, EX_bz_e, EX_cit_e, EX_cytd_e, EX_dcyt_e, EX_fe3pyovd_kt_e, EX_fol_e, EX_gam_e, EX_glu__L_e, EX_glyc_e, EX_gthrd_e, EX_his__L_e, EX_ile__L_e, EX_istfrnA_e, EX_lys__L_e, EX_malt_e, EX_mmet_e, EX_nmn_e, EX_phe__L_e, EX_pnto__R_e, EX_pro__L_e, EX_ribflv_e, EX_ser__L_e, EX_thm_e, EX_thr__L_e, EX_trp__L_e, EX_tyr__L_e, EX_val__L_e",0.0,0.0,,0.21989860968939925,0.17800204998223526,,-15.789473684210527,-8.421052631578949
"EX_23camp_e, EX_23cgmp_e, EX_3mb_e, EX_4abut_e, EX_arg__L_e, EX_asn__L_e, EX_bz_e, EX_cit_e, EX_cytd_e, EX_dcyt_e, EX_fe3pyovd_kt_e, EX_fol_e, EX_gam_e, EX_glu__L_e, EX_glyc_e, EX_gthrd_e, EX_his__L_e, EX_ile__L_e, EX_istfrnA_e, EX_lys__L_e, EX_malt_e, EX_mmet_e, EX_nmn_e, EX_phe__L_e, EX_pnto__R_e, EX_pro__L_e, EX_ribflv_e, EX_ser__L_e, EX_thm_e, EX_thr__L_e, EX_trp__L_e, EX_tyr__L_e, EX_val__L_e",0.0,0.0,,0.21989860968939964,0.1793230689282553,,-15.789473684210527,-7.368421052631579
"EX_23camp_e, EX_23cgmp_e, EX_3mb_e, EX_4abut_e, EX_arg__L_e, EX_asn__L_e, EX_bz_e, EX_cit_e, EX_cytd_e, EX_dcyt_e, EX_fe3pyovd_kt_e, EX_fol_e, EX_gam_e, EX_glu__L_e, EX_glyc_e, EX_gthrd_e, EX_his__L_e, EX_ile__L_e, EX_istfrnA_e, EX_lys__L_e, EX_malt_e, EX_mmet_e, EX_nmn_e, EX_phe__L_e, EX_pnto__R_e, EX_pro__L_e, EX_ribflv_e, EX_ser__L_e, EX_thm_e, EX_thr__L_e, EX_trp__L_e, EX_tyr__L_e, EX_val__L_e",0.0,0.0,,0.21989860968939876,0.18066384201591038,,-15.789473684210527,-6.315789473684211
"EX_23camp_e, EX_23cgmp_e, EX_3mb_e, EX_4abut_e, EX_arg__L_e, EX_asn__L_e, EX_bz_e, EX_cit_e, EX_cytd_e, EX_dcyt_e, EX_fe3pyovd_kt_e, EX_fol_e, EX_gam_e, EX_glu__L_e, EX_glyc_e, EX_gthrd_e, EX_his__L_e, EX_ile__L_e, EX_istfrnA_e, EX_lys__L_e, EX_malt_e, EX_mmet_e, EX_nmn_e, EX_phe__L_e, EX_pnto__R_e, EX_pro__L_e, EX_ribflv_e, EX_ser__L_e, EX_thm_e, EX_thr__L_e, EX_trp__L_e, EX_tyr__L_e, EX_val__L_e",0.0,0.0,,0.21989860968939925,0.18126228304130085,,-15.789473684210527,-5.2631578947368425
"EX_23camp_e, EX_23cgmp_e, EX_3mb_e, EX_4abut_e, EX_arg__L_e, EX_asn__L_e, EX_bz_e, EX_cit_e, EX_cytd_e, EX_dcyt_e, EX_fe3pyovd_kt_e, EX_fol_e, EX_gam_e, EX_glu__L_e, EX_glyc_e, EX_gthrd_e, EX_his__L_e, EX_ile__L_e, EX_istfrnA_e, EX_lys__L_e, EX_malt_e, EX_mmet_e, EX_nmn_e, EX_phe__L_e, EX_pnto__R_e, EX_pro__L_e, EX_ribflv_e, EX_ser__L_e, EX_thm_e, EX_thr__L_e, EX_trp__L_e, EX_tyr__L_e, EX_val__L_e",0.0,0.0,,0.2198986096893994,0.18397098715559795,,-15.789473684210527,-4.210526315789474
"EX_23camp_e, EX_23cgmp_e, EX_3mb_e, EX_4abut_e, EX_arg__L_e, EX_asn__L_e, EX_bz_e, EX_cit_e, EX_cytd_e, EX_dcyt_e, EX_fe3pyovd_kt_e, EX_fol_e, EX_gam_e, EX_glu__L_e, EX_glyc_e, EX_gthrd_e, EX_his__L_e, EX_ile__L_e, EX_istfrnA_e, EX_lys__L_e, EX_malt_e, EX_mmet_e, EX_nmn_e, EX_phe__L_e, EX_pnto__R_e, EX_pro__L_e, EX_ribflv_e, EX_ser__L_e, EX_thm_e, EX_thr__L_e, EX_trp__L_e, EX_tyr__L_e, EX_val__L_e",0.0,0.0,,0.21989860968939906,0.1878322661337717,,-15.789473684210527,-3.157894736842106
"EX_23camp_e, EX_23cgmp_e, EX_3mb_e, EX_4abut_e, EX_arg__L_e, EX_asn__L_e, EX_bz_e, EX_cit_e, EX_cytd_e, EX_dcyt_e, EX_fe3pyovd_kt_e, EX_fol_e, EX_gam_e, EX_glu__L_e, EX_glyc_e, EX_gthrd_e, EX_his__L_e, EX_ile__L_e, EX_istfrnA_e, EX_lys__L_e, EX_malt_e, EX_mmet_e, EX_nmn_e, EX_phe__L_e, EX_pnto__R_e, EX_pro__L_e, EX_ribflv_e, EX_ser__L_e, EX_thm_e, EX_thr__L_e, EX_trp__L_e, EX_tyr__L_e, EX_val__L_e",0.0,0.0,,0.21989860968939914,0.19185910504203688,,-15.789473684210527,-2.1052631578947363
"EX_23camp_e, EX_23cgmp_e, EX_3mb_e, EX_4abut_e, EX_arg__L_e, EX_asn__L_e, EX_bz_e, EX_cit_e, EX_cytd_e, EX_dcyt_e, EX_fe3pyovd_kt_e, EX_fol_e, EX_gam_e, EX_glu__L_e, EX_glyc_e, EX_gthrd_e, EX_his__L_e, EX_ile__L_e, EX_istfrnA_e, EX_lys__L_e, EX_malt_e, EX_mmet_e, EX_nmn_e, EX_phe__L_e, EX_pnto__R_e, EX_pro__L_e, EX_ribflv_e, EX_ser__L_e, EX_thm_e, EX_thr__L_e, EX_trp__L_e, EX_tyr__L_e, EX_val__L_e",0.0,0.0,,0.21989860968939914,0.1960623852212468,,-15.789473684210527,-1.05263157894737
"EX_23camp_e, EX_23cgmp_e, EX_3mb_e, EX_4abut_e, EX_arg__L_e, EX_asn__L_e, EX_bz_e, EX_cit_e, EX_cytd_e, EX_dcyt_e, EX_fe3pyovd_kt_e, EX_fol_e, EX_gam_e, EX_glu__L_e, EX_glyc_e, EX_gthrd_e, EX_his__L_e, EX_ile__L_e, EX_istfrnA_e, EX_lys__L_e, EX_malt_e, EX_mmet_e, EX_nmn_e, EX_phe__L_e, EX_pnto__R_e, EX_pro__L_e, EX_ribflv_e, EX_ser__L_e, EX_thm_e, EX_thr__L_e, EX_trp__L_e, EX_tyr__L_e, EX_val__L_e",0.0,0.0,,0.21642000231010644,0.19984370931925924,,-15.789473684210527,0.0
"EX_23camp_e, EX_23cgmp_e, EX_3mb_e, EX_4abut_e, EX_arg__L_e, EX_asn__L_e, EX_bz_e, EX_cit_e, EX_cytd_e, EX_dcyt_e, EX_fe3pyovd_kt_e, EX_fol_e, EX_gam_e, EX_glu__L_e, EX_glyc_e, EX_gthrd_e, EX_his__L_e, EX_ile__L_e, EX_istfrnA_e, EX_lys__L_e, EX_malt_e, EX_mmet_e, EX_nmn_e, EX_phe__L_e, EX_pnto__R_e, EX_pro__L_e, EX_ribflv_e, EX_ser__L_e, EX_thm_e, EX_thr__L_e, EX_trp__L_e, EX_tyr__L_e, EX_val__L_e",0.0,0.0,,0.24183454481781497,0.1868815180165886,,-14.736842105263158,-20.0
"EX_23camp_e, EX_23cgmp_e, EX_3mb_e, EX_4abut_e, EX_arg__L_e, EX_asn__L_e, EX_bz_e, EX_cit_e, EX_cytd_e, EX_dcyt_e, EX_fe3pyovd_kt_e, EX_fol_e, EX_gam_e, EX_glu__L_e, EX_glyc_e, EX_gthrd_e, EX_his__L_e, EX_ile__L_e, EX_istfrnA_e, EX_lys__L_e, EX_malt_e, EX_mmet_e, EX_nmn_e, EX_phe__L_e, EX_pnto__R_e, EX_pro__L_e, EX_ribflv_e, EX_ser__L_e, EX_thm_e, EX_thr__L_e, EX_trp__L_e, EX_tyr__L_e, EX_val__L_e",0.0,0.0,,0.24183454481781505,0.1896585697517973,,-14.736842105263158,-18.94736842105263
"EX_23camp_e, EX_23cgmp_e, EX_3mb_e, EX_4abut_e, EX_arg__L_e, EX_asn__L_e, EX_bz_e, EX_cit_e, EX_cytd_e, EX_dcyt_e, EX_fe3pyovd_kt_e, EX_fol_e, EX_gam_e, EX_glu__L_e, EX_glyc_e, EX_gthrd_e, EX_his__L_e, EX_ile__L_e, EX_istfrnA_e, EX_lys__L_e, EX_malt_e, EX_mmet_e, EX_nmn_e, EX_phe__L_e, EX_pnto__R_e, EX_pro__L_e, EX_ribflv_e, EX_ser__L_e, EX_thm_e, EX_thr__L_e, EX_trp__L_e, EX_tyr__L_e, EX_val__L_e",0.0,0.0,,0.24183454481781588,0.19523217069410648,,-14.736842105263158,-17.894736842105264
"EX_23camp_e, EX_23cgmp_e, EX_3mb_e, EX_4abut_e, EX_arg__L_e, EX_asn__L_e, EX_bz_e, EX_cit_e, EX_cytd_e, EX_dcyt_e, EX_fe3pyovd_kt_e, EX_fol_e, EX_gam_e, EX_glu__L_e, EX_glyc_e, EX_gthrd_e, EX_his__L_e, EX_ile__L_e, EX_istfrnA_e, EX_lys__L_e, EX_malt_e, EX_mmet_e, EX_nmn_e, EX_phe__L_e, EX_pnto__R_e, EX_pro__L_e, EX_ribflv_e, EX_ser__L_e, EX_thm_e, EX_thr__L_e, EX_trp__L_e, EX_tyr__L_e, EX_val__L_e",0.0,0.0,,0.24183454481781588,0.20114327912184435,,-14.736842105263158,-16.842105263157894
"EX_23camp_e, EX_23cgmp_e, EX_3mb_e, EX_4abut_e, EX_arg__L_e, EX_asn__L_e, EX_bz_e, EX_cit_e, EX_cytd_e, EX_dcyt_e, EX_fe3pyovd_kt_e, EX_fol_e, EX_gam_e, EX_glu__L_e, EX_glyc_e, EX_gthrd_e, EX_his__L_e, EX_ile__L_e, EX_istfrnA_e, EX_lys__L_e, EX_malt_e, EX_mmet_e, EX_nmn_e, EX_phe__L_e, EX_pnto__R_e, EX_pro__L_e, EX_ribflv_e, EX_ser__L_e, EX_thm_e, EX_thr__L_e, EX_trp__L_e, EX_tyr__L_e, EX_val__L_e",0.0,0.0,,0.24183454481781586,0.20520524263264303,,-14.736842105263158,-15.789473684210527
"EX_23camp_e, EX_23cgmp_e, EX_3mb_e, EX_4abut_e, EX_arg__L_e, EX_asn__L_e, EX_bz_e, EX_cit_e, EX_cytd_e, EX_dcyt_e, EX_fe3pyovd_kt_e, EX_fol_e, EX_gam_e, EX_glu__L_e, EX_glyc_e, EX_gthrd_e, EX_his__L_e, EX_ile__L_e, EX_istfrnA_e, EX_lys__L_e, EX_malt_e, EX_mmet_e, EX_nmn_e, EX_phe__L_e, EX_pnto__R_e, EX_pro__L_e, EX_ribflv_e, EX_ser__L_e, EX_thm_e, EX_thr__L_e, EX_trp__L_e, EX_tyr__L_e, EX_val__L_e",0.0,0.0,,0.24183454481781558,0.20826618843311298,,-14.736842105263158,-14.736842105263158
"EX_23camp_e, EX_23cgmp_e, EX_3mb_e, EX_4abut_e, EX_arg__L_e, EX_asn__L_e, EX_bz_e, EX_cit_e, EX_cytd_e, EX_dcyt_e, EX_fe3pyovd_kt_e, EX_fol_e, EX_gam_e, EX_glu__L_e, EX_glyc_e, EX_gthrd_e, EX_his__L_e, EX_ile__L_e, EX_istfrnA_e, EX_lys__L_e, EX_malt_e, EX_mmet_e, EX_nmn_e, EX_phe__L_e, EX_pnto__R_e, EX_pro__L_e, EX_ribflv_e, EX_ser__L_e, EX_thm_e, EX_thr__L_e, EX_trp__L_e, EX_tyr__L_e, EX_val__L_e",0.0,0.0,,0.24183454481781583,0.20826618843311323,,-14.736842105263158,-13.68421052631579
"EX_23camp_e, EX_23cgmp_e, EX_3mb_e, EX_4abut_e, EX_arg__L_e, EX_asn__L_e, EX_bz_e, EX_cit_e, EX_cytd_e, EX_dcyt_e, EX_fe3pyovd_kt_e, EX_fol_e, EX_gam_e, EX_glu__L_e, EX_glyc_e, EX_gthrd_e, EX_his__L_e, EX_ile__L_e, EX_istfrnA_e, EX_lys__L_e, EX_malt_e, EX_mmet_e, EX_nmn_e, EX_phe__L_e, EX_pnto__R_e, EX_pro__L_e, EX_ribflv_e, EX_ser__L_e, EX_thm_e, EX_thr__L_e, EX_trp__L_e, EX_tyr__L_e, EX_val__L_e",0.0,0.0,,0.24183454481781583,0.20937722879507742,,-14.736842105263158,-12.631578947368421
"EX_23camp_e, EX_23cgmp_e, EX_3mb_e, EX_4abut_e, EX_arg__L_e, EX_asn__L_e, EX_bz_e, EX_cit_e, EX_cytd_e, EX_dcyt_e, EX_fe3pyovd_kt_e, EX_fol_e, EX_gam_e, EX_glu__L_e, EX_glyc_e, EX_gthrd_e, EX_his__L_e, EX_ile__L_e, EX_istfrnA_e, EX_lys__L_e, EX_malt_e, EX_mmet_e, EX_nmn_e, EX_phe__L_e, EX_pnto__R_e, EX_pro__L_e, EX_ribflv_e, EX_ser__L_e, EX_thm_e, EX_thr__L_e, EX_trp__L_e, EX_tyr__L_e, EX_val__L_e",0.0,0.0,,0.24183454481781524,0.209429120783042,,-14.736842105263158,-11.578947368421053
"EX_23camp_e, EX_23cgmp_e, EX_3mb_e, EX_4abut_e, EX_arg__L_e, EX_asn__L_e, EX_bz_e, EX_cit_e, EX_cytd_e, EX_dcyt_e, EX_fe3pyovd_kt_e, EX_fol_e, EX_gam_e, EX_glu__L_e, EX_glyc_e, EX_gthrd_e, EX_his__L_e, EX_ile__L_e, EX_istfrnA_e, EX_lys__L_e, EX_malt_e, EX_mmet_e, EX_nmn_e, EX_phe__L_e, EX_pnto__R_e, EX_pro__L_e, EX_ribflv_e, EX_ser__L_e, EX_thm_e, EX_thr__L_e, EX_trp__L_e, EX_tyr__L_e, EX_val__L_e",0.0,0.0,,0.2418345448178154,0.20898317869245156,,-14.736842105263158,-10.526315789473685
"EX_23camp_e, EX_23cgmp_e, EX_3mb_e, EX_4abut_e, EX_arg__L_e, EX_asn__L_e, EX_bz_e, EX_cit_e, EX_cytd_e, EX_dcyt_e, EX_fe3pyovd_kt_e, EX_fol_e, EX_gam_e, EX_glu__L_e, EX_glyc_e, EX_gthrd_e, EX_his__L_e, EX_ile__L_e, EX_istfrnA_e, EX_lys__L_e, EX_malt_e, EX_mmet_e, EX_nmn_e, EX_phe__L_e, EX_pnto__R_e, EX_pro__L_e, EX_ribflv_e, EX_ser__L_e, EX_thm_e, EX_thr__L_e, EX_trp__L_e, EX_tyr__L_e, EX_val__L_e",0.0,0.0,,0.24183454481781383,0.20949224473922526,,-14.736842105263158,-9.473684210526317
"EX_23camp_e, EX_23cgmp_e, EX_3mb_e, EX_4abut_e, EX_arg__L_e, EX_asn__L_e, EX_bz_e, EX_cit_e, EX_cytd_e, EX_dcyt_e, EX_fe3pyovd_kt_e, EX_fol_e, EX_gam_e, EX_glu__L_e, EX_glyc_e, EX_gthrd_e, EX_his__L_e, EX_ile__L_e, EX_istfrnA_e, EX_lys__L_e, EX_malt_e, EX_mmet_e, EX_nmn_e, EX_phe__L_e, EX_pnto__R_e, EX_pro__L_e, EX_ribflv_e, EX_ser__L_e, EX_thm_e, EX_thr__L_e, EX_trp__L_e, EX_tyr__L_e, EX_val__L_e",0.0,0.0,,0.24183454481781586,0.20949224473922676,,-14.736842105263158,-8.421052631578949
"EX_23camp_e, EX_23cgmp_e, EX_3mb_e, EX_4abut_e, EX_arg__L_e, EX_asn__L_e, EX_bz_e, EX_cit_e, EX_cytd_e, EX_dcyt_e, EX_fe3pyovd_kt_e, EX_fol_e, EX_gam_e, EX_glu__L_e, EX_glyc_e, EX_gthrd_e, EX_his__L_e, EX_ile__L_e, EX_istfrnA_e, EX_lys__L_e, EX_malt_e, EX_mmet_e, EX_nmn_e, EX_phe__L_e, EX_pnto__R_e, EX_pro__L_e, EX_ribflv_e, EX_ser__L_e, EX_thm_e, EX_thr__L_e, EX_trp__L_e, EX_tyr__L_e, EX_val__L_e",0.0,0.0,,0.24183454481781566,0.20949224473922662,,-14.736842105263158,-7.368421052631579
"EX_23camp_e, EX_23cgmp_e, EX_3mb_e, EX_4abut_e, EX_arg__L_e, EX_asn__L_e, EX_bz_e, EX_cit_e, EX_cytd_e, EX_dcyt_e, EX_fe3pyovd_kt_e, EX_fol_e, EX_gam_e, EX_glu__L_e, EX_glyc_e, EX_gthrd_e, EX_his__L_e, EX_ile__L_e, EX_istfrnA_e, EX_lys__L_e, EX_malt_e, EX_mmet_e, EX_nmn_e, EX_phe__L_e, EX_pnto__R_e, EX_pro__L_e, EX_ribflv_e, EX_ser__L_e, EX_thm_e, EX_thr__L_e, EX_trp__L_e, EX_tyr__L_e, EX_val__L_e",0.0,0.0,,0.24183454481781566,0.20949224473922665,,-14.736842105263158,-6.315789473684211
"EX_23camp_e, EX_23cgmp_e, EX_3mb_e, EX_4abut_e, EX_arg__L_e, EX_asn__L_e, EX_bz_e, EX_cit_e, EX_cytd_e, EX_dcyt_e, EX_fe3pyovd_kt_e, EX_fol_e, EX_gam_e, EX_glu__L_e, EX_glyc_e, EX_gthrd_e, EX_his__L_e, EX_ile__L_e, EX_istfrnA_e, EX_lys__L_e, EX_malt_e, EX_mmet_e, EX_nmn_e, EX_phe__L_e, EX_pnto__R_e, EX_pro__L_e, EX_ribflv_e, EX_ser__L_e, EX_thm_e, EX_thr__L_e, EX_trp__L_e, EX_tyr__L_e, EX_val__L_e",0.0,0.0,,0.24183454481781586,0.20949224473922673,,-14.736842105263158,-5.2631578947368425
"EX_23camp_e, EX_23cgmp_e, EX_3mb_e, EX_4abut_e, EX_arg__L_e, EX_asn__L_e, EX_bz_e, EX_cit_e, EX_cytd_e, EX_dcyt_e, EX_fe3pyovd_kt_e, EX_fol_e, EX_gam_e, EX_glu__L_e, EX_glyc_e, EX_gthrd_e, EX_his__L_e, EX_ile__L_e, EX_istfrnA_e, EX_lys__L_e, EX_malt_e, EX_mmet_e, EX_nmn_e, EX_phe__L_e, EX_pnto__R_e, EX_pro__L_e, EX_ribflv_e, EX_ser__L_e, EX_thm_e, EX_thr__L_e, EX_trp__L_e, EX_tyr__L_e, EX_val__L_e",0.0,0.0,,0.24183454481781586,0.21072501717804262,,-14.736842105263158,-4.210526315789474
"EX_23camp_e, EX_23cgmp_e, EX_3mb_e, EX_4abut_e, EX_arg__L_e, EX_asn__L_e, EX_bz_e, EX_cit_e, EX_cytd_e, EX_dcyt_e, EX_fe3pyovd_kt_e, EX_fol_e, EX_gam_e, EX_glu__L_e, EX_glyc_e, EX_gthrd_e, EX_his__L_e, EX_ile__L_e, EX_istfrnA_e, EX_lys__L_e, EX_malt_e, EX_mmet_e, EX_nmn_e, EX_phe__L_e, EX_pnto__R_e, EX_pro__L_e, EX_ribflv_e, EX_ser__L_e, EX_thm_e, EX_thr__L_e, EX_trp__L_e, EX_tyr__L_e, EX_val__L_e",0.0,0.0,,0.24183454481781513,0.2127495179850148,,-14.736842105263158,-3.157894736842106
"EX_23camp_e, EX_23cgmp_e, EX_3mb_e, EX_4abut_e, EX_arg__L_e, EX_asn__L_e, EX_bz_e, EX_cit_e, EX_cytd_e, EX_dcyt_e, EX_fe3pyovd_kt_e, EX_fol_e, EX_gam_e, EX_glu__L_e, EX_glyc_e, EX_gthrd_e, EX_his__L_e, EX_ile__L_e, EX_istfrnA_e, EX_lys__L_e, EX_malt_e, EX_mmet_e, EX_nmn_e, EX_phe__L_e, EX_pnto__R_e, EX_pro__L_e, EX_ribflv_e, EX_ser__L_e, EX_thm_e, EX_thr__L_e, EX_trp__L_e, EX_tyr__L_e, EX_val__L_e",0.0,0.0,,0.24183454481781572,0.21481329616023512,,-14.736842105263158,-2.1052631578947363
"EX_23camp_e, EX_23cgmp_e, EX_3mb_e, EX_4abut_e, EX_arg__L_e, EX_asn__L_e, EX_bz_e, EX_cit_e, EX_cytd_e, EX_dcyt_e, EX_fe3pyovd_kt_e, EX_fol_e, EX_gam_e, EX_glu__L_e, EX_glyc_e, EX_gthrd_e, EX_his__L_e, EX_ile__L_e, EX_istfrnA_e, EX_lys__L_e, EX_malt_e, EX_mmet_e, EX_nmn_e, EX_phe__L_e, EX_pnto__R_e, EX_pro__L_e, EX_ribflv_e, EX_ser__L_e, EX_thm_e, EX_thr__L_e, EX_trp__L_e, EX_tyr__L_e, EX_val__L_e",0.0,0.0,,0.24183454481781627,0.21691750593144618,,-14.736842105263158,-1.05263157894737
"EX_23camp_e, EX_23cgmp_e, EX_3mb_e, EX_4abut_e, EX_arg__L_e, EX_asn__L_e, EX_bz_e, EX_cit_e, EX_cytd_e, EX_dcyt_e, EX_fe3pyovd_kt_e, EX_fol_e, EX_gam_e, EX_glu__L_e, EX_glyc_e, EX_gthrd_e, EX_his__L_e, EX_ile__L_e, EX_istfrnA_e, EX_lys__L_e, EX_malt_e, EX_mmet_e, EX_nmn_e, EX_phe__L_e, EX_pnto__R_e, EX_pro__L_e, EX_ribflv_e, EX_ser__L_e, EX_thm_e, EX_thr__L_e, EX_trp__L_e, EX_tyr__L_e, EX_val__L_e",0.0,0.0,,0.23800892976113608,0.2077711784054226,,-14.736842105263158,0.0
"EX_23camp_e, EX_23cgmp_e, EX_3mb_e, EX_4abut_e, EX_arg__L_e, EX_asn__L_e, EX_bz_e, EX_cit_e, EX_cytd_e, EX_dcyt_e, EX_fe3pyovd_kt_e, EX_fol_e, EX_gam_e, EX_glu__L_e, EX_glyc_e, EX_gthrd_e, EX_his__L_e, EX_ile__L_e, EX_istfrnA_e, EX_lys__L_e, EX_malt_e, EX_mmet_e, EX_nmn_e, EX_phe__L_e, EX_pnto__R_e, EX_pro__L_e, EX_ribflv_e, EX_ser__L_e, EX_thm_e, EX_thr__L_e, EX_trp__L_e, EX_tyr__L_e, EX_val__L_e",0.0,0.0,,0.2637704799462312,0.2036257973636965,,-13.68421052631579,-20.0
"EX_23camp_e, EX_23cgmp_e, EX_3mb_e, EX_4abut_e, EX_arg__L_e, EX_asn__L_e, EX_bz_e, EX_cit_e, EX_cytd_e, EX_dcyt_e, EX_fe3pyovd_kt_e, EX_fol_e, EX_gam_e, EX_glu__L_e, EX_glyc_e, EX_gthrd_e, EX_his__L_e, EX_ile__L_e, EX_istfrnA_e, EX_lys__L_e, EX_malt_e, EX_mmet_e, EX_nmn_e, EX_phe__L_e, EX_pnto__R_e, EX_pro__L_e, EX_ribflv_e, EX_ser__L_e, EX_thm_e, EX_thr__L_e, EX_trp__L_e, EX_tyr__L_e, EX_val__L_e",0.0,0.0,,0.26377047994623193,0.20639254682479286,,-13.68421052631579,-18.94736842105263
"EX_23camp_e, EX_23cgmp_e, EX_3mb_e, EX_4abut_e, EX_arg__L_e, EX_asn__L_e, EX_bz_e, EX_cit_e, EX_cytd_e, EX_dcyt_e, EX_fe3pyovd_kt_e, EX_fol_e, EX_gam_e, EX_glu__L_e, EX_glyc_e, EX_gthrd_e, EX_his__L_e, EX_ile__L_e, EX_istfrnA_e, EX_lys__L_e, EX_malt_e, EX_mmet_e, EX_nmn_e, EX_phe__L_e, EX_pnto__R_e, EX_pro__L_e, EX_ribflv_e, EX_ser__L_e, EX_thm_e, EX_thr__L_e, EX_trp__L_e, EX_tyr__L_e, EX_val__L_e",0.0,0.0,,0.2637704799462307,0.20975093731780217,,-13.68421052631579,-17.894736842105264
"EX_23camp_e, EX_23cgmp_e, EX_3mb_e, EX_4abut_e, EX_arg__L_e, EX_asn__L_e, EX_bz_e, EX_cit_e, EX_cytd_e, EX_dcyt_e, EX_fe3pyovd_kt_e, EX_fol_e, EX_gam_e, EX_glu__L_e, EX_glyc_e, EX_gthrd_e, EX_his__L_e, EX_ile__L_e, EX_istfrnA_e, EX_lys__L_e, EX_malt_e, EX_mmet_e, EX_nmn_e, EX_phe__L_e, EX_pnto__R_e, EX_pro__L_e, EX_ribflv_e, EX_ser__L_e, EX_thm_e, EX_thr__L_e, EX_trp__L_e, EX_tyr__L_e, EX_val__L_e",0.0,0.0,,0.26377047994622915,0.20776612629050611,,-13.68421052631579,-16.842105263157894
"EX_23camp_e, EX_23cgmp_e, EX_3mb_e, EX_4abut_e, EX_arg__L_e, EX_asn__L_e, EX_bz_e, EX_cit_e, EX_cytd_e, EX_dcyt_e, EX_fe3pyovd_kt_e, EX_fol_e, EX_gam_e, EX_glu__L_e, EX_glyc_e, EX_gthrd_e, EX_his__L_e, EX_ile__L_e, EX_istfrnA_e, EX_lys__L_e, EX_malt_e, EX_mmet_e, EX_nmn_e, EX_phe__L_e, EX_pnto__R_e, EX_pro__L_e, EX_ribflv_e, EX_ser__L_e, EX_thm_e, EX_thr__L_e, EX_trp__L_e, EX_tyr__L_e, EX_val__L_e",0.0,0.0,,0.2637704799462313,0.20977107495161132,,-13.68421052631579,-15.789473684210527
"EX_23camp_e, EX_23cgmp_e, EX_3mb_e, EX_4abut_e, EX_arg__L_e, EX_asn__L_e, EX_bz_e, EX_cit_e, EX_cytd_e, EX_dcyt_e, EX_fe3pyovd_kt_e, EX_fol_e, EX_gam_e, EX_glu__L_e, EX_glyc_e, EX_gthrd_e, EX_his__L_e, EX_ile__L_e, EX_istfrnA_e, EX_lys__L_e, EX_malt_e, EX_mmet_e, EX_nmn_e, EX_phe__L_e, EX_pnto__R_e, EX_pro__L_e, EX_ribflv_e, EX_ser__L_e, EX_thm_e, EX_thr__L_e, EX_trp__L_e, EX_tyr__L_e, EX_val__L_e",0.0,0.0,,0.2637704799462313,0.21141408348619153,,-13.68421052631579,-14.736842105263158
"EX_23camp_e, EX_23cgmp_e, EX_3mb_e, EX_4abut_e, EX_arg__L_e, EX_asn__L_e, EX_bz_e, EX_cit_e, EX_cytd_e, EX_dcyt_e, EX_fe3pyovd_kt_e, EX_fol_e, EX_gam_e, EX_glu__L_e, EX_glyc_e, EX_gthrd_e, EX_his__L_e, EX_ile__L_e, EX_istfrnA_e, EX_lys__L_e, EX_malt_e, EX_mmet_e, EX_nmn_e, EX_phe__L_e, EX_pnto__R_e, EX_pro__L_e, EX_ribflv_e, EX_ser__L_e, EX_thm_e, EX_thr__L_e, EX_trp__L_e, EX_tyr__L_e, EX_val__L_e",0.0,0.0,,0.2637704799462335,0.21141408348619342,,-13.68421052631579,-13.68421052631579
"EX_23camp_e, EX_23cgmp_e, EX_3mb_e, EX_4abut_e, EX_arg__L_e, EX_asn__L_e, EX_bz_e, EX_cit_e, EX_cytd_e, EX_dcyt_e, EX_fe3pyovd_kt_e, EX_fol_e, EX_gam_e, EX_glu__L_e, EX_glyc_e, EX_gthrd_e, EX_his__L_e, EX_ile__L_e, EX_istfrnA_e, EX_lys__L_e, EX_malt_e, EX_mmet_e, EX_nmn_e, EX_phe__L_e, EX_pnto__R_e, EX_pro__L_e, EX_ribflv_e, EX_ser__L_e, EX_thm_e, EX_thr__L_e, EX_trp__L_e, EX_tyr__L_e, EX_val__L_e",0.0,0.0,,0.2637704799462335,0.21141408348619334,,-13.68421052631579,-12.631578947368421
"EX_23camp_e, EX_23cgmp_e, EX_3mb_e, EX_4abut_e, EX_arg__L_e, EX_asn__L_e, EX_bz_e, EX_cit_e, EX_cytd_e, EX_dcyt_e, EX_fe3pyovd_kt_e, EX_fol_e, EX_gam_e, EX_glu__L_e, EX_glyc_e, EX_gthrd_e, EX_his__L_e, EX_ile__L_e, EX_istfrnA_e, EX_lys__L_e, EX_malt_e, EX_mmet_e, EX_nmn_e, EX_phe__L_e, EX_pnto__R_e, EX_pro__L_e, EX_ribflv_e, EX_ser__L_e, EX_thm_e, EX_thr__L_e, EX_trp__L_e, EX_tyr__L_e, EX_val__L_e",0.0,0.0,,0.2637704799462335,0.21668276843735199,,-13.68421052631579,-11.578947368421053
"EX_23camp_e, EX_23cgmp_e, EX_3mb_e, EX_4abut_e, EX_arg__L_e, EX_asn__L_e, EX_bz_e, EX_cit_e, EX_cytd_e, EX_dcyt_e, EX_fe3pyovd_kt_e, EX_fol_e, EX_gam_e, EX_glu__L_e, EX_glyc_e, EX_gthrd_e, EX_his__L_e, EX_ile__L_e, EX_istfrnA_e, EX_lys__L_e, EX_malt_e, EX_mmet_e, EX_nmn_e, EX_phe__L_e, EX_pnto__R_e, EX_pro__L_e, EX_ribflv_e, EX_ser__L_e, EX_thm_e, EX_thr__L_e, EX_trp__L_e, EX_tyr__L_e, EX_val__L_e",0.0,0.0,,0.2637704799462318,0.21668276843735068,,-13.68421052631579,-10.526315789473685
"EX_23camp_e, EX_23cgmp_e, EX_3mb_e, EX_4abut_e, EX_arg__L_e, EX_asn__L_e, EX_bz_e, EX_cit_e, EX_cytd_e, EX_dcyt_e, EX_fe3pyovd_kt_e, EX_fol_e, EX_gam_e, EX_glu__L_e, EX_glyc_e, EX_gthrd_e, EX_his__L_e, EX_ile__L_e, EX_istfrnA_e, EX_lys__L_e, EX_malt_e, EX_mmet_e, EX_nmn_e, EX_phe__L_e, EX_pnto__R_e, EX_pro__L_e, EX_ribflv_e, EX_ser__L_e, EX_thm_e, EX_thr__L_e, EX_trp__L_e, EX_tyr__L_e, EX_val__L_e",0.0,0.0,,0.26377047994623193,0.21668276843735076,,-13.68421052631579,-9.473684210526317
"EX_23camp_e, EX_23cgmp_e, EX_3mb_e, EX_4abut_e, EX_arg__L_e, EX_asn__L_e, EX_bz_e, EX_cit_e, EX_cytd_e, EX_dcyt_e, EX_fe3pyovd_kt_e, EX_fol_e, EX_gam_e, EX_glu__L_e, EX_glyc_e, EX_gthrd_e, EX_his__L_e, EX_ile__L_e, EX_istfrnA_e, EX_lys__L_e, EX_malt_e, EX_mmet_e, EX_nmn_e, EX_phe__L_e, EX_pnto__R_e, EX_pro__L_e, EX_ribflv_e, EX_ser__L_e, EX_thm_e, EX_thr__L_e, EX_trp__L_e, EX_tyr__L_e, EX_val__L_e",0.0,0.0,,0.2637704799462314,0.21668276843735038,,-13.68421052631579,-8.421052631578949
"EX_23camp_e, EX_23cgmp_e, EX_3mb_e, EX_4abut_e, EX_arg__L_e, EX_asn__L_e, EX_bz_e, EX_cit_e, EX_cytd_e, EX_dcyt_e, EX_fe3pyovd_kt_e, EX_fol_e, EX_gam_e, EX_glu__L_e, EX_glyc_e, EX_gthrd_e, EX_his__L_e, EX_ile__L_e, EX_istfrnA_e, EX_lys__L_e, EX_malt_e, EX_mmet_e, EX_nmn_e, EX_phe__L_e, EX_pnto__R_e, EX_pro__L_e, EX_ribflv_e, EX_ser__L_e, EX_thm_e, EX_thr__L_e, EX_trp__L_e, EX_tyr__L_e, EX_val__L_e",0.0,0.0,,0.26377047994623104,0.21668276843735018,,-13.68421052631579,-7.368421052631579
"EX_23camp_e, EX_23cgmp_e, EX_3mb_e, EX_4abut_e, EX_arg__L_e, EX_asn__L_e, EX_bz_e, EX_cit_e, EX_cytd_e, EX_dcyt_e, EX_fe3pyovd_kt_e, EX_fol_e, EX_gam_e, EX_glu__L_e, EX_glyc_e, EX_gthrd_e, EX_his__L_e, EX_ile__L_e, EX_istfrnA_e, EX_lys__L_e, EX_malt_e, EX_mmet_e, EX_nmn_e, EX_phe__L_e, EX_pnto__R_e, EX_pro__L_e, EX_ribflv_e, EX_ser__L_e, EX_thm_e, EX_thr__L_e, EX_trp__L_e, EX_tyr__L_e, EX_val__L_e",0.0,0.0,,0.2637704799462314,0.21668276843735035,,-13.68421052631579,-6.315789473684211
"EX_23camp_e, EX_23cgmp_e, EX_3mb_e, EX_4abut_e, EX_arg__L_e, EX_asn__L_e, EX_bz_e, EX_cit_e, EX_cytd_e, EX_dcyt_e, EX_fe3pyovd_kt_e, EX_fol_e, EX_gam_e, EX_glu__L_e, EX_glyc_e, EX_gthrd_e, EX_his__L_e, EX_ile__L_e, EX_istfrnA_e, EX_lys__L_e, EX_malt_e, EX_mmet_e, EX_nmn_e, EX_phe__L_e, EX_pnto__R_e, EX_pro__L_e, EX_ribflv_e, EX_ser__L_e, EX_thm_e, EX_thr__L_e, EX_trp__L_e, EX_tyr__L_e, EX_val__L_e",0.0,0.0,,0.2637704799462314,0.21670196803603853,,-13.68421052631579,-5.2631578947368425
"EX_23camp_e, EX_23cgmp_e, EX_3mb_e, EX_4abut_e, EX_arg__L_e, EX_asn__L_e, EX_bz_e, EX_cit_e, EX_cytd_e, EX_dcyt_e, EX_fe3pyovd_kt_e, EX_fol_e, EX_gam_e, EX_glu__L_e, EX_glyc_e, EX_gthrd_e, EX_his__L_e, EX_ile__L_e, EX_istfrnA_e, EX_lys__L_e, EX_malt_e, EX_mmet_e, EX_nmn_e, EX_phe__L_e, EX_pnto__R_e, EX_pro__L_e, EX_ribflv_e, EX_ser__L_e, EX_thm_e, EX_thr__L_e, EX_trp__L_e, EX_tyr__L_e, EX_val__L_e",0.0,0.0,,0.26377047994623193,0.21963310725296012,,-13.68421052631579,-4.210526315789474
"EX_23camp_e, EX_23cgmp_e, EX_3mb_e, EX_4abut_e, EX_arg__L_e, EX_asn__L_e, EX_bz_e, EX_cit_e, EX_cytd_e, EX_dcyt_e, EX_fe3pyovd_kt_e, EX_fol_e, EX_gam_e, EX_glu__L_e, EX_glyc_e, EX_gthrd_e, EX_his__L_e, EX_ile__L_e, EX_istfrnA_e, EX_lys__L_e, EX_malt_e, EX_mmet_e, EX_nmn_e, EX_phe__L_e, EX_pnto__R_e, EX_pro__L_e, EX_ribflv_e, EX_ser__L_e, EX_thm_e, EX_thr__L_e, EX_trp__L_e, EX_tyr__L_e, EX_val__L_e",0.0,0.0,,0.263770479946232,0.22422066322831286,,-13.68421052631579,-3.157894736842106
"EX_23camp_e, EX_23cgmp_e, EX_3mb_e, EX_4abut_e, EX_arg__L_e, EX_asn__L_e, EX_bz_e, EX_cit_e, EX_cytd_e, EX_dcyt_e, EX_fe3pyovd_kt_e, EX_fol_e, EX_gam_e, EX_glu__L_e, EX_glyc_e, EX_gthrd_e, EX_his__L_e, EX_ile__L_e, EX_istfrnA_e, EX_lys__L_e, EX_malt_e, EX_mmet_e, EX_nmn_e, EX_phe__L_e, EX_pnto__R_e, EX_pro__L_e, EX_ribflv_e, EX_ser__L_e, EX_thm_e, EX_thr__L_e, EX_trp__L_e, EX_tyr__L_e, EX_val__L_e",0.0,0.0,,0.2637704799462318,0.22922693699762584,,-13.68421052631579,-2.1052631578947363
"EX_23camp_e, EX_23cgmp_e, EX_3mb_e, EX_4abut_e, EX_arg__L_e, EX_asn__L_e, EX_bz_e, EX_cit_e, EX_cytd_e, EX_dcyt_e, EX_fe3pyovd_kt_e, EX_fol_e, EX_gam_e, EX_glu__L_e, EX_glyc_e, EX_gthrd_e, EX_his__L_e, EX_ile__L_e, EX_istfrnA_e, EX_lys__L_e, EX_malt_e, EX_mmet_e, EX_nmn_e, EX_phe__L_e, EX_pnto__R_e, EX_pro__L_e, EX_ribflv_e, EX_ser__L_e, EX_thm_e, EX_thr__L_e, EX_trp__L_e, EX_tyr__L_e, EX_val__L_e",0.0,0.0,,0.26377047994623165,0.23594466614595,,-13.68421052631579,-1.05263157894737
"EX_23camp_e, EX_23cgmp_e, EX_3mb_e, EX_4abut_e, EX_arg__L_e, EX_asn__L_e, EX_bz_e, EX_cit_e, EX_cytd_e, EX_dcyt_e, EX_fe3pyovd_kt_e, EX_fol_e, EX_gam_e, EX_glu__L_e, EX_glyc_e, EX_gthrd_e, EX_his__L_e, EX_ile__L_e, EX_istfrnA_e, EX_lys__L_e, EX_malt_e, EX_mmet_e, EX_nmn_e, EX_phe__L_e, EX_pnto__R_e, EX_pro__L_e, EX_ribflv_e, EX_ser__L_e, EX_thm_e, EX_thr__L_e, EX_trp__L_e, EX_tyr__L_e, EX_val__L_e",0.0,0.0,,0.259597857212163,0.21481792384940526,,-13.68421052631579,0.0
"EX_23camp_e, EX_23cgmp_e, EX_3mb_e, EX_4abut_e, EX_arg__L_e, EX_asn__L_e, EX_bz_e, EX_cit_e, EX_cytd_e, EX_dcyt_e, EX_fe3pyovd_kt_e, EX_fol_e, EX_gam_e, EX_glu__L_e, EX_glyc_e, EX_gthrd_e, EX_his__L_e, EX_ile__L_e, EX_istfrnA_e, EX_lys__L_e, EX_malt_e, EX_mmet_e, EX_nmn_e, EX_phe__L_e, EX_pnto__R_e, EX_pro__L_e, EX_ribflv_e, EX_ser__L_e, EX_thm_e, EX_thr__L_e, EX_trp__L_e, EX_tyr__L_e, EX_val__L_e",0.0,0.0,,0.2857064150746471,0.2203360915111973,,-12.631578947368421,-20.0
"EX_23camp_e, EX_23cgmp_e, EX_3mb_e, EX_4abut_e, EX_arg__L_e, EX_asn__L_e, EX_bz_e, EX_cit_e, EX_cytd_e, EX_dcyt_e, EX_fe3pyovd_kt_e, EX_fol_e, EX_gam_e, EX_glu__L_e, EX_glyc_e, EX_gthrd_e, EX_his__L_e, EX_ile__L_e, EX_istfrnA_e, EX_lys__L_e, EX_malt_e, EX_mmet_e, EX_nmn_e, EX_phe__L_e, EX_pnto__R_e, EX_pro__L_e, EX_ribflv_e, EX_ser__L_e, EX_thm_e, EX_thr__L_e, EX_trp__L_e, EX_tyr__L_e, EX_val__L_e",0.0,0.0,,0.28570641507464756,0.22095331696820059,,-12.631578947368421,-18.94736842105263
"EX_23camp_e, EX_23cgmp_e, EX_3mb_e, EX_4abut_e, EX_arg__L_e, EX_asn__L_e, EX_bz_e, EX_cit_e, EX_cytd_e, EX_dcyt_e, EX_fe3pyovd_kt_e, EX_fol_e, EX_gam_e, EX_glu__L_e, EX_glyc_e, EX_gthrd_e, EX_his__L_e, EX_ile__L_e, EX_istfrnA_e, EX_lys__L_e, EX_malt_e, EX_mmet_e, EX_nmn_e, EX_phe__L_e, EX_pnto__R_e, EX_pro__L_e, EX_ribflv_e, EX_ser__L_e, EX_thm_e, EX_thr__L_e, EX_trp__L_e, EX_tyr__L_e, EX_val__L_e",0.0,0.0,,0.2857064150746477,0.2161320338320403,,-12.631578947368421,-17.894736842105264
"EX_23camp_e, EX_23cgmp_e, EX_3mb_e, EX_4abut_e, EX_arg__L_e, EX_asn__L_e, EX_bz_e, EX_cit_e, EX_cytd_e, EX_dcyt_e, EX_fe3pyovd_kt_e, EX_fol_e, EX_gam_e, EX_glu__L_e, EX_glyc_e, EX_gthrd_e, EX_his__L_e, EX_ile__L_e, EX_istfrnA_e, EX_lys__L_e, EX_malt_e, EX_mmet_e, EX_nmn_e, EX_phe__L_e, EX_pnto__R_e, EX_pro__L_e, EX_ribflv_e, EX_ser__L_e, EX_thm_e, EX_thr__L_e, EX_trp__L_e, EX_tyr__L_e, EX_val__L_e",0.0,0.0,,0.2857064150746471,0.2103397367430539,,-12.631578947368421,-16.842105263157894
"EX_23camp_e, EX_23cgmp_e, EX_3mb_e, EX_4abut_e, EX_arg__L_e, EX_asn__L_e, EX_bz_e, EX_cit_e, EX_cytd_e, EX_dcyt_e, EX_fe3pyovd_kt_e, EX_fol_e, EX_gam_e, EX_glu__L_e, EX_glyc_e, EX_gthrd_e, EX_his__L_e, EX_ile__L_e, EX_istfrnA_e, EX_lys__L_e, EX_malt_e, EX_mmet_e, EX_nmn_e, EX_phe__L_e, EX_pnto__R_e, EX_pro__L_e, EX_ribflv_e, EX_ser__L_e, EX_thm_e, EX_thr__L_e, EX_trp__L_e, EX_tyr__L_e, EX_val__L_e",0.0,0.0,,0.2857064150746471,0.20519338151911987,,-12.631578947368421,-15.789473684210527
"EX_23camp_e, EX_23cgmp_e, EX_3mb_e, EX_4abut_e, EX_arg__L_e, EX_asn__L_e, EX_bz_e, EX_cit_e, EX_cytd_e, EX_dcyt_e, EX_fe3pyovd_kt_e, EX_fol_e, EX_gam_e, EX_glu__L_e, EX_glyc_e, EX_gthrd_e, EX_his__L_e, EX_ile__L_e, EX_istfrnA_e, EX_lys__L_e, EX_malt_e, EX_mmet_e, EX_nmn_e, EX_phe__L_e, EX_pnto__R_e, EX_pro__L_e, EX_ribflv_e, EX_ser__L_e, EX_thm_e, EX_thr__L_e, EX_trp__L_e, EX_tyr__L_e, EX_val__L_e",0.0,0.0,,0.28570641507464856,0.20072611926502598,,-12.631578947368421,-14.736842105263158
"EX_23camp_e, EX_23cgmp_e, EX_3mb_e, EX_4abut_e, EX_arg__L_e, EX_asn__L_e, EX_bz_e, EX_cit_e, EX_cytd_e, EX_dcyt_e, EX_fe3pyovd_kt_e, EX_fol_e, EX_gam_e, EX_glu__L_e, EX_glyc_e, EX_gthrd_e, EX_his__L_e, EX_ile__L_e, EX_istfrnA_e, EX_lys__L_e, EX_malt_e, EX_mmet_e, EX_nmn_e, EX_phe__L_e, EX_pnto__R_e, EX_pro__L_e, EX_ribflv_e, EX_ser__L_e, EX_thm_e, EX_thr__L_e, EX_trp__L_e, EX_tyr__L_e, EX_val__L_e",0.0,0.0,,0.285706415074647,0.19714535857154464,,-12.631578947368421,-13.68421052631579
"EX_23camp_e, EX_23cgmp_e, EX_3mb_e, EX_4abut_e, EX_arg__L_e, EX_asn__L_e, EX_bz_e, EX_cit_e, EX_cytd_e, EX_dcyt_e, EX_fe3pyovd_kt_e, EX_fol_e, EX_gam_e, EX_glu__L_e, EX_glyc_e, EX_gthrd_e, EX_his__L_e, EX_ile__L_e, EX_istfrnA_e, EX_lys__L_e, EX_malt_e, EX_mmet_e, EX_nmn_e, EX_phe__L_e, EX_pnto__R_e, EX_pro__L_e, EX_ribflv_e, EX_ser__L_e, EX_thm_e, EX_thr__L_e, EX_trp__L_e, EX_tyr__L_e, EX_val__L_e",0.0,0.0,,0.28570641507464745,0.20116702110351314,,-12.631578947368421,-12.631578947368421
"EX_23camp_e, EX_23cgmp_e, EX_3mb_e, EX_4abut_e, EX_arg__L_e, EX_asn__L_e, EX_bz_e, EX_cit_e, EX_cytd_e, EX_dcyt_e, EX_fe3pyovd_kt_e, EX_fol_e, EX_gam_e, EX_glu__L_e, EX_glyc_e, EX_gthrd_e, EX_his__L_e, EX_ile__L_e, EX_istfrnA_e, EX_lys__L_e, EX_malt_e, EX_mmet_e, EX_nmn_e, EX_phe__L_e, EX_pnto__R_e, EX_pro__L_e, EX_ribflv_e, EX_ser__L_e, EX_thm_e, EX_thr__L_e, EX_trp__L_e, EX_tyr__L_e, EX_val__L_e",0.0,0.0,,0.2857064150746471,0.20623786920891105,,-12.631578947368421,-11.578947368421053
"EX_23camp_e, EX_23cgmp_e, EX_3mb_e, EX_4abut_e, EX_arg__L_e, EX_asn__L_e, EX_bz_e, EX_cit_e, EX_cytd_e, EX_dcyt_e, EX_fe3pyovd_kt_e, EX_fol_e, EX_gam_e, EX_glu__L_e, EX_glyc_e, EX_gthrd_e, EX_his__L_e, EX_ile__L_e, EX_istfrnA_e, EX_lys__L_e, EX_malt_e, EX_mmet_e, EX_nmn_e, EX_phe__L_e, EX_pnto__R_e, EX_pro__L_e, EX_ribflv_e, EX_ser__L_e, EX_thm_e, EX_thr__L_e, EX_trp__L_e, EX_tyr__L_e, EX_val__L_e",0.0,0.0,,0.28570641507464706,0.21015539386112997,,-12.631578947368421,-10.526315789473685
"EX_23camp_e, EX_23cgmp_e, EX_3mb_e, EX_4abut_e, EX_arg__L_e, EX_asn__L_e, EX_bz_e, EX_cit_e, EX_cytd_e, EX_dcyt_e, EX_fe3pyovd_kt_e, EX_fol_e, EX_gam_e, EX_glu__L_e, EX_glyc_e, EX_gthrd_e, EX_his__L_e, EX_ile__L_e, EX_istfrnA_e, EX_lys__L_e, EX_malt_e, EX_mmet_e, EX_nmn_e, EX_phe__L_e, EX_pnto__R_e, EX_pro__L_e, EX_ribflv_e, EX_ser__L_e, EX_thm_e, EX_thr__L_e, EX_trp__L_e, EX_tyr__L_e, EX_val__L_e",0.0,0.0,,0.285706415074647,0.21325593207546645,,-12.631578947368421,-9.473684210526317
"EX_23camp_e, EX_23cgmp_e, EX_3mb_e, EX_4abut_e, EX_arg__L_e, EX_asn__L_e, EX_bz_e, EX_cit_e, EX_cytd_e, EX_dcyt_e, EX_fe3pyovd_kt_e, EX_fol_e, EX_gam_e, EX_glu__L_e, EX_glyc_e, EX_gthrd_e, EX_his__L_e, EX_ile__L_e, EX_istfrnA_e, EX_lys__L_e, EX_malt_e, EX_mmet_e, EX_nmn_e, EX_phe__L_e, EX_pnto__R_e, EX_pro__L_e, EX_ribflv_e, EX_ser__L_e, EX_thm_e, EX_thr__L_e, EX_trp__L_e, EX_tyr__L_e, EX_val__L_e",0.0,0.0,,0.285706415074647,0.2154512211239999,,-12.631578947368421,-8.421052631578949
"EX_23camp_e, EX_23cgmp_e, EX_3mb_e, EX_4abut_e, EX_arg__L_e, EX_asn__L_e, EX_bz_e, EX_cit_e, EX_cytd_e, EX_dcyt_e, EX_fe3pyovd_kt_e, EX_fol_e, EX_gam_e, EX_glu__L_e, EX_glyc_e, EX_gthrd_e, EX_his__L_e, EX_ile__L_e, EX_istfrnA_e, EX_lys__L_e, EX_malt_e, EX_mmet_e, EX_nmn_e, EX_phe__L_e, EX_pnto__R_e, EX_pro__L_e, EX_ribflv_e, EX_ser__L_e, EX_thm_e, EX_thr__L_e, EX_trp__L_e, EX_tyr__L_e, EX_val__L_e",0.0,0.0,,0.285706415074647,0.21640279340348811,,-12.631578947368421,-7.368421052631579
"EX_23camp_e, EX_23cgmp_e, EX_3mb_e, EX_4abut_e, EX_arg__L_e, EX_asn__L_e, EX_bz_e, EX_cit_e, EX_cytd_e, EX_dcyt_e, EX_fe3pyovd_kt_e, EX_fol_e, EX_gam_e, EX_glu__L_e, EX_glyc_e, EX_gthrd_e, EX_his__L_e, EX_ile__L_e, EX_istfrnA_e, EX_lys__L_e, EX_malt_e, EX_mmet_e, EX_nmn_e, EX_phe__L_e, EX_pnto__R_e, EX_pro__L_e, EX_ribflv_e, EX_ser__L_e, EX_thm_e, EX_thr__L_e, EX_trp__L_e, EX_tyr__L_e, EX_val__L_e",0.0,0.0,,0.2857064150746468,0.21640279340348795,,-12.631578947368421,-6.315789473684211
"EX_23camp_e, EX_23cgmp_e, EX_3mb_e, EX_4abut_e, EX_arg__L_e, EX_asn__L_e, EX_bz_e, EX_cit_e, EX_cytd_e, EX_dcyt_e, EX_fe3pyovd_kt_e, EX_fol_e, EX_gam_e, EX_glu__L_e, EX_glyc_e, EX_gthrd_e, EX_his__L_e, EX_ile__L_e, EX_istfrnA_e, EX_lys__L_e, EX_malt_e, EX_mmet_e, EX_nmn_e, EX_phe__L_e, EX_pnto__R_e, EX_pro__L_e, EX_ribflv_e, EX_ser__L_e, EX_thm_e, EX_thr__L_e, EX_trp__L_e, EX_tyr__L_e, EX_val__L_e",0.0,0.0,,0.28570641507464684,0.2162685016008641,,-12.631578947368421,-5.2631578947368425
"EX_23camp_e, EX_23cgmp_e, EX_3mb_e, EX_4abut_e, EX_arg__L_e, EX_asn__L_e, EX_bz_e, EX_cit_e, EX_cytd_e, EX_dcyt_e, EX_fe3pyovd_kt_e, EX_fol_e, EX_gam_e, EX_glu__L_e, EX_glyc_e, EX_gthrd_e, EX_his__L_e, EX_ile__L_e, EX_istfrnA_e, EX_lys__L_e, EX_malt_e, EX_mmet_e, EX_nmn_e, EX_phe__L_e, EX_pnto__R_e, EX_pro__L_e, EX_ribflv_e, EX_ser__L_e, EX_thm_e, EX_thr__L_e, EX_trp__L_e, EX_tyr__L_e, EX_val__L_e",0.0,0.0,,0.285706415074648,0.2162685016008649,,-12.631578947368421,-4.210526315789474
"EX_23camp_e, EX_23cgmp_e, EX_3mb_e, EX_4abut_e, EX_arg__L_e, EX_asn__L_e, EX_bz_e, EX_cit_e, EX_cytd_e, EX_dcyt_e, EX_fe3pyovd_kt_e, EX_fol_e, EX_gam_e, EX_glu__L_e, EX_glyc_e, EX_gthrd_e, EX_his__L_e, EX_ile__L_e, EX_istfrnA_e, EX_lys__L_e, EX_malt_e, EX_mmet_e, EX_nmn_e, EX_phe__L_e, EX_pnto__R_e, EX_pro__L_e, EX_ribflv_e, EX_ser__L_e, EX_thm_e, EX_thr__L_e, EX_trp__L_e, EX_tyr__L_e, EX_val__L_e",0.0,0.0,,0.2857064150746478,0.2172485699197386,,-12.631578947368421,-3.157894736842106
"EX_23camp_e, EX_23cgmp_e, EX_3mb_e, EX_4abut_e, EX_arg__L_e, EX_asn__L_e, EX_bz_e, EX_cit_e, EX_cytd_e, EX_dcyt_e, EX_fe3pyovd_kt_e, EX_fol_e, EX_gam_e, EX_glu__L_e, EX_glyc_e, EX_gthrd_e, EX_his__L_e, EX_ile__L_e, EX_istfrnA_e, EX_lys__L_e, EX_malt_e, EX_mmet_e, EX_nmn_e, EX_phe__L_e, EX_pnto__R_e, EX_pro__L_e, EX_ribflv_e, EX_ser__L_e, EX_thm_e, EX_thr__L_e, EX_trp__L_e, EX_tyr__L_e, EX_val__L_e",0.0,0.0,,0.28570641507464334,0.21736951657511108,,-12.631578947368421,-2.1052631578947363
"EX_23camp_e, EX_23cgmp_e, EX_3mb_e, EX_4abut_e, EX_arg__L_e, EX_asn__L_e, EX_bz_e, EX_cit_e, EX_cytd_e, EX_dcyt_e, EX_fe3pyovd_kt_e, EX_fol_e, EX_gam_e, EX_glu__L_e, EX_glyc_e, EX_gthrd_e, EX_his__L_e, EX_ile__L_e, EX_istfrnA_e, EX_lys__L_e, EX_malt_e, EX_mmet_e, EX_nmn_e, EX_phe__L_e, EX_pnto__R_e, EX_pro__L_e, EX_ribflv_e, EX_ser__L_e, EX_thm_e, EX_thr__L_e, EX_trp__L_e, EX_tyr__L_e, EX_val__L_e",0.0,0.0,,0.28570641507464467,0.2164027934034865,,-12.631578947368421,-1.05263157894737
"EX_23camp_e, EX_23cgmp_e, EX_3mb_e, EX_4abut_e, EX_arg__L_e, EX_asn__L_e, EX_bz_e, EX_cit_e, EX_cytd_e, EX_dcyt_e, EX_fe3pyovd_kt_e, EX_fol_e, EX_gam_e, EX_glu__L_e, EX_glyc_e, EX_gthrd_e, EX_his__L_e, EX_ile__L_e, EX_istfrnA_e, EX_lys__L_e, EX_malt_e, EX_mmet_e, EX_nmn_e, EX_phe__L_e, EX_pnto__R_e, EX_pro__L_e, EX_ribflv_e, EX_ser__L_e, EX_thm_e, EX_thr__L_e, EX_trp__L_e, EX_tyr__L_e, EX_val__L_e",0.0,0.0,,0.2811867846631906,0.22109581975740836,,-12.631578947368421,0.0
"EX_23camp_e, EX_23cgmp_e, EX_3mb_e, EX_4abut_e, EX_arg__L_e, EX_asn__L_e, EX_bz_e, EX_cit_e, EX_cytd_e, EX_dcyt_e, EX_fe3pyovd_kt_e, EX_fol_e, EX_gam_e, EX_glu__L_e, EX_glyc_e, EX_gthrd_e, EX_his__L_e, EX_ile__L_e, EX_istfrnA_e, EX_lys__L_e, EX_malt_e, EX_mmet_e, EX_nmn_e, EX_phe__L_e, EX_pnto__R_e, EX_pro__L_e, EX_ribflv_e, EX_ser__L_e, EX_thm_e, EX_thr__L_e, EX_trp__L_e, EX_tyr__L_e, EX_val__L_e",0.0,0.0,,0.3076423502030624,0.23701250382181271,,-11.578947368421053,-20.0
"EX_23camp_e, EX_23cgmp_e, EX_3mb_e, EX_4abut_e, EX_arg__L_e, EX_asn__L_e, EX_bz_e, EX_cit_e, EX_cytd_e, EX_dcyt_e, EX_fe3pyovd_kt_e, EX_fol_e, EX_gam_e, EX_glu__L_e, EX_glyc_e, EX_gthrd_e, EX_his__L_e, EX_ile__L_e, EX_istfrnA_e, EX_lys__L_e, EX_malt_e, EX_mmet_e, EX_nmn_e, EX_phe__L_e, EX_pnto__R_e, EX_pro__L_e, EX_ribflv_e, EX_ser__L_e, EX_thm_e, EX_thr__L_e, EX_trp__L_e, EX_tyr__L_e, EX_val__L_e",0.0,0.0,,0.30764235020306263,0.23843788101693902,,-11.578947368421053,-18.94736842105263
"EX_23camp_e, EX_23cgmp_e, EX_3mb_e, EX_4abut_e, EX_arg__L_e, EX_asn__L_e, EX_bz_e, EX_cit_e, EX_cytd_e, EX_dcyt_e, EX_fe3pyovd_kt_e, EX_fol_e, EX_gam_e, EX_glu__L_e, EX_glyc_e, EX_gthrd_e, EX_his__L_e, EX_ile__L_e, EX_istfrnA_e, EX_lys__L_e, EX_malt_e, EX_mmet_e, EX_nmn_e, EX_phe__L_e, EX_pnto__R_e, EX_pro__L_e, EX_ribflv_e, EX_ser__L_e, EX_thm_e, EX_thr__L_e, EX_trp__L_e, EX_tyr__L_e, EX_val__L_e",0.0,0.0,,0.3076423502030631,0.24014067832615016,,-11.578947368421053,-17.894736842105264
"EX_23camp_e, EX_23cgmp_e, EX_3mb_e, EX_4abut_e, EX_arg__L_e, EX_asn__L_e, EX_bz_e, EX_cit_e, EX_cytd_e, EX_dcyt_e, EX_fe3pyovd_kt_e, EX_fol_e, EX_gam_e, EX_glu__L_e, EX_glyc_e, EX_gthrd_e, EX_his__L_e, EX_ile__L_e, EX_istfrnA_e, EX_lys__L_e, EX_malt_e, EX_mmet_e, EX_nmn_e, EX_phe__L_e, EX_pnto__R_e, EX_pro__L_e, EX_ribflv_e, EX_ser__L_e, EX_thm_e, EX_thr__L_e, EX_trp__L_e, EX_tyr__L_e, EX_val__L_e",0.0,0.0,,0.3076423502030633,0.24221625778874023,,-11.578947368421053,-16.842105263157894
"EX_23camp_e, EX_23cgmp_e, EX_3mb_e, EX_4abut_e, EX_arg__L_e, EX_asn__L_e, EX_bz_e, EX_cit_e, EX_cytd_e, EX_dcyt_e, EX_fe3pyovd_kt_e, EX_fol_e, EX_gam_e, EX_glu__L_e, EX_glyc_e, EX_gthrd_e, EX_his__L_e, EX_ile__L_e, EX_istfrnA_e, EX_lys__L_e, EX_malt_e, EX_mmet_e, EX_nmn_e, EX_phe__L_e, EX_pnto__R_e, EX_pro__L_e, EX_ribflv_e, EX_ser__L_e, EX_thm_e, EX_thr__L_e, EX_trp__L_e, EX_tyr__L_e, EX_val__L_e",0.0,0.0,,0.3076423502030637,0.2445526113967166,,-11.578947368421053,-15.789473684210527
"EX_23camp_e, EX_23cgmp_e, EX_3mb_e, EX_4abut_e, EX_arg__L_e, EX_asn__L_e, EX_bz_e, EX_cit_e, EX_cytd_e, EX_dcyt_e, EX_fe3pyovd_kt_e, EX_fol_e, EX_gam_e, EX_glu__L_e, EX_glyc_e, EX_gthrd_e, EX_his__L_e, EX_ile__L_e, EX_istfrnA_e, EX_lys__L_e, EX_malt_e, EX_mmet_e, EX_nmn_e, EX_phe__L_e, EX_pnto__R_e, EX_pro__L_e, EX_ribflv_e, EX_ser__L_e, EX_thm_e, EX_thr__L_e, EX_trp__L_e, EX_tyr__L_e, EX_val__L_e",0.0,0.0,,0.30764235020306374,0.24648923794871558,,-11.578947368421053,-14.736842105263158
"EX_23camp_e, EX_23cgmp_e, EX_3mb_e, EX_4abut_e, EX_arg__L_e, EX_asn__L_e, EX_bz_e, EX_cit_e, EX_cytd_e, EX_dcyt_e, EX_fe3pyovd_kt_e, EX_fol_e, EX_gam_e, EX_glu__L_e, EX_glyc_e, EX_gthrd_e, EX_his__L_e, EX_ile__L_e, EX_istfrnA_e, EX_lys__L_e, EX_malt_e, EX_mmet_e, EX_nmn_e, EX_phe__L_e, EX_pnto__R_e, EX_pro__L_e, EX_ribflv_e, EX_ser__L_e, EX_thm_e, EX_thr__L_e, EX_trp__L_e, EX_tyr__L_e, EX_val__L_e",0.0,0.0,,0.3076423502030629,0.24648923794871483,,-11.578947368421053,-13.68421052631579
"EX_23camp_e, EX_23cgmp_e, EX_3mb_e, EX_4abut_e, EX_arg__L_e, EX_asn__L_e, EX_bz_e, EX_cit_e, EX_cytd_e, EX_dcyt_e, EX_fe3pyovd_kt_e, EX_fol_e, EX_gam_e, EX_glu__L_e, EX_glyc_e, EX_gthrd_e, EX_his__L_e, EX_ile__L_e, EX_istfrnA_e, EX_lys__L_e, EX_malt_e, EX_mmet_e, EX_nmn_e, EX_phe__L_e, EX_pnto__R_e, EX_pro__L_e, EX_ribflv_e, EX_ser__L_e, EX_thm_e, EX_thr__L_e, EX_trp__L_e, EX_tyr__L_e, EX_val__L_e",0.0,0.0,,0.3076423502030629,0.24648923794871483,,-11.578947368421053,-12.631578947368421
"EX_23camp_e, EX_23cgmp_e, EX_3mb_e, EX_4abut_e, EX_arg__L_e, EX_asn__L_e, EX_bz_e, EX_cit_e, EX_cytd_e, EX_dcyt_e, EX_fe3pyovd_kt_e, EX_fol_e, EX_gam_e, EX_glu__L_e, EX_glyc_e, EX_gthrd_e, EX_his__L_e, EX_ile__L_e, EX_istfrnA_e, EX_lys__L_e, EX_malt_e, EX_mmet_e, EX_nmn_e, EX_phe__L_e, EX_pnto__R_e, EX_pro__L_e, EX_ribflv_e, EX_ser__L_e, EX_thm_e, EX_thr__L_e, EX_trp__L_e, EX_tyr__L_e, EX_val__L_e",0.0,0.0,,0.3076423502030629,0.25082023695160455,,-11.578947368421053,-11.578947368421053
"EX_23camp_e, EX_23cgmp_e, EX_3mb_e, EX_4abut_e, EX_arg__L_e, EX_asn__L_e, EX_bz_e, EX_cit_e, EX_cytd_e, EX_dcyt_e, EX_fe3pyovd_kt_e, EX_fol_e, EX_gam_e, EX_glu__L_e, EX_glyc_e, EX_gthrd_e, EX_his__L_e, EX_ile__L_e, EX_istfrnA_e, EX_lys__L_e, EX_malt_e, EX_mmet_e, EX_nmn_e, EX_phe__L_e, EX_pnto__R_e, EX_pro__L_e, EX_ribflv_e, EX_ser__L_e, EX_thm_e, EX_thr__L_e, EX_trp__L_e, EX_tyr__L_e, EX_val__L_e",0.0,0.0,,0.307642350203063,0.2508202369516047,,-11.578947368421053,-10.526315789473685
"EX_23camp_e, EX_23cgmp_e, EX_3mb_e, EX_4abut_e, EX_arg__L_e, EX_asn__L_e, EX_bz_e, EX_cit_e, EX_cytd_e, EX_dcyt_e, EX_fe3pyovd_kt_e, EX_fol_e, EX_gam_e, EX_glu__L_e, EX_glyc_e, EX_gthrd_e, EX_his__L_e, EX_ile__L_e, EX_istfrnA_e, EX_lys__L_e, EX_malt_e, EX_mmet_e, EX_nmn_e, EX_phe__L_e, EX_pnto__R_e, EX_pro__L_e, EX_ribflv_e, EX_ser__L_e, EX_thm_e, EX_thr__L_e, EX_trp__L_e, EX_tyr__L_e, EX_val__L_e",0.0,0.0,,0.307642350203063,0.2508202369516047,,-11.578947368421053,-9.473684210526317
"EX_23camp_e, EX_23cgmp_e, EX_3mb_e, EX_4abut_e, EX_arg__L_e, EX_asn__L_e, EX_bz_e, EX_cit_e, EX_cytd_e, EX_dcyt_e, EX_fe3pyovd_kt_e, EX_fol_e, EX_gam_e, EX_glu__L_e, EX_glyc_e, EX_gthrd_e, EX_his__L_e, EX_ile__L_e, EX_istfrnA_e, EX_lys__L_e, EX_malt_e, EX_mmet_e, EX_nmn_e, EX_phe__L_e, EX_pnto__R_e, EX_pro__L_e, EX_ribflv_e, EX_ser__L_e, EX_thm_e, EX_thr__L_e, EX_trp__L_e, EX_tyr__L_e, EX_val__L_e",0.0,0.0,,0.3076423502030626,0.2508202369516043,,-11.578947368421053,-8.421052631578949
"EX_23camp_e, EX_23cgmp_e, EX_3mb_e, EX_4abut_e, EX_arg__L_e, EX_asn__L_e, EX_bz_e, EX_cit_e, EX_cytd_e, EX_dcyt_e, EX_fe3pyovd_kt_e, EX_fol_e, EX_gam_e, EX_glu__L_e, EX_glyc_e, EX_gthrd_e, EX_his__L_e, EX_ile__L_e, EX_istfrnA_e, EX_lys__L_e, EX_malt_e, EX_mmet_e, EX_nmn_e, EX_phe__L_e, EX_pnto__R_e, EX_pro__L_e, EX_ribflv_e, EX_ser__L_e, EX_thm_e, EX_thr__L_e, EX_trp__L_e, EX_tyr__L_e, EX_val__L_e",0.0,0.0,,0.3076423502030626,0.2508202369516043,,-11.578947368421053,-7.368421052631579
"EX_23camp_e, EX_23cgmp_e, EX_3mb_e, EX_4abut_e, EX_arg__L_e, EX_asn__L_e, EX_bz_e, EX_cit_e, EX_cytd_e, EX_dcyt_e, EX_fe3pyovd_kt_e, EX_fol_e, EX_gam_e, EX_glu__L_e, EX_glyc_e, EX_gthrd_e, EX_his__L_e, EX_ile__L_e, EX_istfrnA_e, EX_lys__L_e, EX_malt_e, EX_mmet_e, EX_nmn_e, EX_phe__L_e, EX_pnto__R_e, EX_pro__L_e, EX_ribflv_e, EX_ser__L_e, EX_thm_e, EX_thr__L_e, EX_trp__L_e, EX_tyr__L_e, EX_val__L_e",0.0,0.0,,0.3076423502030626,0.2515153312331066,,-11.578947368421053,-6.315789473684211
"EX_23camp_e, EX_23cgmp_e, EX_3mb_e, EX_4abut_e, EX_arg__L_e, EX_asn__L_e, EX_bz_e, EX_cit_e, EX_cytd_e, EX_dcyt_e, EX_fe3pyovd_kt_e, EX_fol_e, EX_gam_e, EX_glu__L_e, EX_glyc_e, EX_gthrd_e, EX_his__L_e, EX_ile__L_e, EX_istfrnA_e, EX_lys__L_e, EX_malt_e, EX_mmet_e, EX_nmn_e, EX_phe__L_e, EX_pnto__R_e, EX_pro__L_e, EX_ribflv_e, EX_ser__L_e, EX_thm_e, EX_thr__L_e, EX_trp__L_e, EX_tyr__L_e, EX_val__L_e",0.0,0.0,,0.30764235020306335,0.2530213691078283,,-11.578947368421053,-5.2631578947368425
"EX_23camp_e, EX_23cgmp_e, EX_3mb_e, EX_4abut_e, EX_arg__L_e, EX_asn__L_e, EX_bz_e, EX_cit_e, EX_cytd_e, EX_dcyt_e, EX_fe3pyovd_kt_e, EX_fol_e, EX_gam_e, EX_glu__L_e, EX_glyc_e, EX_gthrd_e, EX_his__L_e, EX_ile__L_e, EX_istfrnA_e, EX_lys__L_e, EX_malt_e, EX_mmet_e, EX_nmn_e, EX_phe__L_e, EX_pnto__R_e, EX_pro__L_e, EX_ribflv_e, EX_ser__L_e, EX_thm_e, EX_thr__L_e, EX_trp__L_e, EX_tyr__L_e, EX_val__L_e",0.0,0.0,,0.30764235020306335,0.2495088176822111,,-11.578947368421053,-4.210526315789474
"EX_23camp_e, EX_23cgmp_e, EX_3mb_e, EX_4abut_e, EX_arg__L_e, EX_asn__L_e, EX_bz_e, EX_cit_e, EX_cytd_e, EX_dcyt_e, EX_fe3pyovd_kt_e, EX_fol_e, EX_gam_e, EX_glu__L_e, EX_glyc_e, EX_gthrd_e, EX_his__L_e, EX_ile__L_e, EX_istfrnA_e, EX_lys__L_e, EX_malt_e, EX_mmet_e, EX_nmn_e, EX_phe__L_e, EX_pnto__R_e, EX_pro__L_e, EX_ribflv_e, EX_ser__L_e, EX_thm_e, EX_thr__L_e, EX_trp__L_e, EX_tyr__L_e, EX_val__L_e",0.0,0.0,,0.3076423502030637,0.24445673808094442,,-11.578947368421053,-3.157894736842106
"EX_23camp_e, EX_23cgmp_e, EX_3mb_e, EX_4abut_e, EX_arg__L_e, EX_asn__L_e, EX_bz_e, EX_cit_e, EX_cytd_e, EX_dcyt_e, EX_fe3pyovd_kt_e, EX_fol_e, EX_gam_e, EX_glu__L_e, EX_glyc_e, EX_gthrd_e, EX_his__L_e, EX_ile__L_e, EX_istfrnA_e, EX_lys__L_e, EX_malt_e, EX_mmet_e, EX_nmn_e, EX_phe__L_e, EX_pnto__R_e, EX_pro__L_e, EX_ribflv_e, EX_ser__L_e, EX_thm_e, EX_thr__L_e, EX_trp__L_e, EX_tyr__L_e, EX_val__L_e",0.0,0.0,,0.30764235020306396,0.23960518816487225,,-11.578947368421053,-2.1052631578947363
"EX_23camp_e, EX_23cgmp_e, EX_3mb_e, EX_4abut_e, EX_arg__L_e, EX_asn__L_e, EX_bz_e, EX_cit_e, EX_cytd_e, EX_dcyt_e, EX_fe3pyovd_kt_e, EX_fol_e, EX_gam_e, EX_glu__L_e, EX_glyc_e, EX_gthrd_e, EX_his__L_e, EX_ile__L_e, EX_istfrnA_e, EX_lys__L_e, EX_malt_e, EX_mmet_e, EX_nmn_e, EX_phe__L_e, EX_pnto__R_e, EX_pro__L_e, EX_ribflv_e, EX_ser__L_e, EX_thm_e, EX_thr__L_e, EX_trp__L_e, EX_tyr__L_e, EX_val__L_e",0.0,0.0,,0.307642350203064,0.23494246098531818,,-11.578947368421053,-1.05263157894737
"EX_23camp_e, EX_23cgmp_e, EX_3mb_e, EX_4abut_e, EX_arg__L_e, EX_asn__L_e, EX_bz_e, EX_cit_e, EX_cytd_e, EX_dcyt_e, EX_fe3pyovd_kt_e, EX_fol_e, EX_gam_e, EX_glu__L_e, EX_glyc_e, EX_gthrd_e, EX_his__L_e, EX_ile__L_e, EX_istfrnA_e, EX_lys__L_e, EX_malt_e, EX_mmet_e, EX_nmn_e, EX_phe__L_e, EX_pnto__R_e, EX_pro__L_e, EX_ribflv_e, EX_ser__L_e, EX_thm_e, EX_thr__L_e, EX_trp__L_e, EX_tyr__L_e, EX_val__L_e",0.0,0.0,,0.30277571211419857,0.22829954542715103,,-11.578947368421053,0.0
"EX_23camp_e, EX_23cgmp_e, EX_3mb_e, EX_4abut_e, EX_arg__L_e, EX_asn__L_e, EX_bz_e, EX_cit_e, EX_cytd_e, EX_dcyt_e, EX_fe3pyovd_kt_e, EX_fol_e, EX_gam_e, EX_glu__L_e, EX_glyc_e, EX_gthrd_e, EX_his__L_e, EX_ile__L_e, EX_istfrnA_e, EX_lys__L_e, EX_malt_e, EX_mmet_e, EX_nmn_e, EX_phe__L_e, EX_pnto__R_e, EX_pro__L_e, EX_ribflv_e, EX_ser__L_e, EX_thm_e, EX_thr__L_e, EX_trp__L_e, EX_tyr__L_e, EX_val__L_e",0.0,0.0,,0.32957828533149175,0.2536551372395411,,-10.526315789473685,-20.0
"EX_23camp_e, EX_23cgmp_e, EX_3mb_e, EX_4abut_e, EX_arg__L_e, EX_asn__L_e, EX_bz_e, EX_cit_e, EX_cytd_e, EX_dcyt_e, EX_fe3pyovd_kt_e, EX_fol_e, EX_gam_e, EX_glu__L_e, EX_glyc_e, EX_gthrd_e, EX_his__L_e, EX_ile__L_e, EX_istfrnA_e, EX_lys__L_e, EX_malt_e, EX_mmet_e, EX_nmn_e, EX_phe__L_e, EX_pnto__R_e, EX_pro__L_e, EX_ribflv_e, EX_ser__L_e, EX_thm_e, EX_thr__L_e, EX_trp__L_e, EX_tyr__L_e, EX_val__L_e",0.0,0.0,,0.32957828533147915,0.2553904730538451,,-10.526315789473685,-18.94736842105263
"EX_23camp_e, EX_23cgmp_e, EX_3mb_e, EX_4abut_e, EX_arg__L_e, EX_asn__L_e, EX_bz_e, EX_cit_e, EX_cytd_e, EX_dcyt_e, EX_fe3pyovd_kt_e, EX_fol_e, EX_gam_e, EX_glu__L_e, EX_glyc_e, EX_gthrd_e, EX_his__L_e, EX_ile__L_e, EX_istfrnA_e, EX_lys__L_e, EX_malt_e, EX_mmet_e, EX_nmn_e, EX_phe__L_e, EX_pnto__R_e, EX_pro__L_e, EX_ribflv_e, EX_ser__L_e, EX_thm_e, EX_thr__L_e, EX_trp__L_e, EX_tyr__L_e, EX_val__L_e",0.0,0.0,,0.3295782853314793,0.2593855586599853,,-10.526315789473685,-17.894736842105264
"EX_23camp_e, EX_23cgmp_e, EX_3mb_e, EX_4abut_e, EX_arg__L_e, EX_asn__L_e, EX_bz_e, EX_cit_e, EX_cytd_e, EX_dcyt_e, EX_fe3pyovd_kt_e, EX_fol_e, EX_gam_e, EX_glu__L_e, EX_glyc_e, EX_gthrd_e, EX_his__L_e, EX_ile__L_e, EX_istfrnA_e, EX_lys__L_e, EX_malt_e, EX_mmet_e, EX_nmn_e, EX_phe__L_e, EX_pnto__R_e, EX_pro__L_e, EX_ribflv_e, EX_ser__L_e, EX_thm_e, EX_thr__L_e, EX_trp__L_e, EX_tyr__L_e, EX_val__L_e",0.0,0.0,,0.329578285331479,0.2561920715412138,,-10.526315789473685,-16.842105263157894
"EX_23camp_e, EX_23cgmp_e, EX_3mb_e, EX_4abut_e, EX_arg__L_e, EX_asn__L_e, EX_bz_e, EX_cit_e, EX_cytd_e, EX_dcyt_e, EX_fe3pyovd_kt_e, EX_fol_e, EX_gam_e, EX_glu__L_e, EX_glyc_e, EX_gthrd_e, EX_his__L_e, EX_ile__L_e, EX_istfrnA_e, EX_lys__L_e, EX_malt_e, EX_mmet_e, EX_nmn_e, EX_phe__L_e, EX_pnto__R_e, EX_pro__L_e, EX_ribflv_e, EX_ser__L_e, EX_thm_e, EX_thr__L_e, EX_trp__L_e, EX_tyr__L_e, EX_val__L_e",0.0,0.0,,0.32957828533147854,0.25619207154121365,,-10.526315789473685,-15.789473684210527
"EX_23camp_e, EX_23cgmp_e, EX_3mb_e, EX_4abut_e, EX_arg__L_e, EX_asn__L_e, EX_bz_e, EX_cit_e, EX_cytd_e, EX_dcyt_e, EX_fe3pyovd_kt_e, EX_fol_e, EX_gam_e, EX_glu__L_e, EX_glyc_e, EX_gthrd_e, EX_his__L_e, EX_ile__L_e, EX_istfrnA_e, EX_lys__L_e, EX_malt_e, EX_mmet_e, EX_nmn_e, EX_phe__L_e, EX_pnto__R_e, EX_pro__L_e, EX_ribflv_e, EX_ser__L_e, EX_thm_e, EX_thr__L_e, EX_trp__L_e, EX_tyr__L_e, EX_val__L_e",0.0,0.0,,0.32957828533147854,0.25619207154121365,,-10.526315789473685,-14.736842105263158
"EX_23camp_e, EX_23cgmp_e, EX_3mb_e, EX_4abut_e, EX_arg__L_e, EX_asn__L_e, EX_bz_e, EX_cit_e, EX_cytd_e, EX_dcyt_e, EX_fe3pyovd_kt_e, EX_fol_e, EX_gam_e, EX_glu__L_e, EX_glyc_e, EX_gthrd_e, EX_his__L_e, EX_ile__L_e, EX_istfrnA_e, EX_lys__L_e, EX_malt_e, EX_mmet_e, EX_nmn_e, EX_phe__L_e, EX_pnto__R_e, EX_pro__L_e, EX_ribflv_e, EX_ser__L_e, EX_thm_e, EX_thr__L_e, EX_trp__L_e, EX_tyr__L_e, EX_val__L_e",0.0,0.0,,0.32957828533147854,0.25569659722042787,,-10.526315789473685,-13.68421052631579
"EX_23camp_e, EX_23cgmp_e, EX_3mb_e, EX_4abut_e, EX_arg__L_e, EX_asn__L_e, EX_bz_e, EX_cit_e, EX_cytd_e, EX_dcyt_e, EX_fe3pyovd_kt_e, EX_fol_e, EX_gam_e, EX_glu__L_e, EX_glyc_e, EX_gthrd_e, EX_his__L_e, EX_ile__L_e, EX_istfrnA_e, EX_lys__L_e, EX_malt_e, EX_mmet_e, EX_nmn_e, EX_phe__L_e, EX_pnto__R_e, EX_pro__L_e, EX_ribflv_e, EX_ser__L_e, EX_thm_e, EX_thr__L_e, EX_trp__L_e, EX_tyr__L_e, EX_val__L_e",0.0,0.0,,0.32957828533147915,0.25875010387694497,,-10.526315789473685,-12.631578947368421
"EX_23camp_e, EX_23cgmp_e, EX_3mb_e, EX_4abut_e, EX_arg__L_e, EX_asn__L_e, EX_bz_e, EX_cit_e, EX_cytd_e, EX_dcyt_e, EX_fe3pyovd_kt_e, EX_fol_e, EX_gam_e, EX_glu__L_e, EX_glyc_e, EX_gthrd_e, EX_his__L_e, EX_ile__L_e, EX_istfrnA_e, EX_lys__L_e, EX_malt_e, EX_mmet_e, EX_nmn_e, EX_phe__L_e, EX_pnto__R_e, EX_pro__L_e, EX_ribflv_e, EX_ser__L_e, EX_thm_e, EX_thr__L_e, EX_trp__L_e, EX_tyr__L_e, EX_val__L_e",0.0,0.0,,0.3295782853314787,0.26250115970641824,,-10.526315789473685,-11.578947368421053
"EX_23camp_e, EX_23cgmp_e, EX_3mb_e, EX_4abut_e, EX_arg__L_e, EX_asn__L_e, EX_bz_e, EX_cit_e, EX_cytd_e, EX_dcyt_e, EX_fe3pyovd_kt_e, EX_fol_e, EX_gam_e, EX_glu__L_e, EX_glyc_e, EX_gthrd_e, EX_his__L_e, EX_ile__L_e, EX_istfrnA_e, EX_lys__L_e, EX_malt_e, EX_mmet_e, EX_nmn_e, EX_phe__L_e, EX_pnto__R_e, EX_pro__L_e, EX_ribflv_e, EX_ser__L_e, EX_thm_e, EX_thr__L_e, EX_trp__L_e, EX_tyr__L_e, EX_val__L_e",0.0,0.0,,0.3295782853314787,0.25949293083956254,,-10.526315789473685,-10.526315789473685
"EX_23camp_e, EX_23cgmp_e, EX_3mb_e, EX_4abut_e, EX_arg__L_e, EX_asn__L_e, EX_bz_e, EX_cit_e, EX_cytd_e, EX_dcyt_e, EX_fe3pyovd_kt_e, EX_fol_e, EX_gam_e, EX_glu__L_e, EX_glyc_e, EX_gthrd_e, EX_his__L_e, EX_ile__L_e, EX_istfrnA_e, EX_lys__L_e, EX_malt_e, EX_mmet_e, EX_nmn_e, EX_phe__L_e, EX_pnto__R_e, EX_pro__L_e, EX_ribflv_e, EX_ser__L_e, EX_thm_e, EX_thr__L_e, EX_trp__L_e, EX_tyr__L_e, EX_val__L_e",0.0,0.0,,0.3295782853314786,0.2559576579031239,,-10.526315789473685,-9.473684210526317
"EX_23camp_e, EX_23cgmp_e, EX_3mb_e, EX_4abut_e, EX_arg__L_e, EX_asn__L_e, EX_bz_e, EX_cit_e, EX_cytd_e, EX_dcyt_e, EX_fe3pyovd_kt_e, EX_fol_e, EX_gam_e, EX_glu__L_e, EX_glyc_e, EX_gthrd_e, EX_his__L_e, EX_ile__L_e, EX_istfrnA_e, EX_lys__L_e, EX_malt_e, EX_mmet_e, EX_nmn_e, EX_phe__L_e, EX_pnto__R_e, EX_pro__L_e, EX_ribflv_e, EX_ser__L_e, EX_thm_e, EX_thr__L_e, EX_trp__L_e, EX_tyr__L_e, EX_val__L_e",0.0,0.0,,0.3295782853314787,0.25595765790312386,,-10.526315789473685,-8.421052631578949
"EX_23camp_e, EX_23cgmp_e, EX_3mb_e, EX_4abut_e, EX_arg__L_e, EX_asn__L_e, EX_bz_e, EX_cit_e, EX_cytd_e, EX_dcyt_e, EX_fe3pyovd_kt_e, EX_fol_e, EX_gam_e, EX_glu__L_e, EX_glyc_e, EX_gthrd_e, EX_his__L_e, EX_ile__L_e, EX_istfrnA_e, EX_lys__L_e, EX_malt_e, EX_mmet_e, EX_nmn_e, EX_phe__L_e, EX_pnto__R_e, EX_pro__L_e, EX_ribflv_e, EX_ser__L_e, EX_thm_e, EX_thr__L_e, EX_trp__L_e, EX_tyr__L_e, EX_val__L_e",0.0,0.0,,0.3295782853314787,0.2561301036584257,,-10.526315789473685,-7.368421052631579
"EX_23camp_e, EX_23cgmp_e, EX_3mb_e, EX_4abut_e, EX_arg__L_e, EX_asn__L_e, EX_bz_e, EX_cit_e, EX_cytd_e, EX_dcyt_e, EX_fe3pyovd_kt_e, EX_fol_e, EX_gam_e, EX_glu__L_e, EX_glyc_e, EX_gthrd_e, EX_his__L_e, EX_ile__L_e, EX_istfrnA_e, EX_lys__L_e, EX_malt_e, EX_mmet_e, EX_nmn_e, EX_phe__L_e, EX_pnto__R_e, EX_pro__L_e, EX_ribflv_e, EX_ser__L_e, EX_thm_e, EX_thr__L_e, EX_trp__L_e, EX_tyr__L_e, EX_val__L_e",0.0,0.0,,0.3295782853314787,0.2575875320432668,,-10.526315789473685,-6.315789473684211
"EX_23camp_e, EX_23cgmp_e, EX_3mb_e, EX_4abut_e, EX_arg__L_e, EX_asn__L_e, EX_bz_e, EX_cit_e, EX_cytd_e, EX_dcyt_e, EX_fe3pyovd_kt_e, EX_fol_e, EX_gam_e, EX_glu__L_e, EX_glyc_e, EX_gthrd_e, EX_his__L_e, EX_ile__L_e, EX_istfrnA_e, EX_lys__L_e, EX_malt_e, EX_mmet_e, EX_nmn_e, EX_phe__L_e, EX_pnto__R_e, EX_pro__L_e, EX_ribflv_e, EX_ser__L_e, EX_thm_e, EX_thr__L_e, EX_trp__L_e, EX_tyr__L_e, EX_val__L_e",0.0,0.0,,0.32957828533147887,0.25906164142849136,,-10.526315789473685,-5.2631578947368425
"EX_23camp_e, EX_23cgmp_e, EX_3mb_e, EX_4abut_e, EX_arg__L_e, EX_asn__L_e, EX_bz_e, EX_cit_e, EX_cytd_e, EX_dcyt_e, EX_fe3pyovd_kt_e, EX_fol_e, EX_gam_e, EX_glu__L_e, EX_glyc_e, EX_gthrd_e, EX_his__L_e, EX_ile__L_e, EX_istfrnA_e, EX_lys__L_e, EX_malt_e, EX_mmet_e, EX_nmn_e, EX_phe__L_e, EX_pnto__R_e, EX_pro__L_e, EX_ribflv_e, EX_ser__L_e, EX_thm_e, EX_thr__L_e, EX_trp__L_e, EX_tyr__L_e, EX_val__L_e",0.0,0.0,,0.32957828533147876,0.25604290331702684,,-10.526315789473685,-4.210526315789474
"EX_23camp_e, EX_23cgmp_e, EX_3mb_e, EX_4abut_e, EX_arg__L_e, EX_asn__L_e, EX_bz_e, EX_cit_e, EX_cytd_e, EX_dcyt_e, EX_fe3pyovd_kt_e, EX_fol_e, EX_gam_e, EX_glu__L_e, EX_glyc_e, EX_gthrd_e, EX_his__L_e, EX_ile__L_e, EX_istfrnA_e, EX_lys__L_e, EX_malt_e, EX_mmet_e, EX_nmn_e, EX_phe__L_e, EX_pnto__R_e, EX_pro__L_e, EX_ribflv_e, EX_ser__L_e, EX_thm_e, EX_thr__L_e, EX_trp__L_e, EX_tyr__L_e, EX_val__L_e",0.0,0.0,,0.32957828533147954,0.251072611504439,,-10.526315789473685,-3.157894736842106
"EX_23camp_e, EX_23cgmp_e, EX_3mb_e, EX_4abut_e, EX_arg__L_e, EX_asn__L_e, EX_bz_e, EX_cit_e, EX_cytd_e, EX_dcyt_e, EX_fe3pyovd_kt_e, EX_fol_e, EX_gam_e, EX_glu__L_e, EX_glyc_e, EX_gthrd_e, EX_his__L_e, EX_ile__L_e, EX_istfrnA_e, EX_lys__L_e, EX_malt_e, EX_mmet_e, EX_nmn_e, EX_phe__L_e, EX_pnto__R_e, EX_pro__L_e, EX_ribflv_e, EX_ser__L_e, EX_thm_e, EX_thr__L_e, EX_trp__L_e, EX_tyr__L_e, EX_val__L_e",0.0,0.0,,0.3295782853314793,0.24629161127682203,,-10.526315789473685,-2.1052631578947363
"EX_23camp_e, EX_23cgmp_e, EX_3mb_e, EX_4abut_e, EX_arg__L_e, EX_asn__L_e, EX_bz_e, EX_cit_e, EX_cytd_e, EX_dcyt_e, EX_fe3pyovd_kt_e, EX_fol_e, EX_gam_e, EX_glu__L_e, EX_glyc_e, EX_gthrd_e, EX_his__L_e, EX_ile__L_e, EX_istfrnA_e, EX_lys__L_e, EX_malt_e, EX_mmet_e, EX_nmn_e, EX_phe__L_e, EX_pnto__R_e, EX_pro__L_e, EX_ribflv_e, EX_ser__L_e, EX_thm_e, EX_thr__L_e, EX_trp__L_e, EX_tyr__L_e, EX_val__L_e",0.0,0.0,,0.3295782853314797,0.24286106159199233,,-10.526315789473685,-1.05263157894737
"EX_23camp_e, EX_23cgmp_e, EX_3mb_e, EX_4abut_e, EX_arg__L_e, EX_asn__L_e, EX_bz_e, EX_cit_e, EX_cytd_e, EX_dcyt_e, EX_fe3pyovd_kt_e, EX_fol_e, EX_gam_e, EX_glu__L_e, EX_glyc_e, EX_gthrd_e, EX_his__L_e, EX_ile__L_e, EX_istfrnA_e, EX_lys__L_e, EX_malt_e, EX_mmet_e, EX_nmn_e, EX_phe__L_e, EX_pnto__R_e, EX_pro__L_e, EX_ribflv_e, EX_ser__L_e, EX_thm_e, EX_thr__L_e, EX_trp__L_e, EX_tyr__L_e, EX_val__L_e",0.0,0.0,,0.32011579806461293,0.24030381125970493,,-10.526315789473685,0.0
"EX_23camp_e, EX_23cgmp_e, EX_3mb_e, EX_4abut_e, EX_arg__L_e, EX_asn__L_e, EX_bz_e, EX_cit_e, EX_cytd_e, EX_dcyt_e, EX_fe3pyovd_kt_e, EX_fol_e, EX_gam_e, EX_glu__L_e, EX_glyc_e, EX_gthrd_e, EX_his__L_e, EX_ile__L_e, EX_istfrnA_e, EX_lys__L_e, EX_malt_e, EX_mmet_e, EX_nmn_e, EX_phe__L_e, EX_pnto__R_e, EX_pro__L_e, EX_ribflv_e, EX_ser__L_e, EX_thm_e, EX_thr__L_e, EX_trp__L_e, EX_tyr__L_e, EX_val__L_e",0.0,0.0,,0.35151422045989567,0.2936861298648771,,-9.473684210526317,-20.0
"EX_23camp_e, EX_23cgmp_e, EX_3mb_e, EX_4abut_e, EX_arg__L_e, EX_asn__L_e, EX_bz_e, EX_cit_e, EX_cytd_e, EX_dcyt_e, EX_fe3pyovd_kt_e, EX_fol_e, EX_gam_e, EX_glu__L_e, EX_glyc_e, EX_gthrd_e, EX_his__L_e, EX_ile__L_e, EX_istfrnA_e, EX_lys__L_e, EX_malt_e, EX_mmet_e, EX_nmn_e, EX_phe__L_e, EX_pnto__R_e, EX_pro__L_e, EX_ribflv_e, EX_ser__L_e, EX_thm_e, EX_thr__L_e, EX_trp__L_e, EX_tyr__L_e, EX_val__L_e",0.0,0.0,,0.3515142204598933,0.29491597953202037,,-9.473684210526317,-18.94736842105263
"EX_23camp_e, EX_23cgmp_e, EX_3mb_e, EX_4abut_e, EX_arg__L_e, EX_asn__L_e, EX_bz_e, EX_cit_e, EX_cytd_e, EX_dcyt_e, EX_fe3pyovd_kt_e, EX_fol_e, EX_gam_e, EX_glu__L_e, EX_glyc_e, EX_gthrd_e, EX_his__L_e, EX_ile__L_e, EX_istfrnA_e, EX_lys__L_e, EX_malt_e, EX_mmet_e, EX_nmn_e, EX_phe__L_e, EX_pnto__R_e, EX_pro__L_e, EX_ribflv_e, EX_ser__L_e, EX_thm_e, EX_thr__L_e, EX_trp__L_e, EX_tyr__L_e, EX_val__L_e",0.0,0.0,,0.3515142204598951,0.2995339274106225,,-9.473684210526317,-17.894736842105264
"EX_23camp_e, EX_23cgmp_e, EX_3mb_e, EX_4abut_e, EX_arg__L_e, EX_asn__L_e, EX_bz_e, EX_cit_e, EX_cytd_e, EX_dcyt_e, EX_fe3pyovd_kt_e, EX_fol_e, EX_gam_e, EX_glu__L_e, EX_glyc_e, EX_gthrd_e, EX_his__L_e, EX_ile__L_e, EX_istfrnA_e, EX_lys__L_e, EX_malt_e, EX_mmet_e, EX_nmn_e, EX_phe__L_e, EX_pnto__R_e, EX_pro__L_e, EX_ribflv_e, EX_ser__L_e, EX_thm_e, EX_thr__L_e, EX_trp__L_e, EX_tyr__L_e, EX_val__L_e",0.0,0.0,,0.35151422045989505,0.2982919499660529,,-9.473684210526317,-16.842105263157894
"EX_23camp_e, EX_23cgmp_e, EX_3mb_e, EX_4abut_e, EX_arg__L_e, EX_asn__L_e, EX_bz_e, EX_cit_e, EX_cytd_e, EX_dcyt_e, EX_fe3pyovd_kt_e, EX_fol_e, EX_gam_e, EX_glu__L_e, EX_glyc_e, EX_gthrd_e, EX_his__L_e, EX_ile__L_e, EX_istfrnA_e, EX_lys__L_e, EX_malt_e, EX_mmet_e, EX_nmn_e, EX_phe__L_e, EX_pnto__R_e, EX_pro__L_e, EX_ribflv_e, EX_ser__L_e, EX_thm_e, EX_thr__L_e, EX_trp__L_e, EX_tyr__L_e, EX_val__L_e",0.0,0.0,,0.3515142204598947,0.2893535895406179,,-9.473684210526317,-15.789473684210527
"EX_23camp_e, EX_23cgmp_e, EX_3mb_e, EX_4abut_e, EX_arg__L_e, EX_asn__L_e, EX_bz_e, EX_cit_e, EX_cytd_e, EX_dcyt_e, EX_fe3pyovd_kt_e, EX_fol_e, EX_gam_e, EX_glu__L_e, EX_glyc_e, EX_gthrd_e, EX_his__L_e, EX_ile__L_e, EX_istfrnA_e, EX_lys__L_e, EX_malt_e, EX_mmet_e, EX_nmn_e, EX_phe__L_e, EX_pnto__R_e, EX_pro__L_e, EX_ribflv_e, EX_ser__L_e, EX_thm_e, EX_thr__L_e, EX_trp__L_e, EX_tyr__L_e, EX_val__L_e",0.0,0.0,,0.3515142204598946,0.2848581560656984,,-9.473684210526317,-14.736842105263158
"EX_23camp_e, EX_23cgmp_e, EX_3mb_e, EX_4abut_e, EX_arg__L_e, EX_asn__L_e, EX_bz_e, EX_cit_e, EX_cytd_e, EX_dcyt_e, EX_fe3pyovd_kt_e, EX_fol_e, EX_gam_e, EX_glu__L_e, EX_glyc_e, EX_gthrd_e, EX_his__L_e, EX_ile__L_e, EX_istfrnA_e, EX_lys__L_e, EX_malt_e, EX_mmet_e, EX_nmn_e, EX_phe__L_e, EX_pnto__R_e, EX_pro__L_e, EX_ribflv_e, EX_ser__L_e, EX_thm_e, EX_thr__L_e, EX_trp__L_e, EX_tyr__L_e, EX_val__L_e",0.0,0.0,,0.35151422045989517,0.2848581560656987,,-9.473684210526317,-13.68421052631579
"EX_23camp_e, EX_23cgmp_e, EX_3mb_e, EX_4abut_e, EX_arg__L_e, EX_asn__L_e, EX_bz_e, EX_cit_e, EX_cytd_e, EX_dcyt_e, EX_fe3pyovd_kt_e, EX_fol_e, EX_gam_e, EX_glu__L_e, EX_glyc_e, EX_gthrd_e, EX_his__L_e, EX_ile__L_e, EX_istfrnA_e, EX_lys__L_e, EX_malt_e, EX_mmet_e, EX_nmn_e, EX_phe__L_e, EX_pnto__R_e, EX_pro__L_e, EX_ribflv_e, EX_ser__L_e, EX_thm_e, EX_thr__L_e, EX_trp__L_e, EX_tyr__L_e, EX_val__L_e",0.0,0.0,,0.3515142204598955,0.28485815606569886,,-9.473684210526317,-12.631578947368421
"EX_23camp_e, EX_23cgmp_e, EX_3mb_e, EX_4abut_e, EX_arg__L_e, EX_asn__L_e, EX_bz_e, EX_cit_e, EX_cytd_e, EX_dcyt_e, EX_fe3pyovd_kt_e, EX_fol_e, EX_gam_e, EX_glu__L_e, EX_glyc_e, EX_gthrd_e, EX_his__L_e, EX_ile__L_e, EX_istfrnA_e, EX_lys__L_e, EX_malt_e, EX_mmet_e, EX_nmn_e, EX_phe__L_e, EX_pnto__R_e, EX_pro__L_e, EX_ribflv_e, EX_ser__L_e, EX_thm_e, EX_thr__L_e, EX_trp__L_e, EX_tyr__L_e, EX_val__L_e",0.0,0.0,,0.35151422045989505,0.2822749744790921,,-9.473684210526317,-11.578947368421053
"EX_23camp_e, EX_23cgmp_e, EX_3mb_e, EX_4abut_e, EX_arg__L_e, EX_asn__L_e, EX_bz_e, EX_cit_e, EX_cytd_e, EX_dcyt_e, EX_fe3pyovd_kt_e, EX_fol_e, EX_gam_e, EX_glu__L_e, EX_glyc_e, EX_gthrd_e, EX_his__L_e, EX_ile__L_e, EX_istfrnA_e, EX_lys__L_e, EX_malt_e, EX_mmet_e, EX_nmn_e, EX_phe__L_e, EX_pnto__R_e, EX_pro__L_e, EX_ribflv_e, EX_ser__L_e, EX_thm_e, EX_thr__L_e, EX_trp__L_e, EX_tyr__L_e, EX_val__L_e",0.0,0.0,,0.35151422045989505,0.2822749744790922,,-9.473684210526317,-10.526315789473685
"EX_23camp_e, EX_23cgmp_e, EX_3mb_e, EX_4abut_e, EX_arg__L_e, EX_asn__L_e, EX_bz_e, EX_cit_e, EX_cytd_e, EX_dcyt_e, EX_fe3pyovd_kt_e, EX_fol_e, EX_gam_e, EX_glu__L_e, EX_glyc_e, EX_gthrd_e, EX_his__L_e, EX_ile__L_e, EX_istfrnA_e, EX_lys__L_e, EX_malt_e, EX_mmet_e, EX_nmn_e, EX_phe__L_e, EX_pnto__R_e, EX_pro__L_e, EX_ribflv_e, EX_ser__L_e, EX_thm_e, EX_thr__L_e, EX_trp__L_e, EX_tyr__L_e, EX_val__L_e",0.0,0.0,,0.35151422045989505,0.2788601749732771,,-9.473684210526317,-9.473684210526317
"EX_23camp_e, EX_23cgmp_e, EX_3mb_e, EX_4abut_e, EX_arg__L_e, EX_asn__L_e, EX_bz_e, EX_cit_e, EX_cytd_e, EX_dcyt_e, EX_fe3pyovd_kt_e, EX_fol_e, EX_gam_e, EX_glu__L_e, EX_glyc_e, EX_gthrd_e, EX_his__L_e, EX_ile__L_e, EX_istfrnA_e, EX_lys__L_e, EX_malt_e, EX_mmet_e, EX_nmn_e, EX_phe__L_e, EX_pnto__R_e, EX_pro__L_e, EX_ribflv_e, EX_ser__L_e, EX_thm_e, EX_thr__L_e, EX_trp__L_e, EX_tyr__L_e, EX_val__L_e",0.0,0.0,,0.3515142204598951,0.27333473561736993,,-9.473684210526317,-8.421052631578949
"EX_23camp_e, EX_23cgmp_e, EX_3mb_e, EX_4abut_e, EX_arg__L_e, EX_asn__L_e, EX_bz_e, EX_cit_e, EX_cytd_e, EX_dcyt_e, EX_fe3pyovd_kt_e, EX_fol_e, EX_gam_e, EX_glu__L_e, EX_glyc_e, EX_gthrd_e, EX_his__L_e, EX_ile__L_e, EX_istfrnA_e, EX_lys__L_e, EX_malt_e, EX_mmet_e, EX_nmn_e, EX_phe__L_e, EX_pnto__R_e, EX_pro__L_e, EX_ribflv_e, EX_ser__L_e, EX_thm_e, EX_thr__L_e, EX_trp__L_e, EX_tyr__L_e, EX_val__L_e",0.0,0.0,,0.3515142204598953,0.26838139620833384,,-9.473684210526317,-7.368421052631579
"EX_23camp_e, EX_23cgmp_e, EX_3mb_e, EX_4abut_e, EX_arg__L_e, EX_asn__L_e, EX_bz_e, EX_cit_e, EX_cytd_e, EX_dcyt_e, EX_fe3pyovd_kt_e, EX_fol_e, EX_gam_e, EX_glu__L_e, EX_glyc_e, EX_gthrd_e, EX_his__L_e, EX_ile__L_e, EX_istfrnA_e, EX_lys__L_e, EX_malt_e, EX_mmet_e, EX_nmn_e, EX_phe__L_e, EX_pnto__R_e, EX_pro__L_e, EX_ribflv_e, EX_ser__L_e, EX_thm_e, EX_thr__L_e, EX_trp__L_e, EX_tyr__L_e, EX_val__L_e",0.0,0.0,,0.3515142204598946,0.2699382007279258,,-9.473684210526317,-6.315789473684211
"EX_23camp_e, EX_23cgmp_e, EX_3mb_e, EX_4abut_e, EX_arg__L_e, EX_asn__L_e, EX_bz_e, EX_cit_e, EX_cytd_e, EX_dcyt_e, EX_fe3pyovd_kt_e, EX_fol_e, EX_gam_e, EX_glu__L_e, EX_glyc_e, EX_gthrd_e, EX_his__L_e, EX_ile__L_e, EX_istfrnA_e, EX_lys__L_e, EX_malt_e, EX_mmet_e, EX_nmn_e, EX_phe__L_e, EX_pnto__R_e, EX_pro__L_e, EX_ribflv_e, EX_ser__L_e, EX_thm_e, EX_thr__L_e, EX_trp__L_e, EX_tyr__L_e, EX_val__L_e",0.0,0.0,,0.35151422045989544,0.26993820072792624,,-9.473684210526317,-5.2631578947368425
"EX_23camp_e, EX_23cgmp_e, EX_3mb_e, EX_4abut_e, EX_arg__L_e, EX_asn__L_e, EX_bz_e, EX_cit_e, EX_cytd_e, EX_dcyt_e, EX_fe3pyovd_kt_e, EX_fol_e, EX_gam_e, EX_glu__L_e, EX_glyc_e, EX_gthrd_e, EX_his__L_e, EX_ile__L_e, EX_istfrnA_e, EX_lys__L_e, EX_malt_e, EX_mmet_e, EX_nmn_e, EX_phe__L_e, EX_pnto__R_e, EX_pro__L_e, EX_ribflv_e, EX_ser__L_e, EX_thm_e, EX_thr__L_e, EX_trp__L_e, EX_tyr__L_e, EX_val__L_e",0.0,0.0,,0.35151422045989544,0.26993820072792624,,-9.473684210526317,-4.210526315789474
"EX_23camp_e, EX_23cgmp_e, EX_3mb_e, EX_4abut_e, EX_arg__L_e, EX_asn__L_e, EX_bz_e, EX_cit_e, EX_cytd_e, EX_dcyt_e, EX_fe3pyovd_kt_e, EX_fol_e, EX_gam_e, EX_glu__L_e, EX_glyc_e, EX_gthrd_e, EX_his__L_e, EX_ile__L_e, EX_istfrnA_e, EX_lys__L_e, EX_malt_e, EX_mmet_e, EX_nmn_e, EX_phe__L_e, EX_pnto__R_e, EX_pro__L_e, EX_ribflv_e, EX_ser__L_e, EX_thm_e, EX_thr__L_e, EX_trp__L_e, EX_tyr__L_e, EX_val__L_e",0.0,0.0,,0.35151422045989544,0.26993820072792624,,-9.473684210526317,-3.157894736842106
"EX_23camp_e, EX_23cgmp_e, EX_3mb_e, EX_4abut_e, EX_arg__L_e, EX_asn__L_e, EX_bz_e, EX_cit_e, EX_cytd_e, EX_dcyt_e, EX_fe3pyovd_kt_e, EX_fol_e, EX_gam_e, EX_glu__L_e, EX_glyc_e, EX_gthrd_e, EX_his__L_e, EX_ile__L_e, EX_istfrnA_e, EX_lys__L_e, EX_malt_e, EX_mmet_e, EX_nmn_e, EX_phe__L_e, EX_pnto__R_e, EX_pro__L_e, EX_ribflv_e, EX_ser__L_e, EX_thm_e, EX_thr__L_e, EX_trp__L_e, EX_tyr__L_e, EX_val__L_e",0.0,0.0,,0.35151422045989544,0.2692544812863231,,-9.473684210526317,-2.1052631578947363
"EX_23camp_e, EX_23cgmp_e, EX_3mb_e, EX_4abut_e, EX_arg__L_e, EX_asn__L_e, EX_bz_e, EX_cit_e, EX_cytd_e, EX_dcyt_e, EX_fe3pyovd_kt_e, EX_fol_e, EX_gam_e, EX_glu__L_e, EX_glyc_e, EX_gthrd_e, EX_his__L_e, EX_ile__L_e, EX_istfrnA_e, EX_lys__L_e, EX_malt_e, EX_mmet_e, EX_nmn_e, EX_phe__L_e, EX_pnto__R_e, EX_pro__L_e, EX_ribflv_e, EX_ser__L_e, EX_thm_e, EX_thr__L_e, EX_trp__L_e, EX_tyr__L_e, EX_val__L_e",0.0,0.0,,0.3483881732414057,0.2766914138468331,,-9.473684210526317,-1.05263157894737
"EX_23camp_e, EX_23cgmp_e, EX_3mb_e, EX_4abut_e, EX_arg__L_e, EX_asn__L_e, EX_bz_e, EX_cit_e, EX_cytd_e, EX_dcyt_e, EX_fe3pyovd_kt_e, EX_fol_e, EX_gam_e, EX_glu__L_e, EX_glyc_e, EX_gthrd_e, EX_his__L_e, EX_ile__L_e, EX_istfrnA_e, EX_lys__L_e, EX_malt_e, EX_mmet_e, EX_nmn_e, EX_phe__L_e, EX_pnto__R_e, EX_pro__L_e, EX_ribflv_e, EX_ser__L_e, EX_thm_e, EX_thr__L_e, EX_trp__L_e, EX_tyr__L_e, EX_val__L_e",0.0,0.0,,0.3348694500132211,0.2711663916373112,,-9.473684210526317,0.0
"EX_23camp_e, EX_23cgmp_e, EX_3mb_e, EX_4abut_e, EX_arg__L_e, EX_asn__L_e, EX_bz_e, EX_cit_e, EX_cytd_e, EX_dcyt_e, EX_fe3pyovd_kt_e, EX_fol_e, EX_gam_e, EX_glu__L_e, EX_glyc_e, EX_gthrd_e, EX_his__L_e, EX_ile__L_e, EX_istfrnA_e, EX_lys__L_e, EX_malt_e, EX_mmet_e, EX_nmn_e, EX_phe__L_e, EX_pnto__R_e, EX_pro__L_e, EX_ribflv_e, EX_ser__L_e, EX_thm_e, EX_thr__L_e, EX_trp__L_e, EX_tyr__L_e, EX_val__L_e",0.0,0.0,,0.3726205312140645,0.2921054370086635,,-8.421052631578949,-20.0
"EX_23camp_e, EX_23cgmp_e, EX_3mb_e, EX_4abut_e, EX_arg__L_e, EX_asn__L_e, EX_bz_e, EX_cit_e, EX_cytd_e, EX_dcyt_e, EX_fe3pyovd_kt_e, EX_fol_e, EX_gam_e, EX_glu__L_e, EX_glyc_e, EX_gthrd_e, EX_his__L_e, EX_ile__L_e, EX_istfrnA_e, EX_lys__L_e, EX_malt_e, EX_mmet_e, EX_nmn_e, EX_phe__L_e, EX_pnto__R_e, EX_pro__L_e, EX_ribflv_e, EX_ser__L_e, EX_thm_e, EX_thr__L_e, EX_trp__L_e, EX_tyr__L_e, EX_val__L_e",0.0,0.0,,0.3726205312140637,0.29178255353410154,,-8.421052631578949,-18.94736842105263
"EX_23camp_e, EX_23cgmp_e, EX_3mb_e, EX_4abut_e, EX_arg__L_e, EX_asn__L_e, EX_bz_e, EX_cit_e, EX_cytd_e, EX_dcyt_e, EX_fe3pyovd_kt_e, EX_fol_e, EX_gam_e, EX_glu__L_e, EX_glyc_e, EX_gthrd_e, EX_his__L_e, EX_ile__L_e, EX_istfrnA_e, EX_lys__L_e, EX_malt_e, EX_mmet_e, EX_nmn_e, EX_phe__L_e, EX_pnto__R_e, EX_pro__L_e, EX_ribflv_e, EX_ser__L_e, EX_thm_e, EX_thr__L_e, EX_trp__L_e, EX_tyr__L_e, EX_val__L_e",0.0,0.0,,0.3726205312140637,0.2836957711449608,,-8.421052631578949,-17.894736842105264
"EX_23camp_e, EX_23cgmp_e, EX_3mb_e, EX_4abut_e, EX_arg__L_e, EX_asn__L_e, EX_bz_e, EX_cit_e, EX_cytd_e, EX_dcyt_e, EX_fe3pyovd_kt_e, EX_fol_e, EX_gam_e, EX_glu__L_e, EX_glyc_e, EX_gthrd_e, EX_his__L_e, EX_ile__L_e, EX_istfrnA_e, EX_lys__L_e, EX_malt_e, EX_mmet_e, EX_nmn_e, EX_phe__L_e, EX_pnto__R_e, EX_pro__L_e, EX_ribflv_e, EX_ser__L_e, EX_thm_e, EX_thr__L_e, EX_trp__L_e, EX_tyr__L_e, EX_val__L_e",0.0,0.0,,0.3726205312140637,0.27604515238827654,,-8.421052631578949,-16.842105263157894
"EX_23camp_e, EX_23cgmp_e, EX_3mb_e, EX_4abut_e, EX_arg__L_e, EX_asn__L_e, EX_bz_e, EX_cit_e, EX_cytd_e, EX_dcyt_e, EX_fe3pyovd_kt_e, EX_fol_e, EX_gam_e, EX_glu__L_e, EX_glyc_e, EX_gthrd_e, EX_his__L_e, EX_ile__L_e, EX_istfrnA_e, EX_lys__L_e, EX_malt_e, EX_mmet_e, EX_nmn_e, EX_phe__L_e, EX_pnto__R_e, EX_pro__L_e, EX_ribflv_e, EX_ser__L_e, EX_thm_e, EX_thr__L_e, EX_trp__L_e, EX_tyr__L_e, EX_val__L_e",0.0,0.0,,0.3726205312140639,0.26998117386878834,,-8.421052631578949,-15.789473684210527
"EX_23camp_e, EX_23cgmp_e, EX_3mb_e, EX_4abut_e, EX_arg__L_e, EX_asn__L_e, EX_bz_e, EX_cit_e, EX_cytd_e, EX_dcyt_e, EX_fe3pyovd_kt_e, EX_fol_e, EX_gam_e, EX_glu__L_e, EX_glyc_e, EX_gthrd_e, EX_his__L_e, EX_ile__L_e, EX_istfrnA_e, EX_lys__L_e, EX_malt_e, EX_mmet_e, EX_nmn_e, EX_phe__L_e, EX_pnto__R_e, EX_pro__L_e, EX_ribflv_e, EX_ser__L_e, EX_thm_e, EX_thr__L_e, EX_trp__L_e, EX_tyr__L_e, EX_val__L_e",0.0,0.0,,0.3726205312140637,0.26921889644880664,,-8.421052631578949,-14.736842105263158
"EX_23camp_e, EX_23cgmp_e, EX_3mb_e, EX_4abut_e, EX_arg__L_e, EX_asn__L_e, EX_bz_e, EX_cit_e, EX_cytd_e, EX_dcyt_e, EX_fe3pyovd_kt_e, EX_fol_e, EX_gam_e, EX_glu__L_e, EX_glyc_e, EX_gthrd_e, EX_his__L_e, EX_ile__L_e, EX_istfrnA_e, EX_lys__L_e, EX_malt_e, EX_mmet_e, EX_nmn_e, EX_phe__L_e, EX_pnto__R_e, EX_pro__L_e, EX_ribflv_e, EX_ser__L_e, EX_thm_e, EX_thr__L_e, EX_trp__L_e, EX_tyr__L_e, EX_val__L_e",0.0,0.0,,0.372620531214064,0.2706425199136981,,-8.421052631578949,-13.68421052631579
"EX_23camp_e, EX_23cgmp_e, EX_3mb_e, EX_4abut_e, EX_arg__L_e, EX_asn__L_e, EX_bz_e, EX_cit_e, EX_cytd_e, EX_dcyt_e, EX_fe3pyovd_kt_e, EX_fol_e, EX_gam_e, EX_glu__L_e, EX_glyc_e, EX_gthrd_e, EX_his__L_e, EX_ile__L_e, EX_istfrnA_e, EX_lys__L_e, EX_malt_e, EX_mmet_e, EX_nmn_e, EX_phe__L_e, EX_pnto__R_e, EX_pro__L_e, EX_ribflv_e, EX_ser__L_e, EX_thm_e, EX_thr__L_e, EX_trp__L_e, EX_tyr__L_e, EX_val__L_e",0.0,0.0,,0.37262053121406435,0.27208127959624717,,-8.421052631578949,-12.631578947368421
"EX_23camp_e, EX_23cgmp_e, EX_3mb_e, EX_4abut_e, EX_arg__L_e, EX_asn__L_e, EX_bz_e, EX_cit_e, EX_cytd_e, EX_dcyt_e, EX_fe3pyovd_kt_e, EX_fol_e, EX_gam_e, EX_glu__L_e, EX_glyc_e, EX_gthrd_e, EX_his__L_e, EX_ile__L_e, EX_istfrnA_e, EX_lys__L_e, EX_malt_e, EX_mmet_e, EX_nmn_e, EX_phe__L_e, EX_pnto__R_e, EX_pro__L_e, EX_ribflv_e, EX_ser__L_e, EX_thm_e, EX_thr__L_e, EX_trp__L_e, EX_tyr__L_e, EX_val__L_e",0.0,0.0,,0.3726205312140645,0.27353541818303106,,-8.421052631578949,-11.578947368421053
"EX_23camp_e, EX_23cgmp_e, EX_3mb_e, EX_4abut_e, EX_arg__L_e, EX_asn__L_e, EX_bz_e, EX_cit_e, EX_cytd_e, EX_dcyt_e, EX_fe3pyovd_kt_e, EX_fol_e, EX_gam_e, EX_glu__L_e, EX_glyc_e, EX_gthrd_e, EX_his__L_e, EX_ile__L_e, EX_istfrnA_e, EX_lys__L_e, EX_malt_e, EX_mmet_e, EX_nmn_e, EX_phe__L_e, EX_pnto__R_e, EX_pro__L_e, EX_ribflv_e, EX_ser__L_e, EX_thm_e, EX_thr__L_e, EX_trp__L_e, EX_tyr__L_e, EX_val__L_e",0.0,0.0,,0.37262053121406363,0.2750051835766575,,-8.421052631578949,-10.526315789473685
"EX_23camp_e, EX_23cgmp_e, EX_3mb_e, EX_4abut_e, EX_arg__L_e, EX_asn__L_e, EX_bz_e, EX_cit_e, EX_cytd_e, EX_dcyt_e, EX_fe3pyovd_kt_e, EX_fol_e, EX_gam_e, EX_glu__L_e, EX_glyc_e, EX_gthrd_e, EX_his__L_e, EX_ile__L_e, EX_istfrnA_e, EX_lys__L_e, EX_malt_e, EX_mmet_e, EX_nmn_e, EX_phe__L_e, EX_pnto__R_e, EX_pro__L_e, EX_ribflv_e, EX_ser__L_e, EX_thm_e, EX_thr__L_e, EX_trp__L_e, EX_tyr__L_e, EX_val__L_e",0.0,0.0,,0.3726205312140634,0.276472661001955,,-8.421052631578949,-9.473684210526317
"EX_23camp_e, EX_23cgmp_e, EX_3mb_e, EX_4abut_e, EX_arg__L_e, EX_asn__L_e, EX_bz_e, EX_cit_e, EX_cytd_e, EX_dcyt_e, EX_fe3pyovd_kt_e, EX_fol_e, EX_gam_e, EX_glu__L_e, EX_glyc_e, EX_gthrd_e, EX_his__L_e, EX_ile__L_e, EX_istfrnA_e, EX_lys__L_e, EX_malt_e, EX_mmet_e, EX_nmn_e, EX_phe__L_e, EX_pnto__R_e, EX_pro__L_e, EX_ribflv_e, EX_ser__L_e, EX_thm_e, EX_thr__L_e, EX_trp__L_e, EX_tyr__L_e, EX_val__L_e",0.0,0.0,,0.37262053121406097,0.27797424739826465,,-8.421052631578949,-8.421052631578949
"EX_23camp_e, EX_23cgmp_e, EX_3mb_e, EX_4abut_e, EX_arg__L_e, EX_asn__L_e, EX_bz_e, EX_cit_e, EX_cytd_e, EX_dcyt_e, EX_fe3pyovd_kt_e, EX_fol_e, EX_gam_e, EX_glu__L_e, EX_glyc_e, EX_gthrd_e, EX_his__L_e, EX_ile__L_e, EX_istfrnA_e, EX_lys__L_e, EX_malt_e, EX_mmet_e, EX_nmn_e, EX_phe__L_e, EX_pnto__R_e, EX_pro__L_e, EX_ribflv_e, EX_ser__L_e, EX_thm_e, EX_thr__L_e, EX_trp__L_e, EX_tyr__L_e, EX_val__L_e",0.0,0.0,,0.37262053121406424,0.2794922337865333,,-8.421052631578949,-7.368421052631579
"EX_23camp_e, EX_23cgmp_e, EX_3mb_e, EX_4abut_e, EX_arg__L_e, EX_asn__L_e, EX_bz_e, EX_cit_e, EX_cytd_e, EX_dcyt_e, EX_fe3pyovd_kt_e, EX_fol_e, EX_gam_e, EX_glu__L_e, EX_glyc_e, EX_gthrd_e, EX_his__L_e, EX_ile__L_e, EX_istfrnA_e, EX_lys__L_e, EX_malt_e, EX_mmet_e, EX_nmn_e, EX_phe__L_e, EX_pnto__R_e, EX_pro__L_e, EX_ribflv_e, EX_ser__L_e, EX_thm_e, EX_thr__L_e, EX_trp__L_e, EX_tyr__L_e, EX_val__L_e",0.0,0.0,,0.3726205312140634,0.2810268903176021,,-8.421052631578949,-6.315789473684211
"EX_23camp_e, EX_23cgmp_e, EX_3mb_e, EX_4abut_e, EX_arg__L_e, EX_asn__L_e, EX_bz_e, EX_cit_e, EX_cytd_e, EX_dcyt_e, EX_fe3pyovd_kt_e, EX_fol_e, EX_gam_e, EX_glu__L_e, EX_glyc_e, EX_gthrd_e, EX_his__L_e, EX_ile__L_e, EX_istfrnA_e, EX_lys__L_e, EX_malt_e, EX_mmet_e, EX_nmn_e, EX_phe__L_e, EX_pnto__R_e, EX_pro__L_e, EX_ribflv_e, EX_ser__L_e, EX_thm_e, EX_thr__L_e, EX_trp__L_e, EX_tyr__L_e, EX_val__L_e",0.0,0.0,,0.37262053121406413,0.2825784931085409,,-8.421052631578949,-5.2631578947368425
"EX_23camp_e, EX_23cgmp_e, EX_3mb_e, EX_4abut_e, EX_arg__L_e, EX_asn__L_e, EX_bz_e, EX_cit_e, EX_cytd_e, EX_dcyt_e, EX_fe3pyovd_kt_e, EX_fol_e, EX_gam_e, EX_glu__L_e, EX_glyc_e, EX_gthrd_e, EX_his__L_e, EX_ile__L_e, EX_istfrnA_e, EX_lys__L_e, EX_malt_e, EX_mmet_e, EX_nmn_e, EX_phe__L_e, EX_pnto__R_e, EX_pro__L_e, EX_ribflv_e, EX_ser__L_e, EX_thm_e, EX_thr__L_e, EX_trp__L_e, EX_tyr__L_e, EX_val__L_e",0.0,0.0,,0.37262053121407507,0.2786026004538842,,-8.421052631578949,-4.210526315789474
"EX_23camp_e, EX_23cgmp_e, EX_3mb_e, EX_4abut_e, EX_arg__L_e, EX_asn__L_e, EX_bz_e, EX_cit_e, EX_cytd_e, EX_dcyt_e, EX_fe3pyovd_kt_e, EX_fol_e, EX_gam_e, EX_glu__L_e, EX_glyc_e, EX_gthrd_e, EX_his__L_e, EX_ile__L_e, EX_istfrnA_e, EX_lys__L_e, EX_malt_e, EX_mmet_e, EX_nmn_e, EX_phe__L_e, EX_pnto__R_e, EX_pro__L_e, EX_ribflv_e, EX_ser__L_e, EX_thm_e, EX_thr__L_e, EX_trp__L_e, EX_tyr__L_e, EX_val__L_e",0.0,0.0,,0.37256783520527315,0.2777699238247749,,-8.421052631578949,-3.157894736842106
"EX_23camp_e, EX_23cgmp_e, EX_3mb_e, EX_4abut_e, EX_arg__L_e, EX_asn__L_e, EX_bz_e, EX_cit_e, EX_cytd_e, EX_dcyt_e, EX_fe3pyovd_kt_e, EX_fol_e, EX_gam_e, EX_glu__L_e, EX_glyc_e, EX_gthrd_e, EX_his__L_e, EX_ile__L_e, EX_istfrnA_e, EX_lys__L_e, EX_malt_e, EX_mmet_e, EX_nmn_e, EX_phe__L_e, EX_pnto__R_e, EX_pro__L_e, EX_ribflv_e, EX_ser__L_e, EX_thm_e, EX_thr__L_e, EX_trp__L_e, EX_tyr__L_e, EX_val__L_e",0.0,0.0,,0.36426055166039006,0.2752859659600809,,-8.421052631578949,-2.1052631578947363
"EX_23camp_e, EX_23cgmp_e, EX_3mb_e, EX_4abut_e, EX_arg__L_e, EX_asn__L_e, EX_bz_e, EX_cit_e, EX_cytd_e, EX_dcyt_e, EX_fe3pyovd_kt_e, EX_fol_e, EX_gam_e, EX_glu__L_e, EX_glyc_e, EX_gthrd_e, EX_his__L_e, EX_ile__L_e, EX_istfrnA_e, EX_lys__L_e, EX_malt_e, EX_mmet_e, EX_nmn_e, EX_phe__L_e, EX_pnto__R_e, EX_pro__L_e, EX_ribflv_e, EX_ser__L_e, EX_thm_e, EX_thr__L_e, EX_trp__L_e, EX_tyr__L_e, EX_val__L_e",0.0,0.0,,0.3557172046261919,0.2726506598483884,,-8.421052631578949,-1.05263157894737
"EX_23camp_e, EX_23cgmp_e, EX_3mb_e, EX_4abut_e, EX_arg__L_e, EX_asn__L_e, EX_bz_e, EX_cit_e, EX_cytd_e, EX_dcyt_e, EX_fe3pyovd_kt_e, EX_fol_e, EX_gam_e, EX_glu__L_e, EX_glyc_e, EX_gthrd_e, EX_his__L_e, EX_ile__L_e, EX_istfrnA_e, EX_lys__L_e, EX_malt_e, EX_mmet_e, EX_nmn_e, EX_phe__L_e, EX_pnto__R_e, EX_pro__L_e, EX_ribflv_e, EX_ser__L_e, EX_thm_e, EX_thr__L_e, EX_trp__L_e, EX_tyr__L_e, EX_val__L_e",0.0,0.0,,0.3416451066809604,0.2651351718372814,,-8.421052631578949,0.0
"EX_23camp_e, EX_23cgmp_e, EX_3mb_e, EX_4abut_e, EX_arg__L_e, EX_asn__L_e, EX_bz_e, EX_cit_e, EX_cytd_e, EX_dcyt_e, EX_fe3pyovd_kt_e, EX_fol_e, EX_gam_e, EX_glu__L_e, EX_glyc_e, EX_gthrd_e, EX_his__L_e, EX_ile__L_e, EX_istfrnA_e, EX_lys__L_e, EX_malt_e, EX_mmet_e, EX_nmn_e, EX_phe__L_e, EX_pnto__R_e, EX_pro__L_e, EX_ribflv_e, EX_ser__L_e, EX_thm_e, EX_thr__L_e, EX_trp__L_e, EX_tyr__L_e, EX_val__L_e",0.0,0.0,,0.3817142339290265,0.31609612227987166,,-7.368421052631579,-20.0
"EX_23camp_e, EX_23cgmp_e, EX_3mb_e, EX_4abut_e, EX_arg__L_e, EX_asn__L_e, EX_bz_e, EX_cit_e, EX_cytd_e, EX_dcyt_e, EX_fe3pyovd_kt_e, EX_fol_e, EX_gam_e, EX_glu__L_e, EX_glyc_e, EX_gthrd_e, EX_his__L_e, EX_ile__L_e, EX_istfrnA_e, EX_lys__L_e, EX_malt_e, EX_mmet_e, EX_nmn_e, EX_phe__L_e, EX_pnto__R_e, EX_pro__L_e, EX_ribflv_e, EX_ser__L_e, EX_thm_e, EX_thr__L_e, EX_trp__L_e, EX_tyr__L_e, EX_val__L_e",0.0,0.0,,0.38171423392902504,0.31730049213366246,,-7.368421052631579,-18.94736842105263
"EX_23camp_e, EX_23cgmp_e, EX_3mb_e, EX_4abut_e, EX_arg__L_e, EX_asn__L_e, EX_bz_e, EX_cit_e, EX_cytd_e, EX_dcyt_e, EX_fe3pyovd_kt_e, EX_fol_e, EX_gam_e, EX_glu__L_e, EX_glyc_e, EX_gthrd_e, EX_his__L_e, EX_ile__L_e, EX_istfrnA_e, EX_lys__L_e, EX_malt_e, EX_mmet_e, EX_nmn_e, EX_phe__L_e, EX_pnto__R_e, EX_pro__L_e, EX_ribflv_e, EX_ser__L_e, EX_thm_e, EX_thr__L_e, EX_trp__L_e, EX_tyr__L_e, EX_val__L_e",0.0,0.0,,0.3817142339290258,0.3097271522366172,,-7.368421052631579,-17.894736842105264
"EX_23camp_e, EX_23cgmp_e, EX_3mb_e, EX_4abut_e, EX_arg__L_e, EX_asn__L_e, EX_bz_e, EX_cit_e, EX_cytd_e, EX_dcyt_e, EX_fe3pyovd_kt_e, EX_fol_e, EX_gam_e, EX_glu__L_e, EX_glyc_e, EX_gthrd_e, EX_his__L_e, EX_ile__L_e, EX_istfrnA_e, EX_lys__L_e, EX_malt_e, EX_mmet_e, EX_nmn_e, EX_phe__L_e, EX_pnto__R_e, EX_pro__L_e, EX_ribflv_e, EX_ser__L_e, EX_thm_e, EX_thr__L_e, EX_trp__L_e, EX_tyr__L_e, EX_val__L_e",0.0,0.0,,0.3817142339290236,0.30084110824535865,,-7.368421052631579,-16.842105263157894
"EX_23camp_e, EX_23cgmp_e, EX_3mb_e, EX_4abut_e, EX_arg__L_e, EX_asn__L_e, EX_bz_e, EX_cit_e, EX_cytd_e, EX_dcyt_e, EX_fe3pyovd_kt_e, EX_fol_e, EX_gam_e, EX_glu__L_e, EX_glyc_e, EX_gthrd_e, EX_his__L_e, EX_ile__L_e, EX_istfrnA_e, EX_lys__L_e, EX_malt_e, EX_mmet_e, EX_nmn_e, EX_phe__L_e, EX_pnto__R_e, EX_pro__L_e, EX_ribflv_e, EX_ser__L_e, EX_thm_e, EX_thr__L_e, EX_trp__L_e, EX_tyr__L_e, EX_val__L_e",0.0,0.0,,0.3817142339290259,0.29245072343425876,,-7.368421052631579,-15.789473684210527
"EX_23camp_e, EX_23cgmp_e, EX_3mb_e, EX_4abut_e, EX_arg__L_e, EX_asn__L_e, EX_bz_e, EX_cit_e, EX_cytd_e, EX_dcyt_e, EX_fe3pyovd_kt_e, EX_fol_e, EX_gam_e, EX_glu__L_e, EX_glyc_e, EX_gthrd_e, EX_his__L_e, EX_ile__L_e, EX_istfrnA_e, EX_lys__L_e, EX_malt_e, EX_mmet_e, EX_nmn_e, EX_phe__L_e, EX_pnto__R_e, EX_pro__L_e, EX_ribflv_e, EX_ser__L_e, EX_thm_e, EX_thr__L_e, EX_trp__L_e, EX_tyr__L_e, EX_val__L_e",0.0,0.0,,0.3817142339290259,0.28470360637888364,,-7.368421052631579,-14.736842105263158
"EX_23camp_e, EX_23cgmp_e, EX_3mb_e, EX_4abut_e, EX_arg__L_e, EX_asn__L_e, EX_bz_e, EX_cit_e, EX_cytd_e, EX_dcyt_e, EX_fe3pyovd_kt_e, EX_fol_e, EX_gam_e, EX_glu__L_e, EX_glyc_e, EX_gthrd_e, EX_his__L_e, EX_ile__L_e, EX_istfrnA_e, EX_lys__L_e, EX_malt_e, EX_mmet_e, EX_nmn_e, EX_phe__L_e, EX_pnto__R_e, EX_pro__L_e, EX_ribflv_e, EX_ser__L_e, EX_thm_e, EX_thr__L_e, EX_trp__L_e, EX_tyr__L_e, EX_val__L_e",0.0,0.0,,0.38171423392902687,0.2816448368616498,,-7.368421052631579,-13.68421052631579
"EX_23camp_e, EX_23cgmp_e, EX_3mb_e, EX_4abut_e, EX_arg__L_e, EX_asn__L_e, EX_bz_e, EX_cit_e, EX_cytd_e, EX_dcyt_e, EX_fe3pyovd_kt_e, EX_fol_e, EX_gam_e, EX_glu__L_e, EX_glyc_e, EX_gthrd_e, EX_his__L_e, EX_ile__L_e, EX_istfrnA_e, EX_lys__L_e, EX_malt_e, EX_mmet_e, EX_nmn_e, EX_phe__L_e, EX_pnto__R_e, EX_pro__L_e, EX_ribflv_e, EX_ser__L_e, EX_thm_e, EX_thr__L_e, EX_trp__L_e, EX_tyr__L_e, EX_val__L_e",0.0,0.0,,0.381714233929027,0.2786510937116077,,-7.368421052631579,-12.631578947368421
"EX_23camp_e, EX_23cgmp_e, EX_3mb_e, EX_4abut_e, EX_arg__L_e, EX_asn__L_e, EX_bz_e, EX_cit_e, EX_cytd_e, EX_dcyt_e, EX_fe3pyovd_kt_e, EX_fol_e, EX_gam_e, EX_glu__L_e, EX_glyc_e, EX_gthrd_e, EX_his__L_e, EX_ile__L_e, EX_istfrnA_e, EX_lys__L_e, EX_malt_e, EX_mmet_e, EX_nmn_e, EX_phe__L_e, EX_pnto__R_e, EX_pro__L_e, EX_ribflv_e, EX_ser__L_e, EX_thm_e, EX_thr__L_e, EX_trp__L_e, EX_tyr__L_e, EX_val__L_e",0.0,0.0,,0.38171423392902687,0.2781002867557788,,-7.368421052631579,-11.578947368421053
"EX_23camp_e, EX_23cgmp_e, EX_3mb_e, EX_4abut_e, EX_arg__L_e, EX_asn__L_e, EX_bz_e, EX_cit_e, EX_cytd_e, EX_dcyt_e, EX_fe3pyovd_kt_e, EX_fol_e, EX_gam_e, EX_glu__L_e, EX_glyc_e, EX_gthrd_e, EX_his__L_e, EX_ile__L_e, EX_istfrnA_e, EX_lys__L_e, EX_malt_e, EX_mmet_e, EX_nmn_e, EX_phe__L_e, EX_pnto__R_e, EX_pro__L_e, EX_ribflv_e, EX_ser__L_e, EX_thm_e, EX_thr__L_e, EX_trp__L_e, EX_tyr__L_e, EX_val__L_e",0.0,0.0,,0.3817142339290261,0.27958326439723474,,-7.368421052631579,-10.526315789473685
"EX_23camp_e, EX_23cgmp_e, EX_3mb_e, EX_4abut_e, EX_arg__L_e, EX_asn__L_e, EX_bz_e, EX_cit_e, EX_cytd_e, EX_dcyt_e, EX_fe3pyovd_kt_e, EX_fol_e, EX_gam_e, EX_glu__L_e, EX_glyc_e, EX_gthrd_e, EX_his__L_e, EX_ile__L_e, EX_istfrnA_e, EX_lys__L_e, EX_malt_e, EX_mmet_e, EX_nmn_e, EX_phe__L_e, EX_pnto__R_e, EX_pro__L_e, EX_ribflv_e, EX_ser__L_e, EX_thm_e, EX_thr__L_e, EX_trp__L_e, EX_tyr__L_e, EX_val__L_e",0.0,0.0,,0.38171423392902626,0.2810821428707259,,-7.368421052631579,-9.473684210526317
"EX_23camp_e, EX_23cgmp_e, EX_3mb_e, EX_4abut_e, EX_arg__L_e, EX_asn__L_e, EX_bz_e, EX_cit_e, EX_cytd_e, EX_dcyt_e, EX_fe3pyovd_kt_e, EX_fol_e, EX_gam_e, EX_glu__L_e, EX_glyc_e, EX_gthrd_e, EX_his__L_e, EX_ile__L_e, EX_istfrnA_e, EX_lys__L_e, EX_malt_e, EX_mmet_e, EX_nmn_e, EX_phe__L_e, EX_pnto__R_e, EX_pro__L_e, EX_ribflv_e, EX_ser__L_e, EX_thm_e, EX_thr__L_e, EX_trp__L_e, EX_tyr__L_e, EX_val__L_e",0.0,0.0,,0.38171423392902576,0.2825971792933288,,-7.368421052631579,-8.421052631578949
"EX_23camp_e, EX_23cgmp_e, EX_3mb_e, EX_4abut_e, EX_arg__L_e, EX_asn__L_e, EX_bz_e, EX_cit_e, EX_cytd_e, EX_dcyt_e, EX_fe3pyovd_kt_e, EX_fol_e, EX_gam_e, EX_glu__L_e, EX_glyc_e, EX_gthrd_e, EX_his__L_e, EX_ile__L_e, EX_istfrnA_e, EX_lys__L_e, EX_malt_e, EX_mmet_e, EX_nmn_e, EX_phe__L_e, EX_pnto__R_e, EX_pro__L_e, EX_ribflv_e, EX_ser__L_e, EX_thm_e, EX_thr__L_e, EX_trp__L_e, EX_tyr__L_e, EX_val__L_e",0.0,0.0,,0.38171423392902576,0.28412863635561997,,-7.368421052631579,-7.368421052631579
"EX_23camp_e, EX_23cgmp_e, EX_3mb_e, EX_4abut_e, EX_arg__L_e, EX_asn__L_e, EX_bz_e, EX_cit_e, EX_cytd_e, EX_dcyt_e, EX_fe3pyovd_kt_e, EX_fol_e, EX_gam_e, EX_glu__L_e, EX_glyc_e, EX_gthrd_e, EX_his__L_e, EX_ile__L_e, EX_istfrnA_e, EX_lys__L_e, EX_malt_e, EX_mmet_e, EX_nmn_e, EX_phe__L_e, EX_pnto__R_e, EX_pro__L_e, EX_ribflv_e, EX_ser__L_e, EX_thm_e, EX_thr__L_e, EX_trp__L_e, EX_tyr__L_e, EX_val__L_e",0.0,0.0,,0.38171423392902576,0.2856767824735172,,-7.368421052631579,-6.315789473684211
"EX_23camp_e, EX_23cgmp_e, EX_3mb_e, EX_4abut_e, EX_arg__L_e, EX_asn__L_e, EX_bz_e, EX_cit_e, EX_cytd_e, EX_dcyt_e, EX_fe3pyovd_kt_e, EX_fol_e, EX_gam_e, EX_glu__L_e, EX_glyc_e, EX_gthrd_e, EX_his__L_e, EX_ile__L_e, EX_istfrnA_e, EX_lys__L_e, EX_malt_e, EX_mmet_e, EX_nmn_e, EX_phe__L_e, EX_pnto__R_e, EX_pro__L_e, EX_ribflv_e, EX_ser__L_e, EX_thm_e, EX_thr__L_e, EX_trp__L_e, EX_tyr__L_e, EX_val__L_e",0.0,0.0,,0.38171423392902576,0.2872418919451149,,-7.368421052631579,-5.2631578947368425
"EX_23camp_e, EX_23cgmp_e, EX_3mb_e, EX_4abut_e, EX_arg__L_e, EX_asn__L_e, EX_bz_e, EX_cit_e, EX_cytd_e, EX_dcyt_e, EX_fe3pyovd_kt_e, EX_fol_e, EX_gam_e, EX_glu__L_e, EX_glyc_e, EX_gthrd_e, EX_his__L_e, EX_ile__L_e, EX_istfrnA_e, EX_lys__L_e, EX_malt_e, EX_mmet_e, EX_nmn_e, EX_phe__L_e, EX_pnto__R_e, EX_pro__L_e, EX_ribflv_e, EX_ser__L_e, EX_thm_e, EX_thr__L_e, EX_trp__L_e, EX_tyr__L_e, EX_val__L_e",0.0,0.0,,0.38171423392902576,0.281767680768878,,-7.368421052631579,-4.210526315789474
"EX_23camp_e, EX_23cgmp_e, EX_3mb_e, EX_4abut_e, EX_arg__L_e, EX_asn__L_e, EX_bz_e, EX_cit_e, EX_cytd_e, EX_dcyt_e, EX_fe3pyovd_kt_e, EX_fol_e, EX_gam_e, EX_glu__L_e, EX_glyc_e, EX_gthrd_e, EX_his__L_e, EX_ile__L_e, EX_istfrnA_e, EX_lys__L_e, EX_malt_e, EX_mmet_e, EX_nmn_e, EX_phe__L_e, EX_pnto__R_e, EX_pro__L_e, EX_ribflv_e, EX_ser__L_e, EX_thm_e, EX_thr__L_e, EX_trp__L_e, EX_tyr__L_e, EX_val__L_e",0.0,0.0,,0.38012676758104585,0.28117018680514644,,-7.368421052631579,-3.157894736842106
"EX_23camp_e, EX_23cgmp_e, EX_3mb_e, EX_4abut_e, EX_arg__L_e, EX_asn__L_e, EX_bz_e, EX_cit_e, EX_cytd_e, EX_dcyt_e, EX_fe3pyovd_kt_e, EX_fol_e, EX_gam_e, EX_glu__L_e, EX_glyc_e, EX_gthrd_e, EX_his__L_e, EX_ile__L_e, EX_istfrnA_e, EX_lys__L_e, EX_malt_e, EX_mmet_e, EX_nmn_e, EX_phe__L_e, EX_pnto__R_e, EX_pro__L_e, EX_ribflv_e, EX_ser__L_e, EX_thm_e, EX_thr__L_e, EX_trp__L_e, EX_tyr__L_e, EX_val__L_e",0.0,0.0,,0.3715834205468466,0.27867603951679526,,-7.368421052631579,-2.1052631578947363
"EX_23camp_e, EX_23cgmp_e, EX_3mb_e, EX_4abut_e, EX_arg__L_e, EX_asn__L_e, EX_bz_e, EX_cit_e, EX_cytd_e, EX_dcyt_e, EX_fe3pyovd_kt_e, EX_fol_e, EX_gam_e, EX_glu__L_e, EX_glyc_e, EX_gthrd_e, EX_his__L_e, EX_ile__L_e, EX_istfrnA_e, EX_lys__L_e, EX_malt_e, EX_mmet_e, EX_nmn_e, EX_phe__L_e, EX_pnto__R_e, EX_pro__L_e, EX_ribflv_e, EX_ser__L_e, EX_thm_e, EX_thr__L_e, EX_trp__L_e, EX_tyr__L_e, EX_val__L_e",0.0,0.0,,0.3630400735126474,0.2761114893920369,,-7.368421052631579,-1.05263157894737
"EX_23camp_e, EX_23cgmp_e, EX_3mb_e, EX_4abut_e, EX_arg__L_e, EX_asn__L_e, EX_bz_e, EX_cit_e, EX_cytd_e, EX_dcyt_e, EX_fe3pyovd_kt_e, EX_fol_e, EX_gam_e, EX_glu__L_e, EX_glyc_e, EX_gthrd_e, EX_his__L_e, EX_ile__L_e, EX_istfrnA_e, EX_lys__L_e, EX_malt_e, EX_mmet_e, EX_nmn_e, EX_phe__L_e, EX_pnto__R_e, EX_pro__L_e, EX_ribflv_e, EX_ser__L_e, EX_thm_e, EX_thr__L_e, EX_trp__L_e, EX_tyr__L_e, EX_val__L_e",0.0,0.0,,0.3481317055191079,0.26824771469023867,,-7.368421052631579,0.0
"EX_23camp_e, EX_23cgmp_e, EX_3mb_e, EX_4abut_e, EX_arg__L_e, EX_asn__L_e, EX_bz_e, EX_cit_e, EX_cytd_e, EX_dcyt_e, EX_fe3pyovd_kt_e, EX_fol_e, EX_gam_e, EX_glu__L_e, EX_glyc_e, EX_gthrd_e, EX_his__L_e, EX_ile__L_e, EX_istfrnA_e, EX_lys__L_e, EX_malt_e, EX_mmet_e, EX_nmn_e, EX_phe__L_e, EX_pnto__R_e, EX_pro__L_e, EX_ribflv_e, EX_ser__L_e, EX_thm_e, EX_thr__L_e, EX_trp__L_e, EX_tyr__L_e, EX_val__L_e",0.0,0.0,,0.39080793664398844,0.30227055201128017,,-6.315789473684211,-20.0
"EX_23camp_e, EX_23cgmp_e, EX_3mb_e, EX_4abut_e, EX_arg__L_e, EX_asn__L_e, EX_bz_e, EX_cit_e, EX_cytd_e, EX_dcyt_e, EX_fe3pyovd_kt_e, EX_fol_e, EX_gam_e, EX_glu__L_e, EX_glyc_e, EX_gthrd_e, EX_his__L_e, EX_ile__L_e, EX_istfrnA_e, EX_lys__L_e, EX_malt_e, EX_mmet_e, EX_nmn_e, EX_phe__L_e, EX_pnto__R_e, EX_pro__L_e, EX_ribflv_e, EX_ser__L_e, EX_thm_e, EX_thr__L_e, EX_trp__L_e, EX_tyr__L_e, EX_val__L_e",0.0,0.0,,0.3908079366439882,0.30398230509243285,,-6.315789473684211,-18.94736842105263
"EX_23camp_e, EX_23cgmp_e, EX_3mb_e, EX_4abut_e, EX_arg__L_e, EX_asn__L_e, EX_bz_e, EX_cit_e, EX_cytd_e, EX_dcyt_e, EX_fe3pyovd_kt_e, EX_fol_e, EX_gam_e, EX_glu__L_e, EX_glyc_e, EX_gthrd_e, EX_his__L_e, EX_ile__L_e, EX_istfrnA_e, EX_lys__L_e, EX_malt_e, EX_mmet_e, EX_nmn_e, EX_phe__L_e, EX_pnto__R_e, EX_pro__L_e, EX_ribflv_e, EX_ser__L_e, EX_thm_e, EX_thr__L_e, EX_trp__L_e, EX_tyr__L_e, EX_val__L_e",0.0,0.0,,0.3908079366439882,0.3057135558467282,,-6.315789473684211,-17.894736842105264
"EX_23camp_e, EX_23cgmp_e, EX_3mb_e, EX_4abut_e, EX_arg__L_e, EX_asn__L_e, EX_bz_e, EX_cit_e, EX_cytd_e, EX_dcyt_e, EX_fe3pyovd_kt_e, EX_fol_e, EX_gam_e, EX_glu__L_e, EX_glyc_e, EX_gthrd_e, EX_his__L_e, EX_ile__L_e, EX_istfrnA_e, EX_lys__L_e, EX_malt_e, EX_mmet_e, EX_nmn_e, EX_phe__L_e, EX_pnto__R_e, EX_pro__L_e, EX_ribflv_e, EX_ser__L_e, EX_thm_e, EX_thr__L_e, EX_trp__L_e, EX_tyr__L_e, EX_val__L_e",0.0,0.0,,0.3908079366439882,0.30746463931380474,,-6.315789473684211,-16.842105263157894
"EX_23camp_e, EX_23cgmp_e, EX_3mb_e, EX_4abut_e, EX_arg__L_e, EX_asn__L_e, EX_bz_e, EX_cit_e, EX_cytd_e, EX_dcyt_e, EX_fe3pyovd_kt_e, EX_fol_e, EX_gam_e, EX_glu__L_e, EX_glyc_e, EX_gthrd_e, EX_his__L_e, EX_ile__L_e, EX_istfrnA_e, EX_lys__L_e, EX_malt_e, EX_mmet_e, EX_nmn_e, EX_phe__L_e, EX_pnto__R_e, EX_pro__L_e, EX_ribflv_e, EX_ser__L_e, EX_thm_e, EX_thr__L_e, EX_trp__L_e, EX_tyr__L_e, EX_val__L_e",0.0,0.0,,0.3908079366439882,0.309235898253759,,-6.315789473684211,-15.789473684210527
"EX_23camp_e, EX_23cgmp_e, EX_3mb_e, EX_4abut_e, EX_arg__L_e, EX_asn__L_e, EX_bz_e, EX_cit_e, EX_cytd_e, EX_dcyt_e, EX_fe3pyovd_kt_e, EX_fol_e, EX_gam_e, EX_glu__L_e, EX_glyc_e, EX_gthrd_e, EX_his__L_e, EX_ile__L_e, EX_istfrnA_e, EX_lys__L_e, EX_malt_e, EX_mmet_e, EX_nmn_e, EX_phe__L_e, EX_pnto__R_e, EX_pro__L_e, EX_ribflv_e, EX_ser__L_e, EX_thm_e, EX_thr__L_e, EX_trp__L_e, EX_tyr__L_e, EX_val__L_e",0.0,0.0,,0.3908079366439882,0.3118777897097992,,-6.315789473684211,-14.736842105263158
"EX_23camp_e, EX_23cgmp_e, EX_3mb_e, EX_4abut_e, EX_arg__L_e, EX_asn__L_e, EX_bz_e, EX_cit_e, EX_cytd_e, EX_dcyt_e, EX_fe3pyovd_kt_e, EX_fol_e, EX_gam_e, EX_glu__L_e, EX_glyc_e, EX_gthrd_e, EX_his__L_e, EX_ile__L_e, EX_istfrnA_e, EX_lys__L_e, EX_malt_e, EX_mmet_e, EX_nmn_e, EX_phe__L_e, EX_pnto__R_e, EX_pro__L_e, EX_ribflv_e, EX_ser__L_e, EX_thm_e, EX_thr__L_e, EX_trp__L_e, EX_tyr__L_e, EX_val__L_e",0.0,0.0,,0.3908079366439885,0.3109972181812791,,-6.315789473684211,-13.68421052631579
"EX_23camp_e, EX_23cgmp_e, EX_3mb_e, EX_4abut_e, EX_arg__L_e, EX_asn__L_e, EX_bz_e, EX_cit_e, EX_cytd_e, EX_dcyt_e, EX_fe3pyovd_kt_e, EX_fol_e, EX_gam_e, EX_glu__L_e, EX_glyc_e, EX_gthrd_e, EX_his__L_e, EX_ile__L_e, EX_istfrnA_e, EX_lys__L_e, EX_malt_e, EX_mmet_e, EX_nmn_e, EX_phe__L_e, EX_pnto__R_e, EX_pro__L_e, EX_ribflv_e, EX_ser__L_e, EX_thm_e, EX_thr__L_e, EX_trp__L_e, EX_tyr__L_e, EX_val__L_e",0.0,0.0,,0.3908079366439887,0.3022417781153081,,-6.315789473684211,-12.631578947368421
"EX_23camp_e, EX_23cgmp_e, EX_3mb_e, EX_4abut_e, EX_arg__L_e, EX_asn__L_e, EX_bz_e, EX_cit_e, EX_cytd_e, EX_dcyt_e, EX_fe3pyovd_kt_e, EX_fol_e, EX_gam_e, EX_glu__L_e, EX_glyc_e, EX_gthrd_e, EX_his__L_e, EX_ile__L_e, EX_istfrnA_e, EX_lys__L_e, EX_malt_e, EX_mmet_e, EX_nmn_e, EX_phe__L_e, EX_pnto__R_e, EX_pro__L_e, EX_ribflv_e, EX_ser__L_e, EX_thm_e, EX_thr__L_e, EX_trp__L_e, EX_tyr__L_e, EX_val__L_e",0.0,0.0,,0.3908079366439887,0.29444697919559026,,-6.315789473684211,-11.578947368421053
"EX_23camp_e, EX_23cgmp_e, EX_3mb_e, EX_4abut_e, EX_arg__L_e, EX_asn__L_e, EX_bz_e, EX_cit_e, EX_cytd_e, EX_dcyt_e, EX_fe3pyovd_kt_e, EX_fol_e, EX_gam_e, EX_glu__L_e, EX_glyc_e, EX_gthrd_e, EX_his__L_e, EX_ile__L_e, EX_istfrnA_e, EX_lys__L_e, EX_malt_e, EX_mmet_e, EX_nmn_e, EX_phe__L_e, EX_pnto__R_e, EX_pro__L_e, EX_ribflv_e, EX_ser__L_e, EX_thm_e, EX_thr__L_e, EX_trp__L_e, EX_tyr__L_e, EX_val__L_e",0.0,0.0,,0.3908079366439897,0.320807589269994,,-6.315789473684211,-10.526315789473685
"EX_23camp_e, EX_23cgmp_e, EX_3mb_e, EX_4abut_e, EX_arg__L_e, EX_asn__L_e, EX_bz_e, EX_cit_e, EX_cytd_e, EX_dcyt_e, EX_fe3pyovd_kt_e, EX_fol_e, EX_gam_e, EX_glu__L_e, EX_glyc_e, EX_gthrd_e, EX_his__L_e, EX_ile__L_e, EX_istfrnA_e, EX_lys__L_e, EX_malt_e, EX_mmet_e, EX_nmn_e, EX_phe__L_e, EX_pnto__R_e, EX_pro__L_e, EX_ribflv_e, EX_ser__L_e, EX_thm_e, EX_thr__L_e, EX_trp__L_e, EX_tyr__L_e, EX_val__L_e",0.0,0.0,,0.3908079366439881,0.32273639975824364,,-6.315789473684211,-9.473684210526317
"EX_23camp_e, EX_23cgmp_e, EX_3mb_e, EX_4abut_e, EX_arg__L_e, EX_asn__L_e, EX_bz_e, EX_cit_e, EX_cytd_e, EX_dcyt_e, EX_fe3pyovd_kt_e, EX_fol_e, EX_gam_e, EX_glu__L_e, EX_glyc_e, EX_gthrd_e, EX_his__L_e, EX_ile__L_e, EX_istfrnA_e, EX_lys__L_e, EX_malt_e, EX_mmet_e, EX_nmn_e, EX_phe__L_e, EX_pnto__R_e, EX_pro__L_e, EX_ribflv_e, EX_ser__L_e, EX_thm_e, EX_thr__L_e, EX_trp__L_e, EX_tyr__L_e, EX_val__L_e",0.0,0.0,,0.39080793664398805,0.31653776544196804,,-6.315789473684211,-8.421052631578949
"EX_23camp_e, EX_23cgmp_e, EX_3mb_e, EX_4abut_e, EX_arg__L_e, EX_asn__L_e, EX_bz_e, EX_cit_e, EX_cytd_e, EX_dcyt_e, EX_fe3pyovd_kt_e, EX_fol_e, EX_gam_e, EX_glu__L_e, EX_glyc_e, EX_gthrd_e, EX_his__L_e, EX_ile__L_e, EX_istfrnA_e, EX_lys__L_e, EX_malt_e, EX_mmet_e, EX_nmn_e, EX_phe__L_e, EX_pnto__R_e, EX_pro__L_e, EX_ribflv_e, EX_ser__L_e, EX_thm_e, EX_thr__L_e, EX_trp__L_e, EX_tyr__L_e, EX_val__L_e",0.0,0.0,,0.3908079366439889,0.30747212964630816,,-6.315789473684211,-7.368421052631579
"EX_23camp_e, EX_23cgmp_e, EX_3mb_e, EX_4abut_e, EX_arg__L_e, EX_asn__L_e, EX_bz_e, EX_cit_e, EX_cytd_e, EX_dcyt_e, EX_fe3pyovd_kt_e, EX_fol_e, EX_gam_e, EX_glu__L_e, EX_glyc_e, EX_gthrd_e, EX_his__L_e, EX_ile__L_e, EX_istfrnA_e, EX_lys__L_e, EX_malt_e, EX_mmet_e, EX_nmn_e, EX_phe__L_e, EX_pnto__R_e, EX_pro__L_e, EX_ribflv_e, EX_ser__L_e, EX_thm_e, EX_thr__L_e, EX_trp__L_e, EX_tyr__L_e, EX_val__L_e",0.0,0.0,,0.3908079366439889,0.29891131506607216,,-6.315789473684211,-6.315789473684211
"EX_23camp_e, EX_23cgmp_e, EX_3mb_e, EX_4abut_e, EX_arg__L_e, EX_asn__L_e, EX_bz_e, EX_cit_e, EX_cytd_e, EX_dcyt_e, EX_fe3pyovd_kt_e, EX_fol_e, EX_gam_e, EX_glu__L_e, EX_glyc_e, EX_gthrd_e, EX_his__L_e, EX_ile__L_e, EX_istfrnA_e, EX_lys__L_e, EX_malt_e, EX_mmet_e, EX_nmn_e, EX_phe__L_e, EX_pnto__R_e, EX_pro__L_e, EX_ribflv_e, EX_ser__L_e, EX_thm_e, EX_thr__L_e, EX_trp__L_e, EX_tyr__L_e, EX_val__L_e",0.0,0.0,,0.3908079366439889,0.29081429736281383,,-6.315789473684211,-5.2631578947368425
"EX_23camp_e, EX_23cgmp_e, EX_3mb_e, EX_4abut_e, EX_arg__L_e, EX_asn__L_e, EX_bz_e, EX_cit_e, EX_cytd_e, EX_dcyt_e, EX_fe3pyovd_kt_e, EX_fol_e, EX_gam_e, EX_glu__L_e, EX_glyc_e, EX_gthrd_e, EX_his__L_e, EX_ile__L_e, EX_istfrnA_e, EX_lys__L_e, EX_malt_e, EX_mmet_e, EX_nmn_e, EX_phe__L_e, EX_pnto__R_e, EX_pro__L_e, EX_ribflv_e, EX_ser__L_e, EX_thm_e, EX_thr__L_e, EX_trp__L_e, EX_tyr__L_e, EX_val__L_e",0.0,0.0,,0.3908079366439889,0.2867591169774971,,-6.315789473684211,-4.210526315789474
"EX_23camp_e, EX_23cgmp_e, EX_3mb_e, EX_4abut_e, EX_arg__L_e, EX_asn__L_e, EX_bz_e, EX_cit_e, EX_cytd_e, EX_dcyt_e, EX_fe3pyovd_kt_e, EX_fol_e, EX_gam_e, EX_glu__L_e, EX_glyc_e, EX_gthrd_e, EX_his__L_e, EX_ile__L_e, EX_istfrnA_e, EX_lys__L_e, EX_malt_e, EX_mmet_e, EX_nmn_e, EX_phe__L_e, EX_pnto__R_e, EX_pro__L_e, EX_ribflv_e, EX_ser__L_e, EX_thm_e, EX_thr__L_e, EX_trp__L_e, EX_tyr__L_e, EX_val__L_e",0.0,0.0,,0.3874496364675024,0.2846668799993673,,-6.315789473684211,-3.157894736842106
"EX_23camp_e, EX_23cgmp_e, EX_3mb_e, EX_4abut_e, EX_arg__L_e, EX_asn__L_e, EX_bz_e, EX_cit_e, EX_cytd_e, EX_dcyt_e, EX_fe3pyovd_kt_e, EX_fol_e, EX_gam_e, EX_glu__L_e, EX_glyc_e, EX_gthrd_e, EX_his__L_e, EX_ile__L_e, EX_istfrnA_e, EX_lys__L_e, EX_malt_e, EX_mmet_e, EX_nmn_e, EX_phe__L_e, EX_pnto__R_e, EX_pro__L_e, EX_ribflv_e, EX_ser__L_e, EX_thm_e, EX_thr__L_e, EX_trp__L_e, EX_tyr__L_e, EX_val__L_e",0.0,0.0,,0.3789062894333024,0.28223546614285017,,-6.315789473684211,-2.1052631578947363
"EX_23camp_e, EX_23cgmp_e, EX_3mb_e, EX_4abut_e, EX_arg__L_e, EX_asn__L_e, EX_bz_e, EX_cit_e, EX_cytd_e, EX_dcyt_e, EX_fe3pyovd_kt_e, EX_fol_e, EX_gam_e, EX_glu__L_e, EX_glyc_e, EX_gthrd_e, EX_his__L_e, EX_ile__L_e, EX_istfrnA_e, EX_lys__L_e, EX_malt_e, EX_mmet_e, EX_nmn_e, EX_phe__L_e, EX_pnto__R_e, EX_pro__L_e, EX_ribflv_e, EX_ser__L_e, EX_thm_e, EX_thr__L_e, EX_trp__L_e, EX_tyr__L_e, EX_val__L_e",0.0,0.0,,0.3703629423991033,0.27973593850615885,,-6.315789473684211,-1.05263157894737
"EX_23camp_e, EX_23cgmp_e, EX_3mb_e, EX_4abut_e, EX_arg__L_e, EX_asn__L_e, EX_bz_e, EX_cit_e, EX_cytd_e, EX_dcyt_e, EX_fe3pyovd_kt_e, EX_fol_e, EX_gam_e, EX_glu__L_e, EX_glyc_e, EX_gthrd_e, EX_his__L_e, EX_ile__L_e, EX_istfrnA_e, EX_lys__L_e, EX_malt_e, EX_mmet_e, EX_nmn_e, EX_phe__L_e, EX_pnto__R_e, EX_pro__L_e, EX_ribflv_e, EX_ser__L_e, EX_thm_e, EX_thr__L_e, EX_trp__L_e, EX_tyr__L_e, EX_val__L_e",0.0,0.0,,0.3546183043572551,0.2715208066832658,,-6.315789473684211,0.0
"EX_23camp_e, EX_23cgmp_e, EX_3mb_e, EX_4abut_e, EX_arg__L_e, EX_asn__L_e, EX_bz_e, EX_cit_e, EX_cytd_e, EX_dcyt_e, EX_fe3pyovd_kt_e, EX_fol_e, EX_gam_e, EX_glu__L_e, EX_glyc_e, EX_gthrd_e, EX_his__L_e, EX_ile__L_e, EX_istfrnA_e, EX_lys__L_e, EX_malt_e, EX_mmet_e, EX_nmn_e, EX_phe__L_e, EX_pnto__R_e, EX_pro__L_e, EX_ribflv_e, EX_ser__L_e, EX_thm_e, EX_thr__L_e, EX_trp__L_e, EX_tyr__L_e, EX_val__L_e",0.0,0.0,,0.39990163935895123,0.32396103921693714,,-5.2631578947368425,-20.0
"EX_23camp_e, EX_23cgmp_e, EX_3mb_e, EX_4abut_e, EX_arg__L_e, EX_asn__L_e, EX_bz_e, EX_cit_e, EX_cytd_e, EX_dcyt_e, EX_fe3pyovd_kt_e, EX_fol_e, EX_gam_e, EX_glu__L_e, EX_glyc_e, EX_gthrd_e, EX_his__L_e, EX_ile__L_e, EX_istfrnA_e, EX_lys__L_e, EX_malt_e, EX_mmet_e, EX_nmn_e, EX_phe__L_e, EX_pnto__R_e, EX_pro__L_e, EX_ribflv_e, EX_ser__L_e, EX_thm_e, EX_thr__L_e, EX_trp__L_e, EX_tyr__L_e, EX_val__L_e",0.0,0.0,,0.39990163935895023,0.323961039216936,,-5.2631578947368425,-18.94736842105263
"EX_23camp_e, EX_23cgmp_e, EX_3mb_e, EX_4abut_e, EX_arg__L_e, EX_asn__L_e, EX_bz_e, EX_cit_e, EX_cytd_e, EX_dcyt_e, EX_fe3pyovd_kt_e, EX_fol_e, EX_gam_e, EX_glu__L_e, EX_glyc_e, EX_gthrd_e, EX_his__L_e, EX_ile__L_e, EX_istfrnA_e, EX_lys__L_e, EX_malt_e, EX_mmet_e, EX_nmn_e, EX_phe__L_e, EX_pnto__R_e, EX_pro__L_e, EX_ribflv_e, EX_ser__L_e, EX_thm_e, EX_thr__L_e, EX_trp__L_e, EX_tyr__L_e, EX_val__L_e",0.0,0.0,,0.39990163935895023,0.323961039216936,,-5.2631578947368425,-17.894736842105264
"EX_23camp_e, EX_23cgmp_e, EX_3mb_e, EX_4abut_e, EX_arg__L_e, EX_asn__L_e, EX_bz_e, EX_cit_e, EX_cytd_e, EX_dcyt_e, EX_fe3pyovd_kt_e, EX_fol_e, EX_gam_e, EX_glu__L_e, EX_glyc_e, EX_gthrd_e, EX_his__L_e, EX_ile__L_e, EX_istfrnA_e, EX_lys__L_e, EX_malt_e, EX_mmet_e, EX_nmn_e, EX_phe__L_e, EX_pnto__R_e, EX_pro__L_e, EX_ribflv_e, EX_ser__L_e, EX_thm_e, EX_thr__L_e, EX_trp__L_e, EX_tyr__L_e, EX_val__L_e",0.0,0.0,,0.39990163935895023,0.323961039216936,,-5.2631578947368425,-16.842105263157894
"EX_23camp_e, EX_23cgmp_e, EX_3mb_e, EX_4abut_e, EX_arg__L_e, EX_asn__L_e, EX_bz_e, EX_cit_e, EX_cytd_e, EX_dcyt_e, EX_fe3pyovd_kt_e, EX_fol_e, EX_gam_e, EX_glu__L_e, EX_glyc_e, EX_gthrd_e, EX_his__L_e, EX_ile__L_e, EX_istfrnA_e, EX_lys__L_e, EX_malt_e, EX_mmet_e, EX_nmn_e, EX_phe__L_e, EX_pnto__R_e, EX_pro__L_e, EX_ribflv_e, EX_ser__L_e, EX_thm_e, EX_thr__L_e, EX_trp__L_e, EX_tyr__L_e, EX_val__L_e",0.0,0.0,,0.3999016393589506,0.3249626223239034,,-5.2631578947368425,-15.789473684210527
"EX_23camp_e, EX_23cgmp_e, EX_3mb_e, EX_4abut_e, EX_arg__L_e, EX_asn__L_e, EX_bz_e, EX_cit_e, EX_cytd_e, EX_dcyt_e, EX_fe3pyovd_kt_e, EX_fol_e, EX_gam_e, EX_glu__L_e, EX_glyc_e, EX_gthrd_e, EX_his__L_e, EX_ile__L_e, EX_istfrnA_e, EX_lys__L_e, EX_malt_e, EX_mmet_e, EX_nmn_e, EX_phe__L_e, EX_pnto__R_e, EX_pro__L_e, EX_ribflv_e, EX_ser__L_e, EX_thm_e, EX_thr__L_e, EX_trp__L_e, EX_tyr__L_e, EX_val__L_e",0.0,0.0,,0.3999016393589519,0.32497424115844037,,-5.2631578947368425,-14.736842105263158
"EX_23camp_e, EX_23cgmp_e, EX_3mb_e, EX_4abut_e, EX_arg__L_e, EX_asn__L_e, EX_bz_e, EX_cit_e, EX_cytd_e, EX_dcyt_e, EX_fe3pyovd_kt_e, EX_fol_e, EX_gam_e, EX_glu__L_e, EX_glyc_e, EX_gthrd_e, EX_his__L_e, EX_ile__L_e, EX_istfrnA_e, EX_lys__L_e, EX_malt_e, EX_mmet_e, EX_nmn_e, EX_phe__L_e, EX_pnto__R_e, EX_pro__L_e, EX_ribflv_e, EX_ser__L_e, EX_thm_e, EX_thr__L_e, EX_trp__L_e, EX_tyr__L_e, EX_val__L_e",0.0,0.0,,0.3999016393589504,0.31982601825236207,,-5.2631578947368425,-13.68421052631579
"EX_23camp_e, EX_23cgmp_e, EX_3mb_e, EX_4abut_e, EX_arg__L_e, EX_asn__L_e, EX_bz_e, EX_cit_e, EX_cytd_e, EX_dcyt_e, EX_fe3pyovd_kt_e, EX_fol_e, EX_gam_e, EX_glu__L_e, EX_glyc_e, EX_gthrd_e, EX_his__L_e, EX_ile__L_e, EX_istfrnA_e, EX_lys__L_e, EX_malt_e, EX_mmet_e, EX_nmn_e, EX_phe__L_e, EX_pnto__R_e, EX_pro__L_e, EX_ribflv_e, EX_ser__L_e, EX_thm_e, EX_thr__L_e, EX_trp__L_e, EX_tyr__L_e, EX_val__L_e",0.0,0.0,,0.3999016393589509,0.31077824777440793,,-5.2631578947368425,-12.631578947368421
"EX_23camp_e, EX_23cgmp_e, EX_3mb_e, EX_4abut_e, EX_arg__L_e, EX_asn__L_e, EX_bz_e, EX_cit_e, EX_cytd_e, EX_dcyt_e, EX_fe3pyovd_kt_e, EX_fol_e, EX_gam_e, EX_glu__L_e, EX_glyc_e, EX_gthrd_e, EX_his__L_e, EX_ile__L_e, EX_istfrnA_e, EX_lys__L_e, EX_malt_e, EX_mmet_e, EX_nmn_e, EX_phe__L_e, EX_pnto__R_e, EX_pro__L_e, EX_ribflv_e, EX_ser__L_e, EX_thm_e, EX_thr__L_e, EX_trp__L_e, EX_tyr__L_e, EX_val__L_e",0.0,0.0,,0.3999016393589509,0.30222831052869614,,-5.2631578947368425,-11.578947368421053
"EX_23camp_e, EX_23cgmp_e, EX_3mb_e, EX_4abut_e, EX_arg__L_e, EX_asn__L_e, EX_bz_e, EX_cit_e, EX_cytd_e, EX_dcyt_e, EX_fe3pyovd_kt_e, EX_fol_e, EX_gam_e, EX_glu__L_e, EX_glyc_e, EX_gthrd_e, EX_his__L_e, EX_ile__L_e, EX_istfrnA_e, EX_lys__L_e, EX_malt_e, EX_mmet_e, EX_nmn_e, EX_phe__L_e, EX_pnto__R_e, EX_pro__L_e, EX_ribflv_e, EX_ser__L_e, EX_thm_e, EX_thr__L_e, EX_trp__L_e, EX_tyr__L_e, EX_val__L_e",0.0,0.0,,0.3999016393589509,0.2941362184111932,,-5.2631578947368425,-10.526315789473685
"EX_23camp_e, EX_23cgmp_e, EX_3mb_e, EX_4abut_e, EX_arg__L_e, EX_asn__L_e, EX_bz_e, EX_cit_e, EX_cytd_e, EX_dcyt_e, EX_fe3pyovd_kt_e, EX_fol_e, EX_gam_e, EX_glu__L_e, EX_glyc_e, EX_gthrd_e, EX_his__L_e, EX_ile__L_e, EX_istfrnA_e, EX_lys__L_e, EX_malt_e, EX_mmet_e, EX_nmn_e, EX_phe__L_e, EX_pnto__R_e, EX_pro__L_e, EX_ribflv_e, EX_ser__L_e, EX_thm_e, EX_thr__L_e, EX_trp__L_e, EX_tyr__L_e, EX_val__L_e",0.0,0.0,,0.39990163935895107,0.2912671320843446,,-5.2631578947368425,-9.473684210526317
"EX_23camp_e, EX_23cgmp_e, EX_3mb_e, EX_4abut_e, EX_arg__L_e, EX_asn__L_e, EX_bz_e, EX_cit_e, EX_cytd_e, EX_dcyt_e, EX_fe3pyovd_kt_e, EX_fol_e, EX_gam_e, EX_glu__L_e, EX_glyc_e, EX_gthrd_e, EX_his__L_e, EX_ile__L_e, EX_istfrnA_e, EX_lys__L_e, EX_malt_e, EX_mmet_e, EX_nmn_e, EX_phe__L_e, EX_pnto__R_e, EX_pro__L_e, EX_ribflv_e, EX_ser__L_e, EX_thm_e, EX_thr__L_e, EX_trp__L_e, EX_tyr__L_e, EX_val__L_e",0.0,0.0,,0.39990163935895096,0.2912671320843447,,-5.2631578947368425,-8.421052631578949
"EX_23camp_e, EX_23cgmp_e, EX_3mb_e, EX_4abut_e, EX_arg__L_e, EX_asn__L_e, EX_bz_e, EX_cit_e, EX_cytd_e, EX_dcyt_e, EX_fe3pyovd_kt_e, EX_fol_e, EX_gam_e, EX_glu__L_e, EX_glyc_e, EX_gthrd_e, EX_his__L_e, EX_ile__L_e, EX_istfrnA_e, EX_lys__L_e, EX_malt_e, EX_mmet_e, EX_nmn_e, EX_phe__L_e, EX_pnto__R_e, EX_pro__L_e, EX_ribflv_e, EX_ser__L_e, EX_thm_e, EX_thr__L_e, EX_trp__L_e, EX_tyr__L_e, EX_val__L_e",0.0,0.0,,0.39990163935895096,0.2912671320843447,,-5.2631578947368425,-7.368421052631579
"EX_23camp_e, EX_23cgmp_e, EX_3mb_e, EX_4abut_e, EX_arg__L_e, EX_asn__L_e, EX_bz_e, EX_cit_e, EX_cytd_e, EX_dcyt_e, EX_fe3pyovd_kt_e, EX_fol_e, EX_gam_e, EX_glu__L_e, EX_glyc_e, EX_gthrd_e, EX_his__L_e, EX_ile__L_e, EX_istfrnA_e, EX_lys__L_e, EX_malt_e, EX_mmet_e, EX_nmn_e, EX_phe__L_e, EX_pnto__R_e, EX_pro__L_e, EX_ribflv_e, EX_ser__L_e, EX_thm_e, EX_thr__L_e, EX_trp__L_e, EX_tyr__L_e, EX_val__L_e",0.0,0.0,,0.39990163935895096,0.2912671320843447,,-5.2631578947368425,-6.315789473684211
"EX_23camp_e, EX_23cgmp_e, EX_3mb_e, EX_4abut_e, EX_arg__L_e, EX_asn__L_e, EX_bz_e, EX_cit_e, EX_cytd_e, EX_dcyt_e, EX_fe3pyovd_kt_e, EX_fol_e, EX_gam_e, EX_glu__L_e, EX_glyc_e, EX_gthrd_e, EX_his__L_e, EX_ile__L_e, EX_istfrnA_e, EX_lys__L_e, EX_malt_e, EX_mmet_e, EX_nmn_e, EX_phe__L_e, EX_pnto__R_e, EX_pro__L_e, EX_ribflv_e, EX_ser__L_e, EX_thm_e, EX_thr__L_e, EX_trp__L_e, EX_tyr__L_e, EX_val__L_e",0.0,0.0,,0.39990163935895096,0.2912671320843447,,-5.2631578947368425,-5.2631578947368425
"EX_23camp_e, EX_23cgmp_e, EX_3mb_e, EX_4abut_e, EX_arg__L_e, EX_asn__L_e, EX_bz_e, EX_cit_e, EX_cytd_e, EX_dcyt_e, EX_fe3pyovd_kt_e, EX_fol_e, EX_gam_e, EX_glu__L_e, EX_glyc_e, EX_gthrd_e, EX_his__L_e, EX_ile__L_e, EX_istfrnA_e, EX_lys__L_e, EX_malt_e, EX_mmet_e, EX_nmn_e, EX_phe__L_e, EX_pnto__R_e, EX_pro__L_e, EX_ribflv_e, EX_ser__L_e, EX_thm_e, EX_thr__L_e, EX_trp__L_e, EX_tyr__L_e, EX_val__L_e",0.0,0.0,,0.39990163935895096,0.28710801453548135,,-5.2631578947368425,-4.210526315789474
"EX_23camp_e, EX_23cgmp_e, EX_3mb_e, EX_4abut_e, EX_arg__L_e, EX_asn__L_e, EX_bz_e, EX_cit_e, EX_cytd_e, EX_dcyt_e, EX_fe3pyovd_kt_e, EX_fol_e, EX_gam_e, EX_glu__L_e, EX_glyc_e, EX_gthrd_e, EX_his__L_e, EX_ile__L_e, EX_istfrnA_e, EX_lys__L_e, EX_malt_e, EX_mmet_e, EX_nmn_e, EX_phe__L_e, EX_pnto__R_e, EX_pro__L_e, EX_ribflv_e, EX_ser__L_e, EX_thm_e, EX_thr__L_e, EX_trp__L_e, EX_tyr__L_e, EX_val__L_e",0.0,0.0,,0.39477250535395825,0.2880040645788927,,-5.2631578947368425,-3.157894736842106
"EX_23camp_e, EX_23cgmp_e, EX_3mb_e, EX_4abut_e, EX_arg__L_e, EX_asn__L_e, EX_bz_e, EX_cit_e, EX_cytd_e, EX_dcyt_e, EX_fe3pyovd_kt_e, EX_fol_e, EX_gam_e, EX_glu__L_e, EX_glyc_e, EX_gthrd_e, EX_his__L_e, EX_ile__L_e, EX_istfrnA_e, EX_lys__L_e, EX_malt_e, EX_mmet_e, EX_nmn_e, EX_phe__L_e, EX_pnto__R_e, EX_pro__L_e, EX_ribflv_e, EX_ser__L_e, EX_thm_e, EX_thr__L_e, EX_trp__L_e, EX_tyr__L_e, EX_val__L_e",0.0,0.0,,0.38622915831975957,0.28563578150129787,,-5.2631578947368425,-2.1052631578947363
"EX_23camp_e, EX_23cgmp_e, EX_3mb_e, EX_4abut_e, EX_arg__L_e, EX_asn__L_e, EX_bz_e, EX_cit_e, EX_cytd_e, EX_dcyt_e, EX_fe3pyovd_kt_e, EX_fol_e, EX_gam_e, EX_glu__L_e, EX_glyc_e, EX_gthrd_e, EX_his__L_e, EX_ile__L_e, EX_istfrnA_e, EX_lys__L_e, EX_malt_e, EX_mmet_e, EX_nmn_e, EX_phe__L_e, EX_pnto__R_e, EX_pro__L_e, EX_ribflv_e, EX_ser__L_e, EX_thm_e, EX_thr__L_e, EX_trp__L_e, EX_tyr__L_e, EX_val__L_e",0.0,0.0,,0.3776858112855607,0.283201633521281,,-5.2631578947368425,-1.05263157894737
"EX_23camp_e, EX_23cgmp_e, EX_3mb_e, EX_4abut_e, EX_arg__L_e, EX_asn__L_e, EX_bz_e, EX_cit_e, EX_cytd_e, EX_dcyt_e, EX_fe3pyovd_kt_e, EX_fol_e, EX_gam_e, EX_glu__L_e, EX_glyc_e, EX_gthrd_e, EX_his__L_e, EX_ile__L_e, EX_istfrnA_e, EX_lys__L_e, EX_malt_e, EX_mmet_e, EX_nmn_e, EX_phe__L_e, EX_pnto__R_e, EX_pro__L_e, EX_ribflv_e, EX_ser__L_e, EX_thm_e, EX_thr__L_e, EX_trp__L_e, EX_tyr__L_e, EX_val__L_e",0.0,0.0,,0.3611049031954029,0.27464996917031004,,-5.2631578947368425,0.0
"EX_23camp_e, EX_23cgmp_e, EX_3mb_e, EX_4abut_e, EX_arg__L_e, EX_asn__L_e, EX_bz_e, EX_cit_e, EX_cytd_e, EX_dcyt_e, EX_fe3pyovd_kt_e, EX_fol_e, EX_gam_e, EX_glu__L_e, EX_glyc_e, EX_gthrd_e, EX_his__L_e, EX_ile__L_e, EX_istfrnA_e, EX_lys__L_e, EX_malt_e, EX_mmet_e, EX_nmn_e, EX_phe__L_e, EX_pnto__R_e, EX_pro__L_e, EX_ribflv_e, EX_ser__L_e, EX_thm_e, EX_thr__L_e, EX_trp__L_e, EX_tyr__L_e, EX_val__L_e",0.0,0.0,,0.40899534207391375,0.31349505929210325,,-4.210526315789474,-20.0
"EX_23camp_e, EX_23cgmp_e, EX_3mb_e, EX_4abut_e, EX_arg__L_e, EX_asn__L_e, EX_bz_e, EX_cit_e, EX_cytd_e, EX_dcyt_e, EX_fe3pyovd_kt_e, EX_fol_e, EX_gam_e, EX_glu__L_e, EX_glyc_e, EX_gthrd_e, EX_his__L_e, EX_ile__L_e, EX_istfrnA_e, EX_lys__L_e, EX_malt_e, EX_mmet_e, EX_nmn_e, EX_phe__L_e, EX_pnto__R_e, EX_pro__L_e, EX_ribflv_e, EX_ser__L_e, EX_thm_e, EX_thr__L_e, EX_trp__L_e, EX_tyr__L_e, EX_val__L_e",0.0,0.0,,0.40899534207391314,0.3152543343891252,,-4.210526315789474,-18.94736842105263
"EX_23camp_e, EX_23cgmp_e, EX_3mb_e, EX_4abut_e, EX_arg__L_e, EX_asn__L_e, EX_bz_e, EX_cit_e, EX_cytd_e, EX_dcyt_e, EX_fe3pyovd_kt_e, EX_fol_e, EX_gam_e, EX_glu__L_e, EX_glyc_e, EX_gthrd_e, EX_his__L_e, EX_ile__L_e, EX_istfrnA_e, EX_lys__L_e, EX_malt_e, EX_mmet_e, EX_nmn_e, EX_phe__L_e, EX_pnto__R_e, EX_pro__L_e, EX_ribflv_e, EX_ser__L_e, EX_thm_e, EX_thr__L_e, EX_trp__L_e, EX_tyr__L_e, EX_val__L_e",0.0,0.0,,0.40899534207391314,0.3170702966611693,,-4.210526315789474,-17.894736842105264
"EX_23camp_e, EX_23cgmp_e, EX_3mb_e, EX_4abut_e, EX_arg__L_e, EX_asn__L_e, EX_bz_e, EX_cit_e, EX_cytd_e, EX_dcyt_e, EX_fe3pyovd_kt_e, EX_fol_e, EX_gam_e, EX_glu__L_e, EX_glyc_e, EX_gthrd_e, EX_his__L_e, EX_ile__L_e, EX_istfrnA_e, EX_lys__L_e, EX_malt_e, EX_mmet_e, EX_nmn_e, EX_phe__L_e, EX_pnto__R_e, EX_pro__L_e, EX_ribflv_e, EX_ser__L_e, EX_thm_e, EX_thr__L_e, EX_trp__L_e, EX_tyr__L_e, EX_val__L_e",0.0,0.0,,0.40899534207391286,0.31879700571884517,,-4.210526315789474,-16.842105263157894
"EX_23camp_e, EX_23cgmp_e, EX_3mb_e, EX_4abut_e, EX_arg__L_e, EX_asn__L_e, EX_bz_e, EX_cit_e, EX_cytd_e, EX_dcyt_e, EX_fe3pyovd_kt_e, EX_fol_e, EX_gam_e, EX_glu__L_e, EX_glyc_e, EX_gthrd_e, EX_his__L_e, EX_ile__L_e, EX_istfrnA_e, EX_lys__L_e, EX_malt_e, EX_mmet_e, EX_nmn_e, EX_phe__L_e, EX_pnto__R_e, EX_pro__L_e, EX_ribflv_e, EX_ser__L_e, EX_thm_e, EX_thr__L_e, EX_trp__L_e, EX_tyr__L_e, EX_val__L_e",0.0,0.0,,0.40899534207391464,0.3206164637467873,,-4.210526315789474,-15.789473684210527
"EX_23camp_e, EX_23cgmp_e, EX_3mb_e, EX_4abut_e, EX_arg__L_e, EX_asn__L_e, EX_bz_e, EX_cit_e, EX_cytd_e, EX_dcyt_e, EX_fe3pyovd_kt_e, EX_fol_e, EX_gam_e, EX_glu__L_e, EX_glyc_e, EX_gthrd_e, EX_his__L_e, EX_ile__L_e, EX_istfrnA_e, EX_lys__L_e, EX_malt_e, EX_mmet_e, EX_nmn_e, EX_phe__L_e, EX_pnto__R_e, EX_pro__L_e, EX_ribflv_e, EX_ser__L_e, EX_thm_e, EX_thr__L_e, EX_trp__L_e, EX_tyr__L_e, EX_val__L_e",0.0,0.0,,0.40899534207391464,0.32245680923214937,,-4.210526315789474,-14.736842105263158
"EX_23camp_e, EX_23cgmp_e, EX_3mb_e, EX_4abut_e, EX_arg__L_e, EX_asn__L_e, EX_bz_e, EX_cit_e, EX_cytd_e, EX_dcyt_e, EX_fe3pyovd_kt_e, EX_fol_e, EX_gam_e, EX_glu__L_e, EX_glyc_e, EX_gthrd_e, EX_his__L_e, EX_ile__L_e, EX_istfrnA_e, EX_lys__L_e, EX_malt_e, EX_mmet_e, EX_nmn_e, EX_phe__L_e, EX_pnto__R_e, EX_pro__L_e, EX_ribflv_e, EX_ser__L_e, EX_thm_e, EX_thr__L_e, EX_trp__L_e, EX_tyr__L_e, EX_val__L_e",0.0,0.0,,0.40899534207391464,0.3139525471414642,,-4.210526315789474,-13.68421052631579
"EX_23camp_e, EX_23cgmp_e, EX_3mb_e, EX_4abut_e, EX_arg__L_e, EX_asn__L_e, EX_bz_e, EX_cit_e, EX_cytd_e, EX_dcyt_e, EX_fe3pyovd_kt_e, EX_fol_e, EX_gam_e, EX_glu__L_e, EX_glyc_e, EX_gthrd_e, EX_his__L_e, EX_ile__L_e, EX_istfrnA_e, EX_lys__L_e, EX_malt_e, EX_mmet_e, EX_nmn_e, EX_phe__L_e, EX_pnto__R_e, EX_pro__L_e, EX_ribflv_e, EX_ser__L_e, EX_thm_e, EX_thr__L_e, EX_trp__L_e, EX_tyr__L_e, EX_val__L_e",0.0,0.0,,0.40899534207391375,0.30541818829079603,,-4.210526315789474,-12.631578947368421
"EX_23camp_e, EX_23cgmp_e, EX_3mb_e, EX_4abut_e, EX_arg__L_e, EX_asn__L_e, EX_bz_e, EX_cit_e, EX_cytd_e, EX_dcyt_e, EX_fe3pyovd_kt_e, EX_fol_e, EX_gam_e, EX_glu__L_e, EX_glyc_e, EX_gthrd_e, EX_his__L_e, EX_ile__L_e, EX_istfrnA_e, EX_lys__L_e, EX_malt_e, EX_mmet_e, EX_nmn_e, EX_phe__L_e, EX_pnto__R_e, EX_pro__L_e, EX_ribflv_e, EX_ser__L_e, EX_thm_e, EX_thr__L_e, EX_trp__L_e, EX_tyr__L_e, EX_val__L_e",0.0,0.0,,0.4089953420739135,0.2995807901498989,,-4.210526315789474,-11.578947368421053
"EX_23camp_e, EX_23cgmp_e, EX_3mb_e, EX_4abut_e, EX_arg__L_e, EX_asn__L_e, EX_bz_e, EX_cit_e, EX_cytd_e, EX_dcyt_e, EX_fe3pyovd_kt_e, EX_fol_e, EX_gam_e, EX_glu__L_e, EX_glyc_e, EX_gthrd_e, EX_his__L_e, EX_ile__L_e, EX_istfrnA_e, EX_lys__L_e, EX_malt_e, EX_mmet_e, EX_nmn_e, EX_phe__L_e, EX_pnto__R_e, EX_pro__L_e, EX_ribflv_e, EX_ser__L_e, EX_thm_e, EX_thr__L_e, EX_trp__L_e, EX_tyr__L_e, EX_val__L_e",0.0,0.0,,0.4089953420739129,0.3265521609242997,,-4.210526315789474,-10.526315789473685
"EX_23camp_e, EX_23cgmp_e, EX_3mb_e, EX_4abut_e, EX_arg__L_e, EX_asn__L_e, EX_bz_e, EX_cit_e, EX_cytd_e, EX_dcyt_e, EX_fe3pyovd_kt_e, EX_fol_e, EX_gam_e, EX_glu__L_e, EX_glyc_e, EX_gthrd_e, EX_his__L_e, EX_ile__L_e, EX_istfrnA_e, EX_lys__L_e, EX_malt_e, EX_mmet_e, EX_nmn_e, EX_phe__L_e, EX_pnto__R_e, EX_pro__L_e, EX_ribflv_e, EX_ser__L_e, EX_thm_e, EX_thr__L_e, EX_trp__L_e, EX_tyr__L_e, EX_val__L_e",0.0,0.0,,0.4089953420739135,0.3284614821403949,,-4.210526315789474,-9.473684210526317
"EX_23camp_e, EX_23cgmp_e, EX_3mb_e, EX_4abut_e, EX_arg__L_e, EX_asn__L_e, EX_bz_e, EX_cit_e, EX_cytd_e, EX_dcyt_e, EX_fe3pyovd_kt_e, EX_fol_e, EX_gam_e, EX_glu__L_e, EX_glyc_e, EX_gthrd_e, EX_his__L_e, EX_ile__L_e, EX_istfrnA_e, EX_lys__L_e, EX_malt_e, EX_mmet_e, EX_nmn_e, EX_phe__L_e, EX_pnto__R_e, EX_pro__L_e, EX_ribflv_e, EX_ser__L_e, EX_thm_e, EX_thr__L_e, EX_trp__L_e, EX_tyr__L_e, EX_val__L_e",0.0,0.0,,0.4089953420739135,0.3205409822319863,,-4.210526315789474,-8.421052631578949
"EX_23camp_e, EX_23cgmp_e, EX_3mb_e, EX_4abut_e, EX_arg__L_e, EX_asn__L_e, EX_bz_e, EX_cit_e, EX_cytd_e, EX_dcyt_e, EX_fe3pyovd_kt_e, EX_fol_e, EX_gam_e, EX_glu__L_e, EX_glyc_e, EX_gthrd_e, EX_his__L_e, EX_ile__L_e, EX_istfrnA_e, EX_lys__L_e, EX_malt_e, EX_mmet_e, EX_nmn_e, EX_phe__L_e, EX_pnto__R_e, EX_pro__L_e, EX_ribflv_e, EX_ser__L_e, EX_thm_e, EX_thr__L_e, EX_trp__L_e, EX_tyr__L_e, EX_val__L_e",0.0,0.0,,0.40899534207391425,0.3116497423385148,,-4.210526315789474,-7.368421052631579
"EX_23camp_e, EX_23cgmp_e, EX_3mb_e, EX_4abut_e, EX_arg__L_e, EX_asn__L_e, EX_bz_e, EX_cit_e, EX_cytd_e, EX_dcyt_e, EX_fe3pyovd_kt_e, EX_fol_e, EX_gam_e, EX_glu__L_e, EX_glyc_e, EX_gthrd_e, EX_his__L_e, EX_ile__L_e, EX_istfrnA_e, EX_lys__L_e, EX_malt_e, EX_mmet_e, EX_nmn_e, EX_phe__L_e, EX_pnto__R_e, EX_pro__L_e, EX_ribflv_e, EX_ser__L_e, EX_thm_e, EX_thr__L_e, EX_trp__L_e, EX_tyr__L_e, EX_val__L_e",0.0,0.0,,0.4089953420739142,0.303238444245108,,-4.210526315789474,-6.315789473684211
"EX_23camp_e, EX_23cgmp_e, EX_3mb_e, EX_4abut_e, EX_arg__L_e, EX_asn__L_e, EX_bz_e, EX_cit_e, EX_cytd_e, EX_dcyt_e, EX_fe3pyovd_kt_e, EX_fol_e, EX_gam_e, EX_glu__L_e, EX_glyc_e, EX_gthrd_e, EX_his__L_e, EX_ile__L_e, EX_istfrnA_e, EX_lys__L_e, EX_malt_e, EX_mmet_e, EX_nmn_e, EX_phe__L_e, EX_pnto__R_e, EX_pro__L_e, EX_ribflv_e, EX_ser__L_e, EX_thm_e, EX_thr__L_e, EX_trp__L_e, EX_tyr__L_e, EX_val__L_e",0.0,0.0,,0.40899534207391425,0.2952692489176031,,-4.210526315789474,-5.2631578947368425
"EX_23camp_e, EX_23cgmp_e, EX_3mb_e, EX_4abut_e, EX_arg__L_e, EX_asn__L_e, EX_bz_e, EX_cit_e, EX_cytd_e, EX_dcyt_e, EX_fe3pyovd_kt_e, EX_fol_e, EX_gam_e, EX_glu__L_e, EX_glyc_e, EX_gthrd_e, EX_his__L_e, EX_ile__L_e, EX_istfrnA_e, EX_lys__L_e, EX_malt_e, EX_mmet_e, EX_nmn_e, EX_phe__L_e, EX_pnto__R_e, EX_pro__L_e, EX_ribflv_e, EX_ser__L_e, EX_thm_e, EX_thr__L_e, EX_trp__L_e, EX_tyr__L_e, EX_val__L_e",0.0,0.0,,0.4089953420739158,0.2918390842806321,,-4.210526315789474,-4.210526315789474
"EX_23camp_e, EX_23cgmp_e, EX_3mb_e, EX_4abut_e, EX_arg__L_e, EX_asn__L_e, EX_bz_e, EX_cit_e, EX_cytd_e, EX_dcyt_e, EX_fe3pyovd_kt_e, EX_fol_e, EX_gam_e, EX_glu__L_e, EX_glyc_e, EX_gthrd_e, EX_his__L_e, EX_ile__L_e, EX_istfrnA_e, EX_lys__L_e, EX_malt_e, EX_mmet_e, EX_nmn_e, EX_phe__L_e, EX_pnto__R_e, EX_pro__L_e, EX_ribflv_e, EX_ser__L_e, EX_thm_e, EX_thr__L_e, EX_trp__L_e, EX_tyr__L_e, EX_val__L_e",0.0,0.0,,0.40209537424040914,0.29129456422117483,,-4.210526315789474,-3.157894736842106
"EX_23camp_e, EX_23cgmp_e, EX_3mb_e, EX_4abut_e, EX_arg__L_e, EX_asn__L_e, EX_bz_e, EX_cit_e, EX_cytd_e, EX_dcyt_e, EX_fe3pyovd_kt_e, EX_fol_e, EX_gam_e, EX_glu__L_e, EX_glyc_e, EX_gthrd_e, EX_his__L_e, EX_ile__L_e, EX_istfrnA_e, EX_lys__L_e, EX_malt_e, EX_mmet_e, EX_nmn_e, EX_phe__L_e, EX_pnto__R_e, EX_pro__L_e, EX_ribflv_e, EX_ser__L_e, EX_thm_e, EX_thr__L_e, EX_trp__L_e, EX_tyr__L_e, EX_val__L_e",0.0,0.0,,0.3935520272062157,0.28898788099929384,,-4.210526315789474,-2.1052631578947363
"EX_23camp_e, EX_23cgmp_e, EX_3mb_e, EX_4abut_e, EX_arg__L_e, EX_asn__L_e, EX_bz_e, EX_cit_e, EX_cytd_e, EX_dcyt_e, EX_fe3pyovd_kt_e, EX_fol_e, EX_gam_e, EX_glu__L_e, EX_glyc_e, EX_gthrd_e, EX_his__L_e, EX_ile__L_e, EX_istfrnA_e, EX_lys__L_e, EX_malt_e, EX_mmet_e, EX_nmn_e, EX_phe__L_e, EX_pnto__R_e, EX_pro__L_e, EX_ribflv_e, EX_ser__L_e, EX_thm_e, EX_thr__L_e, EX_trp__L_e, EX_tyr__L_e, EX_val__L_e",0.0,0.0,,0.3850086801720167,0.28661750715296513,,-4.210526315789474,-1.05263157894737
"EX_23camp_e, EX_23cgmp_e, EX_3mb_e, EX_4abut_e, EX_arg__L_e, EX_asn__L_e, EX_bz_e, EX_cit_e, EX_cytd_e, EX_dcyt_e, EX_fe3pyovd_kt_e, EX_fol_e, EX_gam_e, EX_glu__L_e, EX_glyc_e, EX_gthrd_e, EX_his__L_e, EX_ile__L_e, EX_istfrnA_e, EX_lys__L_e, EX_malt_e, EX_mmet_e, EX_nmn_e, EX_phe__L_e, EX_pnto__R_e, EX_pro__L_e, EX_ribflv_e, EX_ser__L_e, EX_thm_e, EX_thr__L_e, EX_trp__L_e, EX_tyr__L_e, EX_val__L_e",0.0,0.0,,0.3675915020335509,0.27773781566004135,,-4.210526315789474,0.0
"EX_23camp_e, EX_23cgmp_e, EX_3mb_e, EX_4abut_e, EX_arg__L_e, EX_asn__L_e, EX_bz_e, EX_cit_e, EX_cytd_e, EX_dcyt_e, EX_fe3pyovd_kt_e, EX_fol_e, EX_gam_e, EX_glu__L_e, EX_glyc_e, EX_gthrd_e, EX_his__L_e, EX_ile__L_e, EX_istfrnA_e, EX_lys__L_e, EX_malt_e, EX_mmet_e, EX_nmn_e, EX_phe__L_e, EX_pnto__R_e, EX_pro__L_e, EX_ribflv_e, EX_ser__L_e, EX_thm_e, EX_thr__L_e, EX_trp__L_e, EX_tyr__L_e, EX_val__L_e",0.0,0.0,,0.41808904478887615,0.33287542810638004,,-3.157894736842106,-20.0
"EX_23camp_e, EX_23cgmp_e, EX_3mb_e, EX_4abut_e, EX_arg__L_e, EX_asn__L_e, EX_bz_e, EX_cit_e, EX_cytd_e, EX_dcyt_e, EX_fe3pyovd_kt_e, EX_fol_e, EX_gam_e, EX_glu__L_e, EX_glyc_e, EX_gthrd_e, EX_his__L_e, EX_ile__L_e, EX_istfrnA_e, EX_lys__L_e, EX_malt_e, EX_mmet_e, EX_nmn_e, EX_phe__L_e, EX_pnto__R_e, EX_pro__L_e, EX_ribflv_e, EX_ser__L_e, EX_thm_e, EX_thr__L_e, EX_trp__L_e, EX_tyr__L_e, EX_val__L_e",0.0,0.0,,0.41808904478887626,0.33287542810638,,-3.157894736842106,-18.94736842105263
"EX_23camp_e, EX_23cgmp_e, EX_3mb_e, EX_4abut_e, EX_arg__L_e, EX_asn__L_e, EX_bz_e, EX_cit_e, EX_cytd_e, EX_dcyt_e, EX_fe3pyovd_kt_e, EX_fol_e, EX_gam_e, EX_glu__L_e, EX_glyc_e, EX_gthrd_e, EX_his__L_e, EX_ile__L_e, EX_istfrnA_e, EX_lys__L_e, EX_malt_e, EX_mmet_e, EX_nmn_e, EX_phe__L_e, EX_pnto__R_e, EX_pro__L_e, EX_ribflv_e, EX_ser__L_e, EX_thm_e, EX_thr__L_e, EX_trp__L_e, EX_tyr__L_e, EX_val__L_e",0.0,0.0,,0.41808904478887626,0.33287542810638,,-3.157894736842106,-17.894736842105264
"EX_23camp_e, EX_23cgmp_e, EX_3mb_e, EX_4abut_e, EX_arg__L_e, EX_asn__L_e, EX_bz_e, EX_cit_e, EX_cytd_e, EX_dcyt_e, EX_fe3pyovd_kt_e, EX_fol_e, EX_gam_e, EX_glu__L_e, EX_glyc_e, EX_gthrd_e, EX_his__L_e, EX_ile__L_e, EX_istfrnA_e, EX_lys__L_e, EX_malt_e, EX_mmet_e, EX_nmn_e, EX_phe__L_e, EX_pnto__R_e, EX_pro__L_e, EX_ribflv_e, EX_ser__L_e, EX_thm_e, EX_thr__L_e, EX_trp__L_e, EX_tyr__L_e, EX_val__L_e",0.0,0.0,,0.41808904478887626,0.33347070149507485,,-3.157894736842106,-16.842105263157894
"EX_23camp_e, EX_23cgmp_e, EX_3mb_e, EX_4abut_e, EX_arg__L_e, EX_asn__L_e, EX_bz_e, EX_cit_e, EX_cytd_e, EX_dcyt_e, EX_fe3pyovd_kt_e, EX_fol_e, EX_gam_e, EX_glu__L_e, EX_glyc_e, EX_gthrd_e, EX_his__L_e, EX_ile__L_e, EX_istfrnA_e, EX_lys__L_e, EX_malt_e, EX_mmet_e, EX_nmn_e, EX_phe__L_e, EX_pnto__R_e, EX_pro__L_e, EX_ribflv_e, EX_ser__L_e, EX_thm_e, EX_thr__L_e, EX_trp__L_e, EX_tyr__L_e, EX_val__L_e",0.0,0.0,,0.4180890447888765,0.3356844213484347,,-3.157894736842106,-15.789473684210527
"EX_23camp_e, EX_23cgmp_e, EX_3mb_e, EX_4abut_e, EX_arg__L_e, EX_asn__L_e, EX_bz_e, EX_cit_e, EX_cytd_e, EX_dcyt_e, EX_fe3pyovd_kt_e, EX_fol_e, EX_gam_e, EX_glu__L_e, EX_glyc_e, EX_gthrd_e, EX_his__L_e, EX_ile__L_e, EX_istfrnA_e, EX_lys__L_e, EX_malt_e, EX_mmet_e, EX_nmn_e, EX_phe__L_e, EX_pnto__R_e, EX_pro__L_e, EX_ribflv_e, EX_ser__L_e, EX_thm_e, EX_thr__L_e, EX_trp__L_e, EX_tyr__L_e, EX_val__L_e",0.0,0.0,,0.41808904478889297,0.3345705712581495,,-3.157894736842106,-14.736842105263158
"EX_23camp_e, EX_23cgmp_e, EX_3mb_e, EX_4abut_e, EX_arg__L_e, EX_asn__L_e, EX_bz_e, EX_cit_e, EX_cytd_e, EX_dcyt_e, EX_fe3pyovd_kt_e, EX_fol_e, EX_gam_e, EX_glu__L_e, EX_glyc_e, EX_gthrd_e, EX_his__L_e, EX_ile__L_e, EX_istfrnA_e, EX_lys__L_e, EX_malt_e, EX_mmet_e, EX_nmn_e, EX_phe__L_e, EX_pnto__R_e, EX_pro__L_e, EX_ribflv_e, EX_ser__L_e, EX_thm_e, EX_thr__L_e, EX_trp__L_e, EX_tyr__L_e, EX_val__L_e",0.0,0.0,,0.41808904478887593,0.32510020981946813,,-3.157894736842106,-13.68421052631579
"EX_23camp_e, EX_23cgmp_e, EX_3mb_e, EX_4abut_e, EX_arg__L_e, EX_asn__L_e, EX_bz_e, EX_cit_e, EX_cytd_e, EX_dcyt_e, EX_fe3pyovd_kt_e, EX_fol_e, EX_gam_e, EX_glu__L_e, EX_glyc_e, EX_gthrd_e, EX_his__L_e, EX_ile__L_e, EX_istfrnA_e, EX_lys__L_e, EX_malt_e, EX_mmet_e, EX_nmn_e, EX_phe__L_e, EX_pnto__R_e, EX_pro__L_e, EX_ribflv_e, EX_ser__L_e, EX_thm_e, EX_thr__L_e, EX_trp__L_e, EX_tyr__L_e, EX_val__L_e",0.0,0.0,,0.41808904478887593,0.31647699423216635,,-3.157894736842106,-12.631578947368421
"EX_23camp_e, EX_23cgmp_e, EX_3mb_e, EX_4abut_e, EX_arg__L_e, EX_asn__L_e, EX_bz_e, EX_cit_e, EX_cytd_e, EX_dcyt_e, EX_fe3pyovd_kt_e, EX_fol_e, EX_gam_e, EX_glu__L_e, EX_glyc_e, EX_gthrd_e, EX_his__L_e, EX_ile__L_e, EX_istfrnA_e, EX_lys__L_e, EX_malt_e, EX_mmet_e, EX_nmn_e, EX_phe__L_e, EX_pnto__R_e, EX_pro__L_e, EX_ribflv_e, EX_ser__L_e, EX_thm_e, EX_thr__L_e, EX_trp__L_e, EX_tyr__L_e, EX_val__L_e",0.0,0.0,,0.418089044788874,0.3019674781263706,,-3.157894736842106,-11.578947368421053
"EX_23camp_e, EX_23cgmp_e, EX_3mb_e, EX_4abut_e, EX_arg__L_e, EX_asn__L_e, EX_bz_e, EX_cit_e, EX_cytd_e, EX_dcyt_e, EX_fe3pyovd_kt_e, EX_fol_e, EX_gam_e, EX_glu__L_e, EX_glyc_e, EX_gthrd_e, EX_his__L_e, EX_ile__L_e, EX_istfrnA_e, EX_lys__L_e, EX_malt_e, EX_mmet_e, EX_nmn_e, EX_phe__L_e, EX_pnto__R_e, EX_pro__L_e, EX_ribflv_e, EX_ser__L_e, EX_thm_e, EX_thr__L_e, EX_trp__L_e, EX_tyr__L_e, EX_val__L_e",0.0,0.0,,0.41808904478887626,0.335573908262616,,-3.157894736842106,-10.526315789473685
"EX_23camp_e, EX_23cgmp_e, EX_3mb_e, EX_4abut_e, EX_arg__L_e, EX_asn__L_e, EX_bz_e, EX_cit_e, EX_cytd_e, EX_dcyt_e, EX_fe3pyovd_kt_e, EX_fol_e, EX_gam_e, EX_glu__L_e, EX_glyc_e, EX_gthrd_e, EX_his__L_e, EX_ile__L_e, EX_istfrnA_e, EX_lys__L_e, EX_malt_e, EX_mmet_e, EX_nmn_e, EX_phe__L_e, EX_pnto__R_e, EX_pro__L_e, EX_ribflv_e, EX_ser__L_e, EX_thm_e, EX_thr__L_e, EX_trp__L_e, EX_tyr__L_e, EX_val__L_e",0.0,0.0,,0.4180890447888764,0.33618978072055666,,-3.157894736842106,-9.473684210526317
"EX_23camp_e, EX_23cgmp_e, EX_3mb_e, EX_4abut_e, EX_arg__L_e, EX_asn__L_e, EX_bz_e, EX_cit_e, EX_cytd_e, EX_dcyt_e, EX_fe3pyovd_kt_e, EX_fol_e, EX_gam_e, EX_glu__L_e, EX_glyc_e, EX_gthrd_e, EX_his__L_e, EX_ile__L_e, EX_istfrnA_e, EX_lys__L_e, EX_malt_e, EX_mmet_e, EX_nmn_e, EX_phe__L_e, EX_pnto__R_e, EX_pro__L_e, EX_ribflv_e, EX_ser__L_e, EX_thm_e, EX_thr__L_e, EX_trp__L_e, EX_tyr__L_e, EX_val__L_e",0.0,0.0,,0.41808904478887277,0.3266288404803478,,-3.157894736842106,-8.421052631578949
"EX_23camp_e, EX_23cgmp_e, EX_3mb_e, EX_4abut_e, EX_arg__L_e, EX_asn__L_e, EX_bz_e, EX_cit_e, EX_cytd_e, EX_dcyt_e, EX_fe3pyovd_kt_e, EX_fol_e, EX_gam_e, EX_glu__L_e, EX_glyc_e, EX_gthrd_e, EX_his__L_e, EX_ile__L_e, EX_istfrnA_e, EX_lys__L_e, EX_malt_e, EX_mmet_e, EX_nmn_e, EX_phe__L_e, EX_pnto__R_e, EX_pro__L_e, EX_ribflv_e, EX_ser__L_e, EX_thm_e, EX_thr__L_e, EX_trp__L_e, EX_tyr__L_e, EX_val__L_e",0.0,0.0,,0.41808904478887277,0.31759667182460966,,-3.157894736842106,-7.368421052631579
"EX_23camp_e, EX_23cgmp_e, EX_3mb_e, EX_4abut_e, EX_arg__L_e, EX_asn__L_e, EX_bz_e, EX_cit_e, EX_cytd_e, EX_dcyt_e, EX_fe3pyovd_kt_e, EX_fol_e, EX_gam_e, EX_glu__L_e, EX_glyc_e, EX_gthrd_e, EX_his__L_e, EX_ile__L_e, EX_istfrnA_e, EX_lys__L_e, EX_malt_e, EX_mmet_e, EX_nmn_e, EX_phe__L_e, EX_pnto__R_e, EX_pro__L_e, EX_ribflv_e, EX_ser__L_e, EX_thm_e, EX_thr__L_e, EX_trp__L_e, EX_tyr__L_e, EX_val__L_e",0.0,0.0,,0.41808904478887277,0.30905058924026646,,-3.157894736842106,-6.315789473684211
"EX_23camp_e, EX_23cgmp_e, EX_3mb_e, EX_4abut_e, EX_arg__L_e, EX_asn__L_e, EX_bz_e, EX_cit_e, EX_cytd_e, EX_dcyt_e, EX_fe3pyovd_kt_e, EX_fol_e, EX_gam_e, EX_glu__L_e, EX_glyc_e, EX_gthrd_e, EX_his__L_e, EX_ile__L_e, EX_istfrnA_e, EX_lys__L_e, EX_malt_e, EX_mmet_e, EX_nmn_e, EX_phe__L_e, EX_pnto__R_e, EX_pro__L_e, EX_ribflv_e, EX_ser__L_e, EX_thm_e, EX_thr__L_e, EX_trp__L_e, EX_tyr__L_e, EX_val__L_e",0.0,0.0,,0.41808904478887277,0.30095238125409296,,-3.157894736842106,-5.2631578947368425
"EX_23camp_e, EX_23cgmp_e, EX_3mb_e, EX_4abut_e, EX_arg__L_e, EX_asn__L_e, EX_bz_e, EX_cit_e, EX_cytd_e, EX_dcyt_e, EX_fe3pyovd_kt_e, EX_fol_e, EX_gam_e, EX_glu__L_e, EX_glyc_e, EX_gthrd_e, EX_his__L_e, EX_ile__L_e, EX_istfrnA_e, EX_lys__L_e, EX_malt_e, EX_mmet_e, EX_nmn_e, EX_phe__L_e, EX_pnto__R_e, EX_pro__L_e, EX_ribflv_e, EX_ser__L_e, EX_thm_e, EX_thr__L_e, EX_trp__L_e, EX_tyr__L_e, EX_val__L_e",0.0,0.0,,0.4177966508029867,0.29686286457472943,,-3.157894736842106,-4.210526315789474
"EX_23camp_e, EX_23cgmp_e, EX_3mb_e, EX_4abut_e, EX_arg__L_e, EX_asn__L_e, EX_bz_e, EX_cit_e, EX_cytd_e, EX_dcyt_e, EX_fe3pyovd_kt_e, EX_fol_e, EX_gam_e, EX_glu__L_e, EX_glyc_e, EX_gthrd_e, EX_his__L_e, EX_ile__L_e, EX_istfrnA_e, EX_lys__L_e, EX_malt_e, EX_mmet_e, EX_nmn_e, EX_phe__L_e, EX_pnto__R_e, EX_pro__L_e, EX_ribflv_e, EX_ser__L_e, EX_thm_e, EX_thr__L_e, EX_trp__L_e, EX_tyr__L_e, EX_val__L_e",0.0,0.0,,0.40941824312687075,0.29453935175727164,,-3.157894736842106,-3.157894736842106
"EX_23camp_e, EX_23cgmp_e, EX_3mb_e, EX_4abut_e, EX_arg__L_e, EX_asn__L_e, EX_bz_e, EX_cit_e, EX_cytd_e, EX_dcyt_e, EX_fe3pyovd_kt_e, EX_fol_e, EX_gam_e, EX_glu__L_e, EX_glyc_e, EX_gthrd_e, EX_his__L_e, EX_ile__L_e, EX_istfrnA_e, EX_lys__L_e, EX_malt_e, EX_mmet_e, EX_nmn_e, EX_phe__L_e, EX_pnto__R_e, EX_pro__L_e, EX_ribflv_e, EX_ser__L_e, EX_thm_e, EX_thr__L_e, EX_trp__L_e, EX_tyr__L_e, EX_val__L_e",0.0,0.0,,0.40087489609267163,0.2922927829554004,,-3.157894736842106,-2.1052631578947363
"EX_23camp_e, EX_23cgmp_e, EX_3mb_e, EX_4abut_e, EX_arg__L_e, EX_asn__L_e, EX_bz_e, EX_cit_e, EX_cytd_e, EX_dcyt_e, EX_fe3pyovd_kt_e, EX_fol_e, EX_gam_e, EX_glu__L_e, EX_glyc_e, EX_gthrd_e, EX_his__L_e, EX_ile__L_e, EX_istfrnA_e, EX_lys__L_e, EX_malt_e, EX_mmet_e, EX_nmn_e, EX_phe__L_e, EX_pnto__R_e, EX_pro__L_e, EX_ribflv_e, EX_ser__L_e, EX_thm_e, EX_thr__L_e, EX_trp__L_e, EX_tyr__L_e, EX_val__L_e",0.0,0.0,,0.39233154905847256,0.28998462605143954,,-3.157894736842106,-1.05263157894737
"EX_23camp_e, EX_23cgmp_e, EX_3mb_e, EX_4abut_e, EX_arg__L_e, EX_asn__L_e, EX_bz_e, EX_cit_e, EX_cytd_e, EX_dcyt_e, EX_fe3pyovd_kt_e, EX_fol_e, EX_gam_e, EX_glu__L_e, EX_glyc_e, EX_gthrd_e, EX_his__L_e, EX_ile__L_e, EX_istfrnA_e, EX_lys__L_e, EX_malt_e, EX_mmet_e, EX_nmn_e, EX_phe__L_e, EX_pnto__R_e, EX_pro__L_e, EX_ribflv_e, EX_ser__L_e, EX_thm_e, EX_thr__L_e, EX_trp__L_e, EX_tyr__L_e, EX_val__L_e",0.0,0.0,,0.3740781008716979,0.28078515906146845,,-3.157894736842106,0.0
"EX_23camp_e, EX_23cgmp_e, EX_3mb_e, EX_4abut_e, EX_arg__L_e, EX_asn__L_e, EX_bz_e, EX_cit_e, EX_cytd_e, EX_dcyt_e, EX_fe3pyovd_kt_e, EX_fol_e, EX_gam_e, EX_glu__L_e, EX_glyc_e, EX_gthrd_e, EX_his__L_e, EX_ile__L_e, EX_istfrnA_e, EX_lys__L_e, EX_malt_e, EX_mmet_e, EX_nmn_e, EX_phe__L_e, EX_pnto__R_e, EX_pro__L_e, EX_ribflv_e, EX_ser__L_e, EX_thm_e, EX_thr__L_e, EX_trp__L_e, EX_tyr__L_e, EX_val__L_e",0.0,0.0,,0.42718274750383867,0.32056492590303903,,-2.1052631578947363,-20.0
"EX_23camp_e, EX_23cgmp_e, EX_3mb_e, EX_4abut_e, EX_arg__L_e, EX_asn__L_e, EX_bz_e, EX_cit_e, EX_cytd_e, EX_dcyt_e, EX_fe3pyovd_kt_e, EX_fol_e, EX_gam_e, EX_glu__L_e, EX_glyc_e, EX_gthrd_e, EX_his__L_e, EX_ile__L_e, EX_istfrnA_e, EX_lys__L_e, EX_malt_e, EX_mmet_e, EX_nmn_e, EX_phe__L_e, EX_pnto__R_e, EX_pro__L_e, EX_ribflv_e, EX_ser__L_e, EX_thm_e, EX_thr__L_e, EX_trp__L_e, EX_tyr__L_e, EX_val__L_e",0.0,0.0,,0.4271827475038383,0.3223259199152432,,-2.1052631578947363,-18.94736842105263
"EX_23camp_e, EX_23cgmp_e, EX_3mb_e, EX_4abut_e, EX_arg__L_e, EX_asn__L_e, EX_bz_e, EX_cit_e, EX_cytd_e, EX_dcyt_e, EX_fe3pyovd_kt_e, EX_fol_e, EX_gam_e, EX_glu__L_e, EX_glyc_e, EX_gthrd_e, EX_his__L_e, EX_ile__L_e, EX_istfrnA_e, EX_lys__L_e, EX_malt_e, EX_mmet_e, EX_nmn_e, EX_phe__L_e, EX_pnto__R_e, EX_pro__L_e, EX_ribflv_e, EX_ser__L_e, EX_thm_e, EX_thr__L_e, EX_trp__L_e, EX_tyr__L_e, EX_val__L_e",0.0,0.0,,0.4271827475038383,0.32486613219061067,,-2.1052631578947363,-17.894736842105264
"EX_23camp_e, EX_23cgmp_e, EX_3mb_e, EX_4abut_e, EX_arg__L_e, EX_asn__L_e, EX_bz_e, EX_cit_e, EX_cytd_e, EX_dcyt_e, EX_fe3pyovd_kt_e, EX_fol_e, EX_gam_e, EX_glu__L_e, EX_glyc_e, EX_gthrd_e, EX_his__L_e, EX_ile__L_e, EX_istfrnA_e, EX_lys__L_e, EX_malt_e, EX_mmet_e, EX_nmn_e, EX_phe__L_e, EX_pnto__R_e, EX_pro__L_e, EX_ribflv_e, EX_ser__L_e, EX_thm_e, EX_thr__L_e, EX_trp__L_e, EX_tyr__L_e, EX_val__L_e",0.0,0.0,,0.4271827475038382,0.3268478658025035,,-2.1052631578947363,-16.842105263157894
"EX_23camp_e, EX_23cgmp_e, EX_3mb_e, EX_4abut_e, EX_arg__L_e, EX_asn__L_e, EX_bz_e, EX_cit_e, EX_cytd_e, EX_dcyt_e, EX_fe3pyovd_kt_e, EX_fol_e, EX_gam_e, EX_glu__L_e, EX_glyc_e, EX_gthrd_e, EX_his__L_e, EX_ile__L_e, EX_istfrnA_e, EX_lys__L_e, EX_malt_e, EX_mmet_e, EX_nmn_e, EX_phe__L_e, EX_pnto__R_e, EX_pro__L_e, EX_ribflv_e, EX_ser__L_e, EX_thm_e, EX_thr__L_e, EX_trp__L_e, EX_tyr__L_e, EX_val__L_e",0.0,0.0,,0.42718274750383867,0.32867876292750003,,-2.1052631578947363,-15.789473684210527
"EX_23camp_e, EX_23cgmp_e, EX_3mb_e, EX_4abut_e, EX_arg__L_e, EX_asn__L_e, EX_bz_e, EX_cit_e, EX_cytd_e, EX_dcyt_e, EX_fe3pyovd_kt_e, EX_fol_e, EX_gam_e, EX_glu__L_e, EX_glyc_e, EX_gthrd_e, EX_his__L_e, EX_ile__L_e, EX_istfrnA_e, EX_lys__L_e, EX_malt_e, EX_mmet_e, EX_nmn_e, EX_phe__L_e, EX_pnto__R_e, EX_pro__L_e, EX_ribflv_e, EX_ser__L_e, EX_thm_e, EX_thr__L_e, EX_trp__L_e, EX_tyr__L_e, EX_val__L_e",0.0,0.0,,0.4271827475038389,0.33029885894286787,,-2.1052631578947363,-14.736842105263158
"EX_23camp_e, EX_23cgmp_e, EX_3mb_e, EX_4abut_e, EX_arg__L_e, EX_asn__L_e, EX_bz_e, EX_cit_e, EX_cytd_e, EX_dcyt_e, EX_fe3pyovd_kt_e, EX_fol_e, EX_gam_e, EX_glu__L_e, EX_glyc_e, EX_gthrd_e, EX_his__L_e, EX_ile__L_e, EX_istfrnA_e, EX_lys__L_e, EX_malt_e, EX_mmet_e, EX_nmn_e, EX_phe__L_e, EX_pnto__R_e, EX_pro__L_e, EX_ribflv_e, EX_ser__L_e, EX_thm_e, EX_thr__L_e, EX_trp__L_e, EX_tyr__L_e, EX_val__L_e",0.0,0.0,,0.42718274750383817,0.3212566234472219,,-2.1052631578947363,-13.68421052631579
"EX_23camp_e, EX_23cgmp_e, EX_3mb_e, EX_4abut_e, EX_arg__L_e, EX_asn__L_e, EX_bz_e, EX_cit_e, EX_cytd_e, EX_dcyt_e, EX_fe3pyovd_kt_e, EX_fol_e, EX_gam_e, EX_glu__L_e, EX_glyc_e, EX_gthrd_e, EX_his__L_e, EX_ile__L_e, EX_istfrnA_e, EX_lys__L_e, EX_malt_e, EX_mmet_e, EX_nmn_e, EX_phe__L_e, EX_pnto__R_e, EX_pro__L_e, EX_ribflv_e, EX_ser__L_e, EX_thm_e, EX_thr__L_e, EX_trp__L_e, EX_tyr__L_e, EX_val__L_e",0.0,0.0,,0.42718274750383833,0.31269627490307605,,-2.1052631578947363,-12.631578947368421
"EX_23camp_e, EX_23cgmp_e, EX_3mb_e, EX_4abut_e, EX_arg__L_e, EX_asn__L_e, EX_bz_e, EX_cit_e, EX_cytd_e, EX_dcyt_e, EX_fe3pyovd_kt_e, EX_fol_e, EX_gam_e, EX_glu__L_e, EX_glyc_e, EX_gthrd_e, EX_his__L_e, EX_ile__L_e, EX_istfrnA_e, EX_lys__L_e, EX_malt_e, EX_mmet_e, EX_nmn_e, EX_phe__L_e, EX_pnto__R_e, EX_pro__L_e, EX_ribflv_e, EX_ser__L_e, EX_thm_e, EX_thr__L_e, EX_trp__L_e, EX_tyr__L_e, EX_val__L_e",0.0,0.0,,0.4271827475038382,0.3046236351561717,,-2.1052631578947363,-11.578947368421053
"EX_23camp_e, EX_23cgmp_e, EX_3mb_e, EX_4abut_e, EX_arg__L_e, EX_asn__L_e, EX_bz_e, EX_cit_e, EX_cytd_e, EX_dcyt_e, EX_fe3pyovd_kt_e, EX_fol_e, EX_gam_e, EX_glu__L_e, EX_glyc_e, EX_gthrd_e, EX_his__L_e, EX_ile__L_e, EX_istfrnA_e, EX_lys__L_e, EX_malt_e, EX_mmet_e, EX_nmn_e, EX_phe__L_e, EX_pnto__R_e, EX_pro__L_e, EX_ribflv_e, EX_ser__L_e, EX_thm_e, EX_thr__L_e, EX_trp__L_e, EX_tyr__L_e, EX_val__L_e",0.0,0.0,,0.4271827475038375,0.2969161263054984,,-2.1052631578947363,-10.526315789473685
"EX_23camp_e, EX_23cgmp_e, EX_3mb_e, EX_4abut_e, EX_arg__L_e, EX_asn__L_e, EX_bz_e, EX_cit_e, EX_cytd_e, EX_dcyt_e, EX_fe3pyovd_kt_e, EX_fol_e, EX_gam_e, EX_glu__L_e, EX_glyc_e, EX_gthrd_e, EX_his__L_e, EX_ile__L_e, EX_istfrnA_e, EX_lys__L_e, EX_malt_e, EX_mmet_e, EX_nmn_e, EX_phe__L_e, EX_pnto__R_e, EX_pro__L_e, EX_ribflv_e, EX_ser__L_e, EX_thm_e, EX_thr__L_e, EX_trp__L_e, EX_tyr__L_e, EX_val__L_e",0.0,0.0,,0.4271827475038375,0.2931428415753295,,-2.1052631578947363,-9.473684210526317
"EX_23camp_e, EX_23cgmp_e, EX_3mb_e, EX_4abut_e, EX_arg__L_e, EX_asn__L_e, EX_bz_e, EX_cit_e, EX_cytd_e, EX_dcyt_e, EX_fe3pyovd_kt_e, EX_fol_e, EX_gam_e, EX_glu__L_e, EX_glyc_e, EX_gthrd_e, EX_his__L_e, EX_ile__L_e, EX_istfrnA_e, EX_lys__L_e, EX_malt_e, EX_mmet_e, EX_nmn_e, EX_phe__L_e, EX_pnto__R_e, EX_pro__L_e, EX_ribflv_e, EX_ser__L_e, EX_thm_e, EX_thr__L_e, EX_trp__L_e, EX_tyr__L_e, EX_val__L_e",0.0,0.0,,0.4271827475038372,0.29461474875317245,,-2.1052631578947363,-8.421052631578949
"EX_23camp_e, EX_23cgmp_e, EX_3mb_e, EX_4abut_e, EX_arg__L_e, EX_asn__L_e, EX_bz_e, EX_cit_e, EX_cytd_e, EX_dcyt_e, EX_fe3pyovd_kt_e, EX_fol_e, EX_gam_e, EX_glu__L_e, EX_glyc_e, EX_gthrd_e, EX_his__L_e, EX_ile__L_e, EX_istfrnA_e, EX_lys__L_e, EX_malt_e, EX_mmet_e, EX_nmn_e, EX_phe__L_e, EX_pnto__R_e, EX_pro__L_e, EX_ribflv_e, EX_ser__L_e, EX_thm_e, EX_thr__L_e, EX_trp__L_e, EX_tyr__L_e, EX_val__L_e",0.0,0.0,,0.42718274750383733,0.2961015117872885,,-2.1052631578947363,-7.368421052631579
"EX_23camp_e, EX_23cgmp_e, EX_3mb_e, EX_4abut_e, EX_arg__L_e, EX_asn__L_e, EX_bz_e, EX_cit_e, EX_cytd_e, EX_dcyt_e, EX_fe3pyovd_kt_e, EX_fol_e, EX_gam_e, EX_glu__L_e, EX_glyc_e, EX_gthrd_e, EX_his__L_e, EX_ile__L_e, EX_istfrnA_e, EX_lys__L_e, EX_malt_e, EX_mmet_e, EX_nmn_e, EX_phe__L_e, EX_pnto__R_e, EX_pro__L_e, EX_ribflv_e, EX_ser__L_e, EX_thm_e, EX_thr__L_e, EX_trp__L_e, EX_tyr__L_e, EX_val__L_e",0.0,0.0,,0.4271827475038375,0.2976033567271067,,-2.1052631578947363,-6.315789473684211
"EX_23camp_e, EX_23cgmp_e, EX_3mb_e, EX_4abut_e, EX_arg__L_e, EX_asn__L_e, EX_bz_e, EX_cit_e, EX_cytd_e, EX_dcyt_e, EX_fe3pyovd_kt_e, EX_fol_e, EX_gam_e, EX_glu__L_e, EX_glyc_e, EX_gthrd_e, EX_his__L_e, EX_ile__L_e, EX_istfrnA_e, EX_lys__L_e, EX_malt_e, EX_mmet_e, EX_nmn_e, EX_phe__L_e, EX_pnto__R_e, EX_pro__L_e, EX_ribflv_e, EX_ser__L_e, EX_thm_e, EX_thr__L_e, EX_trp__L_e, EX_tyr__L_e, EX_val__L_e",0.0,0.0,,0.4271827475038372,0.29894456059336144,,-2.1052631578947363,-5.2631578947368425
"EX_23camp_e, EX_23cgmp_e, EX_3mb_e, EX_4abut_e, EX_arg__L_e, EX_asn__L_e, EX_bz_e, EX_cit_e, EX_cytd_e, EX_dcyt_e, EX_fe3pyovd_kt_e, EX_fol_e, EX_gam_e, EX_glu__L_e, EX_glyc_e, EX_gthrd_e, EX_his__L_e, EX_ile__L_e, EX_istfrnA_e, EX_lys__L_e, EX_malt_e, EX_mmet_e, EX_nmn_e, EX_phe__L_e, EX_pnto__R_e, EX_pro__L_e, EX_ribflv_e, EX_ser__L_e, EX_thm_e, EX_thr__L_e, EX_trp__L_e, EX_tyr__L_e, EX_val__L_e",0.0,0.0,,0.4252844590475274,0.2998700507515976,,-2.1052631578947363,-4.210526315789474
"EX_23camp_e, EX_23cgmp_e, EX_3mb_e, EX_4abut_e, EX_arg__L_e, EX_asn__L_e, EX_bz_e, EX_cit_e, EX_cytd_e, EX_dcyt_e, EX_fe3pyovd_kt_e, EX_fol_e, EX_gam_e, EX_glu__L_e, EX_glyc_e, EX_gthrd_e, EX_his__L_e, EX_ile__L_e, EX_istfrnA_e, EX_lys__L_e, EX_malt_e, EX_mmet_e, EX_nmn_e, EX_phe__L_e, EX_pnto__R_e, EX_pro__L_e, EX_ribflv_e, EX_ser__L_e, EX_thm_e, EX_thr__L_e, EX_trp__L_e, EX_tyr__L_e, EX_val__L_e",0.0,0.0,,0.4167411120133276,0.29773937317524896,,-2.1052631578947363,-3.157894736842106
"EX_23camp_e, EX_23cgmp_e, EX_3mb_e, EX_4abut_e, EX_arg__L_e, EX_asn__L_e, EX_bz_e, EX_cit_e, EX_cytd_e, EX_dcyt_e, EX_fe3pyovd_kt_e, EX_fol_e, EX_gam_e, EX_glu__L_e, EX_glyc_e, EX_gthrd_e, EX_his__L_e, EX_ile__L_e, EX_istfrnA_e, EX_lys__L_e, EX_malt_e, EX_mmet_e, EX_nmn_e, EX_phe__L_e, EX_pnto__R_e, EX_pro__L_e, EX_ribflv_e, EX_ser__L_e, EX_thm_e, EX_thr__L_e, EX_trp__L_e, EX_tyr__L_e, EX_val__L_e",0.0,0.0,,0.4081977649791283,0.29555147721280745,,-2.1052631578947363,-2.1052631578947363
"EX_23camp_e, EX_23cgmp_e, EX_3mb_e, EX_4abut_e, EX_arg__L_e, EX_asn__L_e, EX_bz_e, EX_cit_e, EX_cytd_e, EX_dcyt_e, EX_fe3pyovd_kt_e, EX_fol_e, EX_gam_e, EX_glu__L_e, EX_glyc_e, EX_gthrd_e, EX_his__L_e, EX_ile__L_e, EX_istfrnA_e, EX_lys__L_e, EX_malt_e, EX_mmet_e, EX_nmn_e, EX_phe__L_e, EX_pnto__R_e, EX_pro__L_e, EX_ribflv_e, EX_ser__L_e, EX_thm_e, EX_thr__L_e, EX_trp__L_e, EX_tyr__L_e, EX_val__L_e",0.0,0.0,,0.39948162456915615,0.29166072240692203,,-2.1052631578947363,-1.05263157894737
"EX_23camp_e, EX_23cgmp_e, EX_3mb_e, EX_4abut_e, EX_arg__L_e, EX_asn__L_e, EX_bz_e, EX_cit_e, EX_cytd_e, EX_dcyt_e, EX_fe3pyovd_kt_e, EX_fol_e, EX_gam_e, EX_glu__L_e, EX_glyc_e, EX_gthrd_e, EX_his__L_e, EX_ile__L_e, EX_istfrnA_e, EX_lys__L_e, EX_malt_e, EX_mmet_e, EX_nmn_e, EX_phe__L_e, EX_pnto__R_e, EX_pro__L_e, EX_ribflv_e, EX_ser__L_e, EX_thm_e, EX_thr__L_e, EX_trp__L_e, EX_tyr__L_e, EX_val__L_e",0.0,0.0,,0.380564699709845,0.28379279109680156,,-2.1052631578947363,0.0
"EX_23camp_e, EX_23cgmp_e, EX_3mb_e, EX_4abut_e, EX_arg__L_e, EX_asn__L_e, EX_bz_e, EX_cit_e, EX_cytd_e, EX_dcyt_e, EX_fe3pyovd_kt_e, EX_fol_e, EX_gam_e, EX_glu__L_e, EX_glyc_e, EX_gthrd_e, EX_his__L_e, EX_ile__L_e, EX_istfrnA_e, EX_lys__L_e, EX_malt_e, EX_mmet_e, EX_nmn_e, EX_phe__L_e, EX_pnto__R_e, EX_pro__L_e, EX_ribflv_e, EX_ser__L_e, EX_thm_e, EX_thr__L_e, EX_trp__L_e, EX_tyr__L_e, EX_val__L_e",0.0,0.0,,0.43627645021878464,0.3363815152572354,,-1.05263157894737,-20.0
"EX_23camp_e, EX_23cgmp_e, EX_3mb_e, EX_4abut_e, EX_arg__L_e, EX_asn__L_e, EX_bz_e, EX_cit_e, EX_cytd_e, EX_dcyt_e, EX_fe3pyovd_kt_e, EX_fol_e, EX_gam_e, EX_glu__L_e, EX_glyc_e, EX_gthrd_e, EX_his__L_e, EX_ile__L_e, EX_istfrnA_e, EX_lys__L_e, EX_malt_e, EX_mmet_e, EX_nmn_e, EX_phe__L_e, EX_pnto__R_e, EX_pro__L_e, EX_ribflv_e, EX_ser__L_e, EX_thm_e, EX_thr__L_e, EX_trp__L_e, EX_tyr__L_e, EX_val__L_e",0.0,0.0,,0.4362764502188002,0.3363815152572472,,-1.05263157894737,-18.94736842105263
"EX_23camp_e, EX_23cgmp_e, EX_3mb_e, EX_4abut_e, EX_arg__L_e, EX_asn__L_e, EX_bz_e, EX_cit_e, EX_cytd_e, EX_dcyt_e, EX_fe3pyovd_kt_e, EX_fol_e, EX_gam_e, EX_glu__L_e, EX_glyc_e, EX_gthrd_e, EX_his__L_e, EX_ile__L_e, EX_istfrnA_e, EX_lys__L_e, EX_malt_e, EX_mmet_e, EX_nmn_e, EX_phe__L_e, EX_pnto__R_e, EX_pro__L_e, EX_ribflv_e, EX_ser__L_e, EX_thm_e, EX_thr__L_e, EX_trp__L_e, EX_tyr__L_e, EX_val__L_e",0.0,0.0,,0.4362764502188002,0.3363815152572472,,-1.05263157894737,-17.894736842105264
"EX_23camp_e, EX_23cgmp_e, EX_3mb_e, EX_4abut_e, EX_arg__L_e, EX_asn__L_e, EX_bz_e, EX_cit_e, EX_cytd_e, EX_dcyt_e, EX_fe3pyovd_kt_e, EX_fol_e, EX_gam_e, EX_glu__L_e, EX_glyc_e, EX_gthrd_e, EX_his__L_e, EX_ile__L_e, EX_istfrnA_e, EX_lys__L_e, EX_malt_e, EX_mmet_e, EX_nmn_e, EX_phe__L_e, EX_pnto__R_e, EX_pro__L_e, EX_ribflv_e, EX_ser__L_e, EX_thm_e, EX_thr__L_e, EX_trp__L_e, EX_tyr__L_e, EX_val__L_e",0.0,0.0,,0.4362764502188002,0.3363815152572472,,-1.05263157894737,-16.842105263157894
"EX_23camp_e, EX_23cgmp_e, EX_3mb_e, EX_4abut_e, EX_arg__L_e, EX_asn__L_e, EX_bz_e, EX_cit_e, EX_cytd_e, EX_dcyt_e, EX_fe3pyovd_kt_e, EX_fol_e, EX_gam_e, EX_glu__L_e, EX_glyc_e, EX_gthrd_e, EX_his__L_e, EX_ile__L_e, EX_istfrnA_e, EX_lys__L_e, EX_malt_e, EX_mmet_e, EX_nmn_e, EX_phe__L_e, EX_pnto__R_e, EX_pro__L_e, EX_ribflv_e, EX_ser__L_e, EX_thm_e, EX_thr__L_e, EX_trp__L_e, EX_tyr__L_e, EX_val__L_e",0.0,0.0,,0.4362764502188002,0.33714880045830165,,-1.05263157894737,-15.789473684210527
"EX_23camp_e, EX_23cgmp_e, EX_3mb_e, EX_4abut_e, EX_arg__L_e, EX_asn__L_e, EX_bz_e, EX_cit_e, EX_cytd_e, EX_dcyt_e, EX_fe3pyovd_kt_e, EX_fol_e, EX_gam_e, EX_glu__L_e, EX_glyc_e, EX_gthrd_e, EX_his__L_e, EX_ile__L_e, EX_istfrnA_e, EX_lys__L_e, EX_malt_e, EX_mmet_e, EX_nmn_e, EX_phe__L_e, EX_pnto__R_e, EX_pro__L_e, EX_ribflv_e, EX_ser__L_e, EX_thm_e, EX_thr__L_e, EX_trp__L_e, EX_tyr__L_e, EX_val__L_e",0.0,0.0,,0.43627645021880146,0.3401215585326736,,-1.05263157894737,-14.736842105263158
"EX_23camp_e, EX_23cgmp_e, EX_3mb_e, EX_4abut_e, EX_arg__L_e, EX_asn__L_e, EX_bz_e, EX_cit_e, EX_cytd_e, EX_dcyt_e, EX_fe3pyovd_kt_e, EX_fol_e, EX_gam_e, EX_glu__L_e, EX_glyc_e, EX_gthrd_e, EX_his__L_e, EX_ile__L_e, EX_istfrnA_e, EX_lys__L_e, EX_malt_e, EX_mmet_e, EX_nmn_e, EX_phe__L_e, EX_pnto__R_e, EX_pro__L_e, EX_ribflv_e, EX_ser__L_e, EX_thm_e, EX_thr__L_e, EX_trp__L_e, EX_tyr__L_e, EX_val__L_e",0.0,0.0,,0.436276450218802,0.3249695096973567,,-1.05263157894737,-13.68421052631579
"EX_23camp_e, EX_23cgmp_e, EX_3mb_e, EX_4abut_e, EX_arg__L_e, EX_asn__L_e, EX_bz_e, EX_cit_e, EX_cytd_e, EX_dcyt_e, EX_fe3pyovd_kt_e, EX_fol_e, EX_gam_e, EX_glu__L_e, EX_glyc_e, EX_gthrd_e, EX_his__L_e, EX_ile__L_e, EX_istfrnA_e, EX_lys__L_e, EX_malt_e, EX_mmet_e, EX_nmn_e, EX_phe__L_e, EX_pnto__R_e, EX_pro__L_e, EX_ribflv_e, EX_ser__L_e, EX_thm_e, EX_thr__L_e, EX_trp__L_e, EX_tyr__L_e, EX_val__L_e",0.0,0.0,,0.4362764502188009,0.31620085296160805,,-1.05263157894737,-12.631578947368421
"EX_23camp_e, EX_23cgmp_e, EX_3mb_e, EX_4abut_e, EX_arg__L_e, EX_asn__L_e, EX_bz_e, EX_cit_e, EX_cytd_e, EX_dcyt_e, EX_fe3pyovd_kt_e, EX_fol_e, EX_gam_e, EX_glu__L_e, EX_glyc_e, EX_gthrd_e, EX_his__L_e, EX_ile__L_e, EX_istfrnA_e, EX_lys__L_e, EX_malt_e, EX_mmet_e, EX_nmn_e, EX_phe__L_e, EX_pnto__R_e, EX_pro__L_e, EX_ribflv_e, EX_ser__L_e, EX_thm_e, EX_thr__L_e, EX_trp__L_e, EX_tyr__L_e, EX_val__L_e",0.0,0.0,,0.4362764502188011,0.30807282823072707,,-1.05263157894737,-11.578947368421053
"EX_23camp_e, EX_23cgmp_e, EX_3mb_e, EX_4abut_e, EX_arg__L_e, EX_asn__L_e, EX_bz_e, EX_cit_e, EX_cytd_e, EX_dcyt_e, EX_fe3pyovd_kt_e, EX_fol_e, EX_gam_e, EX_glu__L_e, EX_glyc_e, EX_gthrd_e, EX_his__L_e, EX_ile__L_e, EX_istfrnA_e, EX_lys__L_e, EX_malt_e, EX_mmet_e, EX_nmn_e, EX_phe__L_e, EX_pnto__R_e, EX_pro__L_e, EX_ribflv_e, EX_ser__L_e, EX_thm_e, EX_thr__L_e, EX_trp__L_e, EX_tyr__L_e, EX_val__L_e",0.0,0.0,,0.43627645021880157,0.3003521972940459,,-1.05263157894737,-10.526315789473685
"EX_23camp_e, EX_23cgmp_e, EX_3mb_e, EX_4abut_e, EX_arg__L_e, EX_asn__L_e, EX_bz_e, EX_cit_e, EX_cytd_e, EX_dcyt_e, EX_fe3pyovd_kt_e, EX_fol_e, EX_gam_e, EX_glu__L_e, EX_glyc_e, EX_gthrd_e, EX_his__L_e, EX_ile__L_e, EX_istfrnA_e, EX_lys__L_e, EX_malt_e, EX_mmet_e, EX_nmn_e, EX_phe__L_e, EX_pnto__R_e, EX_pro__L_e, EX_ribflv_e, EX_ser__L_e, EX_thm_e, EX_thr__L_e, EX_trp__L_e, EX_tyr__L_e, EX_val__L_e",0.0,0.0,,0.43627645021880157,0.2989020735119617,,-1.05263157894737,-9.473684210526317
"EX_23camp_e, EX_23cgmp_e, EX_3mb_e, EX_4abut_e, EX_arg__L_e, EX_asn__L_e, EX_bz_e, EX_cit_e, EX_cytd_e, EX_dcyt_e, EX_fe3pyovd_kt_e, EX_fol_e, EX_gam_e, EX_glu__L_e, EX_glyc_e, EX_gthrd_e, EX_his__L_e, EX_ile__L_e, EX_istfrnA_e, EX_lys__L_e, EX_malt_e, EX_mmet_e, EX_nmn_e, EX_phe__L_e, EX_pnto__R_e, EX_pro__L_e, EX_ribflv_e, EX_ser__L_e, EX_thm_e, EX_thr__L_e, EX_trp__L_e, EX_tyr__L_e, EX_val__L_e",0.0,0.0,,0.4362764502187993,0.3004004747451057,,-1.05263157894737,-8.421052631578949
"EX_23camp_e, EX_23cgmp_e, EX_3mb_e, EX_4abut_e, EX_arg__L_e, EX_asn__L_e, EX_bz_e, EX_cit_e, EX_cytd_e, EX_dcyt_e, EX_fe3pyovd_kt_e, EX_fol_e, EX_gam_e, EX_glu__L_e, EX_glyc_e, EX_gthrd_e, EX_his__L_e, EX_ile__L_e, EX_istfrnA_e, EX_lys__L_e, EX_malt_e, EX_mmet_e, EX_nmn_e, EX_phe__L_e, EX_pnto__R_e, EX_pro__L_e, EX_ribflv_e, EX_ser__L_e, EX_thm_e, EX_thr__L_e, EX_trp__L_e, EX_tyr__L_e, EX_val__L_e",0.0,0.0,,0.4362764502187993,0.30191397469063835,,-1.05263157894737,-7.368421052631579
"EX_23camp_e, EX_23cgmp_e, EX_3mb_e, EX_4abut_e, EX_arg__L_e, EX_asn__L_e, EX_bz_e, EX_cit_e, EX_cytd_e, EX_dcyt_e, EX_fe3pyovd_kt_e, EX_fol_e, EX_gam_e, EX_glu__L_e, EX_glyc_e, EX_gthrd_e, EX_his__L_e, EX_ile__L_e, EX_istfrnA_e, EX_lys__L_e, EX_malt_e, EX_mmet_e, EX_nmn_e, EX_phe__L_e, EX_pnto__R_e, EX_pro__L_e, EX_ribflv_e, EX_ser__L_e, EX_thm_e, EX_thr__L_e, EX_trp__L_e, EX_tyr__L_e, EX_val__L_e",0.0,0.0,,0.4362764502187993,0.30344280271854507,,-1.05263157894737,-6.315789473684211
"EX_23camp_e, EX_23cgmp_e, EX_3mb_e, EX_4abut_e, EX_arg__L_e, EX_asn__L_e, EX_bz_e, EX_cit_e, EX_cytd_e, EX_dcyt_e, EX_fe3pyovd_kt_e, EX_fol_e, EX_gam_e, EX_glu__L_e, EX_glyc_e, EX_gthrd_e, EX_his__L_e, EX_ile__L_e, EX_istfrnA_e, EX_lys__L_e, EX_malt_e, EX_mmet_e, EX_nmn_e, EX_phe__L_e, EX_pnto__R_e, EX_pro__L_e, EX_ribflv_e, EX_ser__L_e, EX_thm_e, EX_thr__L_e, EX_trp__L_e, EX_tyr__L_e, EX_val__L_e",0.0,0.0,,0.4362764502187993,0.3039839440591877,,-1.05263157894737,-5.2631578947368425
"EX_23camp_e, EX_23cgmp_e, EX_3mb_e, EX_4abut_e, EX_arg__L_e, EX_asn__L_e, EX_bz_e, EX_cit_e, EX_cytd_e, EX_dcyt_e, EX_fe3pyovd_kt_e, EX_fol_e, EX_gam_e, EX_glu__L_e, EX_glyc_e, EX_gthrd_e, EX_his__L_e, EX_ile__L_e, EX_istfrnA_e, EX_lys__L_e, EX_malt_e, EX_mmet_e, EX_nmn_e, EX_phe__L_e, EX_pnto__R_e, EX_pro__L_e, EX_ribflv_e, EX_ser__L_e, EX_thm_e, EX_thr__L_e, EX_trp__L_e, EX_tyr__L_e, EX_val__L_e",0.0,0.0,,0.4326073279339838,0.30284109858123387,,-1.05263157894737,-4.210526315789474
"EX_23camp_e, EX_23cgmp_e, EX_3mb_e, EX_4abut_e, EX_arg__L_e, EX_asn__L_e, EX_bz_e, EX_cit_e, EX_cytd_e, EX_dcyt_e, EX_fe3pyovd_kt_e, EX_fol_e, EX_gam_e, EX_glu__L_e, EX_glyc_e, EX_gthrd_e, EX_his__L_e, EX_ile__L_e, EX_istfrnA_e, EX_lys__L_e, EX_malt_e, EX_mmet_e, EX_nmn_e, EX_phe__L_e, EX_pnto__R_e, EX_pro__L_e, EX_ribflv_e, EX_ser__L_e, EX_thm_e, EX_thr__L_e, EX_trp__L_e, EX_tyr__L_e, EX_val__L_e",0.0,0.0,,0.42406398089978437,0.3007675907039192,,-1.05263157894737,-3.157894736842106
"EX_23camp_e, EX_23cgmp_e, EX_3mb_e, EX_4abut_e, EX_arg__L_e, EX_asn__L_e, EX_bz_e, EX_cit_e, EX_cytd_e, EX_dcyt_e, EX_fe3pyovd_kt_e, EX_fol_e, EX_gam_e, EX_glu__L_e, EX_glyc_e, EX_gthrd_e, EX_his__L_e, EX_ile__L_e, EX_istfrnA_e, EX_lys__L_e, EX_malt_e, EX_mmet_e, EX_nmn_e, EX_phe__L_e, EX_pnto__R_e, EX_pro__L_e, EX_ribflv_e, EX_ser__L_e, EX_thm_e, EX_thr__L_e, EX_trp__L_e, EX_tyr__L_e, EX_val__L_e",0.0,0.0,,0.41552063386558524,0.2986387736190625,,-1.05263157894737,-2.1052631578947363
"EX_23camp_e, EX_23cgmp_e, EX_3mb_e, EX_4abut_e, EX_arg__L_e, EX_asn__L_e, EX_bz_e, EX_cit_e, EX_cytd_e, EX_dcyt_e, EX_fe3pyovd_kt_e, EX_fol_e, EX_gam_e, EX_glu__L_e, EX_glyc_e, EX_gthrd_e, EX_his__L_e, EX_ile__L_e, EX_istfrnA_e, EX_lys__L_e, EX_malt_e, EX_mmet_e, EX_nmn_e, EX_phe__L_e, EX_pnto__R_e, EX_pro__L_e, EX_ribflv_e, EX_ser__L_e, EX_thm_e, EX_thr__L_e, EX_trp__L_e, EX_tyr__L_e, EX_val__L_e",0.0,0.0,,0.40597697469917043,0.29441315342473123,,-1.05263157894737,-1.05263157894737
"EX_23camp_e, EX_23cgmp_e, EX_3mb_e, EX_4abut_e, EX_arg__L_e, EX_asn__L_e, EX_bz_e, EX_cit_e, EX_cytd_e, EX_dcyt_e, EX_fe3pyovd_kt_e, EX_fol_e, EX_gam_e, EX_glu__L_e, EX_glyc_e, EX_gthrd_e, EX_his__L_e, EX_ile__L_e, EX_istfrnA_e, EX_lys__L_e, EX_malt_e, EX_mmet_e, EX_nmn_e, EX_phe__L_e, EX_pnto__R_e, EX_pro__L_e, EX_ribflv_e, EX_ser__L_e, EX_thm_e, EX_thr__L_e, EX_trp__L_e, EX_tyr__L_e, EX_val__L_e",0.0,0.0,,0.38705129854799347,0.2866452617026808,,-1.05263157894737,0.0
"EX_23camp_e, EX_23cgmp_e, EX_3mb_e, EX_4abut_e, EX_arg__L_e, EX_asn__L_e, EX_bz_e, EX_cit_e, EX_cytd_e, EX_dcyt_e, EX_fe3pyovd_kt_e, EX_fol_e, EX_gam_e, EX_glu__L_e, EX_glyc_e, EX_gthrd_e, EX_his__L_e, EX_ile__L_e, EX_istfrnA_e, EX_lys__L_e, EX_malt_e, EX_mmet_e, EX_nmn_e, EX_phe__L_e, EX_pnto__R_e, EX_pro__L_e, EX_ribflv_e, EX_ser__L_e, EX_thm_e, EX_thr__L_e, EX_trp__L_e, EX_tyr__L_e, EX_val__L_e",0.0,0.0,,0.4453701529337596,0.3467440333118008,,0.0,-20.0
"EX_23camp_e, EX_23cgmp_e, EX_3mb_e, EX_4abut_e, EX_arg__L_e, EX_asn__L_e, EX_bz_e, EX_cit_e, EX_cytd_e, EX_dcyt_e, EX_fe3pyovd_kt_e, EX_fol_e, EX_gam_e, EX_glu__L_e, EX_glyc_e, EX_gthrd_e, EX_his__L_e, EX_ile__L_e, EX_istfrnA_e, EX_lys__L_e, EX_malt_e, EX_mmet_e, EX_nmn_e, EX_phe__L_e, EX_pnto__R_e, EX_pro__L_e, EX_ribflv_e, EX_ser__L_e, EX_thm_e, EX_thr__L_e, EX_trp__L_e, EX_tyr__L_e, EX_val__L_e",0.0,0.0,,0.4453701529337664,0.3467440333118062,,0.0,-18.94736842105263
"EX_23camp_e, EX_23cgmp_e, EX_3mb_e, EX_4abut_e, EX_arg__L_e, EX_asn__L_e, EX_bz_e, EX_cit_e, EX_cytd_e, EX_dcyt_e, EX_fe3pyovd_kt_e, EX_fol_e, EX_gam_e, EX_glu__L_e, EX_glyc_e, EX_gthrd_e, EX_his__L_e, EX_ile__L_e, EX_istfrnA_e, EX_lys__L_e, EX_malt_e, EX_mmet_e, EX_nmn_e, EX_phe__L_e, EX_pnto__R_e, EX_pro__L_e, EX_ribflv_e, EX_ser__L_e, EX_thm_e, EX_thr__L_e, EX_trp__L_e, EX_tyr__L_e, EX_val__L_e",0.0,0.0,,0.4453701529337659,0.3467440333118057,,0.0,-17.894736842105264
"EX_23camp_e, EX_23cgmp_e, EX_3mb_e, EX_4abut_e, EX_arg__L_e, EX_asn__L_e, EX_bz_e, EX_cit_e, EX_cytd_e, EX_dcyt_e, EX_fe3pyovd_kt_e, EX_fol_e, EX_gam_e, EX_glu__L_e, EX_glyc_e, EX_gthrd_e, EX_his__L_e, EX_ile__L_e, EX_istfrnA_e, EX_lys__L_e, EX_malt_e, EX_mmet_e, EX_nmn_e, EX_phe__L_e, EX_pnto__R_e, EX_pro__L_e, EX_ribflv_e, EX_ser__L_e, EX_thm_e, EX_thr__L_e, EX_trp__L_e, EX_tyr__L_e, EX_val__L_e",0.0,0.0,,0.4453701529337655,0.3467440333118054,,0.0,-16.842105263157894
"EX_23camp_e, EX_23cgmp_e, EX_3mb_e, EX_4abut_e, EX_arg__L_e, EX_asn__L_e, EX_bz_e, EX_cit_e, EX_cytd_e, EX_dcyt_e, EX_fe3pyovd_kt_e, EX_fol_e, EX_gam_e, EX_glu__L_e, EX_glyc_e, EX_gthrd_e, EX_his__L_e, EX_ile__L_e, EX_istfrnA_e, EX_lys__L_e, EX_malt_e, EX_mmet_e, EX_nmn_e, EX_phe__L_e, EX_pnto__R_e, EX_pro__L_e, EX_ribflv_e, EX_ser__L_e, EX_thm_e, EX_thr__L_e, EX_trp__L_e, EX_tyr__L_e, EX_val__L_e",0.0,0.0,,0.4453701529337633,0.346587055906144,,0.0,-15.789473684210527
"EX_23camp_e, EX_23cgmp_e, EX_3mb_e, EX_4abut_e, EX_arg__L_e, EX_asn__L_e, EX_bz_e, EX_cit_e, EX_cytd_e, EX_dcyt_e, EX_fe3pyovd_kt_e, EX_fol_e, EX_gam_e, EX_glu__L_e, EX_glyc_e, EX_gthrd_e, EX_his__L_e, EX_ile__L_e, EX_istfrnA_e, EX_lys__L_e, EX_malt_e, EX_mmet_e, EX_nmn_e, EX_phe__L_e, EX_pnto__R_e, EX_pro__L_e, EX_ribflv_e, EX_ser__L_e, EX_thm_e, EX_thr__L_e, EX_trp__L_e, EX_tyr__L_e, EX_val__L_e",0.0,0.0,,0.4453701529337624,0.3456155932399493,,0.0,-14.736842105263158
"EX_23camp_e, EX_23cgmp_e, EX_3mb_e, EX_4abut_e, EX_arg__L_e, EX_asn__L_e, EX_bz_e, EX_cit_e, EX_cytd_e, EX_dcyt_e, EX_fe3pyovd_kt_e, EX_fol_e, EX_gam_e, EX_glu__L_e, EX_glyc_e, EX_gthrd_e, EX_his__L_e, EX_ile__L_e, EX_istfrnA_e, EX_lys__L_e, EX_malt_e, EX_mmet_e, EX_nmn_e, EX_phe__L_e, EX_pnto__R_e, EX_pro__L_e, EX_ribflv_e, EX_ser__L_e, EX_thm_e, EX_thr__L_e, EX_trp__L_e, EX_tyr__L_e, EX_val__L_e",0.0,0.0,,0.4453701529337648,0.3361205352707633,,0.0,-13.68421052631579
"EX_23camp_e, EX_23cgmp_e, EX_3mb_e, EX_4abut_e, EX_arg__L_e, EX_asn__L_e, EX_bz_e, EX_cit_e, EX_cytd_e, EX_dcyt_e, EX_fe3pyovd_kt_e, EX_fol_e, EX_gam_e, EX_glu__L_e, EX_glyc_e, EX_gthrd_e, EX_his__L_e, EX_ile__L_e, EX_istfrnA_e, EX_lys__L_e, EX_malt_e, EX_mmet_e, EX_nmn_e, EX_phe__L_e, EX_pnto__R_e, EX_pro__L_e, EX_ribflv_e, EX_ser__L_e, EX_thm_e, EX_thr__L_e, EX_trp__L_e, EX_tyr__L_e, EX_val__L_e",0.0,0.0,,0.4453701529337648,0.32713324087065676,,0.0,-12.631578947368421
"EX_23camp_e, EX_23cgmp_e, EX_3mb_e, EX_4abut_e, EX_arg__L_e, EX_asn__L_e, EX_bz_e, EX_cit_e, EX_cytd_e, EX_dcyt_e, EX_fe3pyovd_kt_e, EX_fol_e, EX_gam_e, EX_glu__L_e, EX_glyc_e, EX_gthrd_e, EX_his__L_e, EX_ile__L_e, EX_istfrnA_e, EX_lys__L_e, EX_malt_e, EX_mmet_e, EX_nmn_e, EX_phe__L_e, EX_pnto__R_e, EX_pro__L_e, EX_ribflv_e, EX_ser__L_e, EX_thm_e, EX_thr__L_e, EX_trp__L_e, EX_tyr__L_e, EX_val__L_e",0.0,0.0,,0.4453701529337648,0.3186140405193653,,0.0,-11.578947368421053
"EX_23camp_e, EX_23cgmp_e, EX_3mb_e, EX_4abut_e, EX_arg__L_e, EX_asn__L_e, EX_bz_e, EX_cit_e, EX_cytd_e, EX_dcyt_e, EX_fe3pyovd_kt_e, EX_fol_e, EX_gam_e, EX_glu__L_e, EX_glyc_e, EX_gthrd_e, EX_his__L_e, EX_ile__L_e, EX_istfrnA_e, EX_lys__L_e, EX_malt_e, EX_mmet_e, EX_nmn_e, EX_phe__L_e, EX_pnto__R_e, EX_pro__L_e, EX_ribflv_e, EX_ser__L_e, EX_thm_e, EX_thr__L_e, EX_trp__L_e, EX_tyr__L_e, EX_val__L_e",0.0,0.0,,0.4453701529337648,0.3105272921077125,,0.0,-10.526315789473685
"EX_23camp_e, EX_23cgmp_e, EX_3mb_e, EX_4abut_e, EX_arg__L_e, EX_asn__L_e, EX_bz_e, EX_cit_e, EX_cytd_e, EX_dcyt_e, EX_fe3pyovd_kt_e, EX_fol_e, EX_gam_e, EX_glu__L_e, EX_glyc_e, EX_gthrd_e, EX_his__L_e, EX_ile__L_e, EX_istfrnA_e, EX_lys__L_e, EX_malt_e, EX_mmet_e, EX_nmn_e, EX_phe__L_e, EX_pnto__R_e, EX_pro__L_e, EX_ribflv_e, EX_ser__L_e, EX_thm_e, EX_thr__L_e, EX_trp__L_e, EX_tyr__L_e, EX_val__L_e",0.0,0.0,,0.4453701529337648,0.307603251464357,,0.0,-9.473684210526317
"EX_23camp_e, EX_23cgmp_e, EX_3mb_e, EX_4abut_e, EX_arg__L_e, EX_asn__L_e, EX_bz_e, EX_cit_e, EX_cytd_e, EX_dcyt_e, EX_fe3pyovd_kt_e, EX_fol_e, EX_gam_e, EX_glu__L_e, EX_glyc_e, EX_gthrd_e, EX_his__L_e, EX_ile__L_e, EX_istfrnA_e, EX_lys__L_e, EX_malt_e, EX_mmet_e, EX_nmn_e, EX_phe__L_e, EX_pnto__R_e, EX_pro__L_e, EX_ribflv_e, EX_ser__L_e, EX_thm_e, EX_thr__L_e, EX_trp__L_e, EX_tyr__L_e, EX_val__L_e",0.0,0.0,,0.4453701529337627,0.30760325146435585,,0.0,-8.421052631578949
"EX_23camp_e, EX_23cgmp_e, EX_3mb_e, EX_4abut_e, EX_arg__L_e, EX_asn__L_e, EX_bz_e, EX_cit_e, EX_cytd_e, EX_dcyt_e, EX_fe3pyovd_kt_e, EX_fol_e, EX_gam_e, EX_glu__L_e, EX_glyc_e, EX_gthrd_e, EX_his__L_e, EX_ile__L_e, EX_istfrnA_e, EX_lys__L_e, EX_malt_e, EX_mmet_e, EX_nmn_e, EX_phe__L_e, EX_pnto__R_e, EX_pro__L_e, EX_ribflv_e, EX_ser__L_e, EX_thm_e, EX_thr__L_e, EX_trp__L_e, EX_tyr__L_e, EX_val__L_e",0.0,0.0,,0.4453701529337627,0.3076032514643559,,0.0,-7.368421052631579
"EX_23camp_e, EX_23cgmp_e, EX_3mb_e, EX_4abut_e, EX_arg__L_e, EX_asn__L_e, EX_bz_e, EX_cit_e, EX_cytd_e, EX_dcyt_e, EX_fe3pyovd_kt_e, EX_fol_e, EX_gam_e, EX_glu__L_e, EX_glyc_e, EX_gthrd_e, EX_his__L_e, EX_ile__L_e, EX_istfrnA_e, EX_lys__L_e, EX_malt_e, EX_mmet_e, EX_nmn_e, EX_phe__L_e, EX_pnto__R_e, EX_pro__L_e, EX_ribflv_e, EX_ser__L_e, EX_thm_e, EX_thr__L_e, EX_trp__L_e, EX_tyr__L_e, EX_val__L_e",0.0,0.0,,0.4453701529337627,0.3076032514643559,,0.0,-6.315789473684211
"EX_23camp_e, EX_23cgmp_e, EX_3mb_e, EX_4abut_e, EX_arg__L_e, EX_asn__L_e, EX_bz_e, EX_cit_e, EX_cytd_e, EX_dcyt_e, EX_fe3pyovd_kt_e, EX_fol_e, EX_gam_e, EX_glu__L_e, EX_glyc_e, EX_gthrd_e, EX_his__L_e, EX_ile__L_e, EX_istfrnA_e, EX_lys__L_e, EX_malt_e, EX_mmet_e, EX_nmn_e, EX_phe__L_e, EX_pnto__R_e, EX_pro__L_e, EX_ribflv_e, EX_ser__L_e, EX_thm_e, EX_thr__L_e, EX_trp__L_e, EX_tyr__L_e, EX_val__L_e",0.0,0.0,,0.4453701529337628,0.3076032514643559,,0.0,-5.2631578947368425
"EX_23camp_e, EX_23cgmp_e, EX_3mb_e, EX_4abut_e, EX_arg__L_e, EX_asn__L_e, EX_bz_e, EX_cit_e, EX_cytd_e, EX_dcyt_e, EX_fe3pyovd_kt_e, EX_fol_e, EX_gam_e, EX_glu__L_e, EX_glyc_e, EX_gthrd_e, EX_his__L_e, EX_ile__L_e, EX_istfrnA_e, EX_lys__L_e, EX_malt_e, EX_mmet_e, EX_nmn_e, EX_phe__L_e, EX_pnto__R_e, EX_pro__L_e, EX_ribflv_e, EX_ser__L_e, EX_thm_e, EX_thr__L_e, EX_trp__L_e, EX_tyr__L_e, EX_val__L_e",0.0,0.0,,0.4399301968204421,0.30602995083193263,,0.0,-4.210526315789474
"EX_23camp_e, EX_23cgmp_e, EX_3mb_e, EX_4abut_e, EX_arg__L_e, EX_asn__L_e, EX_bz_e, EX_cit_e, EX_cytd_e, EX_dcyt_e, EX_fe3pyovd_kt_e, EX_fol_e, EX_gam_e, EX_glu__L_e, EX_glyc_e, EX_gthrd_e, EX_his__L_e, EX_ile__L_e, EX_istfrnA_e, EX_lys__L_e, EX_malt_e, EX_mmet_e, EX_nmn_e, EX_phe__L_e, EX_pnto__R_e, EX_pro__L_e, EX_ribflv_e, EX_ser__L_e, EX_thm_e, EX_thr__L_e, EX_trp__L_e, EX_tyr__L_e, EX_val__L_e",0.0,0.0,,0.4313868497862407,0.3040087728737164,,0.0,-3.157894736842106
"EX_23camp_e, EX_23cgmp_e, EX_3mb_e, EX_4abut_e, EX_arg__L_e, EX_asn__L_e, EX_bz_e, EX_cit_e, EX_cytd_e, EX_dcyt_e, EX_fe3pyovd_kt_e, EX_fol_e, EX_gam_e, EX_glu__L_e, EX_glyc_e, EX_gthrd_e, EX_his__L_e, EX_ile__L_e, EX_istfrnA_e, EX_lys__L_e, EX_malt_e, EX_mmet_e, EX_nmn_e, EX_phe__L_e, EX_pnto__R_e, EX_pro__L_e, EX_ribflv_e, EX_ser__L_e, EX_thm_e, EX_thr__L_e, EX_trp__L_e, EX_tyr__L_e, EX_val__L_e",0.0,0.0,,0.4228435027520416,0.301934065517024,,0.0,-2.1052631578947363
"EX_23camp_e, EX_23cgmp_e, EX_3mb_e, EX_4abut_e, EX_arg__L_e, EX_asn__L_e, EX_bz_e, EX_cit_e, EX_cytd_e, EX_dcyt_e, EX_fe3pyovd_kt_e, EX_fol_e, EX_gam_e, EX_glu__L_e, EX_glyc_e, EX_gthrd_e, EX_his__L_e, EX_ile__L_e, EX_istfrnA_e, EX_lys__L_e, EX_malt_e, EX_mmet_e, EX_nmn_e, EX_phe__L_e, EX_pnto__R_e, EX_pro__L_e, EX_ribflv_e, EX_ser__L_e, EX_thm_e, EX_thr__L_e, EX_trp__L_e, EX_tyr__L_e, EX_val__L_e",0.0,0.0,,0.41247232482918506,0.29737480237118225,,0.0,-1.05263157894737
"EX_23camp_e, EX_23cgmp_e, EX_3mb_e, EX_4abut_e, EX_arg__L_e, EX_asn__L_e, EX_bz_e, EX_cit_e, EX_cytd_e, EX_dcyt_e, EX_fe3pyovd_kt_e, EX_fol_e, EX_gam_e, EX_glu__L_e, EX_glyc_e, EX_gthrd_e, EX_his__L_e, EX_ile__L_e, EX_istfrnA_e, EX_lys__L_e, EX_malt_e, EX_mmet_e, EX_nmn_e, EX_phe__L_e, EX_pnto__R_e, EX_pro__L_e, EX_ribflv_e, EX_ser__L_e, EX_thm_e, EX_thr__L_e, EX_trp__L_e, EX_tyr__L_e, EX_val__L_e",0.0,0.0,,0.39353789738614087,0.2896919861121798,,0.0,0.0
