reaction_id,reaction_name,distance_from_PHB,flux,abs_flux,capacity_bound,flux_to_capacity_ratio,bottleneck_score
RU5PS,Ribulose-5-P Synthetase,2,-10.0,10.0,10.0,1.0,0.5036438826974781
AH6PI,Arabino-3-hexulose-6-P Isomerase,2,-9.999999999999998,9.999999999999998,10.0,0.9999999999999998,0.5036438826974778
ATPM,R_ATPM,2,8.39,8.39,10.0,0.8390000000000001,0.3545255055522915
PHBS_syn_1,Polyhydroxybutyrate synthase,0,3.9379815139086913,3.9379815139086913,10.0,0.39379815139086916,0.07810357435834925
AACOAR_syn,Acetoacetyl-CoA reductase (R-specific),1,3.9379815139086918,3.9379815139086918,10.0,0.39379815139086916,0.07810357435834925
OXAtpp,OxalateH antiporter  periplasm,2,-2.5562042003154533,2.5562042003154533,10.0,0.25562042003154534,0.03290899741984961
PYK,Pyruvate kinase,2,19.855299237311822,19.855299237311822,1000.0,0.019855299237311823,0.019855299237311823
H2Otex,H2O transport via diffusion (extracellular to periplasm),3,19.232257836490135,19.232257836490135,1000.0,0.019232257836490133,0.018628766913477833
RPE,Ribulose 5-phosphate 3-epimerase,3,13.332665010881836,13.332665010881836,1000.0,0.013332665010881836,0.008952771457523467
O2tpp,O2 transport via diffusion (periplasm),3,10.483938191498728,10.483938191498728,1000.0,0.010483938191498728,0.0055356989934766945
O2tex,Oxygen transport via diffusion (extracellular to periplasm),4,10.483938191498728,10.483938191498728,1000.0,0.010483938191498728,0.0055356989934766945
ALAtpp,L-alanine export via facilited diffusion,2,10.000000000000002,10.000000000000002,1000.0,0.010000000000000002,0.005036438826974782
GAPD,Glyceraldehyde-3-phosphate dehydrogenase,2,10.0,10.0,1000.0,0.01,0.005036438826974781
NMNP,NMN permease,3,10.0,10.0,1000.0,0.01,0.005036438826974781
VALDHr,Valine dehydrogenase,2,-10.0,10.0,1000.0,0.01,0.005036438826974781
PGMT,Phosphoglucomutase,3,-10.0,10.0,1000.0,0.01,0.005036438826974781
PGM,Phosphoglycerate mutase,3,-10.0,10.0,1000.0,0.01,0.005036438826974781
PGK,Phosphoglycerate kinase,2,-10.0,10.0,1000.0,0.01,0.005036438826974781
ENO,Enolase,2,10.0,10.0,1000.0,0.01,0.005036438826974781
GALUi,UTP-glucose-1-phosphate uridylyltransferase (irreversible),2,10.0,10.0,1000.0,0.01,0.005036438826974781
ALAtex,L-alanine transport via diffusion (extracellular to periplasm),3,-10.0,10.0,1000.0,0.01,0.005036438826974781
FALDep,Formaldehyde extrusion pump,2,9.999999999999998,9.999999999999998,1000.0,0.009999999999999998,0.0050364388269747784
NMNDA,Nicotinamide-nucleotide amidase,2,9.99908690211245,9.99908690211245,1000.0,0.009999086902112451,0.00503551911663524
NAPRT,NAPRTase (rev),2,-9.999086902112449,9.999086902112449,1000.0,0.009999086902112448,0.005035519116635237
NACt,Nicotinic acid transport,3,-9.999086902112449,9.999086902112449,1000.0,0.009999086902112448,0.005035519116635237
A6PAG,,2,9.91782920678372,9.91782920678372,1000.0,0.00991782920678372,0.004954009254622015
GALpts,Galactose transport via PTS,2,-9.91782920678372,9.91782920678372,1000.0,0.00991782920678372,0.004954009254622015
GALKr,Galactokinase,2,-9.91782920678372,9.91782920678372,1000.0,0.00991782920678372,0.004954009254622015
GALT,Galactose 1 phosphate uridylyltransferase,2,-9.91782920678372,9.91782920678372,1000.0,0.00991782920678372,0.004954009254622015
UDPG4E,UDPglucose 4-epimerase,3,9.917829206783718,9.917829206783718,1000.0,0.009917829206783718,0.004954009254622012
PRPPS,Phosphoribosylpyrophosphate synthetase,2,-9.762349239358095,9.762349239358095,1000.0,0.009762349239358094,0.004799900597423509
VPAMTr,Valine-pyruvate aminotransferase,2,-9.673189396335006,9.673189396335006,1000.0,0.009673189396335007,0.004712625681386426
PItex,Phosphate transport via diffusion (extracellular to periplasm),3,-9.616128918245069,9.616128918245069,1000.0,0.009616128918245068,0.004657191728369461
GSNt2pp,Guanosine transport in via proton symport (periplasm),2,9.534239910724535,9.534239910724535,1000.0,0.009534239910724536,0.004578210058120466
23PDE9pp,"2',3'-cyclic-nucleotide phosphodiesterase (GMP) (periplasm)",2,9.534239910724533,9.534239910724533,1000.0,0.009534239910724534,0.004578210058120464
3NTD9pp,3'-nucleotidase (GMP) (periplasm),3,9.534239910724533,9.534239910724533,1000.0,0.009534239910724534,0.004578210058120464
23CGMPtex,23cGMP transport via diffusion (extracellular to periplasm),3,9.534239910724533,9.534239910724533,1000.0,0.009534239910724534,0.004578210058120464
3NUCLE4,3  nucleotidase  guanosine 3  phosphate,2,-9.43719299727101,9.43719299727101,1000.0,0.009437192997271011,0.004485483225575339
3GMPtex_1,3GMP transport via diffusion (extracellular to cytoplasm),3,-9.437192997271008,9.437192997271008,1000.0,0.00943719299727101,0.004485483225575337
CYTBD2pp,Cytochrome oxidase bd (menaquinol-8: 2 protons) (periplasm),2,8.25523184708649,8.25523184708649,1000.0,0.00825523184708649,0.0034322752850325508
ACS,Acetyl-CoA synthetase,1,7.6903044174405055,7.6903044174405055,1000.0,0.007690304417440505,0.0029785893088817494
TKT2,Transketolase,2,6.666332505440917,6.666332505440917,1000.0,0.006666332505440917,0.002238192864380866
TKT1,Transketolase,3,6.666332505440917,6.666332505440917,1000.0,0.006666332505440917,0.002238192864380866
PTAr,Phosphotransacetylase,1,6.498868030294556,6.498868030294556,1000.0,0.0064988680302945565,0.002127154326428717
ACKr,Acetate kinase,2,-6.498868030294556,6.498868030294556,1000.0,0.0064988680302945565,0.002127154326428717
FADMQOR,Menaquinone:FAD oxidoreductase,2,5.625792012364678,5.625792012364678,1000.0,0.005625792012364678,0.0015940095078955452
CYTB_B3,Menauinol oxidase  72 protons,2,5.625792012364678,5.625792012364678,1000.0,0.005625792012364678,0.0015940095078955452
SUCD2,Succinate dehydrogenase dehydrogenase (menaquinone 8 as acceptor),2,5.625792012364678,5.625792012364678,1000.0,0.005625792012364678,0.0015940095078955452
GTHPe,Glutathione peroxidase,3,5.0,5.0,1000.0,0.005,0.0012591097067436953
TALA,Transaldolase,2,4.87202921081065,4.87202921081065,1000.0,0.00487202921081065,0.0011954827951616365
FRDx,Fumarate reductase NADH,2,4.335421912988047,4.335421912988047,1000.0,0.004335421912988047,0.0009466431575252192
HEX1,Hexokinase (D-glucose:ATP),2,4.230819141874215,4.230819141874215,1000.0,0.004230819141874215,0.0009015140188676753
MAL6PG,Maltose 6  phosphate glucosidase,2,4.230819141874214,4.230819141874214,1000.0,0.004230819141874214,0.0009015140188676749
PEPA,MNXR86162,2,4.230819141874214,4.230819141874214,1000.0,0.004230819141874214,0.0009015140188676749
MALTt2,Maltose transport in via proton symport,2,4.230819141874214,4.230819141874214,1000.0,0.004230819141874214,0.0009015140188676749
ACACT1r,Acetyl-CoA C-acetyltransferase,1,3.9379815139086918,3.9379815139086918,1000.0,0.003937981513908692,0.0007810357435834925
13PPDH2,"1,3-propanediol dehydrogenase",2,-3.350267819286648,3.350267819286648,1000.0,0.003350267819286648,0.0005653047242851502
13PPDH,"1,3-propanediol dehydrogenase",2,3.3502678192866475,3.3502678192866475,1000.0,0.0033502678192866477,0.0005653047242851501
RPI,Ribose-5-phosphate isomerase,2,3.3327543966715307,3.3327543966715307,1000.0,0.0033327543966715305,0.0005594099457166988
THRt2r,L threonine reversible transport via proton symport,2,2.9032771967023745,2.9032771967023745,1000.0,0.0029032771967023746,0.0004245223595045244
FE3PYOVDL2,Ferripyoverdine complex formation  P putida KT2440 specific,2,-2.872751198754416,2.872751198754416,1000.0,0.002872751198754416,0.0004156421593705607
FE3DCITexs,Dicitrate Fe(III) binding (spontaneous),2,2.8696214936157163,2.8696214936157163,1000.0,0.002869621493615716,0.00041473701394269095
GLYAT,Glycine C-acetyltransferase,1,-2.8015910405137974,2.8015910405137974,1000.0,0.002801591040513797,0.0003953056695079974
THRD,L-threonine dehydrogenase,2,2.8015910405137974,2.8015910405137974,1000.0,0.002801591040513797,0.0003953056695079974
NADHPO,NADH peroxidase,2,2.726028365119819,2.726028365119819,1000.0,0.002726028365119819,0.0003742693856496084
NADH10,NADH dehydrogenase (menaquinone-8 & 0 protons),2,2.6294398347218126,2.6294398347218126,1000.0,0.002629439834721813,0.00034821705589957875
GLYO1,Glycine oxidase,2,2.5562042003154533,2.5562042003154533,1000.0,0.0025562042003154533,0.00032908997419849604
GLXO1,Glyoxylate oxidase,2,2.5562042003154533,2.5562042003154533,1000.0,0.0025562042003154533,0.00032908997419849604
OXFOtex,Oxalate:Formate antiporter (extracellular to periplasm),3,-2.556204200315453,2.556204200315453,1000.0,0.002556204200315453,0.00032908997419849593
FBA3,"Sedoheptulose 1,7-bisphosphate D-glyceraldehyde-3-phosphate-lyase",2,1.7943032946302668,1.7943032946302668,1000.0,0.001794303294630267,0.00016214937254992065
PFK_4,Phosphofructokinase (s7p),2,1.7943032946302668,1.7943032946302668,1000.0,0.001794303294630267,0.00016214937254992065
TPI,Triose-phosphate isomerase,2,1.5397742522286206,1.5397742522286206,1000.0,0.0015397742522286206,0.00011940916727010763
PGI,Glucose-6-phosphate isomerase,3,-1.5383617162515686,1.5383617162515686,1000.0,0.0015383617162515685,0.00011919018402811419
OCOAT2r,3-oxoacid CoA-transferase (Succinyl-CoA: 3-methylbutanoate),2,1.5009076277246056,1.5009076277246056,1000.0,0.0015009076277246057,0.00011345705144189487
3MBtex,3-methylbutanoic acid transport via diffusion (extracellular to periplasm),3,1.5009076277246054,1.5009076277246054,1000.0,0.0015009076277246055,0.00011345705144189483
3MBt2pp,H+/Isovalerate symport (periplasm),2,1.5009076277246054,1.5009076277246054,1000.0,0.0015009076277246055,0.00011345705144189483
LLEUDr,L leucine dehydrogenase,2,-1.4965786298380923,1.4965786298380923,1000.0,0.0014965786298380924,0.00011280351751532192
OIVD1r,2-oxoisovalerate dehydrogenase (acylating; 4-methyl-2-oxopentaoate),1,-1.4965786298380894,1.4965786298380894,1000.0,0.0014965786298380894,0.00011280351751532146
LEUtex,L-leucine transport via diffusion (extracellular to periplasm),3,-1.315990875503826,1.315990875503826,1000.0,0.001315990875503826,8.722265848075915e-05
LEUt3pp,L-leucine transport out via proton antiport (periplasm),2,1.315990875503826,1.315990875503826,1000.0,0.001315990875503826,8.722265848075915e-05
MDH,Malate dehydrogenase,2,1.290370099376627,1.290370099376627,1000.0,0.001290370099376627,8.38594761763296e-05
FUM,Fumarase,2,1.2903700993766267,1.2903700993766267,1000.0,0.0012903700993766268,8.385947617632959e-05
OCOAT1,3-oxoacid CoA-transferase (Succinyl-CoA: acetoacetate),2,-1.156602183735881,1.156602183735881,1000.0,0.0011566021837358812,6.737388318523886e-05
ACACCT,Acetyl-CoA:acetoacetyl-CoA transferase,2,1.1566021837358809,1.1566021837358809,1000.0,0.001156602183735881,6.737388318523883e-05
GLUDxi,Glutamate dehydrogenase  NAD,2,-0.9531398382986722,0.9531398382986722,1000.0,0.0009531398382986722,4.575481540186629e-05
FACOAL140t2pp,Fatty-acid-CoA ligase (tetradecanoate transport via vectoral Co-A coupling),1,0.9490709039202063,0.9490709039202063,1000.0,0.0009490709039202064,4.536499651313574e-05
TTDCAtexi,Tetradecanoate transport via facilitated irreversible diffusion (extracellular to periplasm),2,0.9490709039202062,0.9490709039202062,1000.0,0.0009490709039202063,4.536499651313573e-05
ACACT5r_1,Acetyl CoA C acyltransferase  decanoyl CoA,1,-0.9469865716044766,0.9469865716044766,1000.0,0.0009469865716044767,4.516595575220425e-05
ECOAH4,3-hydroxyacyl-CoA dehydratase (3-hydroxydecanoyl-CoA),2,-0.9469865716044765,0.9469865716044765,1000.0,0.0009469865716044766,4.516595575220424e-05
HACD4,3-hydroxyacyl-CoA dehydrogenase (3-oxodecanoyl-CoA),2,-0.9469865716044765,0.9469865716044765,1000.0,0.0009469865716044766,4.516595575220424e-05
RHACOAR80,3R  3 Hydroxyacyl CoANADP oxidoreductase,2,-0.9469865716044765,0.9469865716044765,1000.0,0.0009469865716044766,4.516595575220424e-05
HACD2,3-hydroxyacyl-CoA dehydrogenase (3-oxohexanoyl-CoA),2,-0.9469865716044765,0.9469865716044765,1000.0,0.0009469865716044766,4.516595575220424e-05
ECOAH2,3-hydroxyacyl-CoA dehydratase (3-hydroxyhexanoyl-CoA),2,-0.9469865716044765,0.9469865716044765,1000.0,0.0009469865716044766,4.516595575220424e-05
HACD5,3-hydroxyacyl-CoA dehydrogenase (3-oxododecanoyl-CoA),2,-0.9469865716044765,0.9469865716044765,1000.0,0.0009469865716044766,4.516595575220424e-05
ACOAD4_1,Acyl CoA dehydrogenase  decanoyl CoA,2,0.9469865716044765,0.9469865716044765,1000.0,0.0009469865716044766,4.516595575220424e-05
ACACT4r,Acetyl-CoA C-acyltransferase (octanoyl-CoA) (r),1,-0.9469865716044763,0.9469865716044763,1000.0,0.0009469865716044763,4.5165955752204225e-05
ACOAD3,Acyl-CoA dehydrogenase (octanoyl-CoA),2,0.9469865716044764,0.9469865716044764,1000.0,0.0009469865716044765,4.5165955752204225e-05
ACACT3r,Acetyl-CoA C-acyltransferase (hexanoyl-CoA) (r),1,-0.9469865716044763,0.9469865716044763,1000.0,0.0009469865716044763,4.5165955752204225e-05
ACOAD5_1,Acyl CoA dehydrogenase  dodecanoyl CoA,2,0.9469865716044764,0.9469865716044764,1000.0,0.0009469865716044765,4.5165955752204225e-05
HACD6,3-hydroxyacyl-CoA dehydrogenase (3-oxotetradecanoyl-CoA),2,-0.9469865716044764,0.9469865716044764,1000.0,0.0009469865716044765,4.5165955752204225e-05
RECOAH3,3 hydroxyacyl Coa dehydratase   3R  3 hydroxyoctanoyl CoA,2,-0.9469865716044763,0.9469865716044763,1000.0,0.0009469865716044763,4.5165955752204225e-05
ACOAD2,Acyl-CoA dehydrogenase (hexanoyl-CoA),2,-0.9469865716044764,0.9469865716044764,1000.0,0.0009469865716044765,4.5165955752204225e-05
ACACT2r,Acetyl-CoA C-acyltransferase (butanoyl-CoA) (r),1,-0.9469865716044763,0.9469865716044763,1000.0,0.0009469865716044763,4.5165955752204225e-05
ACOAD6,Acyl-CoA dehydrogenase (tetradecanoyl-CoA),2,0.9469865716044763,0.9469865716044763,1000.0,0.0009469865716044763,4.5165955752204225e-05
ACACT6r_1,Acetyl CoA C acyltransferase  dodecanoyl CoA,1,-0.9469865716044764,0.9469865716044764,1000.0,0.0009469865716044765,4.5165955752204225e-05
ECOAH5_1,3 hydroxyacyl CoA dehydratase  3 hydroxydodecanoyl CoA,2,-0.9469865716044764,0.9469865716044764,1000.0,0.0009469865716044765,4.5165955752204225e-05
ECOAH6,3-hydroxyacyl-CoA dehydratase (3-hydroxytetradecanoyl-CoA),2,-0.9469865716044763,0.9469865716044763,1000.0,0.0009469865716044763,4.5165955752204225e-05
IBTMr,Isobutyryl-CoA mutase,2,0.9469865716044749,0.9469865716044749,1000.0,0.0009469865716044748,4.5165955752204076e-05
MCA,Methyl cis aconitase,2,0.9460245720741383,0.9460245720741383,1000.0,0.0009460245720741382,4.507423838197585e-05
MCITL2,Methylisocitrate lyase,2,0.9460245720741383,0.9460245720741383,1000.0,0.0009460245720741382,4.507423838197585e-05
MCITS,2-methylcitrate synthase,1,0.9460245720741381,0.9460245720741381,1000.0,0.0009460245720741381,4.5074238381975844e-05
MMSDHir,Methylmalonate semialdehyde dehydrogenase  acylating,1,0.9460245720741381,0.9460245720741381,1000.0,0.0009460245720741381,4.5074238381975844e-05
HIBHr,3 hydroxyisobutyryl CoA hydrolase,1,0.946024572074138,0.946024572074138,1000.0,0.000946024572074138,4.507423838197583e-05
ECOAH2c,Enoyl CoA hydratase  bacterial,2,0.946024572074138,0.946024572074138,1000.0,0.000946024572074138,4.507423838197583e-05
HACOADr,3 hydroxyacyl CoA dehydrogenase,2,0.946024572074138,0.946024572074138,1000.0,0.000946024572074138,4.507423838197583e-05
H2Ot,H2O transport via diffusion,2,0.7677421635097706,0.7677421635097706,1000.0,0.0007677421635097707,2.9686182141391145e-05
ADK1,Adenylate kinase,2,-0.617396467744142,0.617396467744142,1000.0,0.000617396467744142,1.919781685619917e-05
ALATA_L,L-alanine transaminase,2,-0.536722508682753,0.536722508682753,1000.0,0.0005367225086827529,1.450852227829276e-05
ACOADH2,Acyl CoA dehydrogenase  isobutyryl CoA,2,0.473012286037069,0.473012286037069,1000.0,0.000473012286037069,1.1268559595493957e-05
Growth,Biomass reaction,1,0.40083313764038786,0.40083313764038786,1000.0,0.00040083313764038787,8.091905456086725e-06
PACALDt,Phenylacetaldehyde transport  extracellular,3,-0.3443856106162529,0.3443856106162529,1000.0,0.0003443856106162529,5.97328941669411e-06
ALDD19xr,"Aldehyde dehydrogenase (phenylacetaldehyde, NAD)",2,0.3443856106162529,0.3443856106162529,1000.0,0.0003443856106162529,5.97328941669411e-06
DHPACCOAHIT,"1,2-Dihydroxy-1,2-dihydrophenylacetyl-CoA Hydratase/Isomerase/Ketothiolase complex",1,0.34438561061625284,0.34438561061625284,1000.0,0.0003443856106162528,5.973289416694109e-06
PHACOAOR,Phenylacetyl-CoA oxygenase/reductase,2,0.34438561061625284,0.34438561061625284,1000.0,0.0003443856106162528,5.973289416694109e-06
PACCOAL,Phenylacetate-CoA ligase,1,0.34438561061625284,0.34438561061625284,1000.0,0.0003443856106162528,5.973289416694109e-06
3OXCOAT,3-oxoadipyl-CoA thiolase,1,0.34438561061625284,0.34438561061625284,1000.0,0.0003443856106162528,5.973289416694109e-06
HADPCOADH,3-hydroxyadipyl-CoA dehydrogenase,2,0.3443856106162528,0.3443856106162528,1000.0,0.00034438561061625277,5.973289416694107e-06
H2tpp,Hydrogen transport diffusion (periplasm),2,-0.3443856106162527,0.3443856106162527,1000.0,0.0003443856106162527,5.973289416694105e-06
H2tex,Hydrogen transport via diffusion (extracellular to periplasm),3,-0.34438561061625267,0.34438561061625267,1000.0,0.00034438561061625266,5.973289416694103e-06
DHAD1,"Dihydroxy-acid dehydratase (2,3-dihydroxy-3-methylbutanoate)",2,0.32681060366499637,0.32681060366499637,1000.0,0.0003268106036649964,5.3791770847337546e-06
KARA1,"Ketol-acid reductoisomerase (2,3-dihydroxy-3-methylbutanoate)",2,-0.3268106036649954,0.3268106036649954,1000.0,0.0003268106036649954,5.379177084733722e-06
ACLS,Acetolactate synthase,2,0.3268106036649954,0.3268106036649954,1000.0,0.0003268106036649954,5.379177084733722e-06
NDPK3,Nucleoside-diphosphate kinase (ATP:CDP),2,0.3005783565863252,0.3005783565863252,1000.0,0.0003005783565863252,4.550288936384122e-06
CYTK1,Cytidylate kinase (CMP),2,0.3003474766990437,0.3003474766990437,1000.0,0.0003003474766990437,4.543301296107578e-06
G3PD1ir,Glycerol 3 phosphate dehydrogenase  NAD,2,0.25452904240164637,0.25452904240164637,1000.0,0.00025452904240164635,3.2628585775305714e-06
G3PCT,Glycerol-3-phosphate cytidylyltransferase,2,0.2465123796488386,0.2465123796488386,1000.0,0.00024651237964883857,3.0605609411284026e-06
PPM,Phosphopentomutase,2,0.2367376627543556,0.2367376627543556,1000.0,0.0002367376627543556,2.822658087221193e-06
ACONT,Aconitate hydratase,2,0.21497482837993426,0.21497482837993426,1000.0,0.00021497482837993425,2.327548745784556e-06
ICDHyr,Isocitrate dehydrogenase (NADP),2,0.21497482837993423,0.21497482837993423,1000.0,0.00021497482837993422,2.3275487457845556e-06
CS,Citrate synthase,1,0.21288849189851594,0.21288849189851594,1000.0,0.00021288849189851595,2.2825901257462238e-06
NDPK2,Nucleoside-diphosphate kinase (ATP:UDP),2,0.19845408977830664,0.19845408977830664,1000.0,0.00019845408977830665,1.983552364485459e-06
NOX,NADH oxidase,2,0.16982416480436632,0.16982416480436632,1000.0,0.0001698241648043663,1.4525213952607852e-06
VALt3pp,L-valine transport out via proton antiport (periplasm),2,0.15719325147481175,0.15719325147481175,1000.0,0.00015719325147481176,1.2444898469618238e-06
VALtex,L-valine transport via diffusion (extracellular to periplasm),3,-0.15719325147481172,0.15719325147481172,1000.0,0.00015719325147481173,1.2444898469618234e-06
LYSabc,L-lysine transport via ABC system,2,0.13755030034581314,0.13755030034581314,1000.0,0.00013755030034581314,9.528985133434314e-07
ASPTA,Aspartate transaminase,2,-0.13145703540397494,0.13145703540397494,1000.0,0.00013145703540397494,8.703445841162534e-07
ILEt2r,L isoleucine reversible transport via proton symport,2,0.12463064665338815,0.12463064665338815,1000.0,0.00012463064665338815,7.822998736807076e-07
SERt2r,L serine reversible transport via proton symport,2,0.12361453464947036,0.12361453464947036,1000.0,0.00012361453464947037,7.695957131630679e-07
ARGt2r,L arganine reversible transport via proton symport,2,0.11856323544892561,0.11856323544892561,1000.0,0.00011856323544892561,7.079843336584515e-07
GLNS,Glutamine synthetase,2,0.10557263429113828,0.10557263429113828,1000.0,0.00010557263429113827,5.613403745749545e-07
GK1,Guanylate kinase (GMP:ATP),2,0.09704691345352724,0.09704691345352724,1000.0,9.704691345352725e-05,4.7433701694900817e-07
GUAPRT,Guanine phosphoribosyltransferase,2,0.09704691345352724,0.09704691345352724,1000.0,9.704691345352725e-05,4.7433701694900817e-07
PUNP3,Purine-nucleoside phosphorylase (Guanosine),2,0.09704691345352723,0.09704691345352723,1000.0,9.704691345352723e-05,4.74337016949008e-07
ASNt4,L-asparagine transport in via sodium symport,2,0.0966228319939037,0.0966228319939037,1000.0,9.66228319939037e-05,4.70200501686628e-07
NAt3_1,Sodium proton antiporter  HNA is 11,2,0.09662283199370249,0.09662283199370249,1000.0,9.662283199370249e-05,4.7020050168466963e-07
PROt2r,L proline reversible transport via proton symport,2,0.08860616924109593,0.08860616924109593,1000.0,8.860616924109594e-05,3.954134930803832e-07
NDPK1,Nucleoside-diphosphate kinase (ATP:GDP),2,0.08621760457389688,0.08621760457389688,1000.0,8.621760457389688e-05,3.743824381398368e-07
ADPT,Adenine phosphoribosyltransferase,2,0.08192909083429775,0.08192909083429775,1000.0,8.192909083429775e-05,3.380647072959143e-07
PUNP1,Purine-nucleoside phosphorylase (Adenosine),2,0.08192909083429774,0.08192909083429774,1000.0,8.192909083429773e-05,3.3806470729591416e-07
ADNt2pp,Adenosine transport in via proton symport (periplasm),2,0.08188900752053378,0.08188900752053378,1000.0,8.188900752053378e-05,3.3773399597506783e-07
23CAMPtex,23cAMP transport via diffusion (extracellular to periplasm),3,0.08188900752053377,0.08188900752053377,1000.0,8.188900752053377e-05,3.3773399597506773e-07
3NTD7pp,3'-nucleotidase (AMP) (periplasm),3,0.08188900752053377,0.08188900752053377,1000.0,8.188900752053377e-05,3.3773399597506773e-07
23PDE7pp,"2',3'-cyclic-nucleotide phosphodiesterase (AMP) (periplasm)",2,0.08188900752053377,0.08188900752053377,1000.0,8.188900752053377e-05,3.3773399597506773e-07
Kt1,Potassium transport via uniport (facilitated diffusion),2,0.07823982263544023,0.07823982263544023,1000.0,7.823982263544023e-05,3.083040841067637e-07
GLUR,Glutamate racemase,2,-0.07816246183987564,0.07816246183987564,1000.0,7.816246183987564e-05,3.0769470496769776e-07
HCO3E,HCO3 equilibration reaction,2,0.0758376296415614,0.0758376296415614,1000.0,7.583762964156141e-05,2.896630265255725e-07
ACCOAC,Acetyl-CoA carboxylase,2,0.0758376296415614,0.0758376296415614,1000.0,7.583762964156141e-05,2.896630265255725e-07
PHEt2r,L phenylalanine reversible transport via proton symport,2,0.07426035124494647,0.07426035124494647,1000.0,7.426035124494647e-05,2.777394438185982e-07
ALATA_D,D-alanine transaminase,2,-0.07415413046347176,0.07415413046347176,1000.0,7.415413046347175e-05,2.7694546423456816e-07
H2St1,H2s transport (diffusion),3,-0.06776505066605334,0.06776505066605334,1000.0,6.776505066605334e-05,2.3127841272436516e-07
UMPK,UMP kinase,2,0.06297248925585558,0.06297248925585558,1000.0,6.297248925585558e-05,1.997217143737056e-07
GAMpts,D-glucosamine transport via PEP:Pyr PTS,2,0.058521638095496646,0.058521638095496646,1000.0,5.8521638095496645e-05,1.7248705670194475e-07
PGAMT,Phosphoglucosamine mutase,2,-0.05852163809549657,0.05852163809549657,1000.0,5.852163809549657e-05,1.724870567019443e-07
G1PACT,Glucosamine-1-phosphate N-acetyltransferase,1,0.05852163809549656,0.05852163809549656,1000.0,5.8521638095496564e-05,1.7248705670194424e-07
UAGDP,UDP-N-acetylglucosamine diphosphorylase,2,0.058521638095496556,0.058521638095496556,1000.0,5.852163809549656e-05,1.724870567019442e-07
URIt2,Uridine transport in via proton symport,2,0.05776165846653057,0.05776165846653057,1000.0,5.776165846653057e-05,1.6803620781168514e-07
PYNP2r,Pyrimidine-nucleoside phosphorylase (uracil),2,0.05776165846653057,0.05776165846653057,1000.0,5.776165846653057e-05,1.6803620781168514e-07
UPPRT,Uracil phosphoribosyltransferase,2,0.05776165846653057,0.05776165846653057,1000.0,5.776165846653057e-05,1.6803620781168514e-07
TYRt2r,L tyrosine reversible transport via proton symport,2,0.05527328634805892,0.05527328634805892,1000.0,5.527328634805892e-05,1.5387006497355347e-07
CYTDK1,ATP:cytidine 5'-phosphotransferase,2,0.05351443054009284,0.05351443054009284,1000.0,5.351443054009284e-05,1.4423324684267744e-07
CYTDt2,Cytidine transport in via proton symport,2,0.05351443054009284,0.05351443054009284,1000.0,5.351443054009284e-05,1.4423324684267744e-07
HISt2r,L histidine reversible transport via proton symport,2,0.03797412979377507,0.03797412979377507,1000.0,3.797412979377507e-05,7.262718714833684e-08
CYS,L-cysteine,2,0.03693917863238815,0.03693917863238815,1000.0,3.693917863238815e-05,6.872235475914285e-08
ASAD,Aspartate-semialdehyde dehydrogenase,2,-0.03483420341006909,0.03483420341006909,1000.0,3.483420341006909e-05,6.111324300435737e-08
ASPK,Aspartate kinase,2,0.03483420341006909,0.03483420341006909,1000.0,3.483420341006909e-05,6.111324300435737e-08
HCYSMT2,Homocysteine Methyltransferase,2,0.030865955347429242,0.030865955347429242,1000.0,3.086595534742924e-05,4.798251530348033e-08
MMETtex,S-methyl-L-methionine transport via diffusion (extracellular to periplasm),3,0.030865955347429242,0.030865955347429242,1000.0,3.086595534742924e-05,4.798251530348033e-08
MMETt2pp,S-methylmethionine permease (periplasm),2,0.030865955347429242,0.030865955347429242,1000.0,3.086595534742924e-05,4.798251530348033e-08
HSDy,Homoserine dehydrogenase (NADPH),2,-0.030825872033665207,0.030825872033665207,1000.0,3.0825872033665205e-05,4.785797359579625e-08
HSERTA,Homoserine O trans acetylase,1,0.030825872033665203,0.030825872033665203,1000.0,3.0825872033665205e-05,4.7857973595796244e-08
AHSERL2,O acetylhomoserine  thiol  lyase,2,0.030825872033665203,0.030825872033665203,1000.0,3.0825872033665205e-05,4.7857973595796244e-08
TRPt2r,L tryptophan reversible transport via proton symport,2,0.022784558042892564,0.022784558042892564,1000.0,2.2784558042892563e-05,2.6145971360350307e-08
TRDR,Thioredoxin reductase (NADPH),2,0.021317508759125206,0.021317508759125206,1000.0,2.1317508759125207e-05,2.2887400197998997e-08
CYTK2,Cytidylate kinase (dCMP),2,0.010829308879630361,0.010829308879630361,1000.0,1.0829308879630361e-05,5.906429785256589e-09
NDPK5,Nucleoside-diphosphate kinase (ATP:dGDP),2,0.010829308879630361,0.010829308879630361,1000.0,1.0829308879630361e-05,5.906429785256589e-09
RNDR2,Ribonucleoside-diphosphate reductase (GDP),2,0.010829308879630361,0.010829308879630361,1000.0,1.0829308879630361e-05,5.906429785256589e-09
ADADir,Deoxycytidine kinase,2,0.010829308879630361,0.010829308879630361,1000.0,1.0829308879630361e-05,5.906429785256589e-09
DCYTt2,Deoxycytidine transport in via proton symport,2,0.010829308879630361,0.010829308879630361,1000.0,1.0829308879630361e-05,5.906429785256589e-09
NDPK7,Nucleoside-diphosphate kinase (ATP:dCDP),2,0.010829308879630361,0.010829308879630361,1000.0,1.0829308879630361e-05,5.906429785256589e-09
NDPK4,Nucleoside-diphosphate kinase (ATP:dTDP),2,0.01048819987949839,0.01048819987949839,1000.0,1.048819987949839e-05,5.540200396758315e-09
TMDK1,Thymidine kinase (ATP:thymidine),2,0.01048819987949839,0.01048819987949839,1000.0,1.048819987949839e-05,5.540200396758315e-09
RNTR1,Ribonucleoside triphosphate reductase  ATP,2,0.01048819987949839,0.01048819987949839,1000.0,1.048819987949839e-05,5.540200396758315e-09
DTMPK,DTMP kinase,2,0.010488199879498387,0.010488199879498387,1000.0,1.0488199879498388e-05,5.540200396758313e-09
THMDt2,Thymidine transport in via proton symport,2,0.010488199879498387,0.010488199879498387,1000.0,1.0488199879498388e-05,5.540200396758313e-09
ILETA,Isoleucine transaminase,2,0.008176996007863915,0.008176996007863915,1000.0,8.176996007863915e-06,3.3675273746050538e-09
OIVD3,2-oxoisovalerate dehydrogenase (acylating; 3-methyl-2-oxopentanoate),1,0.008176996007863913,0.008176996007863913,1000.0,8.176996007863914e-06,3.3675273746050525e-09
PAP_BS,Phosphatidic acid phosphatase,2,0.008016662752807758,0.008016662752807758,1000.0,8.016662752807757e-06,3.2367621824346904e-09
AGPATr_BS,1 acylglycerol 3 phosphate O acyltransferase,1,0.008016662752807758,0.008016662752807758,1000.0,8.016662752807757e-06,3.2367621824346904e-09
UGT_BS,UDP glucosyltransferase  diglucosyl,2,0.008016662752807758,0.008016662752807758,1000.0,8.016662752807757e-06,3.2367621824346904e-09
G3POA_BS,Glycerol 3 phosphate O acyltransferase,1,0.008016662752807758,0.008016662752807758,1000.0,8.016662752807757e-06,3.2367621824346904e-09
FACOAL150_anteiso,Fatty acid  CoA ligase  anteiso C150,1,0.0054513306719092755,0.0054513306719092755,1000.0,5.451330671909275e-06,1.4966788331578007e-09
KAS4,B-ketoacyl synthetase (Anteiso-C15:0),1,0.005451330671909275,0.005451330671909275,1000.0,5.451330671909274e-06,1.4966788331578005e-09
PPTGS_BS,Peptidoglycan subunit synthesis,2,0.00400833137640388,0.00400833137640388,1000.0,4.008331376403879e-06,8.091905456086729e-10
UAMAGS,UDP-N-acetylmuramoyl-L-alanyl-D-glutamate synthetase,2,0.00400833137640388,0.00400833137640388,1000.0,4.008331376403879e-06,8.091905456086729e-10
DHDPS,Dihydrodipicolinate synthase,2,0.00400833137640388,0.00400833137640388,1000.0,4.008331376403879e-06,8.091905456086729e-10
DAPE,Diaminopimelate epimerase,3,0.004008331376403879,0.004008331376403879,1000.0,4.0083313764038786e-06,8.091905456086726e-10
UAMAS,UDP-N-acetylmuramoyl-L-alanine synthetase,2,0.004008331376403879,0.004008331376403879,1000.0,4.0083313764038786e-06,8.091905456086726e-10
ADPDA,N6 acetyl LL 2 6 diaminoheptanedioate amidohydrolase,2,0.004008331376403878,0.004008331376403878,1000.0,4.008331376403878e-06,8.091905456086722e-10
APTA1i,Acetyl L L diaminopimelate aminotransferase,2,0.004008331376403878,0.004008331376403878,1000.0,4.008331376403878e-06,8.091905456086722e-10
UAAGDS,"UDP-N-acetylmuramoyl-L-alanyl-D-glutamyl-meso-2,6-diaminopimelate synthetase",2,0.004008331376403878,0.004008331376403878,1000.0,4.008331376403878e-06,8.091905456086722e-10
APATi,Tetrahydrodipicolinate acetyltransferase,1,0.004008331376403878,0.004008331376403878,1000.0,4.008331376403878e-06,8.091905456086722e-10
DHDPRy,Dihydrodipicolinate reductase (NADPH),2,0.004008331376403878,0.004008331376403878,1000.0,4.008331376403878e-06,8.091905456086722e-10
UDCPDP,Undecaprenyl-diphosphatase,2,0.004008331376403853,0.004008331376403853,1000.0,4.008331376403853e-06,8.091905456086622e-10
ALAALAr,D-alanine-D-alanine ligase (reversible),2,0.004008331376403839,0.004008331376403839,1000.0,4.008331376403839e-06,8.091905456086564e-10
UAGPT3,UDP-N-acetylglucosamine-N-acetylmuramyl-(pentapeptide)pyrophosphoryl-undecaprenol N-acetylglucosamine transferase,2,0.004008331376403839,0.004008331376403839,1000.0,4.008331376403839e-06,8.091905456086564e-10
UGMDDS,"UDP-N-acetylmuramoyl-L-alanyl-D-glutamyl-meso-2,6-diaminopimeloyl-D-alanyl-D-alanine synthetase",2,0.004008331376403839,0.004008331376403839,1000.0,4.008331376403839e-06,8.091905456086564e-10
UAPGR,UDP-N-acetylenolpyruvoylglucosamine reductase,2,0.004008331376403838,0.004008331376403838,1000.0,4.008331376403838e-06,8.091905456086562e-10
UAGCVT,UDP-N-acetylglucosamine 1-carboxyvinyltransferase,2,0.004008331376403838,0.004008331376403838,1000.0,4.008331376403838e-06,8.091905456086562e-10
PAPPT3,"Phospho-N-acetylmuramoyl-pentapeptide-transferase (meso-2,6-diaminopimelate)",2,0.004008331376403838,0.004008331376403838,1000.0,4.008331376403838e-06,8.091905456086562e-10
MGt5,Magnesium transport in/out via permease (no H+),2,-0.0034772274690303647,0.0034772274690303647,1000.0,3.477227469030365e-06,6.089614025387165e-10
KAS3,B-ketoacyl synthetase (Iso-C15:0),1,0.003206665101123104,0.003206665101123104,1000.0,3.206665101123104e-06,5.178819491895507e-10
FACOAL150_ISO,Fatty acid  CoA ligase  Iso C150,1,0.003206665101123103,0.003206665101123103,1000.0,3.206665101123103e-06,5.178819491895504e-10
FE3t,"Ferric iron uptake, plasma membrane",2,0.0031297051386961487,0.0031297051386961487,1000.0,3.129705138696149e-06,4.933219156311853e-10
KAS12,B-ketoacyl synthetase (Anteiso-C17:0),1,0.0027256653359546378,0.0027256653359546378,1000.0,2.7256653359546376e-06,3.7416970828945017e-10
FACOAL170_anteiso,Fatty acid  CoA ligase  anteiso C170,1,0.0027256653359546378,0.0027256653359546378,1000.0,2.7256653359546376e-06,3.7416970828945017e-10
FE2t,Iron  II  transport,2,0.002691594519255205,0.002691594519255205,1000.0,2.691594519255205e-06,3.6487392959913425e-10
SMIA1,Staphyloferrin A Mediated Iron Acquisition,2,-0.0026915945192552047,0.0026915945192552047,1000.0,2.6915945192552046e-06,3.6487392959913414e-10
CITt14,Citrate transport in via Ca complex,2,0.0020863364814182194,0.0020863364814182194,1000.0,2.0863364814182195e-06,2.1922610491393808e-10
Clt,Major Facilitator(MFS) TCDB:2.A.1.14.6,2,0.002086336481418219,0.002086336481418219,1000.0,2.086336481418219e-06,2.19226104913938e-10
SO4t2,Sulfate transport in via proton symport,2,0.0017388141510840025,0.0017388141510840025,1000.0,1.7388141510840025e-06,1.5227545129757128e-10
ECOAH7,3-hydroxyacyl-CoA dehydratase (3-hydroxyhexadecanoyl-CoA),2,0.001603332550561552,0.001603332550561552,1000.0,1.603332550561552e-06,1.2947048729738769e-10
ACOAD7,Acyl-CoA dehydrogenase (hexadecanoyl-CoA),2,-0.0016033325505615517,0.0016033325505615517,1000.0,1.6033325505615518e-06,1.2947048729738766e-10
HACD7,3-hydroxyacyl-CoA dehydrogenase (3-oxohexadecanoyl-CoA),2,0.0016033325505615517,0.0016033325505615517,1000.0,1.6033325505615518e-06,1.2947048729738766e-10
ACACT7r,Acetyl-CoA C-acyltransferase (tetradecanoyl-CoA) (r),1,0.0016033325505615517,0.0016033325505615517,1000.0,1.6033325505615518e-06,1.2947048729738766e-10
r2465_1,Cation Diffusion Facilitator (Cdf) Tcdb:2.A.4.2.3,2,-0.00013668409993537224,0.00013668409993537224,10.0,1.3668409993537223e-05,9.409348583392202e-11
UAG2E,UDP-N-acetylglucosamine 2-epimerase,3,0.001202499412921164,0.001202499412921164,1000.0,1.202499412921164e-06,7.282714910478057e-11
KAS11,B-ketoacyl synthetase (Iso-C17:0),1,0.0011223327853930863,0.0011223327853930863,1000.0,1.1223327853930862e-06,6.344053877571995e-11
FACOAL170_ISO,Fatty acid  CoA ligase  Iso C170,1,0.0011223327853930863,0.0011223327853930863,1000.0,1.1223327853930862e-06,6.344053877571995e-11
NADDPp_1,"NAD diphosphatase, peroxisomal",2,-0.0009130978875495861,0.0009130978875495861,1000.0,9.130978875495861e-07,4.199119551322342e-11
KAS6,B-ketoacyl synthetase (Iso-C16:0),1,0.0008016662752807759,0.0008016662752807759,1000.0,8.016662752807759e-07,3.2367621824346915e-11
FACOAL160_ISO,Fatty acid  CoA ligase  Iso C160,1,0.0008016662752807757,0.0008016662752807757,1000.0,8.016662752807758e-07,3.23676218243469e-11
KAS13,B-ketoacyl synthetase (octadecanoate),1,0.00048099976516846534,0.00048099976516846534,1000.0,4.809997651684654e-07,1.165234385676488e-11
FACOAL180_2,Fatty acid  CoA ligase  octadecanoate,1,0.00048099976516846534,0.00048099976516846534,1000.0,4.809997651684654e-07,1.165234385676488e-11
TECA1S45,Glycerol teichoic acid  n45   unlinked  unsubstituted,2,0.0004008331376403879,0.0004008331376403879,1000.0,4.0083313764038795e-07,8.091905456086729e-12
TECA3S45,Glycerol teichoic acid  n45   unlinked  glucose substituted,2,0.0004008331376403879,0.0004008331376403879,1000.0,4.0083313764038795e-07,8.091905456086729e-12
TECA2S45,Glycerol teichoic acid  n45   unlinked  D ala substituted,2,0.0004008331376403879,0.0004008331376403879,1000.0,4.0083313764038795e-07,8.091905456086729e-12
MECDPDH2,"2C-methyl-D-erythritol 2,4 cyclodiphosphate dehydratase",2,0.00032066651011231046,0.00032066651011231046,1000.0,3.2066651011231045e-07,5.178819491895509e-12
MEPCT,2-C-methyl-D-erythritol 4-phosphate cytidylyltransferase,2,0.00032066651011231046,0.00032066651011231046,1000.0,3.2066651011231045e-07,5.178819491895509e-12
DXPS,1-deoxy-D-xylulose 5-phosphate synthase,2,0.0003206665101123104,0.0003206665101123104,1000.0,3.206665101123104e-07,5.178819491895508e-12
DXPRIi,1-deoxy-D-xylulose reductoisomerase,2,0.0003206665101123104,0.0003206665101123104,1000.0,3.206665101123104e-07,5.178819491895508e-12
MECDPS,"2-C-methyl-D-erythritol 2,4-cyclodiphosphate synthase",3,0.0003206665101123104,0.0003206665101123104,1000.0,3.206665101123104e-07,5.178819491895508e-12
CDPMEK,4-(cytidine 5'-diphospho)-2-C-methyl-D-erythritol kinase,2,0.0003206665101123104,0.0003206665101123104,1000.0,3.206665101123104e-07,5.178819491895508e-12
CU2tex,Copper (Cu+2) transport via diffusion (extracellular to periplasm),3,0.000284190694587035,0.000284190694587035,1000.0,2.84190694587035e-07,4.067647126571131e-12
CU2tpp,Copper transport in via permease (no H+),2,0.00028419069458703494,0.00028419069458703494,1000.0,2.8419069458703495e-07,4.067647126571129e-12
IPDPS,1-hydroxy-2-methyl-2-(E)-butenyl 4-diphosphate reductase (ipdp),2,0.0002805831963482716,0.0002805831963482716,1000.0,2.805831963482716e-07,3.965033673482499e-12
MNt2,Manganese transport in via proton symport,2,0.000276975698109508,0.000276975698109508,1000.0,2.76975698109508e-07,3.863731109077746e-12
FOLR2,Folate reductase,2,0.00026815736908141955,0.00026815736908141955,1000.0,2.6815736908141953e-07,3.6216212978316325e-12
DHFR,Dihydrofolate reductase,2,0.00026815736908141955,0.00026815736908141955,1000.0,2.6815736908141953e-07,3.6216212978316325e-12
r0963,Facilitated diffusion,3,0.00026815736908141955,0.00026815736908141955,1000.0,2.6815736908141953e-07,3.6216212978316325e-12
PNTK,Pantothenate kinase,2,0.00023087988728143438,0.00023087988728143438,1000.0,2.3087988728143437e-07,2.6847000246119078e-12
PPNCL,Phosphopantothenate-cysteine ligase,2,0.00023087988728143438,0.00023087988728143438,1000.0,2.3087988728143437e-07,2.6847000246119078e-12
PTPATi,Pantetheine-phosphate adenylyltransferase,2,0.00023087988728143438,0.00023087988728143438,1000.0,2.3087988728143437e-07,2.6847000246119078e-12
PPCDC,Phosphopantothenoylcysteine decarboxylase,2,0.00023087988728143436,0.00023087988728143436,1000.0,2.3087988728143435e-07,2.684700024611907e-12
PNTOt4pp,Pantothenate sodium symporter (periplasm),3,0.00023087988728143436,0.00023087988728143436,1000.0,2.3087988728143435e-07,2.684700024611907e-12
PNTOtex,Pantothenate transport via diffusion (extracellular to periplasm),4,0.00023087988728143433,0.00023087988728143433,1000.0,2.3087988728143432e-07,2.6847000246119066e-12
DPCOAK,Dephospho-CoA kinase,1,0.0002308798872814343,0.0002308798872814343,1000.0,2.308798872814343e-07,2.684700024611906e-12
NAt3pp,Sodium transport out via proton antiport (cytoplasm to periplasm),2,0.00023087988728100948,0.00023087988728100948,1000.0,2.3087988728100948e-07,2.6847000246020264e-12
NADK,NAD kinase,2,0.00017917241252526868,0.00017917241252526868,1000.0,1.7917241252526869e-07,1.6168355372755088e-12
RIBFLVt2,Riboflavin transport in via proton symport,2,0.00017877157938761301,0.00017877157938761301,1000.0,1.78771579387613e-07,1.6096094657029473e-12
GHMT2r,"Glycine hydroxymethyltransferase, reversible",2,0.00017877157938761301,0.00017877157938761301,1000.0,1.78771579387613e-07,1.6096094657029473e-12
KAS1,B-ketoacyl synthetase (Iso-C14:0),1,0.00016033325505615518,0.00016033325505615518,1000.0,1.6033325505615517e-07,1.2947048729738765e-12
FACOAL140_ISO,Fatty acid  CoA ligase  Iso C140,1,0.00016033325505615518,0.00016033325505615518,1000.0,1.6033325505615517e-07,1.2947048729738765e-12
METAT,Methionine adenosyltransferase,2,0.0001294691034578453,0.0001294691034578453,1000.0,1.294691034578453e-07,8.442204043280721e-13
PLPS_1,Pyridoxal-5-phosphate synthase,2,8.938578969380651e-05,8.938578969380651e-05,1000.0,8.93857896938065e-08,4.024023664257368e-13
MTHFC,Methenyltetrahydrofolate cyclohydrolase,2,8.938578969380651e-05,8.938578969380651e-05,1000.0,8.93857896938065e-08,4.024023664257368e-13
MTHFD,Methylenetetrahydrofolate dehydrogenase (NADP),2,8.93857896938065e-05,8.93857896938065e-05,1000.0,8.938578969380649e-08,4.0240236642573677e-13
RBFK,Riboflavin kinase,2,8.93857896938065e-05,8.93857896938065e-05,1000.0,8.938578969380649e-08,4.0240236642573677e-13
FMNAT,FMN adenylyltransferase,2,8.93857896938065e-05,8.93857896938065e-05,1000.0,8.938578969380649e-08,4.0240236642573677e-13
TMDPK_1,Thiamine diphosphokinase,2,8.93857896938065e-05,8.93857896938065e-05,1000.0,8.938578969380649e-08,4.0240236642573677e-13
THMabc,Thiamine transport via ABC system,2,8.938578969380648e-05,8.938578969380648e-05,1000.0,8.938578969380648e-08,4.024023664257366e-13
NADH9,NADH dehydrogenase (demethylmenaquinone-8 & 0 protons),2,4.008331377812457e-05,4.008331377812457e-05,1000.0,4.008331377812457e-08,8.091905461773921e-14
DMPPS,1-hydroxy-2-methyl-2-(E)-butenyl 4-diphosphate reductase (dmpp),2,4.00833137640388e-05,4.00833137640388e-05,1000.0,4.00833137640388e-08,8.091905456086731e-14
NPHS,Naphthoate synthase,1,4.00833137640388e-05,4.00833137640388e-05,1000.0,4.00833137640388e-08,8.091905456086731e-14
BZt,Benzoate transport (diffusion),3,4.00833137640388e-05,4.00833137640388e-05,1000.0,4.00833137640388e-08,8.091905456086731e-14
DHNAOT_1,1 4 dihydroxy 2 naphthoate octaprenyltransferase,2,4.00833137640388e-05,4.00833137640388e-05,1000.0,4.00833137640388e-08,8.091905456086731e-14
BSCT,Benzoylsuccinyl-CoA thiolase,1,-4.00833137640388e-05,4.00833137640388e-05,1000.0,4.00833137640388e-08,8.091905456086731e-14
SUCBZT1,Succinyl:benzoate CoA transferase,2,4.00833137640388e-05,4.00833137640388e-05,1000.0,4.00833137640388e-08,8.091905456086731e-14
DMATT,Dimethylallyltranstransferase,2,4.0083313764038794e-05,4.0083313764038794e-05,1000.0,4.008331376403879e-08,8.091905456086728e-14
OCTDPS,Octaprenyl pyrophosphate synthase,2,4.0083313764038794e-05,4.0083313764038794e-05,1000.0,4.008331376403879e-08,8.091905456086728e-14
GRTT,Geranyltranstransferase,2,4.0083313764038794e-05,4.0083313764038794e-05,1000.0,4.008331376403879e-08,8.091905456086728e-14
AHCi,Adenosylhomocysteinase,2,4.0083313764038794e-05,4.0083313764038794e-05,1000.0,4.008331376403879e-08,8.091905456086728e-14
COBALTt5,Cobalt (Co+2) transport via diffusion (extracellular to cytoplasm),2,-4.008331376403879e-05,4.008331376403879e-05,1000.0,4.0083313764038786e-08,8.091905456086725e-14
AMMQLT8,S-adenosylmethione:2-demthylmenaquinole methyltransferase (menaquinone 8),2,4.008331376403879e-05,4.008331376403879e-05,1000.0,4.0083313764038786e-08,8.091905456086725e-14
LIPO3S24_BS,Lipoteichoic acid synthesis  n24   unliked  D alanine substituted,2,2.0041656882019397e-05,2.0041656882019397e-05,1000.0,2.0041656882019396e-08,2.022976364021682e-14
LIPO4S24_BS,Lipoteichoic acid synthesis  n24   linked  unsubstituted,2,2.0041656882019397e-05,2.0041656882019397e-05,1000.0,2.0041656882019396e-08,2.022976364021682e-14
LIPO1S24_BS,Lipoteichoic acid synthesis  n24   linked  glucose substituted,2,2.0041656882019397e-05,2.0041656882019397e-05,1000.0,2.0041656882019396e-08,2.022976364021682e-14
LIPO2S24_BS,Lipoteichoic acid synthesis  n24   linked  N acetylglucosamine substituted,2,2.0041656882019394e-05,2.0041656882019394e-05,1000.0,2.0041656882019393e-08,2.022976364021681e-14
GLUt2rpp,"L-glutamate transport via proton symport, reversible (periplasm)",2,-6.413776123106196e-13,6.413776123106196e-13,1000.0,6.413776123106197e-16,2.071815874727485e-29
BUTCT,Acetyl-CoA:butyrate-CoA transferase,2,-2.037160764620546e-15,2.037160764620546e-15,1000.0,2.037160764620546e-18,2.090134191032838e-34
BUTKr,Butyrate kinase,2,2.037160764620546e-15,2.037160764620546e-15,1000.0,2.037160764620546e-18,2.090134191032838e-34
PSERT,Phosphoserine transaminase,2,1.3242387842572496e-15,1.3242387842572496e-15,1000.0,1.3242387842572497e-18,8.831941220184485e-35
PGCD,Phosphoglycerate dehydrogenase,2,1.3242387842572494e-15,1.3242387842572494e-15,1000.0,1.3242387842572493e-18,8.831941220184483e-35
ALCD19y,Alcohol dehydrogenase  glycerol  NADP,2,-5.272785344396722e-16,5.272785344396722e-16,1000.0,5.272785344396722e-19,1.4002440837476377e-35
GLYCDH,Glycerol dehydratase,2,-5.156968472284965e-16,5.156968472284965e-16,1000.0,5.156968472284965e-19,1.339406850850448e-35
LDH_D,D-lactate dehydrogenase,2,-4.006237513477895e-17,4.006237513477895e-17,1000.0,4.006237513477895e-20,8.083453602268913e-38
ACGAMK,N-acetylglucosamine kinase,2,-4.006237513477895e-17,4.006237513477895e-17,1000.0,4.006237513477895e-20,8.083453602268913e-38
ACM6PH,N-acetylmuramate 6-phosphate hydrolase,2,-4.006237513477895e-17,4.006237513477895e-17,1000.0,4.006237513477895e-20,8.083453602268913e-38
UM3PL,UDP-N-acetylmuramate:L-alanyl-gamma-D-glutamyl-meso-diaminopimelate ligase,2,-4.0062375134778946e-17,4.0062375134778946e-17,1000.0,4.0062375134778944e-20,8.083453602268912e-38
4PCP,"Tetrapeptide L,D-carboxypeptidase",2,-4.0062375134778946e-17,4.0062375134778946e-17,1000.0,4.0062375134778944e-20,8.083453602268912e-38
DALAt2pp,D-alanine transport in via proton symport (periplasm),2,-4.0062375134778946e-17,4.0062375134778946e-17,1000.0,4.0062375134778944e-20,8.083453602268912e-38
AGM4PH,"N-Acetyl-D-glucosamine(anhydrous)N-Acetylmuramyl-tetrapeptide beta -1,4-N-acetylglucosaminidase",2,-4.0062375134778946e-17,4.0062375134778946e-17,1000.0,4.0062375134778944e-20,8.083453602268912e-38
AM4PA,Anhydrous-N-Acetylmuramyl-tetrapeptide amidase,2,-4.0062375134778946e-17,4.0062375134778946e-17,1000.0,4.0062375134778944e-20,8.083453602268912e-38
ANHMK,"1,6-anhydrous-N-Acetylmuramate kinase",2,-4.0062375134778946e-17,4.0062375134778946e-17,1000.0,4.0062375134778944e-20,8.083453602268912e-38
MLTGY4pp,Murein lytic transglycosylase (murein4px4p4p) (periplasm),2,-1.3354125044926313e-17,1.3354125044926313e-17,1000.0,1.3354125044926312e-20,8.981615113632122e-39
MDDEP4pp,"Murein D,D-endopeptidase (murein4px4px4p) (periplasm)",3,-1.3354125044926313e-17,1.3354125044926313e-17,1000.0,1.3354125044926312e-20,8.981615113632122e-39
MDDCP2pp,"Murein D,D-carboxypeptidase (murein5px4px4p) (periplasm)",2,-1.3354125044926313e-17,1.3354125044926313e-17,1000.0,1.3354125044926312e-20,8.981615113632122e-39
MCTP2App,Murein crosslinking transpeptidase 1A:(A2pm->D-ala) (periplasm),2,-1.3354125044926313e-17,1.3354125044926313e-17,1000.0,1.3354125044926312e-20,8.981615113632122e-39
MPTG,Murein polymerizing transglycosylase,2,-1.3354125044926313e-17,1.3354125044926313e-17,1000.0,1.3354125044926312e-20,8.981615113632122e-39
GLYCt,Glycerol transport via channel,3,-1.1581687211175698e-17,1.1581687211175698e-17,1000.0,1.1581687211175699e-20,6.75565132785534e-39
MLTGY2pp,Murein lytic transglycosylase (murein4p3p) (periplasm),2,7.4470408692310136e-31,7.4470408692310136e-31,1000.0,7.447040869231013e-34,2.793129282271418e-65
MLDCP2App,"Murein L,D-carboxypeptidase (murein5p5p) (periplasm)",3,7.4470408692310136e-31,7.4470408692310136e-31,1000.0,7.447040869231013e-34,2.793129282271418e-65
MDDCP5pp,"Murein D,D-carboxypeptidase (murein5p3p) (periplasm)",3,7.4470408692310136e-31,7.4470408692310136e-31,1000.0,7.447040869231013e-34,2.793129282271418e-65
MLDCP3App,"Murein L,D-carboxypeptidase (murein5px3p) (periplasm)",2,-3.723520434615507e-31,3.723520434615507e-31,1000.0,3.723520434615507e-34,6.982823205678547e-66
MDDCP4pp,"Murein D,D-carboxypeptidase (murein5p4p) (periplasm)",3,-3.7235204346155068e-31,3.7235204346155068e-31,1000.0,3.7235204346155066e-34,6.982823205678545e-66
MDDEP1pp,"Murein D,D-endopeptidase (murein4px4p) (periplasm)",2,3.7235204346155068e-31,3.7235204346155068e-31,1000.0,3.7235204346155066e-34,6.982823205678545e-66
MLTGY3pp,Murein lytic transglycosylase (murein3p3p) (periplasm),2,-3.7235204346155068e-31,3.7235204346155068e-31,1000.0,3.7235204346155066e-34,6.982823205678545e-66
MLDEP1pp,"Murein L,D-endopeptidase (murein3px3p) (periplasm)",2,-3.7235204346155068e-31,3.7235204346155068e-31,1000.0,3.7235204346155066e-34,6.982823205678545e-66
MCTP1Bpp,Murein crosslinking transpeptidase 1B:(A2pm->A2pm) (periplasm),3,-3.7235204346155068e-31,3.7235204346155068e-31,1000.0,3.7235204346155066e-34,6.982823205678545e-66
MDDCP3pp,"Murein D,D-carboxypeptidase (murein5p5p) (periplasm)",3,-3.7235204346155068e-31,3.7235204346155068e-31,1000.0,3.7235204346155066e-34,6.982823205678545e-66
IPPS,2-isopropylmalate synthase,1,0.0,0.0,1000.0,0.0,0.0
DHBSZ3FEexs,23dhbsz3 Fe III sequestration,2,0.0,0.0,1000.0,0.0,0.0
RNDR3,Ribonucleoside-diphosphate reductase (CDP),2,0.0,0.0,1000.0,0.0,0.0
GLYPHEabcpp,L Glycinilphenylalanin  Gly Phe  transport via ABC system  periplasm,2,0.0,0.0,1000.0,0.0,0.0
PROt2rpp,L-proline reversible transport via proton symport (periplasm),2,0.0,0.0,1000.0,0.0,0.0
NTD5,5'-nucleotidase (dTMP),2,0.0,0.0,1000.0,0.0,0.0
MG2tex,Magnesium (Mg+2) transport via diffusion (extracellular to periplasm),3,0.0,0.0,1000.0,0.0,0.0
PROGLYabcpp,L-Prolinylglycine (Pro-Gly) transport via ABC system (periplasm),2,0.0,0.0,1000.0,0.0,0.0
DRIBabc,Deoxyribose transport via ABC system,2,0.0,0.0,1000.0,0.0,0.0
MCTP1App,Murein crosslinking transpeptidase 1A:(A2pm->D-ala) (periplasm),2,0.0,0.0,1000.0,0.0,0.0
2S6HCCi,2 succinyl 6 hydroxy 2 4 cyclohexadiene 1 carboxylate synthase,2,0.0,0.0,1000.0,0.0,0.0
DHNCOAS,"1,4-dihydroxy-2-napthoyl-CoA synthase",2,0.0,0.0,1000.0,0.0,0.0
ZN2t4pp,Zinc transport out via antiport (periplasm),2,0.0,0.0,1000.0,0.0,0.0
CHORM,Chorismate mutase,2,0.0,0.0,1000.0,0.0,0.0
HXCT,Acetyl-CoA:hexanoate-CoA transferase,2,0.0,0.0,1000.0,0.0,0.0
ACOXT,Acetyl-CoA:oxalate CoA-transferase,2,0.0,0.0,1000.0,0.0,0.0
TRSARr,Tartronate semialdehyde reductase,2,0.0,0.0,1000.0,0.0,0.0
GDPTPDP,Guanosine 3'-diphosphate 5'-triphosphate 3'-diphosphatase,2,0.0,0.0,1000.0,0.0,0.0
ARGDI_1,Arginine deiminase,2,0.0,0.0,1000.0,0.0,0.0
ABG4t2,,2,0.0,0.0,1000.0,0.0,0.0
GLYGLNabcpp,L Glycinylglutamine  Gly Gln  transport via ABC system  periplasm,2,0.0,0.0,1000.0,0.0,0.0
ARGN_1,Arginase,2,0.0,0.0,1000.0,0.0,0.0
PG180abcpp,"Phosphatidylglycerol transport via ABC system (n-C18:0, periplasm)",2,0.0,0.0,1000.0,0.0,0.0
DHBD,"2,3-dihydro-2,3-dihydroxybenzoate dehydrogenase",2,0.0,0.0,1000.0,0.0,0.0
PGLYCP,Phosphoglycolate phosphatase,2,0.0,0.0,1000.0,0.0,0.0
AMPTASEGM,Aminopeptidase  Gly Met,2,0.0,0.0,1000.0,0.0,0.0
MANpts,D-mannose transport via PEP:Pyr PTS,2,0.0,0.0,1000.0,0.0,0.0
ICITt4pp,Citrate transport via sodium symport  periplasm,3,0.0,0.0,1000.0,0.0,0.0
ACOAD1fr,Acyl-CoA dehydrogenase (butanoyl-CoA),2,0.0,0.0,1000.0,0.0,0.0
AGPAT161,1-hexadec-7-enoyl-sn-glycerol 3-phosphate O-acyltransferase (n-C16:1),2,0.0,0.0,1000.0,0.0,0.0
NMNAT,Nicotinamide-nucleotide adenylyltransferase,2,0.0,0.0,1000.0,0.0,0.0
2AACLPGT160,2 acyl acyl carrier protein glycerophospho glycerol acyltransferase  n C160,2,0.0,0.0,1000.0,0.0,0.0
ADNCYC,Adenylate cyclase,2,0.0,0.0,1000.0,0.0,0.0
MLTG2,Maltodextrin glucosidase (maltotetraose),2,0.0,0.0,1000.0,0.0,0.0
TNTR4,TNT nitroreductase Meisenheimer dihydride complex forming,2,0.0,0.0,1000.0,0.0,0.0
TMN,Thiaminase,2,0.0,0.0,1000.0,0.0,0.0
THRabcpp,L-threonine transport via ABC system (periplasm),2,0.0,0.0,1000.0,0.0,0.0
3NUCLE2,3  nucleotidase  3  UMP,2,0.0,0.0,1000.0,0.0,0.0
PYNP2r_1,Pyrimidine-nucleoside phosphorylase (uracil),2,0.0,0.0,1000.0,0.0,0.0
MACCOAT,2-Methylacetyl-CoA thiolase,1,0.0,0.0,1000.0,0.0,0.0
ACODA,Acetylornithine deacetylase,2,0.0,0.0,1000.0,0.0,0.0
DHORDi,Dihydoorotic acid dehydrogenase  irreversible,3,0.0,0.0,1000.0,0.0,0.0
ACtex,Acetate transport via diffusion (extracellular to periplasm),3,0.0,0.0,1000.0,0.0,0.0
GAPDi_nadp,Glyceraldehyde-3-phosphate dehydrogenase (NAD(P)+) (phosphorylating),2,0.0,0.0,0.0,0.0,0.0
FACOAL161,Fatty acid  CoA ligase  hexadecenoate,1,0.0,0.0,1000.0,0.0,0.0
2AGPE160tipp,2-Acyl-sn-glycero-3-phosphoethanolamine (n-C16:0) transporter via facilitated diffusion (periplasm),3,0.0,0.0,1000.0,0.0,0.0
INSCR,Inositol catabolic reactions  lumped,2,0.0,0.0,1000.0,0.0,0.0
ILEabcpp,L-isoleucine transport via ABC system (periplasm),2,0.0,0.0,1000.0,0.0,0.0
DNTPPA,Dihydroneopterin triphosphate pyrophosphatase,2,0.0,0.0,1000.0,0.0,0.0
GLYCL,Glycine Cleavage System,2,0.0,0.0,1000.0,0.0,0.0
AMPEP11,Aminopeptidase,2,0.0,0.0,1000.0,0.0,0.0
ALAHIStex,L Alaninylhistidine transport via diffusion  extracellular to periplasm,3,0.0,0.0,1000.0,0.0,0.0
G3PT,Glycerol-3-phosphatase,2,0.0,0.0,1000.0,0.0,0.0
NH4tex,Ammonia transport via diffusion (extracellular to periplasm),3,0.0,0.0,1000.0,0.0,0.0
AGMt2pp,GlcNAc-anhMurNAc transport in via proton symport (periplasm),2,0.0,0.0,1000.0,0.0,0.0
KAS8,"B-ketoacyl synthetase (palmitate, n-C16:0)",1,0.0,0.0,1000.0,0.0,0.0
PGP181abcpp,"Phosphatidylglycerophosphate transport via ABC system (n-C18:1, periplasm)",2,0.0,0.0,1000.0,0.0,0.0
SPMS,Spermidine synthase,2,0.0,0.0,1000.0,0.0,0.0
DSERDHr,D-serine dehydrogenase,2,0.0,0.0,1000.0,0.0,0.0
LTHRK,L threonine kinase,2,0.0,0.0,1000.0,0.0,0.0
DB4PS,"3,4-Dihydroxy-2-butanone-4-phosphate synthase",2,0.0,0.0,1000.0,0.0,0.0
ARGSS,Argininosuccinate synthase,2,0.0,0.0,1000.0,0.0,0.0
HISGLYtex,L Histidinylglycine transport via diffusion  extracellular to periplasm,3,0.0,0.0,1000.0,0.0,0.0
DADNK_1,Deoxyadenosine kinase,2,0.0,0.0,0.0,0.0,0.0
CYSabc,L-cysteine transport via ABC system,2,0.0,0.0,1000.0,0.0,0.0
ADK2,Adenylate kinase (Inorganic triphosphate),2,0.0,0.0,1000.0,0.0,0.0
GTHRDabc2pp,Glutathione export via ABC system (cytoplasm to periplasm),2,0.0,0.0,1000.0,0.0,0.0
GLCpts,D-glucose transport via PEP:Pyr PTS,2,0.0,0.0,1000.0,0.0,0.0
ALAGLNtr,Dipeptide transport via ABC system ala-gln,2,0.0,0.0,1000.0,0.0,0.0
PIt2r,Phosphate reversible transport via symport,2,0.0,0.0,1000.0,0.0,0.0
AMPTASECG,Alanyl aminopeptidase (cys-gly),2,0.0,0.0,1000.0,0.0,0.0
CELBt2,,2,0.0,0.0,1000.0,0.0,0.0
PLIPA2A161pp,"Phospholipase A2 (phosphatidate, n-C16:1) (periplasm)",2,0.0,0.0,1000.0,0.0,0.0
PGSA181,Phosphatidylglycerol synthase (n-C18:1),2,0.0,0.0,1000.0,0.0,0.0
RNDR4,Ribonucleoside-diphosphate reductase (UDP),2,0.0,0.0,1000.0,0.0,0.0
MMCD,Methylmalonyl-CoA decarboxylase,2,0.0,0.0,1000.0,0.0,0.0
SUCD5_BS,Succinate dehydrogenase,2,0.0,0.0,1000.0,0.0,0.0
ORNTAC_1,Ornithine transacetylase,2,0.0,0.0,1000.0,0.0,0.0
GLYt4,Glycine transport via sodium symport,2,0.0,0.0,1000.0,0.0,0.0
THDPS,Tetrahydrodipicolinate succinylase,1,0.0,0.0,1000.0,0.0,0.0
MMM2,Methylmalonyl-CoA mutase,2,0.0,0.0,1000.0,0.0,0.0
PPC,Phosphoenolpyruvate carboxylase,2,0.0,0.0,1000.0,0.0,0.0
NO3tex,Nitrate transport via diffusion (extracellular to periplasm),3,0.0,0.0,1000.0,0.0,0.0
PPDD,Propanediol dehydratase,2,0.0,0.0,1000.0,0.0,0.0
CDPPT160,CDPPT160,3,0.0,0.0,1000.0,0.0,0.0
MDDCP1pp,"Murein D,D-carboxypeptidase (murein5px4p) (periplasm)",3,0.0,0.0,1000.0,0.0,0.0
SUCBZL,O-succinylbenzoate-CoA ligase,1,0.0,0.0,1000.0,0.0,0.0
FACOAL120t2pp,Fatty-acid-CoA ligase (dodecanoate transport via vectoral Co-A coupling),1,0.0,0.0,1000.0,0.0,0.0
NADKd,NAD kinase dTTP,2,0.0,0.0,1000.0,0.0,0.0
GLGC,Glucose-1-phosphate adenylyltransferase,2,0.0,0.0,1000.0,0.0,0.0
AMPTASEHH,Aminopeptidase  His His,2,0.0,0.0,1000.0,0.0,0.0
TYRabc,,2,0.0,0.0,1000.0,0.0,0.0
MOBDabcpp,Molybdate transport via ABC system (periplasm),2,0.0,0.0,1000.0,0.0,0.0
2AGPE161tipp,2-Acyl-sn-glycero-3-phosphoethanolamine (n-C16:1) transporter via facilitated diffusion (periplasm),3,0.0,0.0,1000.0,0.0,0.0
NH4tpp_1,Ammonia ireversible transport (periplasm),2,0.0,0.0,1000.0,0.0,0.0
FE3abcpp,Iron (III) transport via ABC system (periplasm to cytoplasm),2,0.0,0.0,1000.0,0.0,0.0
NADN,NAD nucleosidase,2,0.0,0.0,1000.0,0.0,0.0
SO3abcpp,Sulfite transport via ABC system (periplasm),2,0.0,0.0,1000.0,0.0,0.0
ALR2,Aldose reductase (methylglyoxal),2,0.0,0.0,1000.0,0.0,0.0
ASPtpp,L-aspartate uptake via facillitated diffusion,2,0.0,0.0,1000.0,0.0,0.0
PRFGS,Phosphoribosylformylglycinamidine synthase,2,0.0,0.0,1000.0,0.0,0.0
ALDD1,Aldehyde dehydrogenase  formaldehyde  NAD,2,0.0,0.0,1000.0,0.0,0.0
SMIA1Eabc,Siderophore Mediated Iron Acquisition: Staphyloferrin A export,2,0.0,0.0,1000.0,0.0,0.0
ATPHs,ATP amine hydrolysis (spontaneous),2,0.0,0.0,1000.0,0.0,0.0
PLCD,PLCD,2,0.0,0.0,1000.0,0.0,0.0
IZPN,Imidazolonepropionase,2,0.0,0.0,1000.0,0.0,0.0
NTPP8,Nucleoside triphosphate pyrophosphorylase (utp),2,0.0,0.0,1000.0,0.0,0.0
PDE1,"3',5'-cyclic-nucleotide phosphodiesterase",2,0.0,0.0,1000.0,0.0,0.0
ACTD,Acetoin dehydrogenase,2,0.0,0.0,1000.0,0.0,0.0
METSR_R1,L methionine R oxide reductase  trdrd,2,0.0,0.0,1000.0,0.0,0.0
BALALEUabcpp,Beta alanyl L leucine transport via ABC system  periplasm,2,0.0,0.0,1000.0,0.0,0.0
XYLtex,D-xylose transport via diffusion (extracellular to periplasm),3,0.0,0.0,1000.0,0.0,0.0
THRD_L,L-threonine deaminase,2,0.0,0.0,1000.0,0.0,0.0
SULFACabcpp,Sulfoacetate transport via ABC system (periplasm),2,0.0,0.0,1000.0,0.0,0.0
ALTRH,Altronate hydrolase,2,0.0,0.0,1000.0,0.0,0.0
AGPAT181,1-octadec-7-enoyl-sn-glycerol 3-phosphate O-acyltransferase (n-C18:1),2,0.0,0.0,1000.0,0.0,0.0
HMGL_2,,2,0.0,0.0,0.0,0.0,0.0
OXGDC,2 oxoglutarate decarboxylase,2,0.0,0.0,1000.0,0.0,0.0
LYSDC,Lysine decarboxylase,2,0.0,0.0,1000.0,0.0,0.0
PIt2rpp,Phosphate reversible transport via symport (periplasm),2,0.0,0.0,1000.0,0.0,0.0
ALAt2r,L alanine reversible transport via proton symport,2,0.0,0.0,1000.0,0.0,0.0
CARNabcpp,Carnosine transport via ABC system  periplasm,2,0.0,0.0,1000.0,0.0,0.0
BGLK,Beta-glucoside kinase,2,0.0,0.0,1000.0,0.0,0.0
P52O,,2,0.0,0.0,1000.0,0.0,0.0
MNLpts,Mannitol transport via PEP:Pyr PTS,2,0.0,0.0,1000.0,0.0,0.0
23CUMPtex,23cUMP transport via diffusion (extracellular to periplasm),3,0.0,0.0,1000.0,0.0,0.0
HEMEOS_1,Heme O synthase,2,0.0,0.0,1000.0,0.0,0.0
GLYCTO3,Glycolate oxidase,2,0.0,0.0,1000.0,0.0,0.0
GND,Phosphogluconate dehydrogenase,2,0.0,0.0,1000.0,0.0,0.0
TMPPP,Thiamine-phosphate diphosphorylase,2,0.0,0.0,1000.0,0.0,0.0
GLUDy_1,Glutamate dehydrogenase (NADP),2,0.0,0.0,1000.0,0.0,0.0
OCBT_1,Ornithine carbamoyltransferase,2,0.0,0.0,0.0,0.0,0.0
SHSL4r,O succinylhomoserine lyase  elimination   reversible,2,0.0,0.0,1000.0,0.0,0.0
ILEDHr,Isoleucine dehydrogenase,2,0.0,0.0,1000.0,0.0,0.0
SHSL2,O succinylhomoserine lyase  H2S,2,0.0,0.0,0.0,0.0,0.0
VECOAH,3-hydroxyacyl-CoA dehydratase (3-hydroxypentanoyl-CoA),2,0.0,0.0,1000.0,0.0,0.0
CYTDK2,Cytidine kinase (GTP),2,0.0,0.0,1000.0,0.0,0.0
MN6PP,Mannose 6-phosphate phosphatase,2,0.0,0.0,1000.0,0.0,0.0
CTECOAI7,3-cis-2-trans-enoyl-CoA isomerase,2,0.0,0.0,1000.0,0.0,0.0
GLYGLYabcpp,L Glycinilglycine  Gly Gly  transport via ABC system  periplasm,2,0.0,0.0,1000.0,0.0,0.0
PUNP6,Purine-nucleoside phosphorylase (Deoxyinosine),2,0.0,0.0,1000.0,0.0,0.0
HXANt2pp,Hypoxanthine transport in via proton symport (periplasm),2,0.0,0.0,1000.0,0.0,0.0
NTD9,5'-nucleotidase (GMP),2,0.0,0.0,1000.0,0.0,0.0
IMPC,IMP cyclohydrolase,2,0.0,0.0,1000.0,0.0,0.0
UDCPDPex,Undecaprenyl-diphosphatase (periplasm),2,0.0,0.0,1000.0,0.0,0.0
BZDH,Benzaldehyde dehydrogenase,2,0.0,0.0,1000.0,0.0,0.0
GLYGLNtex,L Glycinylglutamine transport via diffusion  extracellular to periplasm,3,0.0,0.0,1000.0,0.0,0.0
RHCCE,S-ribosylhomocysteine cleavage enzyme,3,0.0,0.0,1000.0,0.0,0.0
ABUTt2r,4 aminobutyrate reversible transport in via proton symport,2,0.0,0.0,1000.0,0.0,0.0
ALDD3,Aldehyde dehydrogenase  propanal  NAD,2,0.0,0.0,1000.0,0.0,0.0
PUNP4,Purine-nucleoside phosphorylase (Deoxyguanosine),2,0.0,0.0,1000.0,0.0,0.0
SHSL2r,O-succinylhomoserine lyase (H2S),2,0.0,0.0,1000.0,0.0,0.0
NMNN,NMN nucleosidase,2,0.0,0.0,1000.0,0.0,0.0
PPAt2pp,H+/Propionate symporter (periplasm),2,0.0,0.0,1000.0,0.0,0.0
APG3PAT160,Acyl-phosphate:glycerol-3-phosphate acyltransferase (C16:0),2,0.0,0.0,1000.0,0.0,0.0
ACPS1,Acyl-carrier protein synthase,1,0.0,0.0,1000.0,0.0,0.0
AMPEP15,Aminopeptidase,2,0.0,0.0,1000.0,0.0,0.0
4HALDD,Aldehyde dehydrogenase  4 hydroxyphenylacetaldehyde  NAD,2,0.0,0.0,1000.0,0.0,0.0
CTECOAI6,3-cis-2-trans-enoyl-CoA isomerase,2,0.0,0.0,1000.0,0.0,0.0
OMPDC,Orotidine-5'-phosphate decarboxylase,2,0.0,0.0,1000.0,0.0,0.0
AGMtex,Agmatine transport via diffusion (extracellular to periplasm),3,0.0,0.0,1000.0,0.0,0.0
LYSt3r,L lysine transport out via proton antiport reversible,2,0.0,0.0,1000.0,0.0,0.0
MGSA,Methylglyoxal synthase,2,0.0,0.0,1000.0,0.0,0.0
2AACLPPEAT181,2 acyl acyl carrier protein glycerophospho glycerol acyltransferase  n C160,2,0.0,0.0,1000.0,0.0,0.0
INOSR,Ketoinositol reductase,2,0.0,0.0,10.0,0.0,0.0
LEULEULAPc,Hydrolysis of Leucylleucine in the small intestine for cellular uptake,2,0.0,0.0,1000.0,0.0,0.0
PGI1c,"Glucose-6-phosphateisomerase,glycosome",2,0.0,0.0,1000.0,0.0,0.0
GLYC3Pabcpp,Sn-Glycerol 3-phosphate transport via ABC system (periplasm),2,0.0,0.0,1000.0,0.0,0.0
CMCBTFexs,Carboxymycobactin Fe loading reaction  spontaneous,2,0.0,0.0,1000.0,0.0,0.0
DHNPA_1,Dihydroneopterin aldolase,3,0.0,0.0,1000.0,0.0,0.0
GLUSx,Glutamate synthase  NADH2,2,0.0,0.0,1000.0,0.0,0.0
MLDCP1Bpp,"Murein L,D-carboxypeptidase (murein4p4p) (periplasm)",3,0.0,0.0,1000.0,0.0,0.0
TRPS3,Tryptophan synthase (indoleglycerol phosphate),2,0.0,0.0,1000.0,0.0,0.0
TRPS2,Tryptophan synthase (indole),2,0.0,0.0,1000.0,0.0,0.0
LYStex,L-lysine transport via diffusion (extracellular to periplasm),3,0.0,0.0,1000.0,0.0,0.0
AGM3PApp,N-Acetyl-D-glucosamine(anhydrous)N-Acetylmuramyl-tripeptide amidase (periplasm),2,0.0,0.0,1000.0,0.0,0.0
AHMMPS_1,4 amino 5 hydroxymethyl 2 methylpyrimidine synthetase,2,0.0,0.0,1000.0,0.0,0.0
DIPEPabc8,Dipeptide transport via ABC system  gly asn,2,0.0,0.0,1000.0,0.0,0.0
HACD1_1,3 hydroxyacyl CoA dehydrogenase  acetoacetyl CoA,2,0.0,0.0,1000.0,0.0,0.0
IMPD,IMP dehydrogenase,2,0.0,0.0,1000.0,0.0,0.0
NTD6,5'-nucleotidase (dAMP),2,0.0,0.0,1000.0,0.0,0.0
GLYCTO1,Glycolate oxidase,2,0.0,0.0,1000.0,0.0,0.0
AACPS5,Acyl-[acyl-carrier-protein] synthetase  (n-C18:1),2,0.0,0.0,1000.0,0.0,0.0
PPM2,Phosphopentomutase 2 (deoxyribose),2,0.0,0.0,1000.0,0.0,0.0
ALAD_L,L-alanine dehydrogenase,2,0.0,0.0,1000.0,0.0,0.0
HIBD,3 hydroxyisobutyrate dehydrogenase,2,0.0,0.0,1000.0,0.0,0.0
AMPEP16,Aminopeptidase,2,0.0,0.0,1000.0,0.0,0.0
SMIA2abc,Siderophore Mediated Iron Acquisition: Staphyloferrin B transport via ABC,2,0.0,0.0,1000.0,0.0,0.0
HACD1,3-hydroxyacyl-CoA dehydrogenase (acetoacetyl-CoA),2,0.0,0.0,1000.0,0.0,0.0
AMPEP2,Aminopeptidase,2,0.0,0.0,1000.0,0.0,0.0
ALDD3y,"Aldehyde dehydrogenase (propanal, NADP)",2,0.0,0.0,1000.0,0.0,0.0
FRUpts2,Fructose transport via PEP:Pyr PTS (f6p generating),2,0.0,0.0,1000.0,0.0,0.0
ALLTN,Allantoinase,2,0.0,0.0,1000.0,0.0,0.0
MLDCP1App,"Murein L,D-carboxypeptidase (murein5px4p) (periplasm)",2,0.0,0.0,1000.0,0.0,0.0
SHKK,Shikimate kinase,2,0.0,0.0,1000.0,0.0,0.0
LCADi,Lactaldehyde dehydrogenase,2,0.0,0.0,1000.0,0.0,0.0
MEOHtrpp,Methanol reversible transport via diffusion (periplasm),5,0.0,0.0,1000.0,0.0,0.0
NTD2,5'-nucleotidase (UMP),2,0.0,0.0,1000.0,0.0,0.0
DDGLCNt2r,"2-dehydro-3-deoxy-D-gluconate transport via proton symport, reversible",2,0.0,0.0,1000.0,0.0,0.0
KAS17,B-ketoacyl synthetase (n-C18:1),1,0.0,0.0,1000.0,0.0,0.0
ACPPAT181,Acyl-(acyl carrier protein):phosphate acyltransferase (C18:1),2,0.0,0.0,1000.0,0.0,0.0
FACOAE140,Fatty-acid-CoA thioesterase (tetradecanoate),1,0.0,0.0,1000.0,0.0,0.0
FORAMD,FORAMD,2,0.0,0.0,1000.0,0.0,0.0
FDMO4,FMNH2-dependent monooxygenase (butanesulfonate),2,0.0,0.0,1000.0,0.0,0.0
GLYBt3pp,Glycine betaine transport via proton antiport (periplasm),2,0.0,0.0,1000.0,0.0,0.0
FE2t3pp,Iron (Fe+2) transport out via proton antiport (periplasm),2,0.0,0.0,1000.0,0.0,0.0
PTHPS,6-pyruvoyltetrahydropterin synthase,2,0.0,0.0,1000.0,0.0,0.0
SHSL1,O-succinylhomoserine lyase (L-cysteine),2,0.0,0.0,1000.0,0.0,0.0
GLYGLUtex,L Histidinylglycine transport via diffusion  extracellular to periplasm,3,0.0,0.0,1000.0,0.0,0.0
RHA40tex,R 3 Hydroxy acid transport diffusion C40  extracellular to periplasm,3,0.0,0.0,1000.0,0.0,0.0
AMPEP8,Aminopeptidase,2,0.0,0.0,1000.0,0.0,0.0
PPCOAC,Propionyl-CoA carboxylase,2,0.0,0.0,1000.0,0.0,0.0
ALDD6,Aldehyde dehydrogenase  hexanal  NAD,2,0.0,0.0,1000.0,0.0,0.0
MANPGH,2-O-alpha-mannosyl-6-phosphate-D-glycerate hydrolase,2,0.0,0.0,1000.0,0.0,0.0
ADSS,Adenylosuccinate synthase,2,0.0,0.0,1000.0,0.0,0.0
METOX1s,Methionine oxidation (spontaneous),2,0.0,0.0,1000.0,0.0,0.0
ALATA_D2,D-alanine transaminase,2,0.0,0.0,1000.0,0.0,0.0
DIPEPabc13,Dipeptide transport via ABC system  gly asp,2,0.0,0.0,1000.0,0.0,0.0
MMSAD3,Methylmalonate-semialdehyde dehydrogenase (malonic semialdehyde),1,0.0,0.0,1000.0,0.0,0.0
SPP,Sucrose-phosphate phosphatase,2,0.0,0.0,1000.0,0.0,0.0
MME,Methylmalonyl-CoA epimerase,3,0.0,0.0,1000.0,0.0,0.0
H2CO3D2,Carboxylic acid dissociation,2,0.0,0.0,1000.0,0.0,0.0
BETALDHy,Betaine-aldehyde dehydrogenase,2,0.0,0.0,1000.0,0.0,0.0
AEPtex,AEP transport via diffusion extracellular to periplasm,3,0.0,0.0,1000.0,0.0,0.0
GUACYC,Guanylate cyclase,2,0.0,0.0,1000.0,0.0,0.0
HCYSMT,Homocysteine S-methyltransferase,2,0.0,0.0,1000.0,0.0,0.0
ALDD2y,"Aldehyde dehydrogenase (acetaldehyde, NADP)",2,0.0,0.0,1000.0,0.0,0.0
TARTDC,Tartrate decarboxylase,2,0.0,0.0,1000.0,0.0,0.0
CDGUNPD,"3,5-cyclic-nucleotide phosphodiesterase",2,0.0,0.0,1000.0,0.0,0.0
AGM4PApp,N-Acetyl-D-glucosamine(anhydrous)N-Acetylmuramyl-tetrapeptide amidase (periplasm),3,0.0,0.0,1000.0,0.0,0.0
ZN2t3pp,Zinc (Zn+2) transport out via proton antiport (periplasm),2,0.0,0.0,1000.0,0.0,0.0
ACMANApts,N-acetyl-D-mannosamine transport via PTS,2,0.0,0.0,1000.0,0.0,0.0
METSR_S2,L methionine S oxide reductase  H2O2,2,0.0,0.0,0.0,0.0,0.0
GCALDD,Glycolaldehyde dehydrogenase,2,0.0,0.0,1000.0,0.0,0.0
MSO3tex,Methanesulfonate transport via diffusion (extracellular to periplasm),3,0.0,0.0,1000.0,0.0,0.0
BG_MBDG,Beta glucosidase,3,0.0,0.0,1000.0,0.0,0.0
ACSERHS,O3-Acetyl-L-serine acetate-lyase (adding hydrogen sulfide),2,0.0,0.0,1000.0,0.0,0.0
TDP,Thiamin pyrophosphatase,2,0.0,0.0,1000.0,0.0,0.0
DAGK_BS,Diacylglycerol kinase,2,0.0,0.0,1000.0,0.0,0.0
PIt7,Phosphate transport in/out via three Na+ symporter,2,0.0,0.0,1000.0,0.0,0.0
ATPPRT,ATP phosphoribosyltransferase,2,0.0,0.0,1000.0,0.0,0.0
DHFS,Dihydrofolate synthase,2,0.0,0.0,1000.0,0.0,0.0
FRUpts,D-fructose transport via PEP:Pyr PTS,2,0.0,0.0,1000.0,0.0,0.0
CO2t,CO2 transporter via diffusion,2,0.0,0.0,1000.0,0.0,0.0
DALAGLYD,Beta alanine L glycine dipeptidase,2,0.0,0.0,1000.0,0.0,0.0
FMNRy,FMN reductase  NADPH dependent,2,0.0,0.0,1000.0,0.0,0.0
GLUSy,Glutamate synthase (NADPH),2,0.0,0.0,1000.0,0.0,0.0
3NUCLE1,3  nucleotidase  3  AMP,2,0.0,0.0,1000.0,0.0,0.0
GLUTARH,Glutarate hydroxylase,2,0.0,0.0,1000.0,0.0,0.0
NOS3,N-omega-Hydroxyarginine NADPH oxygen oxidoreductase,2,0.0,0.0,1000.0,0.0,0.0
SHCHF_2,Sirohydrochlorin ferrochetalase,2,0.0,0.0,1000.0,0.0,0.0
DGUNC,Diguanylate cyclase,2,0.0,0.0,1000.0,0.0,0.0
DGNSK,Deoxyguanosine kinase,2,0.0,0.0,1000.0,0.0,0.0
ORNTA_1,Ornithine transaminase,2,0.0,0.0,1000.0,0.0,0.0
MPTG2,Murein polymerizing transglycosylase 2 (three linked units),2,0.0,0.0,1000.0,0.0,0.0
PPOR,"Phenylpyruvate:oxygen oxidoreductase (hydroxylating,decarboxylating)",2,0.0,0.0,1000.0,0.0,0.0
BUTSO3abcpp,Butanesulfonate transport via ABC system (periplasm),2,0.0,0.0,1000.0,0.0,0.0
ORNTA,Ornithine transaminase,2,0.0,0.0,1000.0,0.0,0.0
NODOy,Nitric oxide dioxygenase,2,0.0,0.0,1000.0,0.0,0.0
DSERtex,D-serine transport via diffusion (extracellular to periplasm),3,0.0,0.0,1000.0,0.0,0.0
SADT,Sulfate adenylyltransferase,2,0.0,0.0,1000.0,0.0,0.0
BALAALAabcpp,Beta alanyl L alanine transport via ABC system  periplasm,2,0.0,0.0,1000.0,0.0,0.0
OXCOAHDH,"Oxepin-CoA hydrolase/ 3-oxo-5,6-dehydrosuberyl-CoA semialdehyde dehydrogenase (NADP+)",2,0.0,0.0,1000.0,0.0,0.0
G3PAT160,Glycerol-3-phosphate acyltransferase (C16:0),2,0.0,0.0,1000.0,0.0,0.0
ABUTD,Aminobutyraldehyde dehydrogenase,2,0.0,0.0,1000.0,0.0,0.0
METSOXR2,L-methionine-R-sulfoxide reductase,2,0.0,0.0,1000.0,0.0,0.0
MALTabc,Maltose transport via ABC system,2,0.0,0.0,1000.0,0.0,0.0
HPPK,2-amino-4-hydroxy-6-hydroxymethyldihydropteridine diphosphokinase,2,0.0,0.0,1000.0,0.0,0.0
PTHRP,Phospho-threonine phosphatase,2,0.0,0.0,1000.0,0.0,0.0
GLYMETabcpp,L Glycinylmethionine  Gly Met  transport via ABC system  periplasm,2,0.0,0.0,1000.0,0.0,0.0
PLIPA1E160pp,"Phospholipase A1 (phosphatidylethanolamine, n-C16:0) (periplasm)",2,0.0,0.0,1000.0,0.0,0.0
METabcpp,L-methionine transport via ABC system (periplasm),2,0.0,0.0,1000.0,0.0,0.0
MCCC,Methylcrotonoyl-CoA carboxylase,2,0.0,0.0,1000.0,0.0,0.0
SCYSSL,S-sulfo-L-cysteine sulfite lyase,2,0.0,0.0,1000.0,0.0,0.0
ANS2,Anthranilate synthase 2,2,0.0,0.0,1000.0,0.0,0.0
KAS7,B-ketoacyl synthetase (n-C16:1),1,0.0,0.0,1000.0,0.0,0.0
ETOHtrpp,Ethanol reversible transport via diffusion (periplasm),3,0.0,0.0,1000.0,0.0,0.0
NDP3,Nucleoside diphosphatase  GDP,2,0.0,0.0,1000.0,0.0,0.0
GLCURDH,Glucoronate dehydrogenase,2,0.0,0.0,1000.0,0.0,0.0
FE2tex,Iron (II) transport via diffusion (extracellular to periplasm),3,0.0,0.0,1000.0,0.0,0.0
HSTPTr,Histidinol phosphate transaminase,2,0.0,0.0,1000.0,0.0,0.0
LIPATPT_2,Lipoate-ATP adenylate transferase,2,0.0,0.0,1000.0,0.0,0.0
FACOAE161,Fatty-acid-CoA thioesterase (hexadecenoate),1,0.0,0.0,1000.0,0.0,0.0
ALAGLUabcpp,L Alaninylglutamate  LalaLglu  transport via ABC system  periplasm,2,0.0,0.0,1000.0,0.0,0.0
2AGPE180tipp,2-Acyl-sn-glycero-3-phosphoethanolamine (n-C18:0) transporter via facilitated diffusion (periplasm),3,0.0,0.0,1000.0,0.0,0.0
AMPEP9,Aminopeptidase,2,0.0,0.0,1000.0,0.0,0.0
2AACLPPEAT161,2 acyl acyl carrier protein glycerophospho glycerol acyltransferase  n C160,2,0.0,0.0,1000.0,0.0,0.0
METt3pp,L-methionine tranport out via proton antiport (periplasm),2,0.0,0.0,1000.0,0.0,0.0
FADH2D,FADH2 dehydrogenase (menaquinone 7 as acceptor),2,0.0,0.0,1000.0,0.0,0.0
NAabc,,2,0.0,0.0,1000.0,0.0,0.0
SLCYSS,O-acetyl-L-serine sulfhydrylase,2,0.0,0.0,1000.0,0.0,0.0
ARBt2r,L-arabinose transport via proton symport,2,0.0,0.0,1000.0,0.0,0.0
FCLT_2,Heme B synthesis reaction,2,0.0,0.0,1000.0,0.0,0.0
GTHRDHpp,Glutathione hydralase (periplasmic),3,0.0,0.0,1000.0,0.0,0.0
XYLK,Xylulokinase,2,0.0,0.0,1000.0,0.0,0.0
QMO2,Quinol monooxygenase (Ubiquinol-8),2,0.0,0.0,1000.0,0.0,0.0
NADK3,NAD kinase  dGTP,2,0.0,0.0,1000.0,0.0,0.0
PRMICI,1-(5-phosphoribosyl)-5-[(5-phosphoribosylamino)methylideneamino)imidazole-4-carboxamide isomerase,3,0.0,0.0,1000.0,0.0,0.0
VNDH_2,4-hydroxybenzaldehyde dehydrogenase,2,0.0,0.0,1000.0,0.0,0.0
FE2abc,Iron (II) transport via ABC system,2,0.0,0.0,1000.0,0.0,0.0
VALTA,Valine transaminase,2,0.0,0.0,1000.0,0.0,0.0
GLYPHEHYc,Hydrolysis of glycylphenylalanine,2,0.0,0.0,1000.0,0.0,0.0
CA2tex,Calcium (Ca+2) transport via diffusion (extracellular to periplasm),3,0.0,0.0,1000.0,0.0,0.0
MFUMt8,Na+/fumarate symporter,3,0.0,0.0,1000.0,0.0,0.0
SULabc,Sulfate transport via ABC system,2,0.0,0.0,1000.0,0.0,0.0
FBA,Fructose-bisphosphate aldolase,2,0.0,0.0,1000.0,0.0,0.0
3NUCLE3,3  nucleotidase  3  cMP,2,0.0,0.0,1000.0,0.0,0.0
ACS2,Acetyl-CoA synthase (propionate),1,0.0,0.0,1000.0,0.0,0.0
ALALEUtex,L Alaninylleucine transport via diffusion  extracellular to periplasm,3,0.0,0.0,1000.0,0.0,0.0
DHAD2,"Dihydroxy-acid dehydratase (2,3-dihydroxy-3-methylpentanoate)",2,0.0,0.0,1000.0,0.0,0.0
SPODM,Superoxide dismutase,2,0.0,0.0,1000.0,0.0,0.0
LEUabcpp,L-leucine transport via ABC system (periplasm),2,0.0,0.0,1000.0,0.0,0.0
THPAT,"L-2,3,4,5-tetrahydrodipicolinate N2-acetyltransferase",1,0.0,0.0,0.0,0.0,0.0
AMPTASEPG,Aminopeptidase (pro-gly),2,0.0,0.0,1000.0,0.0,0.0
GALM,Aldose 1 epimerase,3,0.0,0.0,1000.0,0.0,0.0
3NTD4pp,3'-nucleotidase (CMP) (periplasm),3,0.0,0.0,1000.0,0.0,0.0
LDGUNPD,Linear diguanylate phosphodiesterase,2,0.0,0.0,1000.0,0.0,0.0
URIK2,Uridine kinase (GTP:Uridine),2,0.0,0.0,1000.0,0.0,0.0
NTP10,Nucleoside-triphosphatase (ITP),2,0.0,0.0,1000.0,0.0,0.0
NTPP9,Nucleoside triphosphate pyrophosphorylase (itp),2,0.0,0.0,1000.0,0.0,0.0
PRAMPC_1,Phosphoribosyl AMP cyclohydrolase,2,0.0,0.0,1000.0,0.0,0.0
TAURabc,Taurine transport via ABC system,2,0.0,0.0,1000.0,0.0,0.0
IZPN_1,Imidazolonepropionase,2,0.0,0.0,0.0,0.0,0.0
GLUPRT,Glutamine phosphoribosyldiphosphate amidotransferase,2,0.0,0.0,1000.0,0.0,0.0
AMANK_1,N-acetyl-D-mannosamine kinase,2,0.0,0.0,0.0,0.0,0.0
ACACT5r,Acetyl-CoA C-acyltransferase (decanoyl-CoA) (r),1,0.0,0.0,1000.0,0.0,0.0
Kabcpp,Potassium ABC transporter (periplasm),2,0.0,0.0,1000.0,0.0,0.0
ALAGLYtr,Dipeptide transport via ABC system ala-gly,2,0.0,0.0,1000.0,0.0,0.0
UREA,Urease,2,0.0,0.0,1000.0,0.0,0.0
NTP1,Nucleoside-triphosphatase (ATP),2,0.0,0.0,0.0,0.0,0.0
ACTD_1,,2,0.0,0.0,0.0,0.0,0.0
GTHRDt2_1,Glutathione transport,2,0.0,0.0,1000.0,0.0,0.0
CPPPGO,Coproporphyrinogen oxidase (O2 required),2,0.0,0.0,1000.0,0.0,0.0
MHPGLUT,5 methyltetrahydropteroyltriglutamate homocysteine S methyltransferase,2,0.0,0.0,1000.0,0.0,0.0
SUCD4,Succinate dehyrdogenase,2,0.0,0.0,1000.0,0.0,0.0
OAADCS,Oxaloacetate decarboxylase sodium pump,2,0.0,0.0,1000.0,0.0,0.0
TAGURr,Tagaturonate reductase,2,0.0,0.0,1000.0,0.0,0.0
OBDHc,"2-Oxobutanoate dehydrogenase, cytosolic",1,0.0,0.0,1000.0,0.0,0.0
SUCpts,Sucrose transport via PEP:Pyr PTS,2,0.0,0.0,1000.0,0.0,0.0
HSK,Homoserine kinase,2,0.0,0.0,1000.0,0.0,0.0
LSERDHr,L-serine dehydrogenase,2,0.0,0.0,1000.0,0.0,0.0
GLCADpts,,2,0.0,0.0,1000.0,0.0,0.0
PRFGS_1,Phosphoribosylformylglycinamidine synthase,2,0.0,0.0,0.0,0.0,0.0
REPHACCOAI,"Ring 1,2-epoxyphenylacetyl-CoA isomerase (oxepin-CoA forming)",2,0.0,0.0,1000.0,0.0,0.0
DRBK,Deoxyribokinase,2,0.0,0.0,1000.0,0.0,0.0
MTHFC_1,Methenyltetrahydrofolate cyclohydrolase,2,0.0,0.0,1000.0,0.0,0.0
G3PAT161,Glycerol-3-phosphate acyltransferase (C16:1),2,0.0,0.0,1000.0,0.0,0.0
NAt3_2,Sodium proton antiporter (H:NA is 2),2,0.0,0.0,1000.0,0.0,0.0
IND3ACtex,Indole 3 acetate transport  exterior,3,0.0,0.0,1000.0,0.0,0.0
TTDCEAtexi,Tetradecenoate transport via facilitated irreversible diffusion (extracellular to periplasm),2,0.0,0.0,1000.0,0.0,0.0
GLUt4,Na+/glutamate symport,2,0.0,0.0,1000.0,0.0,0.0
FOLD3,Dihydropteroate synthase,2,0.0,0.0,1000.0,0.0,0.0
GUAt2pp,Guanine transport in via proton symport (periplasm),2,0.0,0.0,1000.0,0.0,0.0
HACD9,3 hydroxyacyl CoA dehydrogenase  2 Methylacetoacetyl CoA,2,0.0,0.0,1000.0,0.0,0.0
BHBtpp,Transport of (r)-3-hydroxybutanoate [extraorganism-cytosol](passive),2,0.0,0.0,1000.0,0.0,0.0
FACOAL100t2pp,Fatty-acid-CoA ligase (decanoate transport via vectoral Co-A coupling),1,0.0,0.0,1000.0,0.0,0.0
VALabcpp,L-valine transport via ABC system (periplasm),2,0.0,0.0,1000.0,0.0,0.0
APG3PAT161,Acyl-phosphate:glycerol-3-phosphate acyltransferase (C16:1),2,0.0,0.0,1000.0,0.0,0.0
HYXNtex,Hypoxanthine transport via diffusion (extracellular to periplasm),3,0.0,0.0,1000.0,0.0,0.0
ARGDC,Arginine decarboxylase,2,0.0,0.0,1000.0,0.0,0.0
AABTN,4 acetamidobutyrate deacetylase,2,0.0,0.0,1000.0,0.0,0.0
A6PAG2,,2,0.0,0.0,1000.0,0.0,0.0
GPDDA2,Glycerophosphodiester phosphodiesterase (Glycerophosphoethanolamine),2,0.0,0.0,1000.0,0.0,0.0
CHORS,Chorismate synthase,2,0.0,0.0,1000.0,0.0,0.0
DSERt2pp,D-serine transport in via proton symport (periplasm),2,0.0,0.0,1000.0,0.0,0.0
ACS_1,Acetyl-CoA synthetase,1,0.0,0.0,0.0,0.0,0.0
GCCa_1,Glycine-cleavage complex,2,0.0,0.0,1000.0,0.0,0.0
G1SAT,Glutamate-1-semialdehyde aminotransferase,3,0.0,0.0,1000.0,0.0,0.0
FE2Gabcpp,Iron (II) transport via ABC system (GTP) (periplasm),2,0.0,0.0,1000.0,0.0,0.0
ADPRDP,ADPribose diphosphatase,2,0.0,0.0,1000.0,0.0,0.0
ACGApts,N-Acetyl-D-glucosamine transport via PEP:Pyr PTS,2,0.0,0.0,1000.0,0.0,0.0
TNTR2,TNT nitroreductase 2 Hydroxylamino 4 6 dinitrotoluene,2,0.0,0.0,1000.0,0.0,0.0
NMO,Nitronate Monooxygenase,2,0.0,0.0,1000.0,0.0,0.0
CD2t4,Cadminum transport out via antiport,2,0.0,0.0,1000.0,0.0,0.0
GTHRDH_syn,Glutathione hydralase (periplasmic),2,0.0,0.0,1000.0,0.0,0.0
HMPK1,Hydroxymethylpyrimidine kinase (ATP),2,0.0,0.0,1000.0,0.0,0.0
NTPP10,Nucleoside triphosphate pyrophosphorylase (ditp),2,0.0,0.0,1000.0,0.0,0.0
PANO,,2,0.0,0.0,1000.0,0.0,0.0
HDECH,,2,0.0,0.0,1000.0,0.0,0.0
NADK2,NAD kinase  dATP,2,0.0,0.0,1000.0,0.0,0.0
NO3t,"Nitrate transport, extracellular",3,0.0,0.0,1000.0,0.0,0.0
GLXCBL,Glyoxalate carboligase,2,0.0,0.0,1000.0,0.0,0.0
PUNP5,Purine-nucleoside phosphorylase (Inosine),2,0.0,0.0,1000.0,0.0,0.0
NOS1_1,Nitric Oxide Synthase (intermediate forming),2,0.0,0.0,1000.0,0.0,0.0
URIDK2r,Uridylate kinase (dUMP),2,0.0,0.0,1000.0,0.0,0.0
3NTD2pp,3'-nucleotidase (UMP) (periplasm),3,0.0,0.0,1000.0,0.0,0.0
ALDD31_1,Aldehyde dehydrogenase  aminoacetaldehyde  NAD,2,0.0,0.0,1000.0,0.0,0.0
ASP1DC,Aspartate 1-decarboxylase,2,0.0,0.0,1000.0,0.0,0.0
DACL,,2,0.0,0.0,1000.0,0.0,0.0
SO4tex,Sulfate transport via diffusion (extracellular to periplasm),3,0.0,0.0,1000.0,0.0,0.0
GALM2,Aldose 1-epimerase (galactose),3,0.0,0.0,1000.0,0.0,0.0
PROAKGOX1,Prolyl 4-hydroxylase,2,0.0,0.0,1000.0,0.0,0.0
AMPTASEAT,Aminopeptidase  Ala Thr,2,0.0,0.0,1000.0,0.0,0.0
MALDtex,D-Malate transport via diffusion (extracellular to periplasm),3,0.0,0.0,1000.0,0.0,0.0
FMNRx,FMN reductase,2,0.0,0.0,1000.0,0.0,0.0
CAT,Catalase,2,0.0,0.0,1000.0,0.0,0.0
SALCHS4FEexs,Salmochelin S4 Fe III binding spontaneous,2,0.0,0.0,1000.0,0.0,0.0
ZN2t5,Zinc  Zn2  transport out via proton antiport  cytosolexternal,2,0.0,0.0,1000.0,0.0,0.0
TNTR2x,TNT nitroreductase 2 Hydroxylamino 4 6 dinitrotoluene,2,0.0,0.0,1000.0,0.0,0.0
GLYtex,Glycine transport via diffusion (extracellular to periplasm),3,0.0,0.0,1000.0,0.0,0.0
ICL,Isocitrate lyase,2,0.0,0.0,1000.0,0.0,0.0
CD2tpp,Cadmium (+2) transport in via permease (no H+),3,0.0,0.0,1000.0,0.0,0.0
CRO4abcpp,Chromate transport via ABC system (periplasm),2,0.0,0.0,1000.0,0.0,0.0
TSULabc,Thiosulfate transport via ABC system,2,0.0,0.0,1000.0,0.0,0.0
GMPS2,GMP synthase,2,0.0,0.0,1000.0,0.0,0.0
PPBNGS,Porphobilinogen synthase,2,0.0,0.0,1000.0,0.0,0.0
4HPRODCtex,Cis 4 hydroxy L proline transport  extracellular,3,0.0,0.0,1000.0,0.0,0.0
ADPRDP_1,ADPribose diphosphatase,2,0.0,0.0,0.0,0.0,0.0
GalMr,Aldose 1-epimerase,3,0.0,0.0,1000.0,0.0,0.0
ABTt_1,L arabinitol transport via passive diffusion,3,0.0,0.0,1000.0,0.0,0.0
FACOAE120,Fatty-acid-CoA thioesterase (dodecanoate),1,0.0,0.0,1000.0,0.0,0.0
MN2t3pp,Manganese (Mn+2) transport out via proton antiport (periplasm),2,0.0,0.0,1000.0,0.0,0.0
GNNUC,Ribosylpyrimidine nucleosidase,2,0.0,0.0,1000.0,0.0,0.0
AMPTASEAL,Aminopeptidase  Ala Leu,2,0.0,0.0,1000.0,0.0,0.0
ALATHRtr,Dipeptide transport via ABC system ala-thr,2,0.0,0.0,1000.0,0.0,0.0
2AACLPPEAT180,2 acyl acyl carrier protein glycerophospho glycerol acyltransferase  n C160,2,0.0,0.0,1000.0,0.0,0.0
GLCt2pp,D-glucose transport in via proton symport (periplasm),2,0.0,0.0,1000.0,0.0,0.0
MTHFR3,5 10 methylenetetrahydrofolatereductase  NADPH,2,0.0,0.0,1000.0,0.0,0.0
ACGAptspp,N-Acetyl-D-glucosamine transport via PEP:Pyr PTS  (periplasm),2,0.0,0.0,1000.0,0.0,0.0
AMPEP12,Aminopeptidase,2,0.0,0.0,1000.0,0.0,0.0
TSULP,Thiosulfate permease,2,0.0,0.0,1000.0,0.0,0.0
CITt3pp,Citrate transport out via proton antiport (periplasm),2,0.0,0.0,1000.0,0.0,0.0
DNADDP,Deamino-NAD+ nucleotidohydrolase,2,0.0,0.0,1000.0,0.0,0.0
G3PAT180,Glycerol-3-phosphate acyltransferase (C18:0),2,0.0,0.0,1000.0,0.0,0.0
FACOAL161t2pp,Fatty-acid-CoA ligase (hexadecenoate transport via vectoral Co-A coupling),1,0.0,0.0,1000.0,0.0,0.0
TNTep,2 4 6 trinitrotoluene extrusion pump,2,0.0,0.0,1000.0,0.0,0.0
LYSabcpp,L-lysine transport via ABC system (periplasm),2,0.0,0.0,1000.0,0.0,0.0
SULabcpp,Sulfate transport via ABC system (periplasm),2,0.0,0.0,1000.0,0.0,0.0
PROHISGLUtr,Tripeptide Opp3 transport,2,0.0,0.0,1000.0,0.0,0.0
GTPDPK_1,ATP:GTP 3'-diphosphotransferase,2,0.0,0.0,0.0,0.0,0.0
DCMPDA,DCMP deaminase,2,0.0,0.0,1000.0,0.0,0.0
URIC,Uricase,2,0.0,0.0,1000.0,0.0,0.0
FEENTERexs,Enterobactin Fe(III) binding (spontaneous),2,0.0,0.0,1000.0,0.0,0.0
GALt2pp,D-galactose transport in via proton symport (periplasm),2,0.0,0.0,1000.0,0.0,0.0
BTNt,Biotin ABC transporter,2,0.0,0.0,1000.0,0.0,0.0
SERD_L,L-serine deaminase,2,0.0,0.0,1000.0,0.0,0.0
PSD161,Phosphatidylserine decarboxylase (n-C16:1),2,0.0,0.0,1000.0,0.0,0.0
AGM3PH,"N-Acetyl-D-glucosamine(anhydrous)N-Acetylmuramyl-tripeptide beta -1,4-N-acetylglucosaminidase",2,0.0,0.0,1000.0,0.0,0.0
TAGabc,,2,0.0,0.0,1000.0,0.0,0.0
HEX4,Hexokinase (D-mannose:ATP),2,0.0,0.0,1000.0,0.0,0.0
AACPS9,Acyl-[acyl-carrier-protein] synthetase  (n-C8:0),2,0.0,0.0,1000.0,0.0,0.0
FEOXAMexs,Ferroxamine Fe3-loading reaction (spontaneous),2,0.0,0.0,1000.0,0.0,0.0
DALAOX,D amino acid oxidase,2,0.0,0.0,1000.0,0.0,0.0
DADNK,Deoxyadenosine kinase,2,0.0,0.0,1000.0,0.0,0.0
H2SO,Hydrogen sulfide oxidation,2,0.0,0.0,1000.0,0.0,0.0
PYDXPP,Pyridoxal 5-phosphate phosphatase,2,0.0,0.0,1000.0,0.0,0.0
FDMO3,FMNH2-dependent monooxygenase (ethanesulfonate),2,0.0,0.0,1000.0,0.0,0.0
FE2t4pp,Iron(II) transport out via antiport (periplasm),2,0.0,0.0,1000.0,0.0,0.0
MNabc,Manganese transport via ABC system,2,0.0,0.0,1000.0,0.0,0.0
PYDXK_1,Pyridoxal kinase,2,0.0,0.0,1000.0,0.0,0.0
GF6PTA,Glutamine-fructose-6-phosphate transaminase,2,0.0,0.0,1000.0,0.0,0.0
ICITtex,Citrate transport via diffusion extracellular to periplasm,4,0.0,0.0,1000.0,0.0,0.0
Kabc,Potassium ABC transporter,2,0.0,0.0,1000.0,0.0,0.0
DRPA,Deoxyribose-phosphate aldolase,2,0.0,0.0,1000.0,0.0,0.0
FOMETRi,Aminomethyltransferase,2,0.0,0.0,1000.0,0.0,0.0
UAGPT2,UDP-N-acetylglucosamine-N-acetylmuramyl-(pentapeptide)pyrophosphoryl-undecaprenol N-acetylglucosamine transferase,2,0.0,0.0,1000.0,0.0,0.0
ALCD2x,Alcohol dehydrogenase (ethanol),2,0.0,0.0,1000.0,0.0,0.0
DHQS,3-dehydroquinate synthase,2,0.0,0.0,1000.0,0.0,0.0
PLIPA2A160pp,"Phospholipase A2 (phosphatidate, n-C16:0) (periplasm)",2,0.0,0.0,1000.0,0.0,0.0
P5CR,Pyrroline-5-carboxylate reductase,2,0.0,0.0,1000.0,0.0,0.0
TMDPP,Thymidine phosphorylase,2,0.0,0.0,1000.0,0.0,0.0
DHQTi,"3-dehydroquinate dehydratase, irreversible",2,0.0,0.0,1000.0,0.0,0.0
P5CD,1-pyrroline-5-carboxylate dehydrogenase,2,0.0,0.0,1000.0,0.0,0.0
ACONTb,"Aconitase (half-reaction B, Isocitrate hydro-lyase)",2,0.0,0.0,1000.0,0.0,0.0
ALATRPabcpp,L Alaninyltryptophan  Ala Trp  transport via ABC system  periplasm,2,0.0,0.0,1000.0,0.0,0.0
GLCNt2ir,D gluconate transport via proton symport,2,0.0,0.0,0.0,0.0,0.0
DALALEUD,Beta alanine L leucine dipeptidase,2,0.0,0.0,1000.0,0.0,0.0
ACt2rpp,Acetate reversible transport via proton symport (periplasm),2,0.0,0.0,1000.0,0.0,0.0
ACALDtpp,Acetaldehyde reversible transport (periplasm),2,0.0,0.0,1000.0,0.0,0.0
GLYMETtr,Dipeptide transport via ABC system gly-met,2,0.0,0.0,1000.0,0.0,0.0
TNTtpp,Trinitrotoluene transport via diffusion  periplasm to cytosol  irreversible,3,0.0,0.0,1000.0,0.0,0.0
DNMPPA,Dihydroneopterin monophosphate dephosphorylase,2,0.0,0.0,1000.0,0.0,0.0
PHEMEt,Heme transport,3,0.0,0.0,1000.0,0.0,0.0
PHEabc,,2,0.0,0.0,1000.0,0.0,0.0
GLYALDDr,D-Glyceraldehyde dehydrogenase,2,0.0,0.0,1000.0,0.0,0.0
XYLI1,Xylose isomerase,3,0.0,0.0,1000.0,0.0,0.0
MSULR,Metanesulfonate reductase  NADPH2,2,0.0,0.0,1000.0,0.0,0.0
DASYN180,CDP-diacylglycerol synthetase (n-C18:0),2,0.0,0.0,1000.0,0.0,0.0
AB6PGH,Arbutin 6-phosphate glucohydrolase,2,0.0,0.0,1000.0,0.0,0.0
MCSNAH,5-Methylcytosine aminohydrolase,2,0.0,0.0,1000.0,0.0,0.0
XYLabc,D-xylose transport via ABC system,2,0.0,0.0,1000.0,0.0,0.0
ADPGLC,ADPglucose diphosphatase,2,0.0,0.0,1000.0,0.0,0.0
PPCK,Phosphoenolpyruvate carboxykinase,2,0.0,0.0,1000.0,0.0,0.0
H2Otpp,H2O transport via diffusion (periplasm),2,0.0,0.0,1000.0,0.0,0.0
NTPP5,Nucleoside triphosphate pyrophosphorylase (datp),2,0.0,0.0,1000.0,0.0,0.0
PAPSR,Phosphoadenylyl-sulfate reductase (thioredoxin),2,0.0,0.0,1000.0,0.0,0.0
ICHORT,Isochorismatase,2,0.0,0.0,1000.0,0.0,0.0
AMID4,Amidase,2,0.0,0.0,1000.0,0.0,0.0
SUCD1,Succinate dehydrogenase,2,0.0,0.0,10.0,0.0,0.0
ACTD2,Acetoin dehydrogenase,1,0.0,0.0,1000.0,0.0,0.0
METS,Methionine synthase,2,0.0,0.0,1000.0,0.0,0.0
PIabc,Phosphate transport via ABC system,2,0.0,0.0,1000.0,0.0,0.0
DASYN161,CDP-diacylglycerol synthetase (n-C16:1),2,0.0,0.0,1000.0,0.0,0.0
DINSK,Deoxyinosine kinase,2,0.0,0.0,1000.0,0.0,0.0
ACLDC,Acetolactate decarboxylase,2,0.0,0.0,1000.0,0.0,0.0
METSRabc,L methionine R oxide transport via ABC system,2,0.0,0.0,1000.0,0.0,0.0
MALDt2_2pp,D-Malate transport via proton symport (2 H) (periplasm),2,0.0,0.0,1000.0,0.0,0.0
SSALy,Succinate-semialdehyde dehydrogenase (NADP),2,0.0,0.0,1000.0,0.0,0.0
PPRDNDH,Piperideine dehydrogenase,2,0.0,0.0,1000.0,0.0,0.0
PGMT_B,B phosphoglucomutase,3,0.0,0.0,1000.0,0.0,0.0
34HPPOR,4 Hydroxyphenylpyruvateoxygen oxidoreductase,2,0.0,0.0,1000.0,0.0,0.0
ZN2t6,Zinc  Zn2  transport out via proton antiport  periplasmexternal,2,0.0,0.0,1000.0,0.0,0.0
DADK,Deoxyadenylate kinase,2,0.0,0.0,1000.0,0.0,0.0
PRAIi,Phosphoribosylanthranilate isomerase (irreversible),3,0.0,0.0,1000.0,0.0,0.0
AMPEP18,Aminopeptidase,2,0.0,0.0,1000.0,0.0,0.0
HGt,Mercury transport,3,0.0,0.0,1000.0,0.0,0.0
GCCc,Glycine-cleavage complex,2,0.0,0.0,1000.0,0.0,0.0
NH4t,Ammonia reversible transport,3,0.0,0.0,1000.0,0.0,0.0
PBUTT,Phosphate butyryltransferase,1,0.0,0.0,1000.0,0.0,0.0
3CMPt6,3  CMP transport in via proton symport,2,0.0,0.0,1000.0,0.0,0.0
G6PDH2r,Glucose 6-phosphate dehydrogenase,2,0.0,0.0,1000.0,0.0,0.0
13PPDH2_1,"1,3-propanediol dehydrogenase",2,0.0,0.0,1000.0,0.0,0.0
NADK5,NAD kinase  dTTP,2,0.0,0.0,1000.0,0.0,0.0
HISabc,L-histidine transport via ABC system,2,0.0,0.0,1000.0,0.0,0.0
BGLA1,6-phospho-beta-glucosidase,2,0.0,0.0,1000.0,0.0,0.0
MALTTRabc,Maltotriose transport via ABC system,2,0.0,0.0,1000.0,0.0,0.0
ACOAD20,Acyl CoA dehydrogenase  2 methylbutnoyl CoA,2,0.0,0.0,1000.0,0.0,0.0
FE3abc,Iron (III) transport via ABC system,2,0.0,0.0,1000.0,0.0,0.0
CYST_II,,2,0.0,0.0,1000.0,0.0,0.0
GALabcpp,D-galactose transport via ABC system (periplasm),2,0.0,0.0,1000.0,0.0,0.0
DAPDA,"N-acetyl-L,L-diaminopimelate deacetylase",2,0.0,0.0,1000.0,0.0,0.0
AMPEP4,Aminopeptidase,2,0.0,0.0,1000.0,0.0,0.0
CYTDH,Cytidine hydrolase,2,0.0,0.0,1000.0,0.0,0.0
NO3abc,,2,0.0,0.0,1000.0,0.0,0.0
GPDDA4,Glycerophosphodiester phosphodiesterase (Glycerophosphoglycerol),2,0.0,0.0,1000.0,0.0,0.0
CYSTS,Cystathionine beta synthase,2,0.0,0.0,1000.0,0.0,0.0
HISHISabcpp,L Histidinylhistidine  His His  transport via ABC system  periplasm,2,0.0,0.0,1000.0,0.0,0.0
MTHFD2i,Methylenetetrahydrofolate dehydrogenase  NAD,2,0.0,0.0,1000.0,0.0,0.0
METB1,Metb1 (rev),2,0.0,0.0,1000.0,0.0,0.0
MLTGY1pp,Murein lytic transglycosylase (murein4p4p) (periplasm),3,0.0,0.0,1000.0,0.0,0.0
GALTpts,Galactitol transport via PEP:Pyr PTS,2,0.0,0.0,1000.0,0.0,0.0
BALABALAabcpp,Beta alanyl beta alanine transport via ABC system  periplasm,2,0.0,0.0,1000.0,0.0,0.0
PSSA180,Phosphatidylserine syntase (n-C18:0),2,0.0,0.0,1000.0,0.0,0.0
TNTHAC1,2 4 6 dinitrotoluene meisenheimer dihydrideTNT derived hydroxylamines condensation,2,0.0,0.0,1000.0,0.0,0.0
PTRCTA2,Putrescine Transaminase  pyruvate,2,0.0,0.0,1000.0,0.0,0.0
ASPt2r,L aspartate reversible transport via proton symport,2,0.0,0.0,1000.0,0.0,0.0
BETALDHx,Betaine-aldehyde dehydrogenase,2,0.0,0.0,1000.0,0.0,0.0
PACCOAE,"Ring 1,2-phenylacetyl-CoA epoxidase (NADPH)",2,0.0,0.0,1000.0,0.0,0.0
DM1PE,2 3 diketo 5 methylthiopentyl 1 phosphate enolase,2,0.0,0.0,1000.0,0.0,0.0
AMPEP1,Aminopeptidase,2,0.0,0.0,1000.0,0.0,0.0
THZPSN_1,Thiazole phosphate synthesis,2,0.0,0.0,0.0,0.0,0.0
NAtex,Sodium transport via diffusion (extracellular to periplasm),3,0.0,0.0,1000.0,0.0,0.0
MALt4,Namalate symporter,2,0.0,0.0,1000.0,0.0,0.0
KARA2,Ketol-acid reductoisomerase (2-Acetolactate),2,0.0,0.0,1000.0,0.0,0.0
RNTR2,Ribonucleoside triphosphate reductase  GTP,2,0.0,0.0,1000.0,0.0,0.0
2AACLPGT181,2 acyl acyl carrier protein glycerophospho glycerol acyltransferase  n C160,2,0.0,0.0,1000.0,0.0,0.0
PE161abcpp,"Phosphatidylethanolamine transport via ABC system (n-C16:1, periplasm)",2,0.0,0.0,1000.0,0.0,0.0
S6PG,Salicin 6 phosphate glucohydrolase,2,0.0,0.0,1000.0,0.0,0.0
XYLt2,D-xylose transport in via proton symport,2,0.0,0.0,1000.0,0.0,0.0
SUCR,Sucrose hydrolyzing enzyme,2,0.0,0.0,1000.0,0.0,0.0
NTPP7,Nucleoside triphosphate pyrophosphorylase (dttp),2,0.0,0.0,1000.0,0.0,0.0
GLYGLNtr,Dipeptide transport via ABC system gly-gln,2,0.0,0.0,1000.0,0.0,0.0
BALAGLYabcpp,Beta alanyl L glycine transport via ABC system  periplasm,2,0.0,0.0,1000.0,0.0,0.0
GLCptspp,D-glucose transport via PEP:Pyr PTS (periplasm),2,0.0,0.0,1000.0,0.0,0.0
CYSGL,Cystathionine gamma-lyase,2,0.0,0.0,1000.0,0.0,0.0
IGPS,Indole-3-glycerol-phosphate synthase,2,0.0,0.0,1000.0,0.0,0.0
PANTS,Pantothenate synthase,2,0.0,0.0,1000.0,0.0,0.0
HMPPtr,Hydroxymethl pyrimidine phosphate ABC transport,2,0.0,0.0,1000.0,0.0,0.0
PTRCAT1,Putrescine acetyltransferase,1,0.0,0.0,1000.0,0.0,0.0
BALAt2pp,Beta-alanine transport in via proton symport (periplasm),2,0.0,0.0,1000.0,0.0,0.0
PA161abcpp,"Phosphatidate transport via ABC system (n-C16:1, periplasm)",2,0.0,0.0,1000.0,0.0,0.0
RECOAH2,3 hydroxyacyl Coa dehydratase   3R  3 hydroxyhexanoyl CoA,2,0.0,0.0,1000.0,0.0,0.0
PE181abcpp,"Phosphatidylethanolamine transport via ABC system (n-C18:1, periplasm)",2,0.0,0.0,1000.0,0.0,0.0
SPMDabc,Spermidine transport via ABC system,2,0.0,0.0,1000.0,0.0,0.0
PRO1x,Proline oxidase  L proline  NAD,2,0.0,0.0,0.0,0.0,0.0
GLYCLTDx,Glycolate dehydrogenase (NAD),2,0.0,0.0,1000.0,0.0,0.0
METSOX1abc,L-Methionine S-oxide transport via ABC system,2,0.0,0.0,1000.0,0.0,0.0
VALt2r,L valine reversible transport via proton symport,2,0.0,0.0,1000.0,0.0,0.0
ACONCtex,Cisaconitat transport via diffusion extracellular to periplasm,4,0.0,0.0,1000.0,0.0,0.0
ADNK1,Adenosine kinase,2,0.0,0.0,1000.0,0.0,0.0
M1PD,Mannitol-1-phosphate 5-dehydrogenase,2,0.0,0.0,1000.0,0.0,0.0
NADK1,NAD kinase  GTP,2,0.0,0.0,1000.0,0.0,0.0
AACPS4,Acyl-[acyl-carrier-protein] synthetase  (n-C16:1),2,0.0,0.0,1000.0,0.0,0.0
PLIPA1E181pp,"Phospholipase A1 (phosphatidylethanolamine, n-C18:1) (periplasm)",2,0.0,0.0,1000.0,0.0,0.0
YUMPS,YUMP synthetase,2,0.0,0.0,1000.0,0.0,0.0
ADtr,"Acetamide transport, extracellular",3,0.0,0.0,1000.0,0.0,0.0
CYSTL,Cystathionine b-lyase,2,0.0,0.0,1000.0,0.0,0.0
GLYCYSAP,Gly-Cys aminopeptidase,2,0.0,0.0,1000.0,0.0,0.0
GLUDy,Glutamate dehydrogenase (NADP),2,0.0,0.0,1000.0,0.0,0.0
RIBtex,Ribose transport via diffusion (extracellular to periplasm),3,0.0,0.0,1000.0,0.0,0.0
OMCDC,2-Oxo-4-methyl-3-carboxypentanoate decarboxylation,2,0.0,0.0,1000.0,0.0,0.0
MOBDabc,Molybdate transport via ABC system,2,0.0,0.0,1000.0,0.0,0.0
DHORTS,Dihydroorotase,2,0.0,0.0,1000.0,0.0,0.0
ALATHRtex,L Alaninylthreonine transport via diffusion  extracellular to periplasm,3,0.0,0.0,1000.0,0.0,0.0
ALCD2y,"Alcohol dehydrogenase (ethanol, NADP)",2,0.0,0.0,0.0,0.0,0.0
METabc,L-methionine transport via ABC system,2,0.0,0.0,1000.0,0.0,0.0
GLNabc,L-glutamine transport via ABC system,2,0.0,0.0,1000.0,0.0,0.0
GLYPHEtex,L GlyPhe transport via diffusion  extracellular to periplasm,3,0.0,0.0,1000.0,0.0,0.0
HISTP,Histidinol-phosphatase,2,0.0,0.0,1000.0,0.0,0.0
ASPTA6,E L-alanine-alpha-keto acid aminotransferase,2,0.0,0.0,1000.0,0.0,0.0
BDH,3-HYDROXYBUTYRATE-DEHYDROGENASE-RXN,2,0.0,0.0,1000.0,0.0,0.0
METGL,Methionine g lyase,2,0.0,0.0,1000.0,0.0,0.0
GTHRDabcpp,Reduced glutathione via ABC system (periplasm),2,0.0,0.0,1000.0,0.0,0.0
HMR_9610,Na+/succinate symporter,2,0.0,0.0,1000.0,0.0,0.0
DNTAep,N N bis 3 5 dinitrotolyl  amine extrusion pump,2,0.0,0.0,1000.0,0.0,0.0
ARGSL,Argininosuccinate lyase,2,0.0,0.0,1000.0,0.0,0.0
ACTNabc,Acetoin transport via ABC system,2,0.0,0.0,1000.0,0.0,0.0
IPDDI,Isopentenyl-diphosphate D-isomerase,3,0.0,0.0,1000.0,0.0,0.0
PUNP7,Purine-nucleoside phosphorylase (Xanthosine),2,0.0,0.0,1000.0,0.0,0.0
GLYOX,Hydroxyacylglutathione hydrolase,2,0.0,0.0,1000.0,0.0,0.0
ACLS_a,Acetolactate synthase,2,0.0,0.0,1000.0,0.0,0.0
LYSGLUGLYtr,Tripeptide transport,2,0.0,0.0,1000.0,0.0,0.0
ATHRDHr,L-allo-threonine dehydrogenase,2,0.0,0.0,1000.0,0.0,0.0
GLYt2pp,Glycine transport in via proton symport (periplasm),2,0.0,0.0,1000.0,0.0,0.0
FACOAE160,Fatty-acid-CoA thioesterase (hexadecanoate),1,0.0,0.0,1000.0,0.0,0.0
TREpts,Trehalose transport via PEP:Pyr PTS,2,0.0,0.0,1000.0,0.0,0.0
ALAabcpp,L-alanine transport via ABC system (periplasm),2,0.0,0.0,1000.0,0.0,0.0
ACPPAT180,Acyl-(acyl carrier protein):phosphate acyltransferase (C18:0),2,0.0,0.0,1000.0,0.0,0.0
PUNP2,Purine-nucleoside phosphorylase (Deoxyadenosine),2,0.0,0.0,1000.0,0.0,0.0
AIRC1,Phosphoribosylaminoimidazole carboxylase  ATP dependent,2,0.0,0.0,1000.0,0.0,0.0
URCN,Urocanase,2,0.0,0.0,1000.0,0.0,0.0
INS2D,Inositol 2-dehydrogenase,2,0.0,0.0,1000.0,0.0,0.0
HXPRT,Hypoxanthine phosphoribosyltransferase (Hypoxanthine),2,0.0,0.0,1000.0,0.0,0.0
GLYTYRAP,Gly-Try aminopeptidase,2,0.0,0.0,1000.0,0.0,0.0
UAGPT2_1,UDP-N-acetylglucosamine-N-acetylmuramyl-(pentapeptide)pyrophosphoryl-undecaprenol N-acetylglucosamine transferase,2,0.0,0.0,1000.0,0.0,0.0
DHAD3,Dihydroxy acid dehydratase  2 3 dihydroxy 3 methylpentanoate,2,0.0,0.0,1000.0,0.0,0.0
CA2abc1,Calcium efflux  via ABC system,2,0.0,0.0,1000.0,0.0,0.0
ACHBS,2-aceto-2-hydroxybutanoate synthase,2,0.0,0.0,1000.0,0.0,0.0
PPAt4pp,Na+/Propionate symporter (periplasm),2,0.0,0.0,1000.0,0.0,0.0
COBALT2t3pp,Cobalt (Co+2) transport out via proton antiport (periplasm),2,0.0,0.0,1000.0,0.0,0.0
HQNt6,Hydroquinone transport inout via proton symport,2,0.0,0.0,1000.0,0.0,0.0
NNAM,Nicotinamidase,2,0.0,0.0,1000.0,0.0,0.0
ADAPAT,"E N-acetyl-L,L-diaminopimelate aminotransferase",2,0.0,0.0,1000.0,0.0,0.0
MCBTFUexs,Mycobactin Fe loading reaction  spontaneous,2,0.0,0.0,1000.0,0.0,0.0
NTPP2_1,Nucleoside triphosphate pyrophosphorylase (gtp),2,0.0,0.0,0.0,0.0,0.0
RIBabcpp,D-ribose transport via ABC system (periplasm),2,0.0,0.0,1000.0,0.0,0.0
AKGDH,2-Oxogluterate dehydrogenase,1,0.0,0.0,1000.0,0.0,0.0
ATAH_1,,2,0.0,0.0,1000.0,0.0,0.0
4ABUTD,4-Aminobutyraldehyde:NAD+ oxidoreductase,2,0.0,0.0,1000.0,0.0,0.0
BLAMDabcpp,Beta alanyl L alanine transport via ABC system  periplasm,2,0.0,0.0,1000.0,0.0,0.0
FTHFCL,5 formethyltetrahydrofolate cyclo ligase,2,0.0,0.0,1000.0,0.0,0.0
GCCa,Glycine-cleavage complex,2,0.0,0.0,1000.0,0.0,0.0
DHAK,Dihydroxyacetone kinase,2,0.0,0.0,1000.0,0.0,0.0
GUI2,Glucuronate isomerase (D-galacturonate),2,0.0,0.0,1000.0,0.0,0.0
GLUKA_1,Glucokinase/hexokinase (glc-A),2,0.0,0.0,1000.0,0.0,0.0
ASPt2pp,L-aspartate transport in via proton symport (periplasm),2,0.0,0.0,1000.0,0.0,0.0
Cobalt2abcppI,Cobalt II transport via ABC system periplasm I,2,0.0,0.0,1000.0,0.0,0.0
URATEt_1,Urate permease,2,0.0,0.0,1000.0,0.0,0.0
MGCH,Methylglutaconyl-CoA hydratase,2,0.0,0.0,1000.0,0.0,0.0
FDH,Formate dehydrogenase,2,0.0,0.0,1000.0,0.0,0.0
MSO3abcpp,Methanesulfonate transport via ABC system (periplasm),2,0.0,0.0,1000.0,0.0,0.0
NADH5,NADH dehydrogenase (ubiquinone-8 ),2,0.0,0.0,1000.0,0.0,0.0
NI2t3pp,Nickle (Ni+2) transport out via proton antiport (periplasm),2,0.0,0.0,1000.0,0.0,0.0
PE180abcpp,"Phosphatidylethanolamine transport via ABC system (n-C18:0, periplasm)",2,0.0,0.0,1000.0,0.0,0.0
MANGLYCptspp,2-O-alpha-mannosyl-D-glycerate transport via PEP:Pyr PTS (periplasm),2,0.0,0.0,1000.0,0.0,0.0
TRPabc,,2,0.0,0.0,1000.0,0.0,0.0
HEXSabc,Hexanesulfonate transport via ABC system,2,0.0,0.0,1000.0,0.0,0.0
2AGPE181tipp,2-Acyl-sn-glycero-3-phosphoethanolamine (n-C18:1) transporter via facilitated diffusion (periplasm),3,0.0,0.0,1000.0,0.0,0.0
PPA,Inorganic diphosphatase,2,0.0,0.0,1000.0,0.0,0.0
ZNabcpp,Zinc (Zn+2) transport via ABC system (periplasm),2,0.0,0.0,1000.0,0.0,0.0
GLYCK,Glycerate kinase,2,0.0,0.0,1000.0,0.0,0.0
PAP,Phosphatidate phosphatase,2,0.0,0.0,1000.0,0.0,0.0
BUTtex,Butyrate transport via diffusion (extracellular to periplasm),3,0.0,0.0,1000.0,0.0,0.0
THZPSN,Thiazole phosphate synthesis,2,0.0,0.0,1000.0,0.0,0.0
BUTt2rpp,"Butyrate transport via proton symport, reversible (periplasm)",2,0.0,0.0,1000.0,0.0,0.0
ACGK,Acetylglutamate kinase,2,0.0,0.0,1000.0,0.0,0.0
NTPP9_1,Nucleoside triphosphate pyrophosphorylase (itp),2,0.0,0.0,0.0,0.0,0.0
HETZK,Hydroxyethylthiazole kinase,2,0.0,0.0,1000.0,0.0,0.0
CO2tpp,CO2 transporter via diffusion (periplasm),2,0.0,0.0,1000.0,0.0,0.0
THRS,Threonine synthase,2,0.0,0.0,1000.0,0.0,0.0
ANSN,Anthranilate synthase (NH3),2,0.0,0.0,1000.0,0.0,0.0
LIPAMPL,Lipoyl-adenylate protein ligase,2,0.0,0.0,1000.0,0.0,0.0
UREA_1,Urease,2,0.0,0.0,1000.0,0.0,0.0
ME2,Malic enzyme (NADP),2,0.0,0.0,1000.0,0.0,0.0
GALt2_3,,2,0.0,0.0,1000.0,0.0,0.0
AACLAM,Acetyl adenylate CoA ligase AMP-forming,1,0.0,0.0,1000.0,0.0,0.0
PROabc,L-proline transport via ABC system,2,0.0,0.0,1000.0,0.0,0.0
PPPGO,Protoporphyrinogen oxidase (aerobic),2,0.0,0.0,1000.0,0.0,0.0
AMPTASEGS,Aminopeptidase  Gly Ser,2,0.0,0.0,1000.0,0.0,0.0
MALTpts,Maltose transport via PEP:Pyr PTS,2,0.0,0.0,1000.0,0.0,0.0
PSUDS,Pseudouridylate synthase,2,0.0,0.0,1000.0,0.0,0.0
URIK1,Uridine kinase  ATPUridine,2,0.0,0.0,1000.0,0.0,0.0
ACGAtex,N-Acetyl-D-glucosamine transport via diffusion (extracellular to periplasm),3,0.0,0.0,1000.0,0.0,0.0
GTPHs,GTP amine hydrolysis (spontaneous),2,0.0,0.0,1000.0,0.0,0.0
HG2t3pp,Mercury (Hg+2) transport out via proton antiport (periplasm),2,0.0,0.0,1000.0,0.0,0.0
APG3PAT181,Acyl-phosphate:glycerol-3-phosphate acyltransferase (C18:1),2,0.0,0.0,1000.0,0.0,0.0
ACTDa,Acetoin dehydrogenase,2,0.0,0.0,0.0,0.0,0.0
TRPAS1,Tryptophanase  L cysteine,2,0.0,0.0,0.0,0.0,0.0
BTNt2i,Biotin uptake,2,0.0,0.0,1000.0,0.0,0.0
ADMDC,Adenosylmethionine decarboxylase,2,0.0,0.0,1000.0,0.0,0.0
SSCOARy,Succinyl-coA reductase (NADPH),1,0.0,0.0,1000.0,0.0,0.0
GLYGLYtex,L Glycinylglycine transport via diffusion  extracellular to periplasm,3,0.0,0.0,1000.0,0.0,0.0
SHSL3,O succinylhomoserine lyase  methanethiol,2,0.0,0.0,1000.0,0.0,0.0
NTD1,5'-nucleotidase (dUMP),2,0.0,0.0,1000.0,0.0,0.0
PYNP1_1,Pyrimidine-nucleoside phosphorylase (cytosine),2,0.0,0.0,0.0,0.0,0.0
HG2abcpp,Mercury (Hg+2) ABC transporter (periplasm),2,0.0,0.0,1000.0,0.0,0.0
PROtex,L-proline transport via diffusion (extracellular to periplasm),3,0.0,0.0,1000.0,0.0,0.0
FDMO4_1,FMN dependent monooxygenase  taurine,2,0.0,0.0,1000.0,0.0,0.0
PPAtex,Propionate transport via diffusion,3,0.0,0.0,1000.0,0.0,0.0
GTPCII,GTP cyclohydrolase II,2,0.0,0.0,1000.0,0.0,0.0
ACLS_d,2-alpha-Hydroxyethylthiamine diphosphate lipoamide,2,0.0,0.0,1000.0,0.0,0.0
DSERt2,D-serine transport via proton symport,2,0.0,0.0,1000.0,0.0,0.0
DATPHs,DATP amine hydrolysis (spontaneous),2,0.0,0.0,1000.0,0.0,0.0
PLIPA1G180pp,"Phospholipase A1 (phosphatidylglycerol, n-C18:0) (periplasm)",2,0.0,0.0,1000.0,0.0,0.0
FRDO,FRDO,2,0.0,0.0,10.0,0.0,0.0
ACTNabc1,Acetoin efflux  via ABC system,2,0.0,0.0,1000.0,0.0,0.0
3AMPt6,3  AMP transport inout via proton symport,2,0.0,0.0,1000.0,0.0,0.0
LDH_L,L-lactate dehydrogenase,2,0.0,0.0,1000.0,0.0,0.0
MTAN,Methylthioadenosine nucleosidase,2,0.0,0.0,1000.0,0.0,0.0
TMDS,Thymidylate synthase,2,0.0,0.0,1000.0,0.0,0.0
LEUabc,L-leucine transport via ABC system,2,0.0,0.0,1000.0,0.0,0.0
APSR,Adenosine 5'-phosphosulfate reductase;,2,0.0,0.0,1000.0,0.0,0.0
TGBPA,Tagatose-bisphosphate aldolase,2,0.0,0.0,1000.0,0.0,0.0
GALS3,A-galactosidase (melibiose),2,0.0,0.0,1000.0,0.0,0.0
F1PP,D-fructose 1-phosphate phosphatase,2,0.0,0.0,1000.0,0.0,0.0
CBPS_1,Carbamoyl-phosphate synthase (glutamine-hydrolysing),2,0.0,0.0,0.0,0.0,0.0
THRS_2,Threonine synthase,2,0.0,0.0,0.0,0.0,0.0
BTDD_RR,R R  butanediol dehydrogenase,2,0.0,0.0,1000.0,0.0,0.0
HACD1i,3-hydroxyacyl-CoA dehydrogenase (acetoacetyl-CoA),2,0.0,0.0,0.0,0.0,0.0
CRO4t3pp,Chromate transport out via proton antiport (cytoplasm to periplasm),2,0.0,0.0,1000.0,0.0,0.0
LYSt3pp,L-lysine transport out via proton antiport (cytoplasm to periplasm),2,0.0,0.0,1000.0,0.0,0.0
NABTNO,N4 AcetylaminobutanalNAD oxidoreductase,2,0.0,0.0,1000.0,0.0,0.0
METSR_S1,L methionine S oxide reductase  trdrd,2,0.0,0.0,1000.0,0.0,0.0
HISDr,Histidase r,2,0.0,0.0,1000.0,0.0,0.0
ABTA,4-aminobutyrate transaminase,2,0.0,0.0,1000.0,0.0,0.0
E4PD,Erythrose 4-phosphate dehydrogenase,2,0.0,0.0,1000.0,0.0,0.0
GALURDH,Galacturonate dehydrogenase,2,0.0,0.0,1000.0,0.0,0.0
BALABALAtex,Beta alanyl beta alanine transport via diffusion  extracellular to periplasm,3,0.0,0.0,1000.0,0.0,0.0
THMP,Thiamin phosphatase,2,0.0,0.0,1000.0,0.0,0.0
CLtex,Chloride (Cl-1) transport via diffusion (extracellular to periplasm),3,0.0,0.0,1000.0,0.0,0.0
NADK4,NAD kinase  dCTP,2,0.0,0.0,1000.0,0.0,0.0
BLAMDtex,Beta Alaninamide transport via diffusion  extracellular to periplasm,3,0.0,0.0,1000.0,0.0,0.0
DALAt2r,D-alanine transport via proton symport,2,0.0,0.0,1000.0,0.0,0.0
SALCpts,Salicin transport via PEP:Pyr PTS,2,0.0,0.0,1000.0,0.0,0.0
GLYALDt,Glyceraldehyde facilitated diffusion,3,0.0,0.0,1000.0,0.0,0.0
GLUtex,L-glutamate transport via diffusion (extracellular to periplasm),3,0.0,0.0,1000.0,0.0,0.0
TARTRtpp,Tartrate facilitated transport periplasm,3,0.0,0.0,1000.0,0.0,0.0
23PDE4pp,"2',3'-cyclic-nucleotide phosphodiesterase (CMP) (periplasm)",2,0.0,0.0,1000.0,0.0,0.0
CELLBabc,Cellobiose transport via ATP transporter,2,0.0,0.0,1000.0,0.0,0.0
PGMT_2,,3,0.0,0.0,0.0,0.0,0.0
ACPpds,[acyl-carrier-protein] phosphodiesterase,2,0.0,0.0,1000.0,0.0,0.0
CYSabcpp,L-cysteine uptake via ABC system (periplasm),2,0.0,0.0,1000.0,0.0,0.0
MTRI,5-methylthioribose-1-phosphate isomerase,3,0.0,0.0,1000.0,0.0,0.0
MTHTHFSs,"(2R,4S)-2-methyl-2,3,3,4-tetrahydroxytetrahydrofuran synthesis (spontaneous)",2,0.0,0.0,1000.0,0.0,0.0
LALALGLUtex,L-alanyl-L-glutamate transport via diffusion (extracellular to periplasm),3,0.0,0.0,1000.0,0.0,0.0
Zn2tex,Zinc (Zn+2) transport via diffusion (extracellular to periplasm),3,0.0,0.0,1000.0,0.0,0.0
MNLptspp,Mannitol transport via PEP:Pyr PTS (periplasm),2,0.0,0.0,1000.0,0.0,0.0
DIPEPabc3,Dipeptide transport via ABC system  ala glu,2,0.0,0.0,1000.0,0.0,0.0
ASNabc,L-asparagine transport via ABC system,2,0.0,0.0,1000.0,0.0,0.0
PDHbr,Pyruvate dehydrogenase (dihydrolipoamide) reversible,1,0.0,0.0,1000.0,0.0,0.0
FE3tex,Iron (III) transport via diffusion (extracellular to periplasm),3,0.0,0.0,1000.0,0.0,0.0
GLCNt2rpp,"D-gluconate transport via proton symport, reversible (periplasm)",2,0.0,0.0,1000.0,0.0,0.0
12PPDRDH,R Propane 1 2 diol dehydratase,2,0.0,0.0,1000.0,0.0,0.0
GLYSERabcpp,L Glycinylserine  Gly Ser  transport via ABC system  periplasm,2,0.0,0.0,1000.0,0.0,0.0
IND3ACtpp,Indole 3 acetic acid export  periplasm,2,0.0,0.0,1000.0,0.0,0.0
AMPEP6,Aminopeptidase,2,0.0,0.0,1000.0,0.0,0.0
PYRt4pp,Pyruvate transport via sodium symport,2,0.0,0.0,1000.0,0.0,0.0
STFRNAt,,3,0.0,0.0,1000.0,0.0,0.0
VALt2rpp,L-valine reversible transport via proton symport (periplasm),2,0.0,0.0,1000.0,0.0,0.0
FACOAL181,Fatty acid  CoA ligase  octadecenoate,1,0.0,0.0,1000.0,0.0,0.0
F6PP,D-fructose 6-phosphate phosphatase,2,0.0,0.0,1000.0,0.0,0.0
ACPS,Acyl Carrier Protein Synthase,1,0.0,0.0,1000.0,0.0,0.0
ALAALAabcpp,D-alanyl-D-alanine (DalaDala) transport via ABC system (periplasm),2,0.0,0.0,1000.0,0.0,0.0
NTPP1,Nucleoside triphosphate pyrophosphorylase (dgtp),2,0.0,0.0,1000.0,0.0,0.0
GLCabc,D-glucose transport via ABC system,2,0.0,0.0,1000.0,0.0,0.0
THRA,Threonine aldolase,2,0.0,0.0,1000.0,0.0,0.0
Cut1,Copper export via ATPase,2,0.0,0.0,1000.0,0.0,0.0
ARBabc,L-arabinose transport via ABC system,2,0.0,0.0,1000.0,0.0,0.0
2AGPG180tipp,2-Acyl-sn-glycero-3-phosphoglycerol (n-C18:0) transporter via facilitated diffusion (periplasm),3,0.0,0.0,1000.0,0.0,0.0
RBFSa_1,Riboflavin synthase,2,0.0,0.0,0.0,0.0,0.0
MDNTHAep,N  2 methyl 3 5 dinitrophenyl  4 methyl 3 5 dinitroaniline extrusion pump,2,0.0,0.0,1000.0,0.0,0.0
BALAALAtex,Beta alanyl L alanine transport via diffusion  extracellular to periplasm,3,0.0,0.0,1000.0,0.0,0.0
NTD12,5'-nucleotidase (dIMP),2,0.0,0.0,1000.0,0.0,0.0
AEPabcpp,AEP transport via ABC system periplasm,2,0.0,0.0,1000.0,0.0,0.0
ASPabc,L-aspartate transport via ABC system,2,0.0,0.0,1000.0,0.0,0.0
PERD,Erythronate 4-phosphate (4per) dehydrogenase,2,0.0,0.0,1000.0,0.0,0.0
OCBT,Ornithine carbamoyltransferase,2,0.0,0.0,1000.0,0.0,0.0
ADSL1r,Adenylsuccinate lyase,2,0.0,0.0,1000.0,0.0,0.0
G5SADs,L-glutamate 5-semialdehyde dehydratase (spontaneous),2,0.0,0.0,1000.0,0.0,0.0
G6PI,Glucose 6 phosphate isomerase,3,0.0,0.0,1000.0,0.0,0.0
ECOAH9ir,2 Methylprop 2 enoyl CoA  2 Methylbut 2 enoyl CoA,2,0.0,0.0,1000.0,0.0,0.0
ASPO6,L-aspartate oxidase,2,0.0,0.0,1000.0,0.0,0.0
LEULEUtex,Leucylleucine transport via diffusion  extracellular to periplasm,3,0.0,0.0,1000.0,0.0,0.0
NDPK9,Nucleoside diphosphate kinase  ATPIDP,2,0.0,0.0,1000.0,0.0,0.0
GLTPD,Galactitol-1-phosphate dehydrogenase,2,0.0,0.0,1000.0,0.0,0.0
FACOAL60t2pp,Fatty-acid-CoA ligase (hexanoate transport via vectoral Co-A coupling),1,0.0,0.0,1000.0,0.0,0.0
DHNCOAT,"1,4-dihydroxy-2-napthoyl-CoA thioesterase",1,0.0,0.0,1000.0,0.0,0.0
HYPOE,Hypothetical enyme,2,0.0,0.0,1000.0,0.0,0.0
PG160abcpp,"Phosphatidylglycerol transport via ABC system (n-C16:0, periplasm)",2,0.0,0.0,1000.0,0.0,0.0
HEX7,Hexokinase (D-fructose:ATP),2,0.0,0.0,1000.0,0.0,0.0
AGPAT160,1-hexadecanoyl-sn-glycerol 3-phosphate O-acyltransferase (n-C16:0),2,0.0,0.0,1000.0,0.0,0.0
P5CRx,Pyrroline-5-carboxylate reductase(nadh),2,0.0,0.0,0.0,0.0,0.0
GNKr,Gluconokinase,2,0.0,0.0,1000.0,0.0,0.0
C4HP,,2,0.0,0.0,1000.0,0.0,0.0
ALATHRabcpp,L Alaninylthreonine  Ala thr  transport via ABC system  periplasm,2,0.0,0.0,1000.0,0.0,0.0
HG2tex,Mercury (Hg+2) transport via diffusion (extracellular to periplasm),3,0.0,0.0,1000.0,0.0,0.0
CAt4,Calcium transport inout via proton antiporter,2,0.0,0.0,1000.0,0.0,0.0
SHCHD2_1,Sirohydrochlorin dehydrogenase  NAD,2,0.0,0.0,1000.0,0.0,0.0
ALCD19,Alcohol dehydrogenase (glycerol),2,0.0,0.0,1000.0,0.0,0.0
RIBabc1,D ribose transport out via ABC system,2,0.0,0.0,1000.0,0.0,0.0
DKMD2K,1 2 dihydroxy 3 keto 5 methylthiopentene dioxygenase  2 keto 4 methylthiobutyrate,2,0.0,0.0,1000.0,0.0,0.0
NTPP1_1,Nucleoside triphosphate pyrophosphorylase (dgtp),2,0.0,0.0,0.0,0.0,0.0
NTPP6,Nucleoside triphosphate pyrophosphorylase (atp),2,0.0,0.0,1000.0,0.0,0.0
GUAtex,Guanine transport via diffusion (extracellular to periplasm),3,0.0,0.0,1000.0,0.0,0.0
PPND,Prephenate dehydrogenase,2,0.0,0.0,1000.0,0.0,0.0
ASPO1,L-aspartate oxidase,2,0.0,0.0,1000.0,0.0,0.0
NADTRHD,NAD transhydrogenase,2,0.0,0.0,1000.0,0.0,0.0
CYSS,Cysteine synthase,2,0.0,0.0,1000.0,0.0,0.0
ICITtupp,Isocitrate transport periplasm,3,0.0,0.0,1000.0,0.0,0.0
MNLtex,Mannitol transport via diffusion (extracellular to periplasm),3,0.0,0.0,1000.0,0.0,0.0
AHSERL4,Cysteine synthase  Thiosulfate,2,0.0,0.0,1000.0,0.0,0.0
CD2t6,Cadmium  Cd2  transport out via proton antiport  periplasmexternal,2,0.0,0.0,1000.0,0.0,0.0
DCYTD,Deoxycytidine deaminase,2,0.0,0.0,1000.0,0.0,0.0
ETHSO3tex,Ethanesulfonate transport via diffusion (extracellular to periplasm),3,0.0,0.0,1000.0,0.0,0.0
2HXMPt6,2  hydroxymethyl phenol transport inout via proton symport,2,0.0,0.0,1000.0,0.0,0.0
METOX2s,Methionine oxidation 2 (spontaneous),2,0.0,0.0,1000.0,0.0,0.0
VALabc,L-valine transport via ABC system,2,0.0,0.0,1000.0,0.0,0.0
OHPBAT,O-Phospho-4-hydroxy-L-threonine:2-oxoglutarate aminotransferase,2,0.0,0.0,1000.0,0.0,0.0
GLYBt2r,"Glycine betaine transport via proton symport, reversible",2,0.0,0.0,1000.0,0.0,0.0
GDH1,Glutamate dehydrogenase (NAD),2,0.0,0.0,1000.0,0.0,0.0
UNK5,2 keto 4 methylthiobutyrate transamination,2,0.0,0.0,1000.0,0.0,0.0
G3PAT181,Glycerol-3-phosphate acyltransferase (C18:1),2,0.0,0.0,1000.0,0.0,0.0
GLYGLUabcpp,L Glycinylglutamate  Gly Glu  transport via ABC system  periplasm,2,0.0,0.0,1000.0,0.0,0.0
ARBTpts,Arbutin transport via PEPPyr PTS,2,0.0,0.0,1000.0,0.0,0.0
PDH,Pyruvate dehydrogenase,1,0.0,0.0,1000.0,0.0,0.0
UGLYCH,Ureidoglycolate hydrolase,2,0.0,0.0,1000.0,0.0,0.0
ILEtex,L-isoleucine transport via diffusion (extracellular to periplasm),3,0.0,0.0,1000.0,0.0,0.0
ACt4pp,Na+/Acetate symport (periplasm),2,0.0,0.0,1000.0,0.0,0.0
2AGPG160tipp,2-Acyl-sn-glycero-3-phosphoglycerol (n-C16:0) transporter via facilitated diffusion (periplasm),3,0.0,0.0,1000.0,0.0,0.0
PMPK,Phosphomethylpyrimidine kinase,2,0.0,0.0,1000.0,0.0,0.0
MMSAD1,Methylmalonate semialdehyde dehydrogenase,1,0.0,0.0,1000.0,0.0,0.0
GLYMETtex,L Glycinylmethionine transport via diffusion  extracellular to periplasm,3,0.0,0.0,1000.0,0.0,0.0
GLUabc,L-glutamate transport via ABC system,2,0.0,0.0,1000.0,0.0,0.0
ADNUC,Adenosine hydrolase,2,0.0,0.0,1000.0,0.0,0.0
GLUTRR,Glutamyl-tRNA reductase,2,0.0,0.0,1000.0,0.0,0.0
3PEPTabcpp,Tripeptide (LalaDgluMdap) transport via ABC system (periplasm),2,0.0,0.0,1000.0,0.0,0.0
GLCabcpp,D-glucose transport via ABC system (periplasm),2,0.0,0.0,1000.0,0.0,0.0
HISTD,Histidinol dehydrogenase,2,0.0,0.0,1000.0,0.0,0.0
OIVD2,2-oxoisovalerate dehydrogenase (acylating; 3-methyl-2-oxobutanoate),1,0.0,0.0,1000.0,0.0,0.0
MACACI,Maleylacetoacetate isomerase,3,0.0,0.0,1000.0,0.0,0.0
CRO4t3,Chromate transport out via proton antiport,2,0.0,0.0,1000.0,0.0,0.0
ALATA_L2,Alanine transaminase,2,0.0,0.0,1000.0,0.0,0.0
TSULabcpp,Thiosulfate transport via ABC system (periplasm),2,0.0,0.0,1000.0,0.0,0.0
MEOHtex,Methanol transport via diffusion (extracellular to periplasm),4,0.0,0.0,1000.0,0.0,0.0
PHETA1,Phenylalanine transaminase,2,0.0,0.0,1000.0,0.0,0.0
PSD180,Phosphatidylserine decarboxylase (n-C18:0),2,0.0,0.0,1000.0,0.0,0.0
ASPCT_2,Aspartate carbamoyltransferase,2,0.0,0.0,0.0,0.0,0.0
ALDD20y,Aldehyde dehydrogenase  indole 3 acetaldehyde  NADP,2,0.0,0.0,1000.0,0.0,0.0
HSDxi,Homoserine dehydrogenase  NADH   irreversible,2,0.0,0.0,0.0,0.0,0.0
SERabc,L-serine transport via ABC system,2,0.0,0.0,1000.0,0.0,0.0
PMDPHT,Pyrimidine phosphatase,2,0.0,0.0,1000.0,0.0,0.0
DCAtex,Decanoate transport via diffusion (extracellular to periplasm),2,0.0,0.0,1000.0,0.0,0.0
ACOAD1,Acyl-CoA dehydrogenase (butanoyl-CoA),2,0.0,0.0,1000.0,0.0,0.0
ATPX5P,ATP pyridoxal 5'-phosphotransferase,2,0.0,0.0,1000.0,0.0,0.0
CRO4tex,Cromate transport via diffusion (extracellular to periplasm),3,0.0,0.0,1000.0,0.0,0.0
PTRCabcpp,Putrescine transport via ABC system (periplasm),2,0.0,0.0,1000.0,0.0,0.0
MYCTR2,MYCTR2,3,0.0,0.0,1000.0,0.0,0.0
CBPS,Carbamoyl-phosphate synthase (glutamine-hydrolysing),2,0.0,0.0,1000.0,0.0,0.0
BALALEUtex,L Histidinylglycine transport via diffusion  extracellular to periplasm,3,0.0,0.0,1000.0,0.0,0.0
ANPRT,Anthranilate phosphoribosyltransferase,2,0.0,0.0,1000.0,0.0,0.0
FFSD1r,Beta-fructofuranosidase,2,0.0,0.0,1000.0,0.0,0.0
ECOAH8,3-hydroxyacyl-CoA dehydratase (3-hydroxyoctadecanoyl-CoA),2,0.0,0.0,1000.0,0.0,0.0
IPMD,3-isopropylmalate dehydrogenase,2,0.0,0.0,1000.0,0.0,0.0
ALAabc,L-alanine transport via ABC system,2,0.0,0.0,1000.0,0.0,0.0
St,Sulfur diffusion,3,0.0,0.0,1000.0,0.0,0.0
4HBAt,MNXR68734,3,0.0,0.0,1000.0,0.0,0.0
FE2abcpp,Iron (II) transport via ABC system (periplasm),2,0.0,0.0,1000.0,0.0,0.0
ADD,Adenine deaminase,2,0.0,0.0,1000.0,0.0,0.0
PROt4,Na+/Proline-L symporter,2,0.0,0.0,1000.0,0.0,0.0
GALM1,Aldose 1-epimerase (glucose),3,0.0,0.0,1000.0,0.0,0.0
OCTAtex,Octanoate transport via diffusion (extracellular to periplasm),2,0.0,0.0,1000.0,0.0,0.0
DDCAtexi,Fatty acid (dodecanoate) transport via facilitated irreversible diffusion (extracellular to periplasm),2,0.0,0.0,1000.0,0.0,0.0
GLU5K,Glutamate 5-kinase,2,0.0,0.0,1000.0,0.0,0.0
ASNS1,Asparagine synthase (glutamine-hydrolysing),2,0.0,0.0,1000.0,0.0,0.0
ALATRPtex,L Alaninyltryptophan transport via diffusion  extracellular to periplasm,3,0.0,0.0,1000.0,0.0,0.0
NADS2,Nicotinate-mononucleotide adenylyltransferase,2,0.0,0.0,1000.0,0.0,0.0
XYLabcpp,D-xylose transport via ABC system (periplasm),2,0.0,0.0,1000.0,0.0,0.0
RBK,Ribokinase,2,0.0,0.0,1000.0,0.0,0.0
ARGDr,Arginine deiminase,2,0.0,0.0,1000.0,0.0,0.0
MLDCP2Bpp,"Murein L,D-carboxypeptidase (murein4p3p) (periplasm)",3,0.0,0.0,1000.0,0.0,0.0
CTPS2,CTP synthase (glutamine),2,0.0,0.0,1000.0,0.0,0.0
NTD10,5'-nucleotidase (XMP),2,0.0,0.0,1000.0,0.0,0.0
GLYGLYCNc,Hydrolysis of glycylycine for uptake,2,0.0,0.0,1000.0,0.0,0.0
FDMO3_1,FMN dependent monooxygenase  hexanesulfonate,2,0.0,0.0,1000.0,0.0,0.0
MANGLYCtex,2-O-alpha-mannosyl-D-glycerate transport via diffusion (extracellular to periplasm),3,0.0,0.0,1000.0,0.0,0.0
CD2t5,Cadmium  Cd2  transport out via proton antiport  cytosolexternal,2,0.0,0.0,1000.0,0.0,0.0
LGTHL,Lactoylglutathione lyase,3,0.0,0.0,0.0,0.0,0.0
ADCL,4-aminobenzoate synthase,2,0.0,0.0,1000.0,0.0,0.0
TNTR1x,TNT nitroreductase 4 Hydroxylamino 2 6 dinitrotoluene,2,0.0,0.0,1000.0,0.0,0.0
DH23t,,2,0.0,0.0,1000.0,0.0,0.0
2AGPG181tipp,2-Acyl-sn-glycero-3-phosphoglycerol (n-C18:1) transporter via facilitated diffusion (periplasm),3,0.0,0.0,1000.0,0.0,0.0
CD2abc1,Cadmium transport out via ABC system,2,0.0,0.0,1000.0,0.0,0.0
2MAHMP,2-Methyl-4-amino-5-hydroxymethylpyrimidine diphosphatase,2,0.0,0.0,1000.0,0.0,0.0
GNK_1,Gluconokinase,2,0.0,0.0,1000.0,0.0,0.0
GLCRt1,Transport by Glut-5 Transporter into Extracellular Space,3,0.0,0.0,1000.0,0.0,0.0
MYCTR,MYCTR,2,0.0,0.0,1000.0,0.0,0.0
NODOx,Nitric oxide dioxygenase,2,0.0,0.0,1000.0,0.0,0.0
MALDDH,Malate decarboxylating oxidoreductase (decarboxylating),2,0.0,0.0,1000.0,0.0,0.0
PLIPA1E180pp,"Phospholipase A1 (phosphatidylethanolamine, n-C18:0) (periplasm)",2,0.0,0.0,1000.0,0.0,0.0
NADPHQR2,NADPH Quinone Reductase (Ubiquinone-8),2,0.0,0.0,1000.0,0.0,0.0
Ktex,Potassium transport via diffusion (extracellular to periplasm),3,0.0,0.0,1000.0,0.0,0.0
HPHACA,2--hydroxyphenylacetate hydroxylase,2,0.0,0.0,1000.0,0.0,0.0
IPPMIa,3-isopropylmalate dehydratase,2,0.0,0.0,1000.0,0.0,0.0
PHHL2,,2,0.0,0.0,1000.0,0.0,0.0
PGLYCP_1,Phosphoglycolate phosphatase,2,0.0,0.0,0.0,0.0,0.0
BTNTe,Release of biotin across the basolatral membrane,3,0.0,0.0,1000.0,0.0,0.0
METSOXR1,L-methionine-S-oxide reductase,2,0.0,0.0,1000.0,0.0,0.0
ZN2abcpp,"Zinc (Zn+2) ABC transporter, efflux (periplasm)",2,0.0,0.0,1000.0,0.0,0.0
ALLTAMH,Allantoate amidohydrolase,2,0.0,0.0,1000.0,0.0,0.0
URIt2pp,Uridine transport in via proton symport (periplasm),2,0.0,0.0,1000.0,0.0,0.0
PLIPA1G160pp,"Phospholipase A1 (phosphatidylglycerol, n-C16:0) (periplasm)",2,0.0,0.0,1000.0,0.0,0.0
CD2tex,Cadmium (Cd+2) transport via diffusion (extracellular to periplasm),3,0.0,0.0,1000.0,0.0,0.0
DDPA,3-deoxy-D-arabino-heptulosonate 7-phosphate synthetase,2,0.0,0.0,1000.0,0.0,0.0
NMNHYD_1,Nicotinamide ribonucleotide phosphohydrolase,2,0.0,0.0,1000.0,0.0,0.0
NADPHQR3,NADPH Quinone Reductase (Menaquinone-8),2,0.0,0.0,1000.0,0.0,0.0
PFK_2,Phosphofructokinase,2,0.0,0.0,1000.0,0.0,0.0
AMPEP10,Aminopeptidase,2,0.0,0.0,1000.0,0.0,0.0
GLCDpp,Glucose dehydrogenase (ubiquinone-8 as acceptor) (periplasm),2,0.0,0.0,1000.0,0.0,0.0
DHPS,Dihydropteroate synthase,2,0.0,0.0,1000.0,0.0,0.0
ACALDt,Acetaldehyde reversible transport,2,0.0,0.0,1000.0,0.0,0.0
ICHORS,Isochorismate synthase,3,0.0,0.0,1000.0,0.0,0.0
ASPCT,Aspartate carbamoyltransferase,2,0.0,0.0,1000.0,0.0,0.0
GLYGLYGLNtr,Tripeptide transport,2,0.0,0.0,1000.0,0.0,0.0
AMID_1,Acetamidase,2,0.0,0.0,0.0,0.0,0.0
SUCBZS,O-succinylbenzoate-CoA synthase,2,0.0,0.0,1000.0,0.0,0.0
5DGLCNR,5-dehydro-D-gluconate reductase,2,0.0,0.0,0.0,0.0,0.0
ACONCt4pp,Citrate transport via sodium symport  periplasm,3,0.0,0.0,1000.0,0.0,0.0
FAS140,Fatty acid synthase  n C140,1,0.0,0.0,1000.0,0.0,0.0
GLUN,Glutaminase,2,0.0,0.0,1000.0,0.0,0.0
CITtupp,Citrate transport periplasm,2,0.0,0.0,1000.0,0.0,0.0
COabc,Cobalt transport via ABC system,2,0.0,0.0,1000.0,0.0,0.0
HISGLYabcpp,L Histidinylglycine  His Gly  transport via ABC system  periplasm,2,0.0,0.0,1000.0,0.0,0.0
GCCb_1,Glycine cleavage complex,2,0.0,0.0,1000.0,0.0,0.0
HXANt2r,Hypoxanthine reversible transport via proton symport,2,0.0,0.0,1000.0,0.0,0.0
3UMPt6,3  UMP transport in via proton symport,2,0.0,0.0,1000.0,0.0,0.0
GLUSfx,Glutamate synthase (ferredoxin),2,0.0,0.0,1000.0,0.0,0.0
MOHMT,3-methyl-2-oxobutanoate hydroxymethyltransferase,2,0.0,0.0,1000.0,0.0,0.0
HACD8,"3-hydroxyacyl-CoA dehydrogenase (3-oxooctadecanoyl-CoA), peroxisomal",2,0.0,0.0,1000.0,0.0,0.0
PGPP181pp,"Phosphatidylglycerol phosphate phosphatase (periplasm, n-C18:1)",2,0.0,0.0,1000.0,0.0,0.0
FE3Gabcpp,Iron (III) transport via ABC system (GTP) (periplasm),2,0.0,0.0,1000.0,0.0,0.0
HISTP_1,Histidinol-phosphatase,2,0.0,0.0,0.0,0.0,0.0
COBALTt4pp,Cobalt transport out via proton antiporter (periplasm),2,0.0,0.0,1000.0,0.0,0.0
SDPTA,Succinyldiaminopimelate transaminase,2,0.0,0.0,1000.0,0.0,0.0
NADK_1,NAD kinase,2,0.0,0.0,0.0,0.0,0.0
CARNtex,L Carnosine transport via diffusion  extracellular to periplasm,3,0.0,0.0,1000.0,0.0,0.0
XPPT,Xanthine phosphoribosyltransferase,2,0.0,0.0,1000.0,0.0,0.0
FBA2,D Fructose 1 phosphate D glyceraldehyde 3 phosphate lyase,3,0.0,0.0,1000.0,0.0,0.0
NTD4,5'-nucleotidase (CMP),2,0.0,0.0,1000.0,0.0,0.0
FRD2,Fumarate reductase,2,0.0,0.0,1000.0,0.0,0.0
DHPTDCs2,"4,5-dihydroxy-2,3-pentanedione cyclization (spontaneous)",3,0.0,0.0,1000.0,0.0,0.0
NADDP,NAD diphosphatase,2,0.0,0.0,1000.0,0.0,0.0
PNTK_1,Pantothenate kinase,2,0.0,0.0,0.0,0.0,0.0
MANt2,D mannose transport in via proton symport,2,0.0,0.0,1000.0,0.0,0.0
PLIPA1G181pp,"Phospholipase A1 (phosphatidylglycerol, n-C18:1) (periplasm)",2,0.0,0.0,1000.0,0.0,0.0
NADH4,NADH dehydrogenase  Menaquinone 7  no proton,2,0.0,0.0,1000.0,0.0,0.0
CYSTGL,Cystathionine g lyase,2,0.0,0.0,1000.0,0.0,0.0
FFSD,Beta-fructofuranosidase,2,0.0,0.0,1000.0,0.0,0.0
ORPT,Orotate phosphoribosyltransferase,2,0.0,0.0,1000.0,0.0,0.0
GLYCYSabc,Gly-Cys ABC transporters,2,0.0,0.0,1000.0,0.0,0.0
2AGPG161tipp,2-Acyl-sn-glycero-3-phosphoglycerol (n-C16:1) transporter via facilitated diffusion (periplasm),3,0.0,0.0,1000.0,0.0,0.0
NTP5,Nucleoside-triphosphatase (CTP),2,0.0,0.0,1000.0,0.0,0.0
TRPS1,Tryptophan synthase (indoleglycerol phosphate),2,0.0,0.0,1000.0,0.0,0.0
NI2abcpp,Nickle (Ni+2) ABC transporter (periplasm),2,0.0,0.0,1000.0,0.0,0.0
BG_MADG,Beta glucosidase  methyl alpha D glucoside,3,0.0,0.0,1000.0,0.0,0.0
AMPTASEGGLU,Aminopeptidase  Gly Glu,2,0.0,0.0,1000.0,0.0,0.0
ISETACabcpp,Isethionate transport via ABC system (periplasm),2,0.0,0.0,1000.0,0.0,0.0
NBAHH_ir,Nalpha-(beta-alanyl)-L-histidine hydrolase IR,2,0.0,0.0,1000.0,0.0,0.0
PMANM,Phosphomannomutase,3,0.0,0.0,1000.0,0.0,0.0
ACACT8r,"Acetyl-CoA acyltransferase (hexadecanoyl-CoA), (r)",1,0.0,0.0,1000.0,0.0,0.0
AMPEP17,Aminopeptidase,2,0.0,0.0,1000.0,0.0,0.0
TARTRt7pp,Tartrate/succinate antiporter (periplasm),2,0.0,0.0,1000.0,0.0,0.0
FACOAL140,Fatty acid  CoA ligase  tetradecanoate,1,0.0,0.0,1000.0,0.0,0.0
MELIBabc,Melibiose transport via ABC system (import),2,0.0,0.0,1000.0,0.0,0.0
PGL,6-phosphogluconolactonase,2,0.0,0.0,1000.0,0.0,0.0
23PDE2pp,"2',3'-cyclic-nucleotide phosphodiesterase (UMP) (periplasm)",2,0.0,0.0,1000.0,0.0,0.0
METSabc,L methionine S oxide transport via ABC system,2,0.0,0.0,0.0,0.0,0.0
MMM,Methylmalonyl-CoA mutase,2,0.0,0.0,1000.0,0.0,0.0
MI1PP,Myo-inositol 1-phosphatase,2,0.0,0.0,1000.0,0.0,0.0
PHHL,,2,0.0,0.0,1000.0,0.0,0.0
METSOX2abc,L-Methionine R-oxide transport via ABC system,2,0.0,0.0,1000.0,0.0,0.0
GK2,Guanylate kinase  GMPdATP,2,0.0,0.0,1000.0,0.0,0.0
TAURabcpp,Taurine transport via ABC system (periplasm),2,0.0,0.0,1000.0,0.0,0.0
2AACLPPEAT160,2 acyl acyl carrier protein glycerophospho glycerol acyltransferase  n C160,2,0.0,0.0,1000.0,0.0,0.0
GTHPi,Glutathione peridoxase,2,0.0,0.0,1000.0,0.0,0.0
TRE6PH,Trehalose-6-phosphate hydrolase,2,0.0,0.0,1000.0,0.0,0.0
IGPDH_1,Imidazoleglycerol phosphate dehydratase,2,0.0,0.0,1000.0,0.0,0.0
ACP1_FMN,Acid phosphatase (FMN),2,0.0,0.0,1000.0,0.0,0.0
ECOAH5,3-hydroxyacyl-CoA dehydratase (3-hydroxydodecanoyl-CoA),2,0.0,0.0,1000.0,0.0,0.0
CD2abcpp,Cadmium (Cd+2) ABC transporter (periplasm),2,0.0,0.0,1000.0,0.0,0.0
AACPS3,Acyl-[acyl-carrier-protein] synthetase  (n-C16:0),2,0.0,0.0,1000.0,0.0,0.0
ACONCtupp,Cisaconitate transport periplasm,3,0.0,0.0,1000.0,0.0,0.0
AICART,Phosphoribosylaminoimidazolecarboxamide formyltransferase,2,0.0,0.0,1000.0,0.0,0.0
CGLYabcpp,L-Cysteinylglycine (Cys-Gly) transport via ABC system (periplasm),2,0.0,0.0,1000.0,0.0,0.0
DAPDC,Diaminopimelate decarboxylase,2,0.0,0.0,1000.0,0.0,0.0
AMPEP5,Aminopeptidase,2,0.0,0.0,1000.0,0.0,0.0
NTPP11_1,Nucleoside triphosphate pyrophosphorylase (xtp),2,0.0,0.0,0.0,0.0,0.0
NADS1,NAD synthase (nh3),2,0.0,0.0,1000.0,0.0,0.0
6PHBG_2,,2,0.0,0.0,1000.0,0.0,0.0
ISETACtex,Isethionate transport via diffusion (extracellular to periplasm),3,0.0,0.0,1000.0,0.0,0.0
NDPK6,Nucleoside-diphosphate kinase (ATP:dUDP),2,0.0,0.0,1000.0,0.0,0.0
BTS3r,Biotin synthase,2,0.0,0.0,1000.0,0.0,0.0
GLYabc,Glycine transport via ABC system,2,0.0,0.0,1000.0,0.0,0.0
AMPTASEATRP,Aminopeptidase  Ala Trp,2,0.0,0.0,1000.0,0.0,0.0
GLYSERtex,L Glycinylserine transport via diffusion  extracellular to periplasm,3,0.0,0.0,1000.0,0.0,0.0
GNP,Phosphogluconate phosphatase,2,0.0,0.0,1000.0,0.0,0.0
FACOAE180,Fatty-acid-CoA thioesterase (octadecanoate),1,0.0,0.0,1000.0,0.0,0.0
INSTabc,Inositol transport in via ABC transport,2,0.0,0.0,1000.0,0.0,0.0
QULNS,Quinolinate synthase,2,0.0,0.0,1000.0,0.0,0.0
DAAOP,D alanyl aminopeptidase,3,0.0,0.0,1000.0,0.0,0.0
2AACLPGT180,2 acyl acyl carrier protein glycerophospho glycerol acyltransferase  n C160,2,0.0,0.0,1000.0,0.0,0.0
NNATr,Nicotinate-nucleotide adenylyltransferase,2,0.0,0.0,1000.0,0.0,0.0
CTPS1,CTP synthase  NH3,2,0.0,0.0,1000.0,0.0,0.0
DKDID,"D-2,3-Diketo 4-deoxy-epi-inositol dehydratase",2,0.0,0.0,1000.0,0.0,0.0
CHOLD,Choline dehydrogenase,2,0.0,0.0,1000.0,0.0,0.0
SULFACtex,Sulfoaceate transport via diffusion (extracellular to periplasm),3,0.0,0.0,1000.0,0.0,0.0
PDHcr,Pyruvate dehydrogenase (dihydrolipoamide dehydrogenase) reversible,2,0.0,0.0,1000.0,0.0,0.0
GCCb,Glycine cleavage complex,2,0.0,0.0,1000.0,0.0,0.0
CD2t3pp,Cadmium (Cd+2) transport out via proton antiport (periplasm),2,0.0,0.0,1000.0,0.0,0.0
GTHOr,Glutathione oxidoreductase,2,0.0,0.0,1000.0,0.0,0.0
DGK1,Deoxyguanylate kinase (dGMP:ATP),2,0.0,0.0,1000.0,0.0,0.0
ECOAH1_1,3 hydroxyacyl CoA dehydratase  3 hydroxybutanoyl CoA,2,0.0,0.0,1000.0,0.0,0.0
R5PP,Ribose 5-phosphate phosphatase,2,0.0,0.0,1000.0,0.0,0.0
HACD8i,3-hydroxyacyl-CoA dehydrogenase (3-oxooctadecanoyl-CoA),2,0.0,0.0,0.0,0.0,0.0
CHLabc,Choline transport via ABC system,2,0.0,0.0,1000.0,0.0,0.0
SMIB1,Staphyloferrin B Mediated Iron Acquisition,2,0.0,0.0,1000.0,0.0,0.0
SUCCt2_2pp,Succinate transport via proton symport (2 H) (periplasm),2,0.0,0.0,1000.0,0.0,0.0
BUTCT2,,2,0.0,0.0,1000.0,0.0,0.0
AGDC,N-acetylglucosamine-6-phosphate deacetylase,2,0.0,0.0,1000.0,0.0,0.0
AMMQT8_2,S-adenosylmethione:2-demethylmenaquinone methyltransferase,2,0.0,0.0,1000.0,0.0,0.0
ALALEUabcpp,L Alaninylleucine  Ala Leu  transport via ABC system  periplasm,2,0.0,0.0,1000.0,0.0,0.0
HOXPRx,2 hydroxy 3 oxopropionate reductase  NAD,2,0.0,0.0,1000.0,0.0,0.0
APG3PAT180,Acyl-phosphate:glycerol-3-phosphate acyltransferase (C18:0),2,0.0,0.0,1000.0,0.0,0.0
DIPEPabc14,Dipeptide transport via ABC system  gly pro L,2,0.0,0.0,1000.0,0.0,0.0
TNTHAC2,2 4 6 dinitrotoluene meisenheimer dihydrideTNT derived hydroxylamines condensation,2,0.0,0.0,1000.0,0.0,0.0
CDPPH,CDP phosphohydrolase,2,0.0,0.0,1000.0,0.0,0.0
TNTR3,TNT nitroreductase Meisenheimer monohydride complex forming,2,0.0,0.0,1000.0,0.0,0.0
AMPTASEGGLN,Aminopeptidase  Gly Gln,2,0.0,0.0,1000.0,0.0,0.0
4HTHRA,4-hydroxy-L-threonine aldolase,2,0.0,0.0,1000.0,0.0,0.0
AP4AS,Ap4A synthetase,2,0.0,0.0,1000.0,0.0,0.0
PLIPA2E180pp,"Phospholipase A2 (phosphatidylethanolamine, n-C18:0) (periplasm)",2,0.0,0.0,1000.0,0.0,0.0
r2136,Major Facilitator(MFS) TCDB:2.A.1.14.6,2,0.0,0.0,1000.0,0.0,0.0
4PEPTabcpp,Tetrapeptide (LalaDgluMdapDala) transport via ABC system (periplasm),2,0.0,0.0,1000.0,0.0,0.0
DIPEPabc15,Dipeptide transport via ABC system  cgly,2,0.0,0.0,1000.0,0.0,0.0
NDPK8,Nucleoside-diphosphate kinase (ATP:dADP),2,0.0,0.0,1000.0,0.0,0.0
NTPP2,Nucleoside triphosphate pyrophosphorylase (gtp),2,0.0,0.0,1000.0,0.0,0.0
ALDD20x,"Aldehyde dehydrogenase (indole-3-acetaldehyde, NAD)",2,0.0,0.0,1000.0,0.0,0.0
DDGLK,2-dehydro-3-deoxygluconokinase,2,0.0,0.0,1000.0,0.0,0.0
ID3ACALDt,Indoleacetaldehyde transport  extracellular,3,0.0,0.0,1000.0,0.0,0.0
GLUt2r,L glutamate transport via proton symport  reversible,2,0.0,0.0,1000.0,0.0,0.0
ETOHtex,Ethanol transport via diffusion (extracellular to periplasm),4,0.0,0.0,1000.0,0.0,0.0
ZNabc,Zinc transport via ABC system,2,0.0,0.0,1000.0,0.0,0.0
NTD7,5'-nucleotidase (AMP),2,0.0,0.0,1000.0,0.0,0.0
AMPEP3,Aminopeptidase,2,0.0,0.0,1000.0,0.0,0.0
TYRTA,Tyrosine transaminase,2,0.0,0.0,1000.0,0.0,0.0
BGLA,Beta-glucosidase,2,0.0,0.0,1000.0,0.0,0.0
NTPP11,Nucleoside triphosphate pyrophosphorylase (xtp),2,0.0,0.0,1000.0,0.0,0.0
PYRtex,Pyruvate transport via diffusion (extracellular to periplasm),3,0.0,0.0,1000.0,0.0,0.0
METSR_R2,L methionine R oxide  H2O2,2,0.0,0.0,1000.0,0.0,0.0
GTPCI,GTP cyclohydrolase I,2,0.0,0.0,1000.0,0.0,0.0
DUTPDP,DUTP diphosphatase,2,0.0,0.0,1000.0,0.0,0.0
DHPPDA,Diaminohydroxyphosphoribosylaminopyrimidine deaminase,2,0.0,0.0,1000.0,0.0,0.0
D5KGK,2-Deoxy-5-Keto-D-gluconate kinase,2,0.0,0.0,1000.0,0.0,0.0
OXPTNDH,Glutarate-semialdehyde:NAD+ oxidoreductase,2,0.0,0.0,1000.0,0.0,0.0
ALAHIStr,Dipeptide transport via ABC system ala-his,2,0.0,0.0,1000.0,0.0,0.0
ADCS,4-amino-4-deoxychorismate synthase,2,0.0,0.0,1000.0,0.0,0.0
DPR,2-dehydropantoate 2-reductase,2,0.0,0.0,1000.0,0.0,0.0
TSULtex,Thiosulfate transport via diffusion (extracellular to periplasm),3,0.0,0.0,1000.0,0.0,0.0
AGM4Pt2pp,GlcNAc-anhMurNAc tetrapeptide transport in via proton symport (periplasm),2,0.0,0.0,1000.0,0.0,0.0
23CCMPtex,23cCMP transport via diffusion (extracellular to periplasm),3,0.0,0.0,1000.0,0.0,0.0
ECOAH1,3-hydroxyacyl-CoA dehydratase (3-hydroxybutanoyl-CoA),2,0.0,0.0,1000.0,0.0,0.0
AEPPYRTA,2 aminoethylphosphonate pyruvate transaminase,2,0.0,0.0,1000.0,0.0,0.0
THRA2,L-allo-Threonine Aldolase,2,0.0,0.0,1000.0,0.0,0.0
G6PDA,Glucosamine-6-phosphate deaminase,2,0.0,0.0,1000.0,0.0,0.0
DALADALAD,Beta alanine beta alanine dipeptidase,2,0.0,0.0,1000.0,0.0,0.0
METte,Methionine antiporter,2,0.0,0.0,10.0,0.0,0.0
PFK,Phosphofructokinase,2,0.0,0.0,1000.0,0.0,0.0
4HPROLTabcpp,Trans 4 Hydroxy D proline transport via ABC system,2,0.0,0.0,1000.0,0.0,0.0
GLCURt2rpp,"D-glucuronate transport via proton symport, reversible (periplasm)",2,0.0,0.0,1000.0,0.0,0.0
2AACLPGT161,2 acyl acyl carrier protein glycerophospho glycerol acyltransferase  n C160,2,0.0,0.0,1000.0,0.0,0.0
PNP,Purine nucleoside phosphorylase,2,0.0,0.0,1000.0,0.0,0.0
MTAM_1,,2,0.0,0.0,1000.0,0.0,0.0
HACD3,3-hydroxyacyl-CoA dehydrogenase (3-oxooctanoyl-CoA),2,0.0,0.0,1000.0,0.0,0.0
PSCVT,3-phosphoshikimate 1-carboxyvinyltransferase,2,0.0,0.0,1000.0,0.0,0.0
ACOAD5,Acyl-CoA dehydrogenase (dodecanoyl-CoA),2,0.0,0.0,1000.0,0.0,0.0
POR_syn,Pyruvate-ferredoxin oxidoreductase,1,0.0,0.0,1000.0,0.0,0.0
URIK3,Uridine kinase (ITP:Uridine),2,0.0,0.0,1000.0,0.0,0.0
NNDPR,Nicotinate-nucleotide diphosphorylase (carboxylating),2,0.0,0.0,1000.0,0.0,0.0
TNTR1,TNT nitroreductase 4 Hydroxylamino 2 6 dinitrotoluene,2,0.0,0.0,1000.0,0.0,0.0
PLIPA1G161pp,"Phospholipase A1 (phosphatidylglycerol, n-C16:1) (periplasm)",2,0.0,0.0,1000.0,0.0,0.0
PYRt2rpp,Pyruvate reversible transport via proton symport (periplasm),2,0.0,0.0,1000.0,0.0,0.0
CYSK2_I,O-Phospho-L-Serine-dependent S-Suflocysteine Synthase,2,0.0,0.0,1000.0,0.0,0.0
FRUK,Fructose-1-phosphate kinase,2,0.0,0.0,1000.0,0.0,0.0
AMPEP13,Aminopeptidase,2,0.0,0.0,1000.0,0.0,0.0
PLIPA1E161pp,"Phospholipase A1 (phosphatidylethanolamine, n-C16:1) (periplasm)",2,0.0,0.0,1000.0,0.0,0.0
FEDCabc,Iron  III  dicitrate transport via ABC system,2,0.0,0.0,1000.0,0.0,0.0
ACPS1_1,"CoA:apo-[acyl-carrier-protein] pantetheinephosphotransferase, cytosol",1,0.0,0.0,1000.0,0.0,0.0
ITCY,ITP:cytidine 5'-phosphotransferase,2,0.0,0.0,1000.0,0.0,0.0
ALKP,Alkaline phosphatase,2,0.0,0.0,1000.0,0.0,0.0
COBALT2abcpp,Cobalt (Co+2) ABC transporter (periplasm),2,0.0,0.0,1000.0,0.0,0.0
DAPAT,Cadaverine aminotranferase,2,0.0,0.0,1000.0,0.0,0.0
ILEabc,L-isoleucine transport via ABC system,2,0.0,0.0,1000.0,0.0,0.0
GLYPHEtr,Gly-Phe ABC transporters,2,0.0,0.0,1000.0,0.0,0.0
URAt2,Uracil transport in via proton symport,2,0.0,0.0,1000.0,0.0,0.0
GLYCtpp,Glycerol transport via channel (periplasm),3,0.0,0.0,1000.0,0.0,0.0
AMPEP14,Aminopeptidase,2,0.0,0.0,1000.0,0.0,0.0
XTSNH,Xanthosine hydrolase,2,0.0,0.0,1000.0,0.0,0.0
BALAtex,Beta-alanine transport via diffusion (extracellular to periplasm),3,0.0,0.0,1000.0,0.0,0.0
DALAALAD,Beta alanine L alanine dipeptidase,2,0.0,0.0,1000.0,0.0,0.0
LEUTA,Leucine transaminase,2,0.0,0.0,1000.0,0.0,0.0
NAabcO,Sodium transport out via ABC system,2,0.0,0.0,1000.0,0.0,0.0
ACPPAT160,Acyl-(acyl carrier protein):phosphate acyltransferase (C16:0),2,0.0,0.0,1000.0,0.0,0.0
FACOAL180t2pp,Fatty-acid-CoA ligase (octadecanoate transport via vectoral Co-A coupling),1,0.0,0.0,1000.0,0.0,0.0
AGMH,"N-Acetyl-D-glucosamine(anhydrous)N-Acetylmuramyl beta -1,4-N-acetylglucosaminidase",2,0.0,0.0,1000.0,0.0,0.0
PDE4,"3',5'-cyclic-nucleotide phosphodiesterase",2,0.0,0.0,1000.0,0.0,0.0
CYStpp,L-cysteine export via facilitated transport,2,0.0,0.0,1000.0,0.0,0.0
RNTR3,Ribonucleoside triphosphate reductase  CTP,2,0.0,0.0,1000.0,0.0,0.0
GLYLEUAP,Gly-Leu aminopeptidase,2,0.0,0.0,1000.0,0.0,0.0
PSSA161,Phosphatidylserine syntase (n-C16:1),2,0.0,0.0,1000.0,0.0,0.0
G6PP,Glucose-6-phosphate phosphatase,2,0.0,0.0,1000.0,0.0,0.0
SUCOAS,Succinyl-CoA synthetase (ADP-forming),1,0.0,0.0,1000.0,0.0,0.0
GMPR,GMP reductase,2,0.0,0.0,1000.0,0.0,0.0
AMANK,N-acetyl-D-mannosamine kinase,2,0.0,0.0,1000.0,0.0,0.0
CYTOM,Cytosine 5 methyltransferase,2,0.0,0.0,1000.0,0.0,0.0
DURIK1,Deoxyuridine kinase (ATP:Deoxyuridine),2,0.0,0.0,1000.0,0.0,0.0
AMANAPEr,N-acetylmannosamine 6-phosphate epimerase,2,0.0,0.0,1000.0,0.0,0.0
LEUt2r,L leucine reversible transport via proton symport,2,0.0,0.0,1000.0,0.0,0.0
FACOAL80t2pp,Fatty-acid-CoA ligase (octanoate transport via vectoral Co-A coupling),1,0.0,0.0,1000.0,0.0,0.0
MALS,Malate synthase,1,0.0,0.0,1000.0,0.0,0.0
CO2tex,CO2 transport via diffusion (extracellular to periplasm),3,0.0,0.0,1000.0,0.0,0.0
ACACt2pp,Acetoacetate transport via proton symport  (periplasm),2,0.0,0.0,1000.0,0.0,0.0
FA80ACPHi,Fatty-acyl-ACP hydrolase,2,0.0,0.0,1000.0,0.0,0.0
PROt4pp,Na+/Proline-L symporter (periplasm),2,0.0,0.0,1000.0,0.0,0.0
BPNT_1,"3',5'-bisphosphate nucleotidase",2,0.0,0.0,1000.0,0.0,0.0
AMPTASEAH,Aminopeptidase  Ala His,2,0.0,0.0,1000.0,0.0,0.0
GLYK,Glycerol kinase,2,0.0,0.0,1000.0,0.0,0.0
APTNAT,5-aminopentanoate:2-oxoglutarate aminotransferase,2,0.0,0.0,1000.0,0.0,0.0
LPLIPAL2E161,"Lysophospholipase L2 (2-acylglycerophosphoethanolamine, n-C16:1)",2,0.0,0.0,1000.0,0.0,0.0
LPLIPAL2G181,"Lysophospholipase L2 (2-acylglycerophosphoglycerol, n-C18:1)",2,0.0,0.0,1000.0,0.0,0.0
CD2t4pp,Cadmium (Cd+2) transport out via proton antiport (periplasm),2,0.0,0.0,1000.0,0.0,0.0
RIBabc,D-ribose transport via ABC system,2,0.0,0.0,1000.0,0.0,0.0
AI2tpp,Quorum signal AI-2 exporter,3,0.0,0.0,1000.0,0.0,0.0
MMSAD2,Methylmalonate-semialdehyde dehydrogenase (propanol),1,0.0,0.0,1000.0,0.0,0.0
XANt2,Xanthine transport in via proton symport,2,0.0,0.0,1000.0,0.0,0.0
PTRCabc,Putrescine transport via ABC system,2,0.0,0.0,1000.0,0.0,0.0
ALDD4,"Aldehyde dehydrogenase (butanal, NAD)",2,0.0,0.0,1000.0,0.0,0.0
D5KGPA,2-Deoxy-5-keto-D-gluconate 6-phosphate aldolase,2,0.0,0.0,1000.0,0.0,0.0
CYSS_2,Cysteine synthase,2,0.0,0.0,0.0,0.0,0.0
BUTSO3tex,Butanesulfonate transport via diffusion (extracellular to periplasm),3,0.0,0.0,1000.0,0.0,0.0
ACPPAT161,Acyl-(acyl carrier protein):phosphate acyltransferase (C16:1),2,0.0,0.0,1000.0,0.0,0.0
AKP1,Alkaline phosphatase  Dihydroneopterin,2,0.0,0.0,1000.0,0.0,0.0
LALGP,L-alanyl-gamma-L-glutamate peptidase,2,0.0,0.0,1000.0,0.0,0.0
FMNRx2,FMN reductase,2,0.0,0.0,1000.0,0.0,0.0
BG_CELLB,Beta glucosidase  cellobiose,3,0.0,0.0,1000.0,0.0,0.0
MDRPD,5-Methylthio-5-deoxy-D-ribulose 1-phosphate dehydratase,2,0.0,0.0,1000.0,0.0,0.0
PTHPS_1,6-pyruvoyltetrahydropterin synthase,2,0.0,0.0,1000.0,0.0,0.0
Htex,Proton transport via diffusion (extracellular to periplasm),2,0.0,0.0,1000.0,0.0,0.0
DASYN160,CDP-diacylglycerol synthetase (n-C16:0),2,0.0,0.0,1000.0,0.0,0.0
ZN2t4,Zinc transport out via antiport,2,0.0,0.0,1000.0,0.0,0.0
SERAT,Serine O-acetyltransferase,1,0.0,0.0,1000.0,0.0,0.0
FDMO6,FMNH2-dependent monooxygenase (sulfoacetate),2,0.0,0.0,1000.0,0.0,0.0
ACOTA,Acetylornithine transaminase,2,0.0,0.0,1000.0,0.0,0.0
OXDHCOAT,"3-oxo-5,6-dehydrosuberyl-CoA thiolase",1,0.0,0.0,1000.0,0.0,0.0
AACPS6,Acyl-[acyl-carrier-protein] synthetase  (n-C18:0),2,0.0,0.0,1000.0,0.0,0.0
DURIPP,Deoxyuridine phosphorylase,2,0.0,0.0,1000.0,0.0,0.0
PE160abcpp,"Phosphatidylethanolamine transport via ABC system (n-C16:0, periplasm)",2,0.0,0.0,1000.0,0.0,0.0
FACOAL181t2pp,Fatty-acid-CoA ligase (octadecenoate transport via vectoral Co-A coupling),1,0.0,0.0,1000.0,0.0,0.0
PG181abcpp,"Phosphatidylglycerol transport via ABC system (n-C18:1, periplasm)",2,0.0,0.0,1000.0,0.0,0.0
DASYN181,CDP-diacylglycerol synthetase (n-C18:1),2,0.0,0.0,1000.0,0.0,0.0
AGM4PCP,"N-Acetyl-D-glucosamine(anhydrous)N-Acetylmuramyl-tetrapeptide L,D-carboxypeptidase",2,0.0,0.0,1000.0,0.0,0.0
MLDEP2pp,"Murein L,D-endopeptidase (murein5px3p) (periplasm)",3,0.0,0.0,1000.0,0.0,0.0
UAG2EMA,UDP-N-acetyl-D-glucosamine 2-epimerase (Hydrolysis),2,0.0,0.0,1000.0,0.0,0.0
BALAMDAH,Beta Alaninamide amidohydrolase,2,0.0,0.0,1000.0,0.0,0.0
4HPROE,4 hydroxyproline epimerase,3,0.0,0.0,1000.0,0.0,0.0
GLCURtex,D-glucuronat transport via diffusion (extracellular to periplasm),3,0.0,0.0,1000.0,0.0,0.0
PC,Pyruvate carboxylase,2,0.0,0.0,1000.0,0.0,0.0
HGNTOR,Homogentisateoxygen 1 2 oxidoreductase  decyclizing,2,0.0,0.0,1000.0,0.0,0.0
OXADC,Oxalate decarboxylase,2,0.0,0.0,1000.0,0.0,0.0
MDDEP2pp,"Murein D,D-endopeptidase (murein3px4p) (periplasm)",3,0.0,0.0,1000.0,0.0,0.0
4HTHRS_1,4-Hydroxy-L-threonine synthase,2,0.0,0.0,1000.0,0.0,0.0
5DKGR,5-keto-D-gluconate 5-reductase,2,0.0,0.0,1000.0,0.0,0.0
G3PEabcpp,Sn-glycerol-3-phosphoethanolamine transport via ABC system (periplasm),2,0.0,0.0,1000.0,0.0,0.0
THIORDXi,Hydrogen peroxide reductase (thioredoxin),2,0.0,0.0,1000.0,0.0,0.0
MBCOAi,"3-Methylbutanoyl-CoA:(acceptor) 2,3-oxidoreductase",2,0.0,0.0,1000.0,0.0,0.0
G6PBDH,Beta-D-Glucose-6-phosphate NADP+ 1-oxoreductase,2,0.0,0.0,1000.0,0.0,0.0
MSO3abc,Methanesulfonate transport via ABC system,2,0.0,0.0,1000.0,0.0,0.0
ADSK,Adenylyl-sulfate kinase,2,0.0,0.0,1000.0,0.0,0.0
SULR,Sulfite reductase (NADPH2),2,0.0,0.0,1000.0,0.0,0.0
G1PP,Glucose-1-phosphatase,2,0.0,0.0,1000.0,0.0,0.0
XYLI2,Xylose isomerase,3,0.0,0.0,1000.0,0.0,0.0
DIPEPabc10,Dipeptide transport via ABC system  gly glu,2,0.0,0.0,1000.0,0.0,0.0
NTD8,5'-nucleotidase (dGMP),2,0.0,0.0,1000.0,0.0,0.0
NI2tex,Nickel transport via diffusion (extracellular to periplasm),3,0.0,0.0,1000.0,0.0,0.0
CYSDS,Cysteine Desulfhydrase,2,0.0,0.0,1000.0,0.0,0.0
URIH,Uridine hydrolase,2,0.0,0.0,1000.0,0.0,0.0
GLYBabc,Glycine betaine transport via ABC system,2,0.0,0.0,1000.0,0.0,0.0
NH4tpp,Ammonia reversible transport (periplasm),3,0.0,0.0,1000.0,0.0,0.0
AMPEP7,Aminopeptidase,2,0.0,0.0,1000.0,0.0,0.0
ALAt4,Alanine-Sodium symporter,2,0.0,0.0,1000.0,0.0,0.0
ARABRr,Arabinose reductase,2,0.0,0.0,1000.0,0.0,0.0
ADSL2r,Adenylosuccinate lyase,3,0.0,0.0,1000.0,0.0,0.0
PRASCSi,Phosphoribosylaminoimidazolesuccinocarboxamide synthase,2,0.0,0.0,1000.0,0.0,0.0
APRTO2,N acetylputrescine oxygen oxireductase  deaminating,2,0.0,0.0,1000.0,0.0,0.0
GLUt4pp,Na+/glutamate symport (periplasm),2,0.0,0.0,1000.0,0.0,0.0
NO3abcpp,Nitrate transport via ABC system (periplasm),2,0.0,0.0,1000.0,0.0,0.0
SO3tex,Sulfite transport via diffusion (extracellular to periplasm),3,0.0,0.0,1000.0,0.0,0.0
ALR4x,Aldose reductase (acetol),2,0.0,0.0,1000.0,0.0,0.0
HSTPT,Histidinol-phosphate transaminase,2,0.0,0.0,1000.0,0.0,0.0
UPPDC1,Uroporphyrinogen decarboxylase (uroporphyrinogen III),2,0.0,0.0,1000.0,0.0,0.0
ASPt2_2pp,Aspartate transport via proton symport (2 H) (periplasm),2,0.0,0.0,1000.0,0.0,0.0
NTPP3,Nucleoside triphosphate pyrophosphorylase (dctp),2,0.0,0.0,1000.0,0.0,0.0
CELLBpts_2,,2,0.0,0.0,1000.0,0.0,0.0
AI2tex,"Ai2 transport, outer membrane",4,0.0,0.0,1000.0,0.0,0.0
TNTtex,Trinitrotoluene transport via diffusion  extracellular to periplasm  irreversible,3,0.0,0.0,1000.0,0.0,0.0
GTPDPK,GTP diphosphokinase,2,0.0,0.0,1000.0,0.0,0.0
PPNDH,Prephenate dehydratase,2,0.0,0.0,1000.0,0.0,0.0
INSH,Inosine hydrolase,2,0.0,0.0,1000.0,0.0,0.0
APRAUR,5-amino-6-(5-phosphoribosylamino)uracil reductase,2,0.0,0.0,1000.0,0.0,0.0
THRabc,L-threonine transport via ABC system,2,0.0,0.0,1000.0,0.0,0.0
RBFSa,Riboflavin synthase,2,0.0,0.0,1000.0,0.0,0.0
FBP,Fructose-bisphosphatase,2,0.0,0.0,1000.0,0.0,0.0
G5SD,Glutamate-5-semialdehyde dehydrogenase,2,0.0,0.0,1000.0,0.0,0.0
MALT,Alpha glucosidase,2,0.0,0.0,1000.0,0.0,0.0
DGNSK_1,ATP deoxyguanosine 5'-phosphotransferase,2,0.0,0.0,0.0,0.0,0.0
DIPEPabc1,Dipeptide transport via ABC system  ala asp,2,0.0,0.0,1000.0,0.0,0.0
AP4AH,Ap4A hydrolase,2,0.0,0.0,1000.0,0.0,0.0
ACOAM,Acetate CoA ligase AMP-forming,2,0.0,0.0,1000.0,0.0,0.0
UPP3S,Uroporphyrinogen-III synthase,2,0.0,0.0,1000.0,0.0,0.0
AMPTASEHG,Aminopeptidase  His Gly,2,0.0,0.0,1000.0,0.0,0.0
GLYTYRabc,Gly-Try ABC transporters,2,0.0,0.0,1000.0,0.0,0.0
TARTRt7,Tartrate/succinate antiporter,2,0.0,0.0,1000.0,0.0,0.0
ECOAH3,3-hydroxyacyl-CoA dehydratase (3-hydroxyoctanoyl-CoA),2,0.0,0.0,1000.0,0.0,0.0
AGPR,N-acetyl-g-glutamyl-phosphate reductase,2,0.0,0.0,1000.0,0.0,0.0
HISHIStex,L Histidinylhistidine transport via diffusion  extracellular to periplasm,3,0.0,0.0,1000.0,0.0,0.0
RNTR4,Ribonucleoside triphosphate reductase  UTP,2,0.0,0.0,1000.0,0.0,0.0
NH3c,Ammomnium proton dissociation,2,0.0,0.0,1000.0,0.0,0.0
CU2abcpp,Copper (Cu+2) ABC transporter (periplasm),2,0.0,0.0,1000.0,0.0,0.0
AGPAT180,1-octadecanoyl-sn-glycerol 3-phosphate O-acyltransferase (n-C18:0),2,0.0,0.0,1000.0,0.0,0.0
AGMPTRCtpp,Agmatine/putrescine antiporter (periplasm),2,0.0,0.0,1000.0,0.0,0.0
GUAt2r,Guanine reversible transport via proton symport,2,0.0,0.0,1000.0,0.0,0.0
DAGK,Diacylglycerol kinase,2,0.0,0.0,1000.0,0.0,0.0
ALDD2x,"Aldehyde dehydrogenase (acetaldehyde, NAD)",2,0.0,0.0,1000.0,0.0,0.0
ACACtex,Acetoacetate transport via diffusion (extracellular to periplasm),3,0.0,0.0,1000.0,0.0,0.0
AMPD2,AMP deaminase,2,0.0,0.0,1000.0,0.0,0.0
GLYt2r,Glycine reversible transport via proton symport,2,0.0,0.0,1000.0,0.0,0.0
4HPROLTtex,Trans 4 hydroxy L proline transport  extracellular,3,0.0,0.0,1000.0,0.0,0.0
PTRCTA,Putrescine Transaminase,2,0.0,0.0,1000.0,0.0,0.0
PRAGSr,Phosphoribosylglycinamide synthase,2,0.0,0.0,1000.0,0.0,0.0
ALPHNH,Allophanate hydrolase,2,0.0,0.0,1000.0,0.0,0.0
MNtex,Manganese (Mn+2) transport via diffusion (extracellular to periplasm),3,0.0,0.0,1000.0,0.0,0.0
ACGS,N-acetylglutamate synthase,1,0.0,0.0,1000.0,0.0,0.0
ALALEUt,Dipeptide transport via ABC system ala-leu,2,0.0,0.0,1000.0,0.0,0.0
MOBDtex,Molybdate transport via diffusion (extracellular to periplasm),3,0.0,0.0,1000.0,0.0,0.0
GALURtex,D-galacturonate transport via diffusion (extracellular to periplasm),3,0.0,0.0,1000.0,0.0,0.0
PRAIS_1,Phosphoribosylaminoimidazole synthetase,2,0.0,0.0,1000.0,0.0,0.0
DHAPT,Dihydroxyacetone phosphotransferase,2,0.0,0.0,1000.0,0.0,0.0
ALR3,Aldose reductase (acetol),2,0.0,0.0,1000.0,0.0,0.0
RNMK,Ribosylnicotinamide kinase,2,0.0,0.0,1000.0,0.0,0.0
PG161abcpp,"Phosphatidylglycerol transport via ABC system (n-C16:1, periplasm)",2,0.0,0.0,1000.0,0.0,0.0
LPLIPAL1E180pp,"Lysophospholipase L1 (2-acylglycerophosphoethanolamine, n-C18:0) (periplasm)",2,0.0,0.0,1000.0,0.0,0.0
NTP3,Nucleoside-triphosphatase (GTP),2,0.0,0.0,1000.0,0.0,0.0
DAGK160,Diacylglycerol kinase (n-C16:0),2,0.0,0.0,1000.0,0.0,0.0
GALURt2rpp,"D-galacturonate transport via proton symport, reversible (periplasm)",2,0.0,0.0,1000.0,0.0,0.0
SSALx,Succinate-semialdehyde dehydrogenase (NAD),2,0.0,0.0,1000.0,0.0,0.0
CYTD,Cytidine deaminase,2,0.0,0.0,1000.0,0.0,0.0
SUCRt2,Sucrose transport in via proton symport,2,0.0,0.0,1000.0,0.0,0.0
BUTt4pp,Butyrate transport via sodium symport (periplasm),3,0.0,0.0,1000.0,0.0,0.0
3MBt4pp,Na+/Isovalerate symport (periplasm),3,0.0,0.0,1000.0,0.0,0.0
IG3PS_1,Imidazole glycerol 3 phosphate synthase,2,0.0,0.0,1000.0,0.0,0.0
METDabc,D-methionine transport via ABC system,2,0.0,0.0,1000.0,0.0,0.0
FRD3,Fumarate reductase,2,0.0,0.0,1000.0,0.0,0.0
AHCYSNS,S-adenosylhomocysteine nucleosidase,2,0.0,0.0,1000.0,0.0,0.0
SHK3Dr,Shikimate dehydrogenase,2,0.0,0.0,1000.0,0.0,0.0
PA160abcpp,"Phosphatidate transport via ABC system (n-C16:0, periplasm)",2,0.0,0.0,1000.0,0.0,0.0
ALCD2ir,Alcohol dehydrogenase  reverse rxn  acetaldehyde   ethanol,2,0.0,0.0,0.0,0.0,0.0
GALK2,Galactokinase,2,0.0,0.0,1000.0,0.0,0.0
MTRK,5-methylthioribose kinase,2,0.0,0.0,1000.0,0.0,0.0
HMGL,Hydroxymethylglutaryl-CoA lyase,2,0.0,0.0,1000.0,0.0,0.0
CYTB_B2,Menaquinol oxidase  71 protons,2,0.0,0.0,1000.0,0.0,0.0
KAS2,B-ketoacyl synthetase (n-C14:0),1,0.0,0.0,1000.0,0.0,0.0
2PGLYCt6,2 Phosphoglycolate transport inout via proton symport,2,0.0,0.0,1000.0,0.0,0.0
NI2t4pp,Nickel transport out via antiport (periplasm),2,0.0,0.0,1000.0,0.0,0.0
PRATPP,Phosphoribosyl-ATP pyrophosphatase,2,0.0,0.0,1000.0,0.0,0.0
LPLIPAL1A161pp,"Lysophospholipase L1 (2-acylglycerophosphotidate, n-C16:1) (periplasm)",2,0.0,0.0,1000.0,0.0,0.0
ETHSO3abcpp,Ethanesulfonate transport via ABC system (periplasm),2,0.0,0.0,1000.0,0.0,0.0
AGMT,Agmatinase,2,0.0,0.0,1000.0,0.0,0.0
PYNP1,Pyrimidine-nucleoside phosphorylase (cytosine),2,0.0,0.0,1000.0,0.0,0.0
GLUDC,Glutamate Decarboxylase,2,0.0,0.0,1000.0,0.0,0.0
DABAAT2,DABA aminotransferase,2,0.0,0.0,1000.0,0.0,0.0
MCTC_1,,2,0.0,0.0,0.0,0.0,0.0
GARFT,Phosphoribosylglycinamide formyltransferase,2,0.0,0.0,1000.0,0.0,0.0
FACOAL160t2pp,Fatty-acid-CoA ligase (hexadecanoate transport via vectoral Co-A coupling),1,0.0,0.0,1000.0,0.0,0.0
MLTG1,Maltodextrin glucosidase (maltotriose),2,0.0,0.0,1000.0,0.0,0.0
CYSabc2pp,L-cysteine export via ABC system (cytoplasm to periplasm),2,0.0,0.0,1000.0,0.0,0.0
SALCHS2FEexs,Salmochelin s2 Fe III sequestration,2,0.0,0.0,1000.0,0.0,0.0
MOBDabc_rev,T06232b,2,0.0,0.0,1000.0,0.0,0.0
GALabc,D-galactose transport via ABC system,2,0.0,0.0,1000.0,0.0,0.0
LPLIPAL1A160pp,"Lysophospholipase L1 (2-acylglycerophosphotidate, n-C16:0) (periplasm)",2,0.0,0.0,1000.0,0.0,0.0
GLYOX_1,Glyoxalase I; Ni-dependent,3,0.0,0.0,0.0,0.0,0.0
GLUTRS,Glutamyl-tRNA synthetase,2,0.0,0.0,1000.0,0.0,0.0
PROGLYtex,L-Prolinylglycine transport via diffusion (extracellular to periplasm),3,0.0,0.0,1000.0,0.0,0.0
LEULEUabcpp,L leucylleucine  leuleu  transport via ABC system  periplasm,2,0.0,0.0,1000.0,0.0,0.0
ASNN,L-asparaginase,2,0.0,0.0,1000.0,0.0,0.0
FTHFLi,Formate-tetrahydrofolate ligase,2,0.0,0.0,1000.0,0.0,0.0
ALAt2pp,L-alanine transport in via proton symport (periplasm),2,0.0,0.0,1000.0,0.0,0.0
DURIPP_1,Deoxyuridine phosphorylase,2,0.0,0.0,0.0,0.0,0.0
BALAt2r,Beta Alanine transport in via proton symport,2,0.0,0.0,1000.0,0.0,0.0
CTECOAI8,3-cis-2-trans-enoyl-CoA isomerase,2,0.0,0.0,1000.0,0.0,0.0
FACOAL160,Fatty acid  CoA ligase  hexadecanoate,1,0.0,0.0,1000.0,0.0,0.0
GLYCtex,Glycerol transport via diffusion (extracellular to periplasm),4,0.0,0.0,1000.0,0.0,0.0
NIabc,Nickel transport via ABC system,2,0.0,0.0,1000.0,0.0,0.0
DHACOAH,"2,3-dehydroadipyl-CoA hydratase",2,0.0,0.0,1000.0,0.0,0.0
HKM1PP,2 hydroxy 3 keto 5 methylthiopentenyl 1 phosphate phophatase,2,0.0,0.0,1000.0,0.0,0.0
SDPDS,Succinyl-diaminopimelate desuccinylase,2,0.0,0.0,1000.0,0.0,0.0
LIPOPBt,Lipoate transport via proton symport,2,0.0,0.0,1000.0,0.0,0.0
NTD3,5'-nucleotidase (dCMP),2,0.0,0.0,1000.0,0.0,0.0
HMBS,Hydroxymethylbilane synthase,2,0.0,0.0,1000.0,0.0,0.0
FUMAC,Fumarylacetoacetase,2,0.0,0.0,1000.0,0.0,0.0
G3PD4,Glycerol 3 phosphate dehydrogenase  menaquinone 7,2,0.0,0.0,1000.0,0.0,0.0
NTPP4,Nucleoside triphosphate pyrophosphorylase (ctp),2,0.0,0.0,1000.0,0.0,0.0
IPPMIb,2-isopropylmalate hydratase,2,0.0,0.0,1000.0,0.0,0.0
SHGO,S-2-hydroxyglutarate oxidase,2,0.0,0.0,1000.0,0.0,0.0
GLYPHEAP,Gly-Phe aminopeptidase,2,0.0,0.0,1000.0,0.0,0.0
MALTTTRabc,Maltotetraose transport via ABC system,2,0.0,0.0,1000.0,0.0,0.0
CYTDtex,Cytidine transport via diffusion (extracellular to periplasm),3,0.0,0.0,1000.0,0.0,0.0
2INSD,2-Inosose dehydratase,2,0.0,0.0,1000.0,0.0,0.0
AM3PA,Anhydrous-N-Acetylmuramyl-tripeptide amidase,2,0.0,0.0,1000.0,0.0,0.0
4HPRO_LT_Et,Trans-4-Hydroxy-L-proline transport (transport mechanism unknown - evidence from biolog data),3,0.0,0.0,1000.0,0.0,0.0
BALAGLYtex,Beta alanyl L glycine transport via diffusion  extracellular to periplasm,3,0.0,0.0,1000.0,0.0,0.0
ALAHISabcpp,L Alaninylhistidine  Ala His  transport via ABC system  periplasm,2,0.0,0.0,1000.0,0.0,0.0
RNDR1,Ribonucleoside-diphosphate reductase (ADP),2,0.0,0.0,1000.0,0.0,0.0
CELBpts,Cellobiose transport via PEPPyr PTS,2,0.0,0.0,1000.0,0.0,0.0
Kt2r,Potassium reversible transport  via proton symport,2,0.0,0.0,1000.0,0.0,0.0
DIPEPabc12,Dipeptide transport via ABC system  met ala,2,0.0,0.0,1000.0,0.0,0.0
NTPP10_1,Nucleoside triphosphate pyrophosphorylase (ditp),2,0.0,0.0,0.0,0.0,0.0
CPGNexs,Coprogen Fe-loading reaction (spontaneaous),2,0.0,0.0,1000.0,0.0,0.0
PTA2,Phosphate acetyltransferase,1,0.0,0.0,1000.0,0.0,0.0
ARGabc,L-arginine transport via ABC system,2,0.0,0.0,1000.0,0.0,0.0
CITt4pp_1,Citrate transport via sodium symport  periplasm,2,0.0,0.0,1000.0,0.0,0.0
FACOAL141t2pp,Fatty-acid-CoA ligase (tetradecenoate transport via vectoral Co-A coupling),1,0.0,0.0,1000.0,0.0,0.0
MHPGLUT2,5-methyltetrahydropteroyltriglutamate methyltransferase,2,0.0,0.0,1000.0,0.0,0.0
CMPDAi,CMP deaminase,2,0.0,0.0,1000.0,0.0,0.0
NI2uabcpp,"Nickel transport via ABC system (uptake, periplasm)",2,0.0,0.0,1000.0,0.0,0.0
GLCAt2,,2,0.0,0.0,1000.0,0.0,0.0
NTPP8_1,Nucleoside triphosphate pyrophosphorylase (utp),2,0.0,0.0,0.0,0.0,0.0
HEXt2rpp,"Hexanoate transport via proton symport, reversible (periplasm)",2,0.0,0.0,1000.0,0.0,0.0
HXAtex,Hexanoate transport via diffusion (extracellular to periplasm),2,0.0,0.0,1000.0,0.0,0.0
NOR_syn_1,Ferredoxin-Nitrite Reductase,2,0.0,0.0,1000.0,0.0,0.0
FGLU_1,Formimidoylglutamase,2,0.0,0.0,1000.0,0.0,0.0
MDDEP3pp,"Murein D,D-endopeptidase (murein5px4p) (periplasm)",2,0.0,0.0,1000.0,0.0,0.0
ALAR,Alanine racemase,2,0.0,0.0,1000.0,0.0,0.0
4HPRODCabcpp,Cis 4 Hydroxy D proline transport via ABC system,2,0.0,0.0,1000.0,0.0,0.0
ANS,Anthranilate synthase,2,0.0,0.0,1000.0,0.0,0.0
SPMDt3i,Spermidine transport in via proton antiport,2,0.0,0.0,10.0,0.0,0.0
GLYBtex,Glycine betaine transport via diffusion (extracellular to periplasm),3,0.0,0.0,1000.0,0.0,0.0
RBFSb,Riboflavin synthase,2,0.0,0.0,1000.0,0.0,0.0
GCCc_1,Glycine-cleavage complex,2,0.0,0.0,1000.0,0.0,0.0
MAN6PI,Mannose-6-phosphate isomerase,2,0.0,0.0,1000.0,0.0,0.0
TAURtex,Taurine transport via diffusion (extracellular to periplasm),3,0.0,0.0,1000.0,0.0,0.0
UPP3MT_2,Uroporphyrinogen methyltransferase,2,0.0,0.0,1000.0,0.0,0.0
PSP_L,Phosphoserine phosphatase (L-serine),2,0.0,0.0,1000.0,0.0,0.0
FDMO,FMNH2-dependent monooxygenase,2,0.0,0.0,1000.0,0.0,0.0
Kt3r,Potassium transport out via proton antiport,2,0.0,0.0,1000.0,0.0,0.0
GLYLEUtr,Gly-Leu ABC transporters,2,0.0,0.0,1000.0,0.0,0.0
INSTt2,Inositol transport in via proton symport,2,0.0,0.0,1000.0,0.0,0.0
GLCNt2r,"D-gluconate transport via proton symport, reversible",2,0.0,0.0,1000.0,0.0,0.0
THRt2pp,L-threonine efflux transport via proton antiport (periplasm),2,0.0,0.0,1000.0,0.0,0.0
EDA,2-dehydro-3-deoxy-phosphogluconate aldolase,2,0.0,0.0,1000.0,0.0,0.0
AIRCr,Phosphoribosylaminoimidazole carboxylase,2,0.0,0.0,1000.0,0.0,0.0
ACONTa,"Aconitase (half-reaction A, Citrate hydro-lyase)",2,0.0,0.0,1000.0,0.0,0.0
COBALT2tex,Cobalt (Co+2) transport via diffusion (extracellular to periplasm),3,0.0,0.0,1000.0,0.0,0.0
NDP7,Nucleoside diphosphatase  UDP,2,0.0,0.0,1000.0,0.0,0.0
UREASE,Urea carboxylase,2,0.0,0.0,1000.0,0.0,0.0
PPAKr,Propionate kinase,2,0.0,0.0,1000.0,0.0,0.0
SERGLUGLNtr,Tripeptide transport,2,0.0,0.0,1000.0,0.0,0.0
