reaction_id,reaction_name,distance_from_PHB,J_plus,J_minus,flux_control_coefficient
ALAtex,L-alanine transport via diffusion (extracellular to periplasm),3,4.007981513908689,3.8679815139086413,1.7775604012560362
PGM,Phosphoglycerate mutase,3,3.937981513908797,3.992704202979266,-0.6948063224419943
PGK,Phosphoglycerate kinase,2,3.99180084164093,3.9388848752469547,0.6718666175435236
NACt,Nicotinic acid transport,3,3.9379815139088112,3.963359059054223,-0.32221513808254154
NAPRT,NAPRTase (rev),2,3.937981513908693,3.922717112212264,0.1938099714602052
PGMT,Phosphoglucomutase,3,3.938565646474786,3.9303428584440008,0.10440358851028987
GALpts,Galactose transport via PTS,2,3.9379815139087357,3.9309258579454247,0.089584676037596
GALT,Galactose 1 phosphate uridylyltransferase,2,3.937981513908708,3.930925857945451,0.08958467603691375
GALKr,Galactokinase,2,3.937981513908693,3.9309258579454793,0.08958467603636118
RU5PS,Ribulose-5-P Synthetase,2,3.9379815139086403,3.9367084046645453,0.016164489848395983
AH6PI,Arabino-3-hexulose-6-P Isomerase,2,3.9379815139086722,3.936708404664634,0.01616448984767425
NAabc,,2,3.9379815139110828,3.9379815139086896,3.0386084132561004e-11
3NUCLE4,3  nucleotidase  guanosine 3  phosphate,2,3.9379815139087224,3.9379815139094827,-9.653177961578111e-12
BALAGLYtex,Beta alanyl L glycine transport via diffusion  extracellular to periplasm,3,3.9379815139083454,3.937981513908917,-7.256799086770461e-12
PHBS_syn_1,Polyhydroxybutyrate synthase,0,3.9379815139086376,3.9379815139091803,-6.890294082388113e-12
G3PAT181,Glycerol-3-phosphate acyltransferase (C18:1),2,3.937981513908227,3.937981513908692,-5.909188378349217e-12
G3PAT161,Glycerol-3-phosphate acyltransferase (C16:1),2,3.937981513908227,3.937981513908692,-5.909188378349217e-12
FE2t4pp,Iron(II) transport out via antiport (periplasm),2,3.937981513908227,3.937981513908692,-5.909188378349217e-12
FTHFCL,5 formethyltetrahydrofolate cyclo ligase,2,3.937981513908227,3.937981513908692,-5.909188378349217e-12
FRUpts,D-fructose transport via PEP:Pyr PTS,2,3.937981513908227,3.937981513908692,-5.909188378349217e-12
FRDx,Fumarate reductase NADH,2,3.937981513908227,3.937981513908692,-5.909188378349217e-12
FUM,Fumarase,2,3.937981513908227,3.937981513908692,-5.909188378349217e-12
FDH,Formate dehydrogenase,2,3.937981513908227,3.937981513908692,-5.909188378349217e-12
FBP,Fructose-bisphosphatase,2,3.937981513908227,3.937981513908692,-5.909188378349217e-12
G1PP,Glucose-1-phosphatase,2,3.937981513908227,3.937981513908692,-5.909188378349217e-12
FRD3,Fumarate reductase,2,3.937981513908227,3.937981513908692,-5.909188378349217e-12
FFSD,Beta-fructofuranosidase,2,3.937981513908227,3.937981513908692,-5.909188378349217e-12
F1PP,D-fructose 1-phosphate phosphatase,2,3.937981513908227,3.937981513908692,-5.909188378349217e-12
FA80ACPHi,Fatty-acyl-ACP hydrolase,2,3.937981513908227,3.937981513908692,-5.909188378349217e-12
G3PEabcpp,Sn-glycerol-3-phosphoethanolamine transport via ABC system (periplasm),2,3.937981513908227,3.937981513908692,-5.909188378349217e-12
FBA,Fructose-bisphosphate aldolase,2,3.937981513908227,3.937981513908692,-5.909188378349217e-12
FMNRx,FMN reductase,2,3.937981513908227,3.937981513908692,-5.909188378349217e-12
G3PD1ir,Glycerol 3 phosphate dehydrogenase  NAD,2,3.937981513908227,3.937981513908692,-5.909188378349217e-12
FE2t,Iron  II  transport,2,3.937981513908227,3.937981513908692,-5.909188378349217e-12
FE2abc,Iron (II) transport via ABC system,2,3.937981513908227,3.937981513908692,-5.909188378349217e-12
FDMO6,FMNH2-dependent monooxygenase (sulfoacetate),2,3.937981513908227,3.937981513908692,-5.909188378349217e-12
FDMO4,FMNH2-dependent monooxygenase (butanesulfonate),2,3.937981513908227,3.937981513908692,-5.909188378349217e-12
FDMO3,FMNH2-dependent monooxygenase (ethanesulfonate),2,3.937981513908227,3.937981513908692,-5.909188378349217e-12
G6PDH2r,Glucose 6-phosphate dehydrogenase,2,3.937981513908227,3.937981513908692,-5.909188378349217e-12
G6PBDH,Beta-D-Glucose-6-phosphate NADP+ 1-oxoreductase,2,3.937981513908227,3.937981513908692,-5.909188378349217e-12
ECOAH9ir,2 Methylprop 2 enoyl CoA  2 Methylbut 2 enoyl CoA,2,3.937981513908227,3.937981513908692,-5.909188378349217e-12
FADMQOR,Menaquinone:FAD oxidoreductase,2,3.937981513908227,3.937981513908692,-5.909188378349217e-12
ENO,Enolase,2,3.937981513908227,3.937981513908692,-5.909188378349217e-12
FOLR2,Folate reductase,2,3.937981513908227,3.937981513908692,-5.909188378349217e-12
FGLU_1,Formimidoylglutamase,2,3.937981513908227,3.937981513908692,-5.909188378349217e-12
FE3Gabcpp,Iron (III) transport via ABC system (GTP) (periplasm),2,3.937981513908227,3.937981513908692,-5.909188378349217e-12
FE3t,"Ferric iron uptake, plasma membrane",2,3.937981513908227,3.937981513908692,-5.909188378349217e-12
G5SADs,L-glutamate 5-semialdehyde dehydratase (spontaneous),2,3.937981513908227,3.937981513908692,-5.909188378349217e-12
FMNRy,FMN reductase  NADPH dependent,2,3.937981513908227,3.937981513908692,-5.909188378349217e-12
FEENTERexs,Enterobactin Fe(III) binding (spontaneous),2,3.937981513908227,3.937981513908692,-5.909188378349217e-12
FORAMD,FORAMD,2,3.937981513908227,3.937981513908692,-5.909188378349217e-12
GALK2,Galactokinase,2,3.937981513908227,3.937981513908692,-5.909188378349217e-12
ADSL2r,Adenylosuccinate lyase,3,3.9379815139082237,3.9379815139086882,-5.897911301291299e-12
3NTD9pp,3'-nucleotidase (GMP) (periplasm),3,3.9379815139082237,3.9379815139086882,-5.897911301291299e-12
AGMtex,Agmatine transport via diffusion (extracellular to periplasm),3,3.9379815139082237,3.9379815139086882,-5.897911301291299e-12
4HPROLTtex,Trans 4 hydroxy L proline transport  extracellular,3,3.9379815139082237,3.9379815139086882,-5.897911301291299e-12
ACGAtex,N-Acetyl-D-glucosamine transport via diffusion (extracellular to periplasm),3,3.9379815139082237,3.9379815139086882,-5.897911301291299e-12
ALATHRtex,L Alaninylthreonine transport via diffusion  extracellular to periplasm,3,3.9379815139082237,3.9379815139086882,-5.897911301291299e-12
3UMPt6,3  UMP transport in via proton symport,2,3.937981513908725,3.937981513908419,3.884953046452872e-12
OXGDC,2 oxoglutarate decarboxylase,2,3.93798151390868,3.9379815139083822,3.777820814402648e-12
GLYGLNtex,L Glycinylglutamine transport via diffusion  extracellular to periplasm,3,3.9379815139084307,3.937981513908711,-3.5579178117732404e-12
GLYGLUtex,L Histidinylglycine transport via diffusion  extracellular to periplasm,3,3.937981513908474,3.9379815139087424,-3.4056772714913427e-12
PACALDt,Phenylacetaldehyde transport  extracellular,3,3.937981513908474,3.9379815139087424,-3.4056772714913427e-12
ALCD19y,Alcohol dehydrogenase  glycerol  NADP,2,3.937981513908683,3.9379815139089356,-3.2083284229777714e-12
PRPPS,Phosphoribosylpyrophosphate synthetase,2,3.9379815139087033,3.9379815139089556,-3.202689884448812e-12
PGP181abcpp,"Phosphatidylglycerophosphate transport via ABC system (n-C18:1, periplasm)",2,3.937981513908605,3.937981513908845,-3.044810805637955e-12
FACOAL160_ISO,Fatty acid  CoA ligase  Iso C160,1,3.9379815139089063,3.9379815139086864,2.791076571834792e-12
FACOAL150_anteiso,Fatty acid  CoA ligase  anteiso C150,1,3.9379815139089063,3.9379815139086864,2.791076571834792e-12
FACOAL160,Fatty acid  CoA ligase  hexadecanoate,1,3.9379815139089063,3.9379815139086864,2.791076571834792e-12
ACPS,Acyl Carrier Protein Synthase,1,3.9379815139089063,3.9379815139086864,2.791076571834792e-12
ACACT8r,"Acetyl-CoA acyltransferase (hexadecanoyl-CoA), (r)",1,3.9379815139089063,3.9379815139086864,2.791076571834792e-12
ACGS,N-acetylglutamate synthase,1,3.9379815139089063,3.9379815139086864,2.791076571834792e-12
FACOAL150_ISO,Fatty acid  CoA ligase  Iso C150,1,3.9379815139089063,3.9379815139086864,2.791076571834792e-12
FACOAL160t2pp,Fatty-acid-CoA ligase (hexadecanoate transport via vectoral Co-A coupling),1,3.9379815139089063,3.9379815139086864,2.791076571834792e-12
FACOAL180t2pp,Fatty-acid-CoA ligase (octadecanoate transport via vectoral Co-A coupling),1,3.9379815139089063,3.9379815139086864,2.791076571834792e-12
ACS2,Acetyl-CoA synthase (propionate),1,3.9379815139089063,3.9379815139086864,2.791076571834792e-12
G1PACT,Glucosamine-1-phosphate N-acetyltransferase,1,3.9379815139089063,3.9379815139086864,2.791076571834792e-12
FACOAL140_ISO,Fatty acid  CoA ligase  Iso C140,1,3.9379815139089063,3.9379815139086864,2.791076571834792e-12
FACOAL140,Fatty acid  CoA ligase  tetradecanoate,1,3.9379815139089063,3.9379815139086864,2.791076571834792e-12
FACOAL140t2pp,Fatty-acid-CoA ligase (tetradecanoate transport via vectoral Co-A coupling),1,3.9379815139089063,3.9379815139086864,2.791076571834792e-12
FACOAL120t2pp,Fatty-acid-CoA ligase (dodecanoate transport via vectoral Co-A coupling),1,3.9379815139089063,3.9379815139086864,2.791076571834792e-12
FAS140,Fatty acid synthase  n C140,1,3.9379815139089063,3.9379815139086864,2.791076571834792e-12
FACOAL141t2pp,Fatty-acid-CoA ligase (tetradecenoate transport via vectoral Co-A coupling),1,3.9379815139089063,3.9379815139086864,2.791076571834792e-12
G3POA_BS,Glycerol 3 phosphate O acyltransferase,1,3.9379815139089063,3.9379815139086864,2.791076571834792e-12
APATi,Tetrahydrodipicolinate acetyltransferase,1,3.9379815139089063,3.9379815139086864,2.791076571834792e-12
FACOAL181,Fatty acid  CoA ligase  octadecenoate,1,3.9379815139089063,3.9379815139086864,2.791076571834792e-12
FACOAL181t2pp,Fatty-acid-CoA ligase (octadecenoate transport via vectoral Co-A coupling),1,3.9379815139089063,3.9379815139086864,2.791076571834792e-12
FACOAL60t2pp,Fatty-acid-CoA ligase (hexanoate transport via vectoral Co-A coupling),1,3.9379815139089063,3.9379815139086864,2.791076571834792e-12
FACOAL80t2pp,Fatty-acid-CoA ligase (octanoate transport via vectoral Co-A coupling),1,3.9379815139089063,3.9379815139086864,2.791076571834792e-12
ACPS1,Acyl-carrier protein synthase,1,3.9379815139089063,3.9379815139086864,2.791076571834792e-12
BSCT,Benzoylsuccinyl-CoA thiolase,1,3.9379815139089063,3.9379815139086864,2.791076571834792e-12
FACOAE161,Fatty-acid-CoA thioesterase (hexadecenoate),1,3.9379815139089063,3.9379815139086864,2.791076571834792e-12
FACOAE160,Fatty-acid-CoA thioesterase (hexadecanoate),1,3.9379815139089063,3.9379815139086864,2.791076571834792e-12
FACOAE120,Fatty-acid-CoA thioesterase (dodecanoate),1,3.9379815139089063,3.9379815139086864,2.791076571834792e-12
FACOAE140,Fatty-acid-CoA thioesterase (tetradecanoate),1,3.9379815139089063,3.9379815139086864,2.791076571834792e-12
AGPATr_BS,1 acylglycerol 3 phosphate O acyltransferase,1,3.9379815139089063,3.9379815139086864,2.791076571834792e-12
AKGDH,2-Oxogluterate dehydrogenase,1,3.9379815139089063,3.9379815139086864,2.791076571834792e-12
ACTD2,Acetoin dehydrogenase,1,3.9379815139089063,3.9379815139086864,2.791076571834792e-12
FACOAL161,Fatty acid  CoA ligase  hexadecenoate,1,3.9379815139089063,3.9379815139086864,2.791076571834792e-12
FACOAL161t2pp,Fatty-acid-CoA ligase (hexadecenoate transport via vectoral Co-A coupling),1,3.9379815139089063,3.9379815139086864,2.791076571834792e-12
FACOAL170_ISO,Fatty acid  CoA ligase  Iso C170,1,3.9379815139089063,3.9379815139086864,2.791076571834792e-12
FACOAL170_anteiso,Fatty acid  CoA ligase  anteiso C170,1,3.9379815139089063,3.9379815139086864,2.791076571834792e-12
FACOAL180_2,Fatty acid  CoA ligase  octadecanoate,1,3.9379815139089063,3.9379815139086864,2.791076571834792e-12
ACS,Acetyl-CoA synthetase,1,3.9379815139089063,3.9379815139086864,2.791076571834792e-12
ACPS1_1,"CoA:apo-[acyl-carrier-protein] pantetheinephosphotransferase, cytosol",1,3.9379815139089063,3.9379815139086864,2.791076571834792e-12
CS,Citrate synthase,1,3.9379815139089063,3.9379815139086864,2.791076571834792e-12
DHNCOAT,"1,4-dihydroxy-2-napthoyl-CoA thioesterase",1,3.9379815139089063,3.9379815139086864,2.791076571834792e-12
DPCOAK,Dephospho-CoA kinase,1,3.9379815139089063,3.9379815139086864,2.791076571834792e-12
DHPACCOAHIT,"1,2-Dihydroxy-1,2-dihydrophenylacetyl-CoA Hydratase/Isomerase/Ketothiolase complex",1,3.9379815139089063,3.9379815139086864,2.791076571834792e-12
FACOAL100t2pp,Fatty-acid-CoA ligase (decanoate transport via vectoral Co-A coupling),1,3.9379815139089063,3.9379815139086864,2.791076571834792e-12
FACOAE180,Fatty-acid-CoA thioesterase (octadecanoate),1,3.9379815139089063,3.9379815139086864,2.791076571834792e-12
BALAALAtex,Beta alanyl L alanine transport via diffusion  extracellular to periplasm,3,3.9379815139086602,3.937981513908445,2.7346911865452007e-12
GLYAT,Glycine C-acetyltransferase,1,3.9379815139089063,3.937981513908693,2.7064984939004047e-12
ACLDC,Acetolactate decarboxylase,2,3.937981513908834,3.9379815139086327,2.554257953618507e-12
ACLS,Acetolactate synthase,2,3.937981513908834,3.9379815139086327,2.554257953618507e-12
ACHBS,2-aceto-2-hydroxybutanoate synthase,2,3.937981513908834,3.9379815139086327,2.554257953618507e-12
ACKr,Acetate kinase,2,3.937981513908834,3.9379815139086327,2.554257953618507e-12
ACM6PH,N-acetylmuramate 6-phosphate hydrolase,2,3.937981513908834,3.9379815139086327,2.554257953618507e-12
ACMANApts,N-acetyl-D-mannosamine transport via PTS,2,3.937981513908834,3.9379815139086327,2.554257953618507e-12
ACLS_a,Acetolactate synthase,2,3.937981513908834,3.9379815139086327,2.554257953618507e-12
ACLS_d,2-alpha-Hydroxyethylthiamine diphosphate lipoamide,2,3.937981513908834,3.9379815139086327,2.554257953618507e-12
4HPROLTabcpp,Trans 4 Hydroxy D proline transport via ABC system,2,3.937981513908834,3.9379815139086327,2.554257953618507e-12
4HPRODCabcpp,Cis 4 Hydroxy D proline transport via ABC system,2,3.937981513908834,3.9379815139086327,2.554257953618507e-12
ACGK,Acetylglutamate kinase,2,3.937981513908834,3.9379815139086327,2.554257953618507e-12
ACGAptspp,N-Acetyl-D-glucosamine transport via PEP:Pyr PTS  (periplasm),2,3.937981513908834,3.9379815139086327,2.554257953618507e-12
ACGApts,N-Acetyl-D-glucosamine transport via PEP:Pyr PTS,2,3.937981513908834,3.9379815139086327,2.554257953618507e-12
ACGAMK,N-acetylglucosamine kinase,2,3.937981513908834,3.9379815139086327,2.554257953618507e-12
ACCOAC,Acetyl-CoA carboxylase,2,3.937981513908834,3.9379815139086327,2.554257953618507e-12
ACALDtpp,Acetaldehyde reversible transport (periplasm),2,3.937981513908834,3.9379815139086327,2.554257953618507e-12
ACALDt,Acetaldehyde reversible transport,2,3.937981513908834,3.9379815139086327,2.554257953618507e-12
ACACt2pp,Acetoacetate transport via proton symport  (periplasm),2,3.937981513908834,3.9379815139086327,2.554257953618507e-12
AACPS5,Acyl-[acyl-carrier-protein] synthetase  (n-C18:1),2,3.937981513908834,3.9379815139086327,2.554257953618507e-12
AACPS4,Acyl-[acyl-carrier-protein] synthetase  (n-C16:1),2,3.937981513908834,3.9379815139086327,2.554257953618507e-12
AACPS3,Acyl-[acyl-carrier-protein] synthetase  (n-C16:0),2,3.937981513908834,3.9379815139086327,2.554257953618507e-12
AABTN,4 acetamidobutyrate deacetylase,2,3.937981513908834,3.9379815139086327,2.554257953618507e-12
A6PAG2,,2,3.937981513908834,3.9379815139086327,2.554257953618507e-12
A6PAG,,2,3.937981513908834,3.9379815139086327,2.554257953618507e-12
ACACCT,Acetyl-CoA:acetoacetyl-CoA transferase,2,3.937981513908834,3.9379815139086327,2.554257953618507e-12
ABUTt2r,4 aminobutyrate reversible transport in via proton symport,2,3.937981513908834,3.9379815139086327,2.554257953618507e-12
ABUTD,Aminobutyraldehyde dehydrogenase,2,3.937981513908834,3.9379815139086327,2.554257953618507e-12
ABTA,4-aminobutyrate transaminase,2,3.937981513908834,3.9379815139086327,2.554257953618507e-12
ABG4t2,,2,3.937981513908834,3.9379815139086327,2.554257953618507e-12
AB6PGH,Arbutin 6-phosphate glucohydrolase,2,3.937981513908834,3.9379815139086327,2.554257953618507e-12
AACPS9,Acyl-[acyl-carrier-protein] synthetase  (n-C8:0),2,3.937981513908834,3.9379815139086327,2.554257953618507e-12
AACPS6,Acyl-[acyl-carrier-protein] synthetase  (n-C18:0),2,3.937981513908834,3.9379815139086327,2.554257953618507e-12
ACOAD1fr,Acyl-CoA dehydrogenase (butanoyl-CoA),2,3.937981513908834,3.9379815139086327,2.554257953618507e-12
ACOAD1,Acyl-CoA dehydrogenase (butanoyl-CoA),2,3.937981513908834,3.9379815139086327,2.554257953618507e-12
4PEPTabcpp,Tetrapeptide (LalaDgluMdapDala) transport via ABC system (periplasm),2,3.937981513908834,3.9379815139086327,2.554257953618507e-12
4PCP,"Tetrapeptide L,D-carboxypeptidase",2,3.937981513908834,3.9379815139086327,2.554257953618507e-12
6PHBG_2,,2,3.937981513908834,3.9379815139086327,2.554257953618507e-12
5DKGR,5-keto-D-gluconate 5-reductase,2,3.937981513908834,3.9379815139086327,2.554257953618507e-12
4HTHRA,4-hydroxy-L-threonine aldolase,2,3.937981513908834,3.9379815139086327,2.554257953618507e-12
4HTHRS_1,4-Hydroxy-L-threonine synthase,2,3.937981513908834,3.9379815139086327,2.554257953618507e-12
ECOAH2,3-hydroxyacyl-CoA dehydratase (3-hydroxyhexanoyl-CoA),2,3.937981513908444,3.9379815139086385,-2.469679875684119e-12
LEUtex,L-leucine transport via diffusion (extracellular to periplasm),3,3.937981513908663,3.937981513908476,2.373824720691813e-12
ALCD2x,Alcohol dehydrogenase (ethanol),2,3.937981513908922,3.937981513908735,2.373824720691813e-12
PPBNGS,Porphobilinogen synthase,2,3.9379815139088707,3.937981513908689,2.306162258344303e-12
PPAt2pp,H+/Propionate symporter (periplasm),2,3.9379815139088707,3.937981513908689,2.306162258344303e-12
PPCOAC,Propionyl-CoA carboxylase,2,3.9379815139088707,3.937981513908689,2.306162258344303e-12
GLYALDt,Glyceraldehyde facilitated diffusion,3,3.9379815139087206,3.937981513908539,2.306162258344303e-12
PPCDC,Phosphopantothenoylcysteine decarboxylase,2,3.9379815139088707,3.937981513908689,2.306162258344303e-12
PLIPA1E180pp,"Phospholipase A1 (phosphatidylethanolamine, n-C18:0) (periplasm)",2,3.9379815139088707,3.937981513908689,2.306162258344303e-12
PLIPA1G160pp,"Phospholipase A1 (phosphatidylglycerol, n-C16:0) (periplasm)",2,3.9379815139088707,3.937981513908689,2.306162258344303e-12
PLIPA1G180pp,"Phospholipase A1 (phosphatidylglycerol, n-C18:0) (periplasm)",2,3.9379815139088707,3.937981513908689,2.306162258344303e-12
PLIPA2A160pp,"Phospholipase A2 (phosphatidate, n-C16:0) (periplasm)",2,3.9379815139088707,3.937981513908689,2.306162258344303e-12
PLIPA2E180pp,"Phospholipase A2 (phosphatidylethanolamine, n-C18:0) (periplasm)",2,3.9379815139088707,3.937981513908689,2.306162258344303e-12
PMDPHT,Pyrimidine phosphatase,2,3.9379815139088707,3.937981513908689,2.306162258344303e-12
PNP,Purine nucleoside phosphorylase,2,3.9379815139088707,3.937981513908689,2.306162258344303e-12
PIt2r,Phosphate reversible transport via symport,2,3.9379815139088707,3.937981513908689,2.306162258344303e-12
PPA,Inorganic diphosphatase,2,3.9379815139088707,3.937981513908689,2.306162258344303e-12
PHETA1,Phenylalanine transaminase,2,3.9379815139088707,3.937981513908689,2.306162258344303e-12
PGSA181,Phosphatidylglycerol synthase (n-C18:1),2,3.9379815139088707,3.937981513908689,2.306162258344303e-12
PHHL2,,2,3.9379815139088707,3.937981513908689,2.306162258344303e-12
PIt7,Phosphate transport in/out via three Na+ symporter,2,3.9379815139088707,3.937981513908689,2.306162258344303e-12
PHEt2r,L phenylalanine reversible transport via proton symport,2,3.9379815139088707,3.937981513908689,2.306162258344303e-12
PPM,Phosphopentomutase,2,3.9379815139088707,3.937981513908689,2.306162258344303e-12
PLIPA1E160pp,"Phospholipase A1 (phosphatidylethanolamine, n-C16:0) (periplasm)",2,3.9379815139088707,3.937981513908689,2.306162258344303e-12
PPNDH,Prephenate dehydratase,2,3.9379815139088707,3.937981513908689,2.306162258344303e-12
PPTGS_BS,Peptidoglycan subunit synthesis,2,3.9379815139088707,3.937981513908689,2.306162258344303e-12
PPPGO,Protoporphyrinogen oxidase (aerobic),2,3.9379815139088707,3.937981513908689,2.306162258344303e-12
PRASCSi,Phosphoribosylaminoimidazolesuccinocarboxamide synthase,2,3.9379815139088707,3.937981513908689,2.306162258344303e-12
PRFGS,Phosphoribosylformylglycinamidine synthase,2,3.9379815139088707,3.937981513908689,2.306162258344303e-12
PROGLYabcpp,L-Prolinylglycine (Pro-Gly) transport via ABC system (periplasm),2,3.9379815139088707,3.937981513908689,2.306162258344303e-12
PRAIS_1,Phosphoribosylaminoimidazole synthetase,2,3.9379815139088707,3.937981513908689,2.306162258344303e-12
PROabc,L-proline transport via ABC system,2,3.9379815139088707,3.937981513908689,2.306162258344303e-12
PROt2rpp,L-proline reversible transport via proton symport (periplasm),2,3.9379815139088707,3.937981513908689,2.306162258344303e-12
PROt4pp,Na+/Proline-L symporter (periplasm),2,3.9379815139088707,3.937981513908689,2.306162258344303e-12
PPNCL,Phosphopantothenate-cysteine ligase,2,3.9379815139088707,3.937981513908689,2.306162258344303e-12
MALDtex,D-Malate transport via diffusion (extracellular to periplasm),3,3.9379815139087007,3.9379815139085346,2.108813409830732e-12
LALALGLUtex,L-alanyl-L-glutamate transport via diffusion (extracellular to periplasm),3,3.9379815139087007,3.9379815139085346,2.108813409830732e-12
MCTP1Bpp,Murein crosslinking transpeptidase 1B:(A2pm->A2pm) (periplasm),3,3.9379815139087007,3.9379815139085346,2.108813409830732e-12
MYCTR2,MYCTR2,3,3.9379815139087007,3.9379815139085346,2.108813409830732e-12
MFUMt8,Na+/fumarate symporter,3,3.9379815139087007,3.9379815139085346,2.108813409830732e-12
MLDCP1Bpp,"Murein L,D-carboxypeptidase (murein4p4p) (periplasm)",3,3.9379815139087007,3.9379815139085346,2.108813409830732e-12
GLYPHEtex,L GlyPhe transport via diffusion  extracellular to periplasm,3,3.9379815139087007,3.9379815139085346,2.108813409830732e-12
GLYGLYtex,L Glycinylglycine transport via diffusion  extracellular to periplasm,3,3.9379815139087007,3.9379815139085346,2.108813409830732e-12
GLYtex,Glycine transport via diffusion (extracellular to periplasm),3,3.9379815139087007,3.9379815139085346,2.108813409830732e-12
GTHRDHpp,Glutathione hydralase (periplasmic),3,3.9379815139087007,3.9379815139085346,2.108813409830732e-12
MDDCP3pp,"Murein D,D-carboxypeptidase (murein5p5p) (periplasm)",3,3.9379815139087007,3.9379815139085346,2.108813409830732e-12
GalMr,Aldose 1-epimerase,3,3.9379815139087007,3.9379815139085346,2.108813409830732e-12
MDDCP5pp,"Murein D,D-carboxypeptidase (murein5p3p) (periplasm)",3,3.9379815139087007,3.9379815139085346,2.108813409830732e-12
MDDEP4pp,"Murein D,D-endopeptidase (murein4px4px4p) (periplasm)",3,3.9379815139087007,3.9379815139085346,2.108813409830732e-12
ICITt4pp,Citrate transport via sodium symport  periplasm,3,3.9379815139087007,3.9379815139085346,2.108813409830732e-12
ID3ACALDt,Indoleacetaldehyde transport  extracellular,3,3.9379815139087007,3.9379815139085346,2.108813409830732e-12
HG2tex,Mercury (Hg+2) transport via diffusion (extracellular to periplasm),3,3.9379815139087007,3.9379815139085346,2.108813409830732e-12
HISGLYtex,L Histidinylglycine transport via diffusion  extracellular to periplasm,3,3.9379815139087007,3.9379815139085346,2.108813409830732e-12
H2St1,H2s transport (diffusion),3,3.9379815139087007,3.9379815139085346,2.108813409830732e-12
MSO3tex,Methanesulfonate transport via diffusion (extracellular to periplasm),3,3.9379815139087007,3.9379815139085346,2.108813409830732e-12
MLDCP2Bpp,"Murein L,D-carboxypeptidase (murein4p3p) (periplasm)",3,3.9379815139087007,3.9379815139085346,2.108813409830732e-12
MMETtex,S-methyl-L-methionine transport via diffusion (extracellular to periplasm),3,3.9379815139087007,3.9379815139085346,2.108813409830732e-12
ISETACtex,Isethionate transport via diffusion (extracellular to periplasm),3,3.9379815139087007,3.9379815139085346,2.108813409830732e-12
MLTGY1pp,Murein lytic transglycosylase (murein4p4p) (periplasm),3,3.9379815139087007,3.9379815139085346,2.108813409830732e-12
MNtex,Manganese (Mn+2) transport via diffusion (extracellular to periplasm),3,3.9379815139087007,3.9379815139085346,2.108813409830732e-12
IND3ACtex,Indole 3 acetate transport  exterior,3,3.9379815139087007,3.9379815139085346,2.108813409830732e-12
HYXNtex,Hypoxanthine transport via diffusion (extracellular to periplasm),3,3.9379815139087007,3.9379815139085346,2.108813409830732e-12
PGI,Glucose-6-phosphate isomerase,3,3.9379815139087007,3.93798151390854,2.0411509474832216e-12
NI2tex,Nickel transport via diffusion (extracellular to periplasm),3,3.9379815139087007,3.93798151390854,2.0411509474832216e-12
NH4tex,Ammonia transport via diffusion (extracellular to periplasm),3,3.9379815139087007,3.93798151390854,2.0411509474832216e-12
O2tpp,O2 transport via diffusion (periplasm),3,3.9379815139087007,3.93798151390854,2.0411509474832216e-12
NO3t,"Nitrate transport, extracellular",3,3.9379815139087007,3.93798151390854,2.0411509474832216e-12
OXPTNDH,Glutarate-semialdehyde:NAD+ oxidoreductase,2,3.937981513908828,3.937981513908678,1.9058260227882017e-12
GALM,Aldose 1 epimerase,3,3.9379815139087704,3.937981513908917,-1.860717714556528e-12
GLUtex,L-glutamate transport via diffusion (extracellular to periplasm),3,3.9379815139087704,3.937981513908917,-1.860717714556528e-12
GALM2,Aldose 1-epimerase (galactose),3,3.9379815139087704,3.937981513908917,-1.860717714556528e-12
ETOHtrpp,Ethanol reversible transport via diffusion (periplasm),3,3.9379815139087704,3.937981513908917,-1.860717714556528e-12
DSERtex,D-serine transport via diffusion (extracellular to periplasm),3,3.9379815139087704,3.937981513908917,-1.860717714556528e-12
DHORDi,Dihydoorotic acid dehydrogenase  irreversible,3,3.9379815139087704,3.937981513908917,-1.860717714556528e-12
DAPE,Diaminopimelate epimerase,3,3.9379815139087704,3.937981513908917,-1.860717714556528e-12
CRO4tex,Cromate transport via diffusion (extracellular to periplasm),3,3.9379815139087704,3.937981513908917,-1.860717714556528e-12
CYTDtex,Cytidine transport via diffusion (extracellular to periplasm),3,3.9379815139087704,3.937981513908917,-1.860717714556528e-12
CO2tex,CO2 transport via diffusion (extracellular to periplasm),3,3.9379815139087704,3.937981513908917,-1.860717714556528e-12
CD2tex,Cadmium (Cd+2) transport via diffusion (extracellular to periplasm),3,3.9379815139087704,3.937981513908917,-1.860717714556528e-12
FE2tex,Iron (II) transport via diffusion (extracellular to periplasm),3,3.9379815139087704,3.937981513908917,-1.860717714556528e-12
BUTSO3tex,Butanesulfonate transport via diffusion (extracellular to periplasm),3,3.9379815139087704,3.937981513908917,-1.860717714556528e-12
CA2tex,Calcium (Ca+2) transport via diffusion (extracellular to periplasm),3,3.9379815139087704,3.937981513908917,-1.860717714556528e-12
CDPPT160,CDPPT160,3,3.9379815139087704,3.937981513908917,-1.860717714556528e-12
BUTtex,Butyrate transport via diffusion (extracellular to periplasm),3,3.9379815139087704,3.937981513908917,-1.860717714556528e-12
BALAtex,Beta-alanine transport via diffusion (extracellular to periplasm),3,3.9379815139087704,3.937981513908917,-1.860717714556528e-12
BLAMDtex,Beta Alaninamide transport via diffusion  extracellular to periplasm,3,3.9379815139087704,3.937981513908917,-1.860717714556528e-12
BG_MADG,Beta glucosidase  methyl alpha D glucoside,3,3.9379815139087704,3.937981513908917,-1.860717714556528e-12
GLCRt1,Transport by Glut-5 Transporter into Extracellular Space,3,3.9379815139087704,3.937981513908917,-1.860717714556528e-12
G1SAT,Glutamate-1-semialdehyde aminotransferase,3,3.9379815139087704,3.937981513908917,-1.860717714556528e-12
NAtex,Sodium transport via diffusion (extracellular to periplasm),3,3.9379815139088725,3.9379815139087326,1.7761396366221404e-12
GLYBtex,Glycine betaine transport via diffusion (extracellular to periplasm),3,3.9379815139086594,3.9379815139087953,-1.7253927898615081e-12
GALt2_3,,2,3.9379815139086745,3.93798151390854,1.7084771742746307e-12
HACD2,3-hydroxyacyl-CoA dehydrogenase (3-oxohexanoyl-CoA),2,3.937981513908802,3.9379815139086687,1.6915615586877528e-12
3NTD7pp,3'-nucleotidase (AMP) (periplasm),3,3.937981513908607,3.9379815139087366,-1.6464532504560794e-12
ALALEUtex,L Alaninylleucine transport via diffusion  extracellular to periplasm,3,3.937981513908607,3.9379815139087366,-1.6464532504560794e-12
ACACtex,Acetoacetate transport via diffusion (extracellular to periplasm),3,3.937981513908607,3.9379815139087366,-1.6464532504560794e-12
4HPROE,4 hydroxyproline epimerase,3,3.937981513908607,3.9379815139087366,-1.6464532504560794e-12
AGM4PApp,N-Acetyl-D-glucosamine(anhydrous)N-Acetylmuramyl-tetrapeptide amidase (periplasm),3,3.937981513908607,3.9379815139087366,-1.6464532504560794e-12
ACtex,Acetate transport via diffusion (extracellular to periplasm),3,3.937981513908607,3.9379815139087366,-1.6464532504560794e-12
ORNTA_1,Ornithine transaminase,2,3.937981513908799,3.9379815139086713,1.6182605578112837e-12
OXADC,Oxalate decarboxylase,2,3.937981513908799,3.9379815139086713,1.6182605578112837e-12
OCTDPS,Octaprenyl pyrophosphate synthase,2,3.937981513908799,3.9379815139086713,1.6182605578112837e-12
ORNTA,Ornithine transaminase,2,3.937981513908799,3.9379815139086713,1.6182605578112837e-12
OCOAT2r,3-oxoacid CoA-transferase (Succinyl-CoA: 3-methylbutanoate),2,3.937981513908799,3.9379815139086713,1.6182605578112837e-12
OMCDC,2-Oxo-4-methyl-3-carboxypentanoate decarboxylation,2,3.937981513908799,3.9379815139086713,1.6182605578112837e-12
HACD4,3-hydroxyacyl-CoA dehydrogenase (3-oxodecanoyl-CoA),2,3.937981513908794,3.9379815139086713,1.5562366339927325e-12
VALDHr,Valine dehydrogenase,2,3.9379815139086443,3.937981513908762,-1.4942127101741817e-12
23CCMPtex,23cCMP transport via diffusion (extracellular to periplasm),3,3.937981513908802,3.9379815139086856,1.4772970945873042e-12
2AGPE160tipp,2-Acyl-sn-glycero-3-phosphoethanolamine (n-C16:0) transporter via facilitated diffusion (periplasm),3,3.937981513908802,3.9379815139086856,1.4772970945873042e-12
2AGPE181tipp,2-Acyl-sn-glycero-3-phosphoethanolamine (n-C18:1) transporter via facilitated diffusion (periplasm),3,3.937981513908802,3.9379815139086856,1.4772970945873042e-12
2AGPG180tipp,2-Acyl-sn-glycero-3-phosphoglycerol (n-C18:0) transporter via facilitated diffusion (periplasm),3,3.937981513908802,3.9379815139086856,1.4772970945873042e-12
r2136,Major Facilitator(MFS) TCDB:2.A.1.14.6,2,3.937981513908802,3.9379815139086856,1.4772970945873042e-12
XYLabc,D-xylose transport via ABC system,2,3.937981513908802,3.9379815139086856,1.4772970945873042e-12
YUMPS,YUMP synthetase,2,3.937981513908802,3.9379815139086856,1.4772970945873042e-12
VECOAH,3-hydroxyacyl-CoA dehydratase (3-hydroxypentanoyl-CoA),2,3.937981513908802,3.9379815139086856,1.4772970945873042e-12
VALt2r,L valine reversible transport via proton symport,2,3.937981513908802,3.9379815139086856,1.4772970945873042e-12
ZN2t6,Zinc  Zn2  transport out via proton antiport  periplasmexternal,2,3.937981513908802,3.9379815139086856,1.4772970945873042e-12
XPPT,Xanthine phosphoribosyltransferase,2,3.937981513908802,3.9379815139086856,1.4772970945873042e-12
ZN2t4,Zinc transport out via antiport,2,3.937981513908802,3.9379815139086856,1.4772970945873042e-12
OXCOAHDH,"Oxepin-CoA hydrolase/ 3-oxo-5,6-dehydrosuberyl-CoA semialdehyde dehydrogenase (NADP+)",2,3.937981513908745,3.93798151390863,1.4603814790004267e-12
LPLIPAL1A160pp,"Lysophospholipase L1 (2-acylglycerophosphotidate, n-C16:0) (periplasm)",2,3.9379815139087886,3.9379815139086762,1.4265502478266716e-12
3GMPtex_1,3GMP transport via diffusion (extracellular to cytoplasm),3,3.937981513908693,3.9379815139085856,1.3645263240081207e-12
PAPPT3,"Phospho-N-acetylmuramoyl-pentapeptide-transferase (meso-2,6-diaminopimelate)",2,3.9379815139085967,3.9379815139087024,-1.341972169892284e-12
PAPSR,Phosphoadenylyl-sulfate reductase (thioredoxin),2,3.9379815139085967,3.9379815139087024,-1.341972169892284e-12
PACCOAE,"Ring 1,2-phenylacetyl-CoA epoxidase (NADPH)",2,3.9379815139085967,3.9379815139087024,-1.341972169892284e-12
PAP_BS,Phosphatidic acid phosphatase,2,3.9379815139085967,3.9379815139087024,-1.341972169892284e-12
PC,Pyruvate carboxylase,2,3.9379815139085967,3.9379815139087024,-1.341972169892284e-12
PDHcr,Pyruvate dehydrogenase (dihydrolipoamide dehydrogenase) reversible,2,3.9379815139085967,3.9379815139087024,-1.341972169892284e-12
PE160abcpp,"Phosphatidylethanolamine transport via ABC system (n-C16:0, periplasm)",2,3.9379815139085967,3.9379815139087024,-1.341972169892284e-12
PDE1,"3',5'-cyclic-nucleotide phosphodiesterase",2,3.9379815139085967,3.9379815139087024,-1.341972169892284e-12
PDE4,"3',5'-cyclic-nucleotide phosphodiesterase",2,3.9379815139085967,3.9379815139087024,-1.341972169892284e-12
PE181abcpp,"Phosphatidylethanolamine transport via ABC system (n-C18:1, periplasm)",2,3.9379815139085967,3.9379815139087024,-1.341972169892284e-12
PE180abcpp,"Phosphatidylethanolamine transport via ABC system (n-C18:0, periplasm)",2,3.9379815139085967,3.9379815139087024,-1.341972169892284e-12
PERD,Erythronate 4-phosphate (4per) dehydrogenase,2,3.9379815139085967,3.9379815139087024,-1.341972169892284e-12
PEPA,MNXR86162,2,3.9379815139085967,3.9379815139087024,-1.341972169892284e-12
PFK,Phosphofructokinase,2,3.9379815139085967,3.9379815139087024,-1.341972169892284e-12
PFK_2,Phosphofructokinase,2,3.9379815139085967,3.9379815139087024,-1.341972169892284e-12
PG160abcpp,"Phosphatidylglycerol transport via ABC system (n-C16:0, periplasm)",2,3.9379815139085967,3.9379815139087024,-1.341972169892284e-12
P5CR,Pyrroline-5-carboxylate reductase,2,3.9379815139085967,3.9379815139087024,-1.341972169892284e-12
PG181abcpp,"Phosphatidylglycerol transport via ABC system (n-C18:1, periplasm)",2,3.9379815139085967,3.9379815139087024,-1.341972169892284e-12
PGAMT,Phosphoglucosamine mutase,2,3.9379815139085967,3.9379815139087024,-1.341972169892284e-12
PAP,Phosphatidate phosphatase,2,3.9379815139085967,3.9379815139087024,-1.341972169892284e-12
PANTS,Pantothenate synthase,2,3.9379815139085967,3.9379815139087024,-1.341972169892284e-12
PANO,,2,3.9379815139085967,3.9379815139087024,-1.341972169892284e-12
PA160abcpp,"Phosphatidate transport via ABC system (n-C16:0, periplasm)",2,3.9379815139085967,3.9379815139087024,-1.341972169892284e-12
PA161abcpp,"Phosphatidate transport via ABC system (n-C16:1, periplasm)",2,3.9379815139085967,3.9379815139087024,-1.341972169892284e-12
PFK_4,Phosphofructokinase (s7p),2,3.9379815139085967,3.9379815139087024,-1.341972169892284e-12
PGCD,Phosphoglycerate dehydrogenase,2,3.9379815139085967,3.9379815139087024,-1.341972169892284e-12
PGI1c,"Glucose-6-phosphateisomerase,glycosome",2,3.9379815139085967,3.9379815139087024,-1.341972169892284e-12
PG161abcpp,"Phosphatidylglycerol transport via ABC system (n-C16:1, periplasm)",2,3.9379815139085967,3.9379815139087024,-1.341972169892284e-12
PG180abcpp,"Phosphatidylglycerol transport via ABC system (n-C18:0, periplasm)",2,3.9379815139085967,3.9379815139087024,-1.341972169892284e-12
P5CD,1-pyrroline-5-carboxylate dehydrogenase,2,3.9379815139085967,3.9379815139087024,-1.341972169892284e-12
PE161abcpp,"Phosphatidylethanolamine transport via ABC system (n-C16:1, periplasm)",2,3.9379815139085967,3.9379815139087024,-1.341972169892284e-12
PYNP2r,Pyrimidine-nucleoside phosphorylase (uracil),2,3.9379815139086403,3.9379815139087415,-1.2855867846026922e-12
PYNP1,Pyrimidine-nucleoside phosphorylase (cytosine),2,3.9379815139086403,3.9379815139087415,-1.2855867846026922e-12
PTHPS,6-pyruvoyltetrahydropterin synthase,2,3.9379815139086403,3.9379815139087415,-1.2855867846026922e-12
PTHPS_1,6-pyruvoyltetrahydropterin synthase,2,3.9379815139086403,3.9379815139087415,-1.2855867846026922e-12
PTHRP,Phospho-threonine phosphatase,2,3.9379815139086403,3.9379815139087415,-1.2855867846026922e-12
PTPATi,Pantetheine-phosphate adenylyltransferase,2,3.9379815139086403,3.9379815139087415,-1.2855867846026922e-12
RBFSa,Riboflavin synthase,2,3.9379815139086403,3.9379815139087415,-1.2855867846026922e-12
RBFK,Riboflavin kinase,2,3.9379815139086403,3.9379815139087415,-1.2855867846026922e-12
R5PP,Ribose 5-phosphate phosphatase,2,3.9379815139086403,3.9379815139087415,-1.2855867846026922e-12
QULNS,Quinolinate synthase,2,3.9379815139086403,3.9379815139087415,-1.2855867846026922e-12
RECOAH2,3 hydroxyacyl Coa dehydratase   3R  3 hydroxyhexanoyl CoA,2,3.9379815139086403,3.9379815139087415,-1.2855867846026922e-12
RBK,Ribokinase,2,3.9379815139086403,3.9379815139087415,-1.2855867846026922e-12
RECOAH3,3 hydroxyacyl Coa dehydratase   3R  3 hydroxyoctanoyl CoA,2,3.9379815139086403,3.9379815139087415,-1.2855867846026922e-12
RIBabc1,D ribose transport out via ABC system,2,3.9379815139086403,3.9379815139087415,-1.2855867846026922e-12
RIBabc,D-ribose transport via ABC system,2,3.9379815139086403,3.9379815139087415,-1.2855867846026922e-12
RIBFLVt2,Riboflavin transport in via proton symport,2,3.9379815139086403,3.9379815139087415,-1.2855867846026922e-12
RHACOAR80,3R  3 Hydroxyacyl CoANADP oxidoreductase,2,3.9379815139086403,3.9379815139087415,-1.2855867846026922e-12
REPHACCOAI,"Ring 1,2-epoxyphenylacetyl-CoA isomerase (oxepin-CoA forming)",2,3.9379815139086403,3.9379815139087415,-1.2855867846026922e-12
PUNP1,Purine-nucleoside phosphorylase (Adenosine),2,3.9379815139086403,3.9379815139087415,-1.2855867846026922e-12
PUNP2,Purine-nucleoside phosphorylase (Deoxyadenosine),2,3.9379815139086403,3.9379815139087415,-1.2855867846026922e-12
PUNP3,Purine-nucleoside phosphorylase (Guanosine),2,3.9379815139086403,3.9379815139087415,-1.2855867846026922e-12
PUNP4,Purine-nucleoside phosphorylase (Deoxyguanosine),2,3.9379815139086403,3.9379815139087415,-1.2855867846026922e-12
PUNP5,Purine-nucleoside phosphorylase (Inosine),2,3.9379815139086403,3.9379815139087415,-1.2855867846026922e-12
PTRCTA2,Putrescine Transaminase  pyruvate,2,3.9379815139086403,3.9379815139087415,-1.2855867846026922e-12
PTRCabc,Putrescine transport via ABC system,2,3.9379815139086403,3.9379815139087415,-1.2855867846026922e-12
PTRCabcpp,Putrescine transport via ABC system (periplasm),2,3.9379815139086403,3.9379815139087415,-1.2855867846026922e-12
PUNP7,Purine-nucleoside phosphorylase (Xanthosine),2,3.9379815139086403,3.9379815139087415,-1.2855867846026922e-12
PUNP6,Purine-nucleoside phosphorylase (Deoxyinosine),2,3.9379815139086403,3.9379815139087415,-1.2855867846026922e-12
PYDXK_1,Pyridoxal kinase,2,3.9379815139086403,3.9379815139087415,-1.2855867846026922e-12
PYNP2r_1,Pyrimidine-nucleoside phosphorylase (uracil),2,3.9379815139086403,3.9379815139087415,-1.2855867846026922e-12
RBFSb,Riboflavin synthase,2,3.9379815139086403,3.9379815139087415,-1.2855867846026922e-12
PYRt2rpp,Pyruvate reversible transport via proton symport (periplasm),2,3.9379815139086403,3.9379815139087415,-1.2855867846026922e-12
QMO2,Quinol monooxygenase (Ubiquinol-8),2,3.9379815139086403,3.9379815139087415,-1.2855867846026922e-12
PYRt4pp,Pyruvate transport via sodium symport,2,3.9379815139086403,3.9379815139087415,-1.2855867846026922e-12
PYDXPP,Pyridoxal 5-phosphate phosphatase,2,3.9379815139086403,3.9379815139087415,-1.2855867846026922e-12
PYK,Pyruvate kinase,2,3.9379815139086403,3.9379815139087415,-1.2855867846026922e-12
HACD7,3-hydroxyacyl-CoA dehydrogenase (3-oxohexadecanoyl-CoA),2,3.9379815139087007,3.9379815139085994,1.2855867846026922e-12
RNDR1,Ribonucleoside-diphosphate reductase (ADP),2,3.9379815139086403,3.9379815139087415,-1.2855867846026922e-12
RIBabcpp,D-ribose transport via ABC system (periplasm),2,3.9379815139086403,3.9379815139087415,-1.2855867846026922e-12
PSD180,Phosphatidylserine decarboxylase (n-C18:0),2,3.9379815139086403,3.9379815139087415,-1.2855867846026922e-12
PSD161,Phosphatidylserine decarboxylase (n-C16:1),2,3.9379815139086403,3.9379815139087415,-1.2855867846026922e-12
RPI,Ribose-5-phosphate isomerase,2,3.9379815139086403,3.9379815139087415,-1.2855867846026922e-12
RNTR4,Ribonucleoside triphosphate reductase  UTP,2,3.9379815139086403,3.9379815139087415,-1.2855867846026922e-12
RNTR3,Ribonucleoside triphosphate reductase  CTP,2,3.9379815139086403,3.9379815139087415,-1.2855867846026922e-12
RNTR2,Ribonucleoside triphosphate reductase  GTP,2,3.9379815139086403,3.9379815139087415,-1.2855867846026922e-12
PTRCTA,Putrescine Transaminase,2,3.9379815139086403,3.9379815139087415,-1.2855867846026922e-12
RNDR4,Ribonucleoside-diphosphate reductase (UDP),2,3.9379815139086403,3.9379815139087415,-1.2855867846026922e-12
RNDR3,Ribonucleoside-diphosphate reductase (CDP),2,3.9379815139086403,3.9379815139087415,-1.2855867846026922e-12
RNTR1,Ribonucleoside triphosphate reductase  ATP,2,3.9379815139086403,3.9379815139087415,-1.2855867846026922e-12
RNDR2,Ribonucleoside-diphosphate reductase (GDP),2,3.9379815139086403,3.9379815139087415,-1.2855867846026922e-12
PSUDS,Pseudouridylate synthase,2,3.9379815139086403,3.9379815139087415,-1.2855867846026922e-12
PSSA180,Phosphatidylserine syntase (n-C18:0),2,3.9379815139086403,3.9379815139087415,-1.2855867846026922e-12
PSSA161,Phosphatidylserine syntase (n-C16:1),2,3.9379815139086403,3.9379815139087415,-1.2855867846026922e-12
PSP_L,Phosphoserine phosphatase (L-serine),2,3.9379815139086403,3.9379815139087415,-1.2855867846026922e-12
PSERT,Phosphoserine transaminase,2,3.9379815139086403,3.9379815139087415,-1.2855867846026922e-12
RNMK,Ribosylnicotinamide kinase,2,3.9379815139086403,3.9379815139087415,-1.2855867846026922e-12
GLCURt2rpp,"D-glucuronate transport via proton symport, reversible (periplasm)",2,3.937981513908693,3.9379815139085994,1.1897316296103862e-12
GLGC,Glucose-1-phosphate adenylyltransferase,2,3.937981513908693,3.9379815139085994,1.1897316296103862e-12
GDH1,Glutamate dehydrogenase (NAD),2,3.937981513908693,3.9379815139085994,1.1897316296103862e-12
GCCa,Glycine-cleavage complex,2,3.937981513908693,3.9379815139085994,1.1897316296103862e-12
GAPD,Glyceraldehyde-3-phosphate dehydrogenase,2,3.937981513908693,3.9379815139085994,1.1897316296103862e-12
GLCNt2r,"D-gluconate transport via proton symport, reversible",2,3.937981513908693,3.9379815139085994,1.1897316296103862e-12
GLCADpts,,2,3.937981513908693,3.9379815139085994,1.1897316296103862e-12
GHMT2r,"Glycine hydroxymethyltransferase, reversible",2,3.937981513908693,3.9379815139085994,1.1897316296103862e-12
GCCb_1,Glycine cleavage complex,2,3.937981513908693,3.9379815139085994,1.1897316296103862e-12
GLCpts,D-glucose transport via PEP:Pyr PTS,2,3.937981513908693,3.9379815139085994,1.1897316296103862e-12
HKM1PP,2 hydroxy 3 keto 5 methylthiopentenyl 1 phosphate phophatase,2,3.937981513908693,3.9379815139085994,1.1897316296103862e-12
HISTP,Histidinol-phosphatase,2,3.937981513908693,3.9379815139085994,1.1897316296103862e-12
HMPK1,Hydroxymethylpyrimidine kinase (ATP),2,3.937981513908693,3.9379815139085994,1.1897316296103862e-12
HOXPRx,2 hydroxy 3 oxopropionate reductase  NAD,2,3.937981513908693,3.9379815139085994,1.1897316296103862e-12
HXANt2r,Hypoxanthine reversible transport via proton symport,2,3.937981513908693,3.9379815139085994,1.1897316296103862e-12
GLYK,Glycerol kinase,2,3.937981513908693,3.9379815139085994,1.1897316296103862e-12
GLYGLYCNc,Hydrolysis of glycylycine for uptake,2,3.937981513908693,3.9379815139085994,1.1897316296103862e-12
GLYGLNabcpp,L Glycinylglutamine  Gly Gln  transport via ABC system  periplasm,2,3.937981513908693,3.9379815139085994,1.1897316296103862e-12
GLXCBL,Glyoxalate carboligase,2,3.937981513908693,3.9379815139085994,1.1897316296103862e-12
GLYTYRAP,Gly-Try aminopeptidase,2,3.937981513908693,3.9379815139085994,1.1897316296103862e-12
GNK_1,Gluconokinase,2,3.937981513908693,3.9379815139085994,1.1897316296103862e-12
GMPR,GMP reductase,2,3.937981513908693,3.9379815139085994,1.1897316296103862e-12
GNP,Phosphogluconate phosphatase,2,3.937981513908693,3.9379815139085994,1.1897316296103862e-12
GLYPHEabcpp,L Glycinilphenylalanin  Gly Phe  transport via ABC system  periplasm,2,3.937981513908693,3.9379815139085994,1.1897316296103862e-12
GLYOX,Hydroxyacylglutathione hydrolase,2,3.937981513908693,3.9379815139085994,1.1897316296103862e-12
GLYMETabcpp,L Glycinylmethionine  Gly Met  transport via ABC system  periplasm,2,3.937981513908693,3.9379815139085994,1.1897316296103862e-12
GTHPi,Glutathione peridoxase,2,3.937981513908693,3.9379815139085994,1.1897316296103862e-12
GTHRDabcpp,Reduced glutathione via ABC system (periplasm),2,3.937981513908693,3.9379815139085994,1.1897316296103862e-12
GUACYC,Guanylate cyclase,2,3.937981513908693,3.9379815139085994,1.1897316296103862e-12
GTPCII,GTP cyclohydrolase II,2,3.937981513908693,3.9379815139085994,1.1897316296103862e-12
GLYCTO3,Glycolate oxidase,2,3.937981513908693,3.9379815139085994,1.1897316296103862e-12
GLYCL,Glycine Cleavage System,2,3.937981513908693,3.9379815139085994,1.1897316296103862e-12
GLYC3Pabcpp,Sn-Glycerol 3-phosphate transport via ABC system (periplasm),2,3.937981513908693,3.9379815139085994,1.1897316296103862e-12
GRTT,Geranyltranstransferase,2,3.937981513908693,3.9379815139085994,1.1897316296103862e-12
GLYt2pp,Glycine transport in via proton symport (periplasm),2,3.937981513908693,3.9379815139085994,1.1897316296103862e-12
GLTPD,Galactitol-1-phosphate dehydrogenase,2,3.937981513908693,3.9379815139085994,1.1897316296103862e-12
GLUKA_1,Glucokinase/hexokinase (glc-A),2,3.937981513908693,3.9379815139085994,1.1897316296103862e-12
GLUDxi,Glutamate dehydrogenase  NAD,2,3.937981513908693,3.9379815139085994,1.1897316296103862e-12
GLUSy,Glutamate synthase (NADPH),2,3.937981513908693,3.9379815139085994,1.1897316296103862e-12
GLUTRS,Glutamyl-tRNA synthetase,2,3.937981513908693,3.9379815139085994,1.1897316296103862e-12
GLUt2rpp,"L-glutamate transport via proton symport, reversible (periplasm)",2,3.937981513908693,3.9379815139085994,1.1897316296103862e-12
GLUR,Glutamate racemase,2,3.937981513908693,3.9379815139085994,1.1897316296103862e-12
IBTMr,Isobutyryl-CoA mutase,2,3.937981513908693,3.9379815139085994,1.1897316296103862e-12
ILEabc,L-isoleucine transport via ABC system,2,3.937981513908693,3.9379815139085994,1.1897316296103862e-12
IMPC,IMP cyclohydrolase,2,3.937981513908693,3.9379815139085994,1.1897316296103862e-12
ICL,Isocitrate lyase,2,3.937981513908693,3.9379815139085994,1.1897316296103862e-12
HGNTOR,Homogentisateoxygen 1 2 oxidoreductase  decyclizing,2,3.937981513908693,3.9379815139085994,1.1897316296103862e-12
HXPRT,Hypoxanthine phosphoribosyltransferase (Hypoxanthine),2,3.937981513908693,3.9379815139085994,1.1897316296103862e-12
HQNt6,Hydroquinone transport inout via proton symport,2,3.937981513908693,3.9379815139085994,1.1897316296103862e-12
HSTPT,Histidinol-phosphate transaminase,2,3.937981513908693,3.9379815139085994,1.1897316296103862e-12
IGPS,Indole-3-glycerol-phosphate synthase,2,3.937981513908693,3.9379815139085994,1.1897316296103862e-12
GLYBabc,Glycine betaine transport via ABC system,2,3.937981513908693,3.9379815139085994,1.1897316296103862e-12
H2tpp,Hydrogen transport diffusion (periplasm),2,3.937981513908693,3.9379815139085994,1.1897316296103862e-12
GUAt2r,Guanine reversible transport via proton symport,2,3.937981513908693,3.9379815139085994,1.1897316296103862e-12
LIPO3S24_BS,Lipoteichoic acid synthesis  n24   unliked  D alanine substituted,2,3.937981513908693,3.9379815139085994,1.1897316296103862e-12
LIPATPT_2,Lipoate-ATP adenylate transferase,2,3.937981513908693,3.9379815139085994,1.1897316296103862e-12
LDH_L,L-lactate dehydrogenase,2,3.937981513908693,3.9379815139085994,1.1897316296103862e-12
LEUTA,Leucine transaminase,2,3.937981513908693,3.9379815139085994,1.1897316296103862e-12
HCYSMT,Homocysteine S-methyltransferase,2,3.937981513908693,3.9379815139085994,1.1897316296103862e-12
HEMEOS_1,Heme O synthase,2,3.937981513908693,3.9379815139085994,1.1897316296103862e-12
HEX4,Hexokinase (D-mannose:ATP),2,3.937981513908693,3.9379815139085994,1.1897316296103862e-12
HEXt2rpp,"Hexanoate transport via proton symport, reversible (periplasm)",2,3.937981513908693,3.9379815139085994,1.1897316296103862e-12
LCADi,Lactaldehyde dehydrogenase,2,3.937981513908693,3.9379815139085994,1.1897316296103862e-12
INOSR,Ketoinositol reductase,2,3.937981513908693,3.9379815139085994,1.1897316296103862e-12
INSH,Inosine hydrolase,2,3.937981513908693,3.9379815139085994,1.1897316296103862e-12
IPDPS,1-hydroxy-2-methyl-2-(E)-butenyl 4-diphosphate reductase (ipdp),2,3.937981513908693,3.9379815139085994,1.1897316296103862e-12
IPPMIb,2-isopropylmalate hydratase,2,3.937981513908693,3.9379815139085994,1.1897316296103862e-12
IZPN,Imidazolonepropionase,2,3.937981513908693,3.9379815139085994,1.1897316296103862e-12
Kabc,Potassium ABC transporter,2,3.937981513908693,3.9379815139085994,1.1897316296103862e-12
Kt2r,Potassium reversible transport  via proton symport,2,3.937981513908693,3.9379815139085994,1.1897316296103862e-12
LEUt2r,L leucine reversible transport via proton symport,2,3.937981513908693,3.9379815139085994,1.1897316296103862e-12
HISGLYabcpp,L Histidinylglycine  His Gly  transport via ABC system  periplasm,2,3.937981513908693,3.9379815139085994,1.1897316296103862e-12
HACOADr,3 hydroxyacyl CoA dehydrogenase,2,3.937981513908693,3.9379815139085994,1.1897316296103862e-12
H2Ot,H2O transport via diffusion,2,3.9379815139086904,3.9379815139085994,1.155900398436631e-12
OXFOtex,Oxalate:Formate antiporter (extracellular to periplasm),3,3.93798151390875,3.937981513908662,1.116430628733917e-12
FE3PYOVDL2,Ferripyoverdine complex formation  P putida KT2440 specific,2,3.9379815139086882,3.9379815139086034,1.0769608590312027e-12
ACOAD3,Acyl-CoA dehydrogenase (octanoyl-CoA),2,3.9379815139087415,3.937981513908662,1.0092983966836924e-12
NH4tpp,Ammonia reversible transport (periplasm),3,3.9379815139088112,3.9379815139087375,9.359973958072232e-13
NO3tex,Nitrate transport via diffusion (extracellular to periplasm),3,3.9379815139088112,3.9379815139087375,9.359973958072232e-13
MTRI,5-methylthioribose-1-phosphate isomerase,3,3.9379815139088112,3.9379815139087375,9.359973958072232e-13
IPDDI,Isopentenyl-diphosphate D-isomerase,3,3.9379815139088112,3.9379815139087375,9.359973958072232e-13
Ktex,Potassium transport via diffusion (extracellular to periplasm),3,3.9379815139088112,3.9379815139087375,9.359973958072232e-13
H2tex,Hydrogen transport via diffusion (extracellular to periplasm),3,3.9379815139088112,3.9379815139087375,9.359973958072232e-13
ILEtex,L-isoleucine transport via diffusion (extracellular to periplasm),3,3.9379815139088112,3.9379815139087375,9.359973958072232e-13
ICHORS,Isochorismate synthase,3,3.9379815139088112,3.9379815139087375,9.359973958072232e-13
HISHIStex,L Histidinylhistidine transport via diffusion  extracellular to periplasm,3,3.9379815139088112,3.9379815139087375,9.359973958072232e-13
HGt,Mercury transport,3,3.9379815139088112,3.9379815139087375,9.359973958072232e-13
ICITtupp,Isocitrate transport periplasm,3,3.9379815139088112,3.9379815139087375,9.359973958072232e-13
MANGLYCtex,2-O-alpha-mannosyl-D-glycerate transport via diffusion (extracellular to periplasm),3,3.9379815139088112,3.9379815139087375,9.359973958072232e-13
LEULEUtex,Leucylleucine transport via diffusion  extracellular to periplasm,3,3.9379815139088112,3.9379815139087375,9.359973958072232e-13
GLYSERtex,L Glycinylserine transport via diffusion  extracellular to periplasm,3,3.9379815139088112,3.9379815139087375,9.359973958072232e-13
GLYMETtex,L Glycinylmethionine transport via diffusion  extracellular to periplasm,3,3.9379815139088112,3.9379815139087375,9.359973958072232e-13
MDDCP1pp,"Murein D,D-carboxypeptidase (murein5px4p) (periplasm)",3,3.9379815139088112,3.9379815139087375,9.359973958072232e-13
GTHPe,Glutathione peroxidase,3,3.9379815139088112,3.9379815139087375,9.359973958072232e-13
MDDCP4pp,"Murein D,D-carboxypeptidase (murein5p4p) (periplasm)",3,3.9379815139088112,3.9379815139087375,9.359973958072232e-13
MDDEP2pp,"Murein D,D-endopeptidase (murein3px4p) (periplasm)",3,3.9379815139088112,3.9379815139087375,9.359973958072232e-13
GUAtex,Guanine transport via diffusion (extracellular to periplasm),3,3.9379815139088112,3.9379815139087375,9.359973958072232e-13
H2Otex,H2O transport via diffusion (extracellular to periplasm),3,3.9379815139088112,3.9379815139087375,9.359973958072232e-13
MG2tex,Magnesium (Mg+2) transport via diffusion (extracellular to periplasm),3,3.9379815139088112,3.9379815139087375,9.359973958072232e-13
MECDPS,"2-C-methyl-D-erythritol 2,4-cyclodiphosphate synthase",3,3.9379815139088112,3.9379815139087375,9.359973958072232e-13
NMNP,NMN permease,3,3.9379815139088112,3.9379815139087375,9.359973958072232e-13
MLDCP2App,"Murein L,D-carboxypeptidase (murein5p5p) (periplasm)",3,3.9379815139088112,3.9379815139087375,9.359973958072232e-13
MLDEP2pp,"Murein L,D-endopeptidase (murein5px3p) (periplasm)",3,3.9379815139088112,3.9379815139087375,9.359973958072232e-13
MME,Methylmalonyl-CoA epimerase,3,3.9379815139088112,3.9379815139087375,9.359973958072232e-13
MNLtex,Mannitol transport via diffusion (extracellular to periplasm),3,3.9379815139088112,3.9379815139087375,9.359973958072232e-13
MOBDtex,Molybdate transport via diffusion (extracellular to periplasm),3,3.9379815139088112,3.9379815139087375,9.359973958072232e-13
PItex,Phosphate transport via diffusion (extracellular to periplasm),3,3.937981513908667,3.937981513908595,9.134432416913866e-13
P52O,,2,3.9379815139086336,3.9379815139086998,-8.401422408149173e-13
PGLYCP,Phosphoglycolate phosphatase,2,3.9379815139086896,3.9379815139087544,-8.232266252280397e-13
ACACT5r,Acetyl-CoA C-acyltransferase (decanoyl-CoA) (r),1,3.9379815139087224,3.937981513908658,8.175880866990806e-13
ACACT1r,Acetyl-CoA C-acetyltransferase,1,3.9379815139087224,3.937981513908658,8.175880866990806e-13
LLEUDr,L leucine dehydrogenase,2,3.9379815139087864,3.9379815139087233,8.00672471112203e-13
FE3abc,Iron (III) transport via ABC system,2,3.9379815139087193,3.937981513908664,7.04817316119897e-13
HACD5,3-hydroxyacyl-CoA dehydrogenase (3-oxododecanoyl-CoA),2,3.9379815139086394,3.937981513908693,-6.822631620040604e-13
HACD6,3-hydroxyacyl-CoA dehydrogenase (3-oxotetradecanoyl-CoA),2,3.9379815139086487,3.937981513908699,-6.371548537723869e-13
VALtex,L-valine transport via diffusion (extracellular to periplasm),3,3.937981513908689,3.9379815139087393,-6.371548537723869e-13
BALABALAtex,Beta alanyl beta alanine transport via diffusion  extracellular to periplasm,3,3.937981513908794,3.937981513908744,6.315163152434277e-13
HACD3,3-hydroxyacyl-CoA dehydrogenase (3-oxooctanoyl-CoA),2,3.9379815139086753,3.937981513908724,-6.202392381855094e-13
ECOAH7,3-hydroxyacyl-CoA dehydratase (3-hydroxyhexadecanoyl-CoA),2,3.9379815139086443,3.937981513908692,-6.08962161127591e-13
ECOAH5_1,3 hydroxyacyl CoA dehydratase  3 hydroxydodecanoyl CoA,2,3.937981513908679,3.937981513908727,-6.08962161127591e-13
G6PI,Glucose 6 phosphate isomerase,3,3.9379815139087175,3.9379815139086705,5.976850840696728e-13
FE3tex,Iron (III) transport via diffusion (extracellular to periplasm),3,3.9379815139087175,3.9379815139086705,5.976850840696728e-13
GALURtex,D-galacturonate transport via diffusion (extracellular to periplasm),3,3.9379815139087175,3.9379815139086705,5.976850840696728e-13
FBA2,D Fructose 1 phosphate D glyceraldehyde 3 phosphate lyase,3,3.9379815139087175,3.9379815139086705,5.976850840696728e-13
BTNTe,Release of biotin across the basolatral membrane,3,3.9379815139087175,3.9379815139086705,5.976850840696728e-13
BALALEUtex,L Histidinylglycine transport via diffusion  extracellular to periplasm,3,3.9379815139087175,3.9379815139086705,5.976850840696728e-13
BG_CELLB,Beta glucosidase  cellobiose,3,3.9379815139087175,3.9379815139086705,5.976850840696728e-13
GALM1,Aldose 1-epimerase (glucose),3,3.9379815139087175,3.9379815139086705,5.976850840696728e-13
DHPTDCs2,"4,5-dihydroxy-2,3-pentanedione cyclization (spontaneous)",3,3.9379815139087175,3.9379815139086705,5.976850840696728e-13
GLCURtex,D-glucuronat transport via diffusion (extracellular to periplasm),3,3.9379815139087175,3.9379815139086705,5.976850840696728e-13
CD2tpp,Cadmium (+2) transport in via permease (no H+),3,3.9379815139087175,3.9379815139086705,5.976850840696728e-13
DHNPA_1,Dihydroneopterin aldolase,3,3.9379815139087175,3.9379815139086705,5.976850840696728e-13
COBALT2tex,Cobalt (Co+2) transport via diffusion (extracellular to periplasm),3,3.9379815139087175,3.9379815139086705,5.976850840696728e-13
CLtex,Chloride (Cl-1) transport via diffusion (extracellular to periplasm),3,3.9379815139087175,3.9379815139086705,5.976850840696728e-13
DAAOP,D alanyl aminopeptidase,3,3.9379815139087175,3.9379815139086705,5.976850840696728e-13
ETHSO3tex,Ethanesulfonate transport via diffusion (extracellular to periplasm),3,3.9379815139087175,3.9379815139086705,5.976850840696728e-13
CU2tex,Copper (Cu+2) transport via diffusion (extracellular to periplasm),3,3.9379815139087175,3.9379815139086705,5.976850840696728e-13
BUTt4pp,Butyrate transport via sodium symport (periplasm),3,3.9379815139087175,3.9379815139086705,5.976850840696728e-13
CARNtex,L Carnosine transport via diffusion  extracellular to periplasm,3,3.9379815139087175,3.9379815139086705,5.976850840696728e-13
BZt,Benzoate transport (diffusion),3,3.9379815139087175,3.9379815139086705,5.976850840696728e-13
BG_MBDG,Beta glucosidase,3,3.9379815139087175,3.9379815139086705,5.976850840696728e-13
ALAALAr,D-alanine-D-alanine ligase (reversible),2,3.937981513908643,3.937981513908689,-5.864080070117544e-13
ALAALAabcpp,D-alanyl-D-alanine (DalaDala) transport via ABC system (periplasm),2,3.937981513908643,3.937981513908689,-5.864080070117544e-13
ALAt4,Alanine-Sodium symporter,2,3.937981513908643,3.937981513908689,-5.864080070117544e-13
ALAR,Alanine racemase,2,3.937981513908643,3.937981513908689,-5.864080070117544e-13
ALALEUt,Dipeptide transport via ABC system ala-leu,2,3.937981513908643,3.937981513908689,-5.864080070117544e-13
ALALEUabcpp,L Alaninylleucine  Ala Leu  transport via ABC system  periplasm,2,3.937981513908643,3.937981513908689,-5.864080070117544e-13
ALAHIStr,Dipeptide transport via ABC system ala-his,2,3.937981513908643,3.937981513908689,-5.864080070117544e-13
ALAHISabcpp,L Alaninylhistidine  Ala His  transport via ABC system  periplasm,2,3.937981513908643,3.937981513908689,-5.864080070117544e-13
ALAGLYtr,Dipeptide transport via ABC system ala-gly,2,3.937981513908643,3.937981513908689,-5.864080070117544e-13
ALAGLUabcpp,L Alaninylglutamate  LalaLglu  transport via ABC system  periplasm,2,3.937981513908643,3.937981513908689,-5.864080070117544e-13
ALAGLNtr,Dipeptide transport via ABC system ala-gln,2,3.937981513908643,3.937981513908689,-5.864080070117544e-13
ALAD_L,L-alanine dehydrogenase,2,3.937981513908643,3.937981513908689,-5.864080070117544e-13
AHSERL2,O acetylhomoserine  thiol  lyase,2,3.937981513908643,3.937981513908689,-5.864080070117544e-13
AHMMPS_1,4 amino 5 hydroxymethyl 2 methylpyrimidine synthetase,2,3.937981513908643,3.937981513908689,-5.864080070117544e-13
AHCYSNS,S-adenosylhomocysteine nucleosidase,2,3.937981513908643,3.937981513908689,-5.864080070117544e-13
AHCi,Adenosylhomocysteinase,2,3.937981513908643,3.937981513908689,-5.864080070117544e-13
AHSERL4,Cysteine synthase  Thiosulfate,2,3.937981513908643,3.937981513908689,-5.864080070117544e-13
AIRC1,Phosphoribosylaminoimidazole carboxylase  ATP dependent,2,3.937981513908643,3.937981513908689,-5.864080070117544e-13
AIRCr,Phosphoribosylaminoimidazole carboxylase,2,3.937981513908643,3.937981513908689,-5.864080070117544e-13
ALATA_D,D-alanine transaminase,2,3.937981513908643,3.937981513908689,-5.864080070117544e-13
ALATA_D2,D-alanine transaminase,2,3.937981513908643,3.937981513908689,-5.864080070117544e-13
ALATA_L,L-alanine transaminase,2,3.937981513908643,3.937981513908689,-5.864080070117544e-13
AKP1,Alkaline phosphatase  Dihydroneopterin,2,3.937981513908643,3.937981513908689,-5.864080070117544e-13
ALATA_L2,Alanine transaminase,2,3.937981513908643,3.937981513908689,-5.864080070117544e-13
ALAabcpp,L-alanine transport via ABC system (periplasm),2,3.937981513908643,3.937981513908689,-5.864080070117544e-13
ALAt2pp,L-alanine transport in via proton symport (periplasm),2,3.937981513908643,3.937981513908689,-5.864080070117544e-13
ALAt2r,L alanine reversible transport via proton symport,2,3.937981513908643,3.937981513908689,-5.864080070117544e-13
ALATRPabcpp,L Alaninyltryptophan  Ala Trp  transport via ABC system  periplasm,2,3.937981513908643,3.937981513908689,-5.864080070117544e-13
ALATHRtr,Dipeptide transport via ABC system ala-thr,2,3.937981513908643,3.937981513908689,-5.864080070117544e-13
ALATHRabcpp,L Alaninylthreonine  Ala thr  transport via ABC system  periplasm,2,3.937981513908643,3.937981513908689,-5.864080070117544e-13
AICART,Phosphoribosylaminoimidazolecarboxamide formyltransferase,2,3.937981513908643,3.937981513908689,-5.864080070117544e-13
ALAabc,L-alanine transport via ABC system,2,3.937981513908643,3.937981513908689,-5.864080070117544e-13
ALAtpp,L-alanine export via facilited diffusion,2,3.937981513908643,3.937981513908689,-5.864080070117544e-13
ALCD19,Alcohol dehydrogenase (glycerol),2,3.937981513908643,3.937981513908689,-5.864080070117544e-13
GALt2pp,D-galactose transport in via proton symport (periplasm),2,3.9379815139086145,3.9379815139086602,-5.807694684827952e-13
HMBS,Hydroxymethylbilane synthase,2,3.9379815139086127,3.937981513908658,-5.75130929953836e-13
HMPPtr,Hydroxymethl pyrimidine phosphate ABC transport,2,3.9379815139086127,3.937981513908658,-5.75130929953836e-13
HSDy,Homoserine dehydrogenase (NADPH),2,3.9379815139086127,3.937981513908658,-5.75130929953836e-13
HPHACA,2--hydroxyphenylacetate hydroxylase,2,3.9379815139086127,3.937981513908658,-5.75130929953836e-13
HXAtex,Hexanoate transport via diffusion (extracellular to periplasm),2,3.9379815139086127,3.937981513908658,-5.75130929953836e-13
HYPOE,Hypothetical enyme,2,3.9379815139086127,3.937981513908658,-5.75130929953836e-13
ICDHyr,Isocitrate dehydrogenase (NADP),2,3.9379815139086127,3.937981513908658,-5.75130929953836e-13
HSTPTr,Histidinol phosphate transaminase,2,3.9379815139086127,3.937981513908658,-5.75130929953836e-13
IG3PS_1,Imidazole glycerol 3 phosphate synthase,2,3.9379815139086127,3.937981513908658,-5.75130929953836e-13
ILEDHr,Isoleucine dehydrogenase,2,3.9379815139086127,3.937981513908658,-5.75130929953836e-13
IMPD,IMP dehydrogenase,2,3.9379815139086127,3.937981513908658,-5.75130929953836e-13
ILEabcpp,L-isoleucine transport via ABC system (periplasm),2,3.9379815139086127,3.937981513908658,-5.75130929953836e-13
INS2D,Inositol 2-dehydrogenase,2,3.9379815139086127,3.937981513908658,-5.75130929953836e-13
Kabcpp,Potassium ABC transporter (periplasm),2,3.9379815139086127,3.937981513908658,-5.75130929953836e-13
IPMD,3-isopropylmalate dehydrogenase,2,3.9379815139086127,3.937981513908658,-5.75130929953836e-13
ISETACabcpp,Isethionate transport via ABC system (periplasm),2,3.9379815139086127,3.937981513908658,-5.75130929953836e-13
GLCabc,D-glucose transport via ABC system,2,3.9379815139086127,3.937981513908658,-5.75130929953836e-13
GLYGLYGLNtr,Tripeptide transport,2,3.9379815139086127,3.937981513908658,-5.75130929953836e-13
GLYMETtr,Dipeptide transport via ABC system gly-met,2,3.9379815139086127,3.937981513908658,-5.75130929953836e-13
GLYLEUAP,Gly-Leu aminopeptidase,2,3.9379815139086127,3.937981513908658,-5.75130929953836e-13
GLYPHEAP,Gly-Phe aminopeptidase,2,3.9379815139086127,3.937981513908658,-5.75130929953836e-13
GLYTYRabc,Gly-Try ABC transporters,2,3.9379815139086127,3.937981513908658,-5.75130929953836e-13
GLYt2r,Glycine reversible transport via proton symport,2,3.9379815139086127,3.937981513908658,-5.75130929953836e-13
GMPS2,GMP synthase,2,3.9379815139086127,3.937981513908658,-5.75130929953836e-13
GLYPHEtr,Gly-Phe ABC transporters,2,3.9379815139086127,3.937981513908658,-5.75130929953836e-13
GUAPRT,Guanine phosphoribosyltransferase,2,3.9379815139086127,3.937981513908658,-5.75130929953836e-13
GTPDPK,GTP diphosphokinase,2,3.9379815139086127,3.937981513908658,-5.75130929953836e-13
GTHRDt2_1,Glutathione transport,2,3.9379815139086127,3.937981513908658,-5.75130929953836e-13
GTHRDH_syn,Glutathione hydralase (periplasmic),2,3.9379815139086127,3.937981513908658,-5.75130929953836e-13
GSNt2pp,Guanosine transport in via proton symport (periplasm),2,3.9379815139086127,3.937981513908658,-5.75130929953836e-13
GPDDA2,Glycerophosphodiester phosphodiesterase (Glycerophosphoethanolamine),2,3.9379815139086127,3.937981513908658,-5.75130929953836e-13
GNKr,Gluconokinase,2,3.9379815139086127,3.937981513908658,-5.75130929953836e-13
HACD8,"3-hydroxyacyl-CoA dehydrogenase (3-oxooctadecanoyl-CoA), peroxisomal",2,3.9379815139086127,3.937981513908658,-5.75130929953836e-13
H2Otpp,H2O transport via diffusion (periplasm),2,3.9379815139086127,3.937981513908658,-5.75130929953836e-13
HACD1,3-hydroxyacyl-CoA dehydrogenase (acetoacetyl-CoA),2,3.9379815139086127,3.937981513908658,-5.75130929953836e-13
LEULEULAPc,Hydrolysis of Leucylleucine in the small intestine for cellular uptake,2,3.9379815139086127,3.937981513908658,-5.75130929953836e-13
GUI2,Glucuronate isomerase (D-galacturonate),2,3.9379815139086127,3.937981513908658,-5.75130929953836e-13
KARA1,"Ketol-acid reductoisomerase (2,3-dihydroxy-3-methylbutanoate)",2,3.9379815139086127,3.937981513908658,-5.75130929953836e-13
HG2abcpp,Mercury (Hg+2) ABC transporter (periplasm),2,3.9379815139086127,3.937981513908658,-5.75130929953836e-13
HEX7,Hexokinase (D-fructose:ATP),2,3.9379815139086127,3.937981513908658,-5.75130929953836e-13
HCYSMT2,Homocysteine Methyltransferase,2,3.9379815139086127,3.937981513908658,-5.75130929953836e-13
HETZK,Hydroxyethylthiazole kinase,2,3.9379815139086127,3.937981513908658,-5.75130929953836e-13
HADPCOADH,3-hydroxyadipyl-CoA dehydrogenase,2,3.9379815139086127,3.937981513908658,-5.75130929953836e-13
OXAtpp,OxalateH antiporter  periplasm,2,3.9379815139086327,3.937981513908678,-5.75130929953836e-13
LIPO4S24_BS,Lipoteichoic acid synthesis  n24   linked  unsubstituted,2,3.9379815139086127,3.937981513908658,-5.75130929953836e-13
LIPO1S24_BS,Lipoteichoic acid synthesis  n24   linked  glucose substituted,2,3.9379815139086127,3.937981513908658,-5.75130929953836e-13
LEUt3pp,L-leucine transport out via proton antiport (periplasm),2,3.9379815139086127,3.937981513908658,-5.75130929953836e-13
LEUabc,L-leucine transport via ABC system,2,3.9379815139086127,3.937981513908658,-5.75130929953836e-13
GCCc,Glycine-cleavage complex,2,3.9379815139086127,3.937981513908658,-5.75130929953836e-13
HISabc,L-histidine transport via ABC system,2,3.9379815139086127,3.937981513908658,-5.75130929953836e-13
HISHISabcpp,L Histidinylhistidine  His His  transport via ABC system  periplasm,2,3.9379815139086127,3.937981513908658,-5.75130929953836e-13
HIBD,3 hydroxyisobutyrate dehydrogenase,2,3.9379815139086127,3.937981513908658,-5.75130929953836e-13
Kt3r,Potassium transport out via proton antiport,2,3.9379815139086127,3.937981513908658,-5.75130929953836e-13
LDGUNPD,Linear diguanylate phosphodiesterase,2,3.9379815139086127,3.937981513908658,-5.75130929953836e-13
INSTabc,Inositol transport in via ABC transport,2,3.9379815139086127,3.937981513908658,-5.75130929953836e-13
GLYCDH,Glycerol dehydratase,2,3.9379815139086127,3.937981513908658,-5.75130929953836e-13
GLUabc,L-glutamate transport via ABC system,2,3.9379815139086127,3.937981513908658,-5.75130929953836e-13
GLUt4,Na+/glutamate symport,2,3.9379815139086127,3.937981513908658,-5.75130929953836e-13
GLXO1,Glyoxylate oxidase,2,3.9379815139086127,3.937981513908658,-5.75130929953836e-13
GLYBt2r,"Glycine betaine transport via proton symport, reversible",2,3.9379815139086127,3.937981513908658,-5.75130929953836e-13
GLUDy,Glutamate dehydrogenase (NADP),2,3.9379815139086127,3.937981513908658,-5.75130929953836e-13
GLUN,Glutaminase,2,3.9379815139086127,3.937981513908658,-5.75130929953836e-13
GLUSfx,Glutamate synthase (ferredoxin),2,3.9379815139086127,3.937981513908658,-5.75130929953836e-13
GLUTARH,Glutarate hydroxylase,2,3.9379815139086127,3.937981513908658,-5.75130929953836e-13
GCCa_1,Glycine-cleavage complex,2,3.9379815139086127,3.937981513908658,-5.75130929953836e-13
GLCptspp,D-glucose transport via PEP:Pyr PTS (periplasm),2,3.9379815139086127,3.937981513908658,-5.75130929953836e-13
GLNS,Glutamine synthetase,2,3.9379815139086127,3.937981513908658,-5.75130929953836e-13
GLU5K,Glutamate 5-kinase,2,3.9379815139086127,3.937981513908658,-5.75130929953836e-13
GLYGLNtr,Dipeptide transport via ABC system gly-gln,2,3.9379815139086127,3.937981513908658,-5.75130929953836e-13
GLYCYSAP,Gly-Cys aminopeptidase,2,3.9379815139086127,3.937981513908658,-5.75130929953836e-13
GLYCLTDx,Glycolate dehydrogenase (NAD),2,3.9379815139086127,3.937981513908658,-5.75130929953836e-13
GDPTPDP,Guanosine 3'-diphosphate 5'-triphosphate 3'-diphosphatase,2,3.9379815139086127,3.937981513908658,-5.75130929953836e-13
GARFT,Phosphoribosylglycinamide formyltransferase,2,3.9379815139086127,3.937981513908658,-5.75130929953836e-13
GK1,Guanylate kinase (GMP:ATP),2,3.9379815139086127,3.937981513908658,-5.75130929953836e-13
GLCAt2,,2,3.9379815139086127,3.937981513908658,-5.75130929953836e-13
GLCNt2rpp,"D-gluconate transport via proton symport, reversible (periplasm)",2,3.9379815139086127,3.937981513908658,-5.75130929953836e-13
ACOAD4_1,Acyl CoA dehydrogenase  decanoyl CoA,2,3.937981513908715,3.9379815139087593,-5.638538528959177e-13
3MBt4pp,Na+/Isovalerate symport (periplasm),3,3.937981513908698,3.9379815139087424,-5.638538528959177e-13
ECOAH5,3-hydroxyacyl-CoA dehydratase (3-hydroxydodecanoyl-CoA),2,3.93798151390873,3.9379815139086856,5.638538528959177e-13
AACLAM,Acetyl adenylate CoA ligase AMP-forming,1,3.9379815139087015,3.937981513908658,5.525767758379993e-13
ACACT6r_1,Acetyl CoA C acyltransferase  dodecanoyl CoA,1,3.9379815139086536,3.9379815139086958,-5.356611602511217e-13
ASPabc,L-aspartate transport via ABC system,2,3.9379815139086536,3.9379815139086958,-5.356611602511217e-13
ASPt2_2pp,Aspartate transport via proton symport (2 H) (periplasm),2,3.9379815139086536,3.9379815139086958,-5.356611602511217e-13
ASPt2pp,L-aspartate transport in via proton symport (periplasm),2,3.9379815139086536,3.9379815139086958,-5.356611602511217e-13
ASPt2r,L aspartate reversible transport via proton symport,2,3.9379815139086536,3.9379815139086958,-5.356611602511217e-13
ASPtpp,L-aspartate uptake via facillitated diffusion,2,3.9379815139086536,3.9379815139086958,-5.356611602511217e-13
ATAH_1,,2,3.9379815139086536,3.9379815139086958,-5.356611602511217e-13
ATHRDHr,L-allo-threonine dehydrogenase,2,3.9379815139086536,3.9379815139086958,-5.356611602511217e-13
ATPHs,ATP amine hydrolysis (spontaneous),2,3.9379815139086536,3.9379815139086958,-5.356611602511217e-13
ARGSL,Argininosuccinate lyase,2,3.9379815139086536,3.9379815139086958,-5.356611602511217e-13
ARGSS,Argininosuccinate synthase,2,3.9379815139086536,3.9379815139086958,-5.356611602511217e-13
ARGabc,L-arginine transport via ABC system,2,3.9379815139086536,3.9379815139086958,-5.356611602511217e-13
ARGt2r,L arganine reversible transport via proton symport,2,3.9379815139086536,3.9379815139086958,-5.356611602511217e-13
ASAD,Aspartate-semialdehyde dehydrogenase,2,3.9379815139086536,3.9379815139086958,-5.356611602511217e-13
ASNN,L-asparaginase,2,3.9379815139086536,3.9379815139086958,-5.356611602511217e-13
ASNS1,Asparagine synthase (glutamine-hydrolysing),2,3.9379815139086536,3.9379815139086958,-5.356611602511217e-13
ASNabc,L-asparagine transport via ABC system,2,3.9379815139086536,3.9379815139086958,-5.356611602511217e-13
ASNt4,L-asparagine transport in via sodium symport,2,3.9379815139086536,3.9379815139086958,-5.356611602511217e-13
ASP1DC,Aspartate 1-decarboxylase,2,3.9379815139086536,3.9379815139086958,-5.356611602511217e-13
ASPCT,Aspartate carbamoyltransferase,2,3.9379815139086536,3.9379815139086958,-5.356611602511217e-13
ASPK,Aspartate kinase,2,3.9379815139086536,3.9379815139086958,-5.356611602511217e-13
ASPO1,L-aspartate oxidase,2,3.9379815139086536,3.9379815139086958,-5.356611602511217e-13
ASPO6,L-aspartate oxidase,2,3.9379815139086536,3.9379815139086958,-5.356611602511217e-13
ASPTA,Aspartate transaminase,2,3.9379815139086536,3.9379815139086958,-5.356611602511217e-13
ASPTA6,E L-alanine-alpha-keto acid aminotransferase,2,3.9379815139086536,3.9379815139086958,-5.356611602511217e-13
APG3PAT161,Acyl-phosphate:glycerol-3-phosphate acyltransferase (C16:1),2,3.9379815139086536,3.9379815139086958,-5.356611602511217e-13
APG3PAT180,Acyl-phosphate:glycerol-3-phosphate acyltransferase (C18:0),2,3.9379815139086536,3.9379815139086958,-5.356611602511217e-13
APG3PAT181,Acyl-phosphate:glycerol-3-phosphate acyltransferase (C18:1),2,3.9379815139086536,3.9379815139086958,-5.356611602511217e-13
APRAUR,5-amino-6-(5-phosphoribosylamino)uracil reductase,2,3.9379815139086536,3.9379815139086958,-5.356611602511217e-13
APRTO2,N acetylputrescine oxygen oxireductase  deaminating,2,3.9379815139086536,3.9379815139086958,-5.356611602511217e-13
APSR,Adenosine 5'-phosphosulfate reductase;,2,3.9379815139086536,3.9379815139086958,-5.356611602511217e-13
APTA1i,Acetyl L L diaminopimelate aminotransferase,2,3.9379815139086536,3.9379815139086958,-5.356611602511217e-13
APTNAT,5-aminopentanoate:2-oxoglutarate aminotransferase,2,3.9379815139086536,3.9379815139086958,-5.356611602511217e-13
ARABRr,Arabinose reductase,2,3.9379815139086536,3.9379815139086958,-5.356611602511217e-13
ARBTpts,Arbutin transport via PEPPyr PTS,2,3.9379815139086536,3.9379815139086958,-5.356611602511217e-13
ARBabc,L-arabinose transport via ABC system,2,3.9379815139086536,3.9379815139086958,-5.356611602511217e-13
ARBt2r,L-arabinose transport via proton symport,2,3.9379815139086536,3.9379815139086958,-5.356611602511217e-13
ARGDC,Arginine decarboxylase,2,3.9379815139086536,3.9379815139086958,-5.356611602511217e-13
ARGDI_1,Arginine deiminase,2,3.9379815139086536,3.9379815139086958,-5.356611602511217e-13
ARGDr,Arginine deiminase,2,3.9379815139086536,3.9379815139086958,-5.356611602511217e-13
ARGN_1,Arginase,2,3.9379815139086536,3.9379815139086958,-5.356611602511217e-13
AMPTASECG,Alanyl aminopeptidase (cys-gly),2,3.9379815139086536,3.9379815139086958,-5.356611602511217e-13
AMPTASEGGLN,Aminopeptidase  Gly Gln,2,3.9379815139086536,3.9379815139086958,-5.356611602511217e-13
AMPTASEGGLU,Aminopeptidase  Gly Glu,2,3.9379815139086536,3.9379815139086958,-5.356611602511217e-13
AMPTASEGM,Aminopeptidase  Gly Met,2,3.9379815139086536,3.9379815139086958,-5.356611602511217e-13
AMPTASEGS,Aminopeptidase  Gly Ser,2,3.9379815139086536,3.9379815139086958,-5.356611602511217e-13
AMPTASEHG,Aminopeptidase  His Gly,2,3.9379815139086536,3.9379815139086958,-5.356611602511217e-13
AMPTASEHH,Aminopeptidase  His His,2,3.9379815139086536,3.9379815139086958,-5.356611602511217e-13
AMPTASEPG,Aminopeptidase (pro-gly),2,3.9379815139086536,3.9379815139086958,-5.356611602511217e-13
ANHMK,"1,6-anhydrous-N-Acetylmuramate kinase",2,3.9379815139086536,3.9379815139086958,-5.356611602511217e-13
ANPRT,Anthranilate phosphoribosyltransferase,2,3.9379815139086536,3.9379815139086958,-5.356611602511217e-13
ANS,Anthranilate synthase,2,3.9379815139086536,3.9379815139086958,-5.356611602511217e-13
ANS2,Anthranilate synthase 2,2,3.9379815139086536,3.9379815139086958,-5.356611602511217e-13
ANSN,Anthranilate synthase (NH3),2,3.9379815139086536,3.9379815139086958,-5.356611602511217e-13
AP4AH,Ap4A hydrolase,2,3.9379815139086536,3.9379815139086958,-5.356611602511217e-13
AP4AS,Ap4A synthetase,2,3.9379815139086536,3.9379815139086958,-5.356611602511217e-13
APG3PAT160,Acyl-phosphate:glycerol-3-phosphate acyltransferase (C16:0),2,3.9379815139086536,3.9379815139086958,-5.356611602511217e-13
AMPEP15,Aminopeptidase,2,3.9379815139086536,3.9379815139086958,-5.356611602511217e-13
AMPEP16,Aminopeptidase,2,3.9379815139086536,3.9379815139086958,-5.356611602511217e-13
AMPEP17,Aminopeptidase,2,3.9379815139086536,3.9379815139086958,-5.356611602511217e-13
AMPEP18,Aminopeptidase,2,3.9379815139086536,3.9379815139086958,-5.356611602511217e-13
AMPEP2,Aminopeptidase,2,3.9379815139086536,3.9379815139086958,-5.356611602511217e-13
AMPEP3,Aminopeptidase,2,3.9379815139086536,3.9379815139086958,-5.356611602511217e-13
AMPEP4,Aminopeptidase,2,3.9379815139086536,3.9379815139086958,-5.356611602511217e-13
AMPEP5,Aminopeptidase,2,3.9379815139086536,3.9379815139086958,-5.356611602511217e-13
AMPEP6,Aminopeptidase,2,3.9379815139086536,3.9379815139086958,-5.356611602511217e-13
AMPEP7,Aminopeptidase,2,3.9379815139086536,3.9379815139086958,-5.356611602511217e-13
AMPEP8,Aminopeptidase,2,3.9379815139086536,3.9379815139086958,-5.356611602511217e-13
AMPEP9,Aminopeptidase,2,3.9379815139086536,3.9379815139086958,-5.356611602511217e-13
AMPTASEAH,Aminopeptidase  Ala His,2,3.9379815139086536,3.9379815139086958,-5.356611602511217e-13
AMPTASEAL,Aminopeptidase  Ala Leu,2,3.9379815139086536,3.9379815139086958,-5.356611602511217e-13
AMPTASEAT,Aminopeptidase  Ala Thr,2,3.9379815139086536,3.9379815139086958,-5.356611602511217e-13
AMPTASEATRP,Aminopeptidase  Ala Trp,2,3.9379815139086536,3.9379815139086958,-5.356611602511217e-13
ALR4x,Aldose reductase (acetol),2,3.9379815139086536,3.9379815139086958,-5.356611602511217e-13
ALTRH,Altronate hydrolase,2,3.9379815139086536,3.9379815139086958,-5.356611602511217e-13
AM3PA,Anhydrous-N-Acetylmuramyl-tripeptide amidase,2,3.9379815139086536,3.9379815139086958,-5.356611602511217e-13
AM4PA,Anhydrous-N-Acetylmuramyl-tetrapeptide amidase,2,3.9379815139086536,3.9379815139086958,-5.356611602511217e-13
AMANAPEr,N-acetylmannosamine 6-phosphate epimerase,2,3.9379815139086536,3.9379815139086958,-5.356611602511217e-13
AMANK,N-acetyl-D-mannosamine kinase,2,3.9379815139086536,3.9379815139086958,-5.356611602511217e-13
ALDD3y,"Aldehyde dehydrogenase (propanal, NADP)",2,3.9379815139086536,3.9379815139086958,-5.356611602511217e-13
ALDD4,"Aldehyde dehydrogenase (butanal, NAD)",2,3.9379815139086536,3.9379815139086958,-5.356611602511217e-13
ALDD6,Aldehyde dehydrogenase  hexanal  NAD,2,3.9379815139086536,3.9379815139086958,-5.356611602511217e-13
ALKP,Alkaline phosphatase,2,3.9379815139086536,3.9379815139086958,-5.356611602511217e-13
ALLTAMH,Allantoate amidohydrolase,2,3.9379815139086536,3.9379815139086958,-5.356611602511217e-13
ALLTN,Allantoinase,2,3.9379815139086536,3.9379815139086958,-5.356611602511217e-13
ALPHNH,Allophanate hydrolase,2,3.9379815139086536,3.9379815139086958,-5.356611602511217e-13
ALR2,Aldose reductase (methylglyoxal),2,3.9379815139086536,3.9379815139086958,-5.356611602511217e-13
ALR3,Aldose reductase (acetol),2,3.9379815139086536,3.9379815139086958,-5.356611602511217e-13
3NTD2pp,3'-nucleotidase (UMP) (periplasm),3,3.9379815139087166,3.9379815139086745,5.356611602511217e-13
ALDD20x,"Aldehyde dehydrogenase (indole-3-acetaldehyde, NAD)",2,3.9379815139086536,3.9379815139086958,-5.356611602511217e-13
ALDD20y,Aldehyde dehydrogenase  indole 3 acetaldehyde  NADP,2,3.9379815139086536,3.9379815139086958,-5.356611602511217e-13
ALDD2x,"Aldehyde dehydrogenase (acetaldehyde, NAD)",2,3.9379815139086536,3.9379815139086958,-5.356611602511217e-13
ALDD2y,"Aldehyde dehydrogenase (acetaldehyde, NADP)",2,3.9379815139086536,3.9379815139086958,-5.356611602511217e-13
ALDD3,Aldehyde dehydrogenase  propanal  NAD,2,3.9379815139086536,3.9379815139086958,-5.356611602511217e-13
ALDD31_1,Aldehyde dehydrogenase  aminoacetaldehyde  NAD,2,3.9379815139086536,3.9379815139086958,-5.356611602511217e-13
AMID4,Amidase,2,3.9379815139086536,3.9379815139086958,-5.356611602511217e-13
AMMQLT8,S-adenosylmethione:2-demthylmenaquinole methyltransferase (menaquinone 8),2,3.9379815139086536,3.9379815139086958,-5.356611602511217e-13
AMMQT8_2,S-adenosylmethione:2-demethylmenaquinone methyltransferase,2,3.9379815139086536,3.9379815139086958,-5.356611602511217e-13
AMPD2,AMP deaminase,2,3.9379815139086536,3.9379815139086958,-5.356611602511217e-13
AMPEP1,Aminopeptidase,2,3.9379815139086536,3.9379815139086958,-5.356611602511217e-13
AMPEP10,Aminopeptidase,2,3.9379815139086536,3.9379815139086958,-5.356611602511217e-13
AMPEP11,Aminopeptidase,2,3.9379815139086536,3.9379815139086958,-5.356611602511217e-13
AMPEP12,Aminopeptidase,2,3.9379815139086536,3.9379815139086958,-5.356611602511217e-13
AMPEP13,Aminopeptidase,2,3.9379815139086536,3.9379815139086958,-5.356611602511217e-13
AMPEP14,Aminopeptidase,2,3.9379815139086536,3.9379815139086958,-5.356611602511217e-13
ALDD19xr,"Aldehyde dehydrogenase (phenylacetaldehyde, NAD)",2,3.9379815139086536,3.9379815139086958,-5.356611602511217e-13
ACOAD20,Acyl CoA dehydrogenase  2 methylbutnoyl CoA,2,3.937981513908694,3.9379815139087344,-5.13107006135285e-13
ACOAD5_1,Acyl CoA dehydrogenase  dodecanoyl CoA,2,3.9379815139086722,3.937981513908711,-4.905528520194484e-13
ACPpds,[acyl-carrier-protein] phosphodiesterase,2,3.9379815139086722,3.937981513908711,-4.905528520194484e-13
ACPPAT161,Acyl-(acyl carrier protein):phosphate acyltransferase (C16:1),2,3.9379815139086722,3.937981513908711,-4.905528520194484e-13
ACOXT,Acetyl-CoA:oxalate CoA-transferase,2,3.9379815139086722,3.937981513908711,-4.905528520194484e-13
ACP1_FMN,Acid phosphatase (FMN),2,3.9379815139086722,3.937981513908711,-4.905528520194484e-13
ACPPAT160,Acyl-(acyl carrier protein):phosphate acyltransferase (C16:0),2,3.9379815139086722,3.937981513908711,-4.905528520194484e-13
ACPPAT181,Acyl-(acyl carrier protein):phosphate acyltransferase (C18:1),2,3.9379815139086722,3.937981513908711,-4.905528520194484e-13
ACPPAT180,Acyl-(acyl carrier protein):phosphate acyltransferase (C18:0),2,3.9379815139086722,3.937981513908711,-4.905528520194484e-13
ACONTa,"Aconitase (half-reaction A, Citrate hydro-lyase)",2,3.9379815139086722,3.937981513908711,-4.905528520194484e-13
ADAPAT,"E N-acetyl-L,L-diaminopimelate aminotransferase",2,3.9379815139086722,3.937981513908711,-4.905528520194484e-13
ADADir,Deoxycytidine kinase,2,3.9379815139086722,3.937981513908711,-4.905528520194484e-13
ACt4pp,Na+/Acetate symport (periplasm),2,3.9379815139086722,3.937981513908711,-4.905528520194484e-13
ACt2rpp,Acetate reversible transport via proton symport (periplasm),2,3.9379815139086722,3.937981513908711,-4.905528520194484e-13
ACTNabc1,Acetoin efflux  via ABC system,2,3.9379815139086722,3.937981513908711,-4.905528520194484e-13
ACTNabc,Acetoin transport via ABC system,2,3.9379815139086722,3.937981513908711,-4.905528520194484e-13
ACTD,Acetoin dehydrogenase,2,3.9379815139086722,3.937981513908711,-4.905528520194484e-13
ACSERHS,O3-Acetyl-L-serine acetate-lyase (adding hydrogen sulfide),2,3.9379815139086722,3.937981513908711,-4.905528520194484e-13
AGM4PH,"N-Acetyl-D-glucosamine(anhydrous)N-Acetylmuramyl-tetrapeptide beta -1,4-N-acetylglucosaminidase",2,3.9379815139086722,3.937981513908711,-4.905528520194484e-13
AGM4PCP,"N-Acetyl-D-glucosamine(anhydrous)N-Acetylmuramyl-tetrapeptide L,D-carboxypeptidase",2,3.9379815139086722,3.937981513908711,-4.905528520194484e-13
AGM3PH,"N-Acetyl-D-glucosamine(anhydrous)N-Acetylmuramyl-tripeptide beta -1,4-N-acetylglucosaminidase",2,3.9379815139086722,3.937981513908711,-4.905528520194484e-13
AGM3PApp,N-Acetyl-D-glucosamine(anhydrous)N-Acetylmuramyl-tripeptide amidase (periplasm),2,3.9379815139086722,3.937981513908711,-4.905528520194484e-13
ADNUC,Adenosine hydrolase,2,3.9379815139086722,3.937981513908711,-4.905528520194484e-13
ADCL,4-aminobenzoate synthase,2,3.9379815139086722,3.937981513908711,-4.905528520194484e-13
ADNt2pp,Adenosine transport in via proton symport (periplasm),2,3.9379815139086722,3.937981513908711,-4.905528520194484e-13
ADPDA,N6 acetyl LL 2 6 diaminoheptanedioate amidohydrolase,2,3.9379815139086722,3.937981513908711,-4.905528520194484e-13
AGMPTRCtpp,Agmatine/putrescine antiporter (periplasm),2,3.9379815139086722,3.937981513908711,-4.905528520194484e-13
AGMH,"N-Acetyl-D-glucosamine(anhydrous)N-Acetylmuramyl beta -1,4-N-acetylglucosaminidase",2,3.9379815139086722,3.937981513908711,-4.905528520194484e-13
ADPGLC,ADPglucose diphosphatase,2,3.9379815139086722,3.937981513908711,-4.905528520194484e-13
ADPRDP,ADPribose diphosphatase,2,3.9379815139086722,3.937981513908711,-4.905528520194484e-13
ADSK,Adenylyl-sulfate kinase,2,3.9379815139086722,3.937981513908711,-4.905528520194484e-13
ADPT,Adenine phosphoribosyltransferase,2,3.9379815139086722,3.937981513908711,-4.905528520194484e-13
ADSS,Adenylosuccinate synthase,2,3.9379815139086722,3.937981513908711,-4.905528520194484e-13
ADSL1r,Adenylsuccinate lyase,2,3.9379815139086722,3.937981513908711,-4.905528520194484e-13
AGPAT161,1-hexadec-7-enoyl-sn-glycerol 3-phosphate O-acyltransferase (n-C16:1),2,3.9379815139086722,3.937981513908711,-4.905528520194484e-13
AGMT,Agmatinase,2,3.9379815139086722,3.937981513908711,-4.905528520194484e-13
AGPAT160,1-hexadecanoyl-sn-glycerol 3-phosphate O-acyltransferase (n-C16:0),2,3.9379815139086722,3.937981513908711,-4.905528520194484e-13
AGMt2pp,GlcNAc-anhMurNAc transport in via proton symport (periplasm),2,3.9379815139086722,3.937981513908711,-4.905528520194484e-13
AGPAT181,1-octadec-7-enoyl-sn-glycerol 3-phosphate O-acyltransferase (n-C18:1),2,3.9379815139086722,3.937981513908711,-4.905528520194484e-13
AGPAT180,1-octadecanoyl-sn-glycerol 3-phosphate O-acyltransferase (n-C18:0),2,3.9379815139086722,3.937981513908711,-4.905528520194484e-13
AGPR,N-acetyl-g-glutamyl-phosphate reductase,2,3.9379815139086722,3.937981513908711,-4.905528520194484e-13
AGM4Pt2pp,GlcNAc-anhMurNAc tetrapeptide transport in via proton symport (periplasm),2,3.9379815139086722,3.937981513908711,-4.905528520194484e-13
AEPabcpp,AEP transport via ABC system periplasm,2,3.9379815139086722,3.937981513908711,-4.905528520194484e-13
ACOAD7,Acyl-CoA dehydrogenase (hexadecanoyl-CoA),2,3.9379815139086722,3.937981513908711,-4.905528520194484e-13
ACOADH2,Acyl CoA dehydrogenase  isobutyryl CoA,2,3.9379815139086722,3.937981513908711,-4.905528520194484e-13
ADNK1,Adenosine kinase,2,3.9379815139086722,3.937981513908711,-4.905528520194484e-13
ADNCYC,Adenylate cyclase,2,3.9379815139086722,3.937981513908711,-4.905528520194484e-13
ADMDC,Adenosylmethionine decarboxylase,2,3.9379815139086722,3.937981513908711,-4.905528520194484e-13
ADK2,Adenylate kinase (Inorganic triphosphate),2,3.9379815139086722,3.937981513908711,-4.905528520194484e-13
ADK1,Adenylate kinase,2,3.9379815139086722,3.937981513908711,-4.905528520194484e-13
ADD,Adenine deaminase,2,3.9379815139086722,3.937981513908711,-4.905528520194484e-13
ADCS,4-amino-4-deoxychorismate synthase,2,3.9379815139086722,3.937981513908711,-4.905528520194484e-13
ACOAD6,Acyl-CoA dehydrogenase (tetradecanoyl-CoA),2,3.9379815139086722,3.937981513908711,-4.905528520194484e-13
ACONTb,"Aconitase (half-reaction B, Isocitrate hydro-lyase)",2,3.9379815139086722,3.937981513908711,-4.905528520194484e-13
ACODA,Acetylornithine deacetylase,2,3.9379815139086722,3.937981513908711,-4.905528520194484e-13
ACOAM,Acetate CoA ligase AMP-forming,2,3.9379815139086722,3.937981513908711,-4.905528520194484e-13
ACONT,Aconitate hydratase,2,3.9379815139086722,3.937981513908711,-4.905528520194484e-13
ACOTA,Acetylornithine transaminase,2,3.9379815139086722,3.937981513908711,-4.905528520194484e-13
AGDC,N-acetylglucosamine-6-phosphate deacetylase,2,3.9379815139086722,3.937981513908711,-4.905528520194484e-13
AEPPYRTA,2 aminoethylphosphonate pyruvate transaminase,2,3.9379815139086722,3.937981513908711,-4.905528520194484e-13
AEPtex,AEP transport via diffusion extracellular to periplasm,3,3.937981513908711,3.9379815139086753,4.510830823167341e-13
ACONCtupp,Cisaconitate transport periplasm,3,3.937981513908711,3.9379815139086753,4.510830823167341e-13
ALAHIStex,L Alaninylhistidine transport via diffusion  extracellular to periplasm,3,3.937981513908711,3.9379815139086753,4.510830823167341e-13
3NTD4pp,3'-nucleotidase (CMP) (periplasm),3,3.937981513908711,3.9379815139086753,4.510830823167341e-13
4HPRODCtex,Cis 4 hydroxy L proline transport  extracellular,3,3.937981513908711,3.9379815139086753,4.510830823167341e-13
ABTt_1,L arabinitol transport via passive diffusion,3,3.937981513908711,3.9379815139086753,4.510830823167341e-13
4ABUTD,4-Aminobutyraldehyde:NAD+ oxidoreductase,2,3.9379815139087344,3.9379815139086998,4.398060052588157e-13
NH4t,Ammonia reversible transport,3,3.9379815139087184,3.9379815139087526,-4.341674667298566e-13
GLYCtpp,Glycerol transport via channel (periplasm),3,3.9379815139087184,3.9379815139087526,-4.341674667298566e-13
ACACT3r,Acetyl-CoA C-acyltransferase (hexanoyl-CoA) (r),1,3.937981513908725,3.937981513908692,4.1725185114297905e-13
ACACT4r,Acetyl-CoA C-acyltransferase (octanoyl-CoA) (r),1,3.937981513908725,3.937981513908692,4.1725185114297905e-13
PGMT_B,B phosphoglucomutase,3,3.9379815139086296,3.9379815139085976,4.0597477408506066e-13
ORPT,Orotate phosphoribosyltransferase,2,3.937981513908729,3.937981513908697,4.0597477408506066e-13
OCTAtex,Octanoate transport via diffusion (extracellular to periplasm),2,3.937981513908729,3.937981513908697,4.0597477408506066e-13
OMPDC,Orotidine-5'-phosphate decarboxylase,2,3.937981513908729,3.937981513908697,4.0597477408506066e-13
OHPBAT,O-Phospho-4-hydroxy-L-threonine:2-oxoglutarate aminotransferase,2,3.937981513908729,3.937981513908697,4.0597477408506066e-13
ORNTAC_1,Ornithine transacetylase,2,3.937981513908729,3.937981513908697,4.0597477408506066e-13
AACOAR_syn,Acetoacetyl-CoA reductase (R-specific),1,3.9379815139086856,3.9379815139087158,-3.8342061996922393e-13
GLYCt,Glycerol transport via channel,3,3.9379815139087007,3.93798151390873,-3.721435429113057e-13
GLYBt3pp,Glycine betaine transport via proton antiport (periplasm),2,3.937981513908569,3.9379815139085403,3.665050043823465e-13
GLYCK,Glycerate kinase,2,3.937981513908569,3.9379815139085403,3.665050043823465e-13
GLYCTO1,Glycolate oxidase,2,3.937981513908569,3.9379815139085403,3.665050043823465e-13
GLYO1,Glycine oxidase,2,3.937981513908569,3.9379815139085403,3.665050043823465e-13
GLYPHEHYc,Hydrolysis of glycylphenylalanine,2,3.937981513908569,3.9379815139085403,3.665050043823465e-13
PYRtex,Pyruvate transport via diffusion (extracellular to periplasm),3,3.937981513908697,3.937981513908726,-3.665050043823465e-13
RHCCE,S-ribosylhomocysteine cleavage enzyme,3,3.937981513908697,3.937981513908726,-3.665050043823465e-13
GLYCYSabc,Gly-Cys ABC transporters,2,3.937981513908569,3.9379815139085403,3.665050043823465e-13
GLYGLUabcpp,L Glycinylglutamate  Gly Glu  transport via ABC system  periplasm,2,3.937981513908569,3.9379815139085403,3.665050043823465e-13
GLYGLYabcpp,L Glycinilglycine  Gly Gly  transport via ABC system  periplasm,2,3.937981513908569,3.9379815139085403,3.665050043823465e-13
GLYLEUtr,Gly-Leu ABC transporters,2,3.937981513908569,3.9379815139085403,3.665050043823465e-13
ITCY,ITP:cytidine 5'-phosphotransferase,2,3.937981513908569,3.9379815139085403,3.665050043823465e-13
KARA2,Ketol-acid reductoisomerase (2-Acetolactate),2,3.937981513908569,3.9379815139085403,3.665050043823465e-13
PROGLYtex,L-Prolinylglycine transport via diffusion (extracellular to periplasm),3,3.937981513908697,3.937981513908726,-3.665050043823465e-13
UAG2E,UDP-N-acetylglucosamine 2-epimerase,3,3.937981513908697,3.937981513908726,-3.665050043823465e-13
XYLI2,Xylose isomerase,3,3.937981513908697,3.937981513908726,-3.665050043823465e-13
Zn2tex,Zinc (Zn+2) transport via diffusion (extracellular to periplasm),3,3.937981513908697,3.937981513908726,-3.665050043823465e-13
INSTt2,Inositol transport in via proton symport,2,3.937981513908569,3.9379815139085403,3.665050043823465e-13
IPPMIa,3-isopropylmalate dehydratase,2,3.937981513908569,3.9379815139085403,3.665050043823465e-13
TKT1,Transketolase,3,3.937981513908697,3.937981513908726,-3.665050043823465e-13
TNTtpp,Trinitrotoluene transport via diffusion  periplasm to cytosol  irreversible,3,3.937981513908697,3.937981513908726,-3.665050043823465e-13
TARTRtpp,Tartrate facilitated transport periplasm,3,3.937981513908697,3.937981513908726,-3.665050043823465e-13
SULFACtex,Sulfoaceate transport via diffusion (extracellular to periplasm),3,3.937981513908697,3.937981513908726,-3.665050043823465e-13
SO4tex,Sulfate transport via diffusion (extracellular to periplasm),3,3.937981513908697,3.937981513908726,-3.665050043823465e-13
RPE,Ribulose 5-phosphate 3-epimerase,3,3.937981513908697,3.937981513908726,-3.665050043823465e-13
PRAIi,Phosphoribosylanthranilate isomerase (irreversible),3,3.937981513908697,3.937981513908726,-3.665050043823465e-13
PNTOt4pp,Pantothenate sodium symporter (periplasm),3,3.937981513908697,3.937981513908726,-3.665050043823465e-13
GLYALDDr,D-Glyceraldehyde dehydrogenase,2,3.937981513908569,3.9379815139085403,3.665050043823465e-13
HEXSabc,Hexanesulfonate transport via ABC system,2,3.937981513908569,3.9379815139085403,3.665050043823465e-13
HEX1,Hexokinase (D-glucose:ATP),2,3.937981513908569,3.9379815139085403,3.665050043823465e-13
HCO3E,HCO3 equilibration reaction,2,3.937981513908569,3.9379815139085403,3.665050043823465e-13
GAMpts,D-glucosamine transport via PEP:Pyr PTS,2,3.937981513908569,3.9379815139085403,3.665050043823465e-13
HDECH,,2,3.937981513908569,3.9379815139085403,3.665050043823465e-13
HG2t3pp,Mercury (Hg+2) transport out via proton antiport (periplasm),2,3.937981513908569,3.9379815139085403,3.665050043823465e-13
GCALDD,Glycolaldehyde dehydrogenase,2,3.937981513908569,3.9379815139085403,3.665050043823465e-13
GK2,Guanylate kinase  GMPdATP,2,3.937981513908569,3.9379815139085403,3.665050043823465e-13
GLCDpp,Glucose dehydrogenase (ubiquinone-8 as acceptor) (periplasm),2,3.937981513908569,3.9379815139085403,3.665050043823465e-13
GCCc_1,Glycine-cleavage complex,2,3.937981513908569,3.9379815139085403,3.665050043823465e-13
GF6PTA,Glutamine-fructose-6-phosphate transaminase,2,3.937981513908569,3.9379815139085403,3.665050043823465e-13
GLNabc,L-glutamine transport via ABC system,2,3.937981513908569,3.9379815139085403,3.665050043823465e-13
GLUDC,Glutamate Decarboxylase,2,3.937981513908569,3.9379815139085403,3.665050043823465e-13
H2SO,Hydrogen sulfide oxidation,2,3.937981513908569,3.9379815139085403,3.665050043823465e-13
H2CO3D2,Carboxylic acid dissociation,2,3.937981513908569,3.9379815139085403,3.665050043823465e-13
GLCt2pp,D-glucose transport in via proton symport (periplasm),2,3.937981513908569,3.9379815139085403,3.665050043823465e-13
GLCabcpp,D-glucose transport via ABC system (periplasm),2,3.937981513908569,3.9379815139085403,3.665050043823465e-13
HACD9,3 hydroxyacyl CoA dehydrogenase  2 Methylacetoacetyl CoA,2,3.937981513908569,3.9379815139085403,3.665050043823465e-13
HACD1_1,3 hydroxyacyl CoA dehydrogenase  acetoacetyl CoA,2,3.937981513908569,3.9379815139085403,3.665050043823465e-13
GLYSERabcpp,L Glycinylserine  Gly Ser  transport via ABC system  periplasm,2,3.937981513908569,3.9379815139085403,3.665050043823465e-13
GLUPRT,Glutamine phosphoribosyldiphosphate amidotransferase,2,3.937981513908569,3.9379815139085403,3.665050043823465e-13
GLCURDH,Glucoronate dehydrogenase,2,3.937981513908569,3.9379815139085403,3.665050043823465e-13
GLUDy_1,Glutamate dehydrogenase (NADP),2,3.937981513908569,3.9379815139085403,3.665050043823465e-13
GLUt2r,L glutamate transport via proton symport  reversible,2,3.937981513908569,3.9379815139085403,3.665050043823465e-13
GLUTRR,Glutamyl-tRNA reductase,2,3.937981513908569,3.9379815139085403,3.665050043823465e-13
GLYt4,Glycine transport via sodium symport,2,3.937981513908569,3.9379815139085403,3.665050043823465e-13
GLYabc,Glycine transport via ABC system,2,3.937981513908569,3.9379815139085403,3.665050043823465e-13
GPDDA4,Glycerophosphodiester phosphodiesterase (Glycerophosphoglycerol),2,3.937981513908569,3.9379815139085403,3.665050043823465e-13
GTHOr,Glutathione oxidoreductase,2,3.937981513908569,3.9379815139085403,3.665050043823465e-13
GNNUC,Ribosylpyrimidine nucleosidase,2,3.937981513908569,3.9379815139085403,3.665050043823465e-13
GND,Phosphogluconate dehydrogenase,2,3.937981513908569,3.9379815139085403,3.665050043823465e-13
GLUt4pp,Na+/glutamate symport (periplasm),2,3.937981513908569,3.9379815139085403,3.665050043823465e-13
GLUSx,Glutamate synthase  NADH2,2,3.937981513908569,3.9379815139085403,3.665050043823465e-13
GTPCI,GTP cyclohydrolase I,2,3.937981513908569,3.9379815139085403,3.665050043823465e-13
GTHRDabc2pp,Glutathione export via ABC system (cytoplasm to periplasm),2,3.937981513908569,3.9379815139085403,3.665050043823465e-13
GUAt2pp,Guanine transport in via proton symport (periplasm),2,3.937981513908569,3.9379815139085403,3.665050043823465e-13
GTPHs,GTP amine hydrolysis (spontaneous),2,3.937981513908569,3.9379815139085403,3.665050043823465e-13
GCCb,Glycine cleavage complex,2,3.937981513908569,3.9379815139085403,3.665050043823465e-13
HXANt2pp,Hypoxanthine transport in via proton symport (periplasm),2,3.937981513908569,3.9379815139085403,3.665050043823465e-13
HXCT,Acetyl-CoA:hexanoate-CoA transferase,2,3.937981513908569,3.9379815139085403,3.665050043823465e-13
Htex,Proton transport via diffusion (extracellular to periplasm),2,3.937981513908569,3.9379815139085403,3.665050043823465e-13
ICHORT,Isochorismatase,2,3.937981513908569,3.9379815139085403,3.665050043823465e-13
HSK,Homoserine kinase,2,3.937981513908569,3.9379815139085403,3.665050043823465e-13
HPPK,2-amino-4-hydroxy-6-hydroxymethyldihydropteridine diphosphokinase,2,3.937981513908569,3.9379815139085403,3.665050043823465e-13
HMR_9610,Na+/succinate symporter,2,3.937981513908569,3.9379815139085403,3.665050043823465e-13
HMGL,Hydroxymethylglutaryl-CoA lyase,2,3.937981513908569,3.9379815139085403,3.665050043823465e-13
HISt2r,L histidine reversible transport via proton symport,2,3.937981513908569,3.9379815139085403,3.665050043823465e-13
HISDr,Histidase r,2,3.937981513908569,3.9379815139085403,3.665050043823465e-13
HISTD,Histidinol dehydrogenase,2,3.937981513908569,3.9379815139085403,3.665050043823465e-13
ILEt2r,L isoleucine reversible transport via proton symport,2,3.937981513908569,3.9379815139085403,3.665050043823465e-13
IND3ACtpp,Indole 3 acetic acid export  periplasm,2,3.937981513908569,3.9379815139085403,3.665050043823465e-13
IGPDH_1,Imidazoleglycerol phosphate dehydratase,2,3.937981513908569,3.9379815139085403,3.665050043823465e-13
ILETA,Isoleucine transaminase,2,3.937981513908569,3.9379815139085403,3.665050043823465e-13
INSCR,Inositol catabolic reactions  lumped,2,3.937981513908569,3.9379815139085403,3.665050043823465e-13
PGL,6-phosphogluconolactonase,2,3.937981513908704,3.9379815139086753,3.665050043823465e-13
LIPAMPL,Lipoyl-adenylate protein ligase,2,3.937981513908569,3.9379815139085403,3.665050043823465e-13
LIPO2S24_BS,Lipoteichoic acid synthesis  n24   linked  N acetylglucosamine substituted,2,3.937981513908569,3.9379815139085403,3.665050043823465e-13
LIPOPBt,Lipoate transport via proton symport,2,3.937981513908569,3.9379815139085403,3.665050043823465e-13
LEUabcpp,L-leucine transport via ABC system (periplasm),2,3.937981513908569,3.9379815139085403,3.665050043823465e-13
LALGP,L-alanyl-gamma-L-glutamate peptidase,2,3.937981513908569,3.9379815139085403,3.665050043823465e-13
LDH_D,D-lactate dehydrogenase,2,3.937981513908569,3.9379815139085403,3.665050043823465e-13
LEULEUabcpp,L leucylleucine  leuleu  transport via ABC system  periplasm,2,3.937981513908569,3.9379815139085403,3.665050043823465e-13
Kt1,Potassium transport via uniport (facilitated diffusion),2,3.937981513908569,3.9379815139085403,3.665050043823465e-13
3OXCOAT,3-oxoadipyl-CoA thiolase,1,3.9379815139086958,3.937981513908668,3.552279273244281e-13
PRAMPC_1,Phosphoribosyl AMP cyclohydrolase,2,3.9379815139087033,3.937981513908679,3.101196190927547e-13
PRATPP,Phosphoribosyl-ATP pyrophosphatase,2,3.9379815139087033,3.937981513908679,3.101196190927547e-13
PROAKGOX1,Prolyl 4-hydroxylase,2,3.9379815139087033,3.937981513908679,3.101196190927547e-13
PROHISGLUtr,Tripeptide Opp3 transport,2,3.9379815139087033,3.937981513908679,3.101196190927547e-13
PLIPA1E161pp,"Phospholipase A1 (phosphatidylethanolamine, n-C16:1) (periplasm)",2,3.9379815139087033,3.937981513908679,3.101196190927547e-13
PLIPA1E181pp,"Phospholipase A1 (phosphatidylethanolamine, n-C18:1) (periplasm)",2,3.9379815139087033,3.937981513908679,3.101196190927547e-13
PROt4,Na+/Proline-L symporter,2,3.9379815139087033,3.937981513908679,3.101196190927547e-13
PLIPA2A161pp,"Phospholipase A2 (phosphatidate, n-C16:1) (periplasm)",2,3.9379815139087033,3.937981513908679,3.101196190927547e-13
PPAKr,Propionate kinase,2,3.9379815139087033,3.937981513908679,3.101196190927547e-13
PPAt4pp,Na+/Propionate symporter (periplasm),2,3.9379815139087033,3.937981513908679,3.101196190927547e-13
PMPK,Phosphomethylpyrimidine kinase,2,3.9379815139087033,3.937981513908679,3.101196190927547e-13
PNTK,Pantothenate kinase,2,3.9379815139087033,3.937981513908679,3.101196190927547e-13
PLIPA1G161pp,"Phospholipase A1 (phosphatidylglycerol, n-C16:1) (periplasm)",2,3.9379815139087033,3.937981513908679,3.101196190927547e-13
PLIPA1G181pp,"Phospholipase A1 (phosphatidylglycerol, n-C18:1) (periplasm)",2,3.9379815139087033,3.937981513908679,3.101196190927547e-13
PLPS_1,Pyridoxal-5-phosphate synthase,2,3.9379815139087033,3.937981513908679,3.101196190927547e-13
PPND,Prephenate dehydrogenase,2,3.9379815139087033,3.937981513908679,3.101196190927547e-13
PPM2,Phosphopentomutase 2 (deoxyribose),2,3.9379815139087033,3.937981513908679,3.101196190927547e-13
PPDD,Propanediol dehydratase,2,3.9379815139087033,3.937981513908679,3.101196190927547e-13
PPCK,Phosphoenolpyruvate carboxykinase,2,3.9379815139087033,3.937981513908679,3.101196190927547e-13
PPC,Phosphoenolpyruvate carboxylase,2,3.9379815139087033,3.937981513908679,3.101196190927547e-13
PRAGSr,Phosphoribosylglycinamide synthase,2,3.9379815139087033,3.937981513908679,3.101196190927547e-13
PPRDNDH,Piperideine dehydrogenase,2,3.9379815139087033,3.937981513908679,3.101196190927547e-13
PPOR,"Phenylpyruvate:oxygen oxidoreductase (hydroxylating,decarboxylating)",2,3.9379815139087033,3.937981513908679,3.101196190927547e-13
PROt2r,L proline reversible transport via proton symport,2,3.9379815139087033,3.937981513908679,3.101196190927547e-13
PIt2rpp,Phosphate reversible transport via symport (periplasm),2,3.9379815139087033,3.937981513908679,3.101196190927547e-13
PGPP181pp,"Phosphatidylglycerol phosphate phosphatase (periplasm, n-C18:1)",2,3.9379815139087033,3.937981513908679,3.101196190927547e-13
PHEabc,,2,3.9379815139087033,3.937981513908679,3.101196190927547e-13
PHACOAOR,Phenylacetyl-CoA oxygenase/reductase,2,3.9379815139087033,3.937981513908679,3.101196190927547e-13
PHHL,,2,3.9379815139087033,3.937981513908679,3.101196190927547e-13
PLCD,PLCD,2,3.9379815139087033,3.937981513908679,3.101196190927547e-13
PIabc,Phosphate transport via ABC system,2,3.9379815139087033,3.937981513908679,3.101196190927547e-13
OIVD1r,2-oxoisovalerate dehydrogenase (acylating; 4-methyl-2-oxopentaoate),1,3.937981513908695,3.9379815139087193,-3.101196190927547e-13
4HALDD,Aldehyde dehydrogenase  4 hydroxyphenylacetaldehyde  NAD,2,3.9379815139086904,3.9379815139086665,3.044810805637955e-13
OCOAT1,3-oxoacid CoA-transferase (Succinyl-CoA: acetoacetate),2,3.9379815139086896,3.937981513908713,-2.988425420348364e-13
MACACI,Maleylacetoacetate isomerase,3,3.937981513908715,3.9379815139087375,-2.87565464976918e-13
DHNAOT_1,1 4 dihydroxy 2 naphthoate octaprenyltransferase,2,3.937981513908683,3.9379815139087047,-2.7628838791899965e-13
DHDPS,Dihydrodipicolinate synthase,2,3.937981513908683,3.9379815139087047,-2.7628838791899965e-13
DHFR,Dihydrofolate reductase,2,3.937981513908683,3.9379815139087047,-2.7628838791899965e-13
DHFS,Dihydrofolate synthase,2,3.937981513908683,3.9379815139087047,-2.7628838791899965e-13
DGNSK,Deoxyguanosine kinase,2,3.937981513908683,3.9379815139087047,-2.7628838791899965e-13
DASYN160,CDP-diacylglycerol synthetase (n-C16:0),2,3.937981513908683,3.9379815139087047,-2.7628838791899965e-13
DAPDC,Diaminopimelate decarboxylase,2,3.937981513908683,3.9379815139087047,-2.7628838791899965e-13
DAPDA,"N-acetyl-L,L-diaminopimelate deacetylase",2,3.937981513908683,3.9379815139087047,-2.7628838791899965e-13
DAPAT,Cadaverine aminotranferase,2,3.937981513908683,3.9379815139087047,-2.7628838791899965e-13
DALAt2r,D-alanine transport via proton symport,2,3.937981513908683,3.9379815139087047,-2.7628838791899965e-13
DALAt2pp,D-alanine transport in via proton symport (periplasm),2,3.937981513908683,3.9379815139087047,-2.7628838791899965e-13
Cut1,Copper export via ATPase,2,3.937981513908683,3.9379815139087047,-2.7628838791899965e-13
Cobalt2abcppI,Cobalt II transport via ABC system periplasm I,2,3.937981513908683,3.9379815139087047,-2.7628838791899965e-13
DDCAtexi,Fatty acid (dodecanoate) transport via facilitated irreversible diffusion (extracellular to periplasm),2,3.937981513908683,3.9379815139087047,-2.7628838791899965e-13
DCYTt2,Deoxycytidine transport in via proton symport,2,3.937981513908683,3.9379815139087047,-2.7628838791899965e-13
DCYTD,Deoxycytidine deaminase,2,3.937981513908683,3.9379815139087047,-2.7628838791899965e-13
DCMPDA,DCMP deaminase,2,3.937981513908683,3.9379815139087047,-2.7628838791899965e-13
DCAtex,Decanoate transport via diffusion (extracellular to periplasm),2,3.937981513908683,3.9379815139087047,-2.7628838791899965e-13
DHDPRy,Dihydrodipicolinate reductase (NADPH),2,3.937981513908683,3.9379815139087047,-2.7628838791899965e-13
DHBSZ3FEexs,23dhbsz3 Fe III sequestration,2,3.937981513908683,3.9379815139087047,-2.7628838791899965e-13
DHBD,"2,3-dihydro-2,3-dihydroxybenzoate dehydrogenase",2,3.937981513908683,3.9379815139087047,-2.7628838791899965e-13
DHAPT,Dihydroxyacetone phosphotransferase,2,3.937981513908683,3.9379815139087047,-2.7628838791899965e-13
DHAK,Dihydroxyacetone kinase,2,3.937981513908683,3.9379815139087047,-2.7628838791899965e-13
DHAD3,Dihydroxy acid dehydratase  2 3 dihydroxy 3 methylpentanoate,2,3.937981513908683,3.9379815139087047,-2.7628838791899965e-13
DHAD2,"Dihydroxy-acid dehydratase (2,3-dihydroxy-3-methylpentanoate)",2,3.937981513908683,3.9379815139087047,-2.7628838791899965e-13
DHAD1,"Dihydroxy-acid dehydratase (2,3-dihydroxy-3-methylbutanoate)",2,3.937981513908683,3.9379815139087047,-2.7628838791899965e-13
DHACOAH,"2,3-dehydroadipyl-CoA hydratase",2,3.937981513908683,3.9379815139087047,-2.7628838791899965e-13
DH23t,,2,3.937981513908683,3.9379815139087047,-2.7628838791899965e-13
DGUNC,Diguanylate cyclase,2,3.937981513908683,3.9379815139087047,-2.7628838791899965e-13
DDGLK,2-dehydro-3-deoxygluconokinase,2,3.937981513908683,3.9379815139087047,-2.7628838791899965e-13
DDPA,3-deoxy-D-arabino-heptulosonate 7-phosphate synthetase,2,3.937981513908683,3.9379815139087047,-2.7628838791899965e-13
DGK1,Deoxyguanylate kinase (dGMP:ATP),2,3.937981513908683,3.9379815139087047,-2.7628838791899965e-13
DACL,,2,3.937981513908683,3.9379815139087047,-2.7628838791899965e-13
DADK,Deoxyadenylate kinase,2,3.937981513908683,3.9379815139087047,-2.7628838791899965e-13
DADNK,Deoxyadenosine kinase,2,3.937981513908683,3.9379815139087047,-2.7628838791899965e-13
DAGK,Diacylglycerol kinase,2,3.937981513908683,3.9379815139087047,-2.7628838791899965e-13
DAGK160,Diacylglycerol kinase (n-C16:0),2,3.937981513908683,3.9379815139087047,-2.7628838791899965e-13
CYTK1,Cytidylate kinase (CMP),2,3.937981513908683,3.9379815139087047,-2.7628838791899965e-13
CYTDt2,Cytidine transport in via proton symport,2,3.937981513908683,3.9379815139087047,-2.7628838791899965e-13
CYTDK2,Cytidine kinase (GTP),2,3.937981513908683,3.9379815139087047,-2.7628838791899965e-13
CYTDK1,ATP:cytidine 5'-phosphotransferase,2,3.937981513908683,3.9379815139087047,-2.7628838791899965e-13
CYTDH,Cytidine hydrolase,2,3.937981513908683,3.9379815139087047,-2.7628838791899965e-13
CYTD,Cytidine deaminase,2,3.937981513908683,3.9379815139087047,-2.7628838791899965e-13
CYTB_B3,Menauinol oxidase  72 protons,2,3.937981513908683,3.9379815139087047,-2.7628838791899965e-13
CYTB_B2,Menaquinol oxidase  71 protons,2,3.937981513908683,3.9379815139087047,-2.7628838791899965e-13
CYTBD2pp,Cytochrome oxidase bd (menaquinol-8: 2 protons) (periplasm),2,3.937981513908683,3.9379815139087047,-2.7628838791899965e-13
CYStpp,L-cysteine export via facilitated transport,2,3.937981513908683,3.9379815139087047,-2.7628838791899965e-13
CYSabcpp,L-cysteine uptake via ABC system (periplasm),2,3.937981513908683,3.9379815139087047,-2.7628838791899965e-13
CYSabc2pp,L-cysteine export via ABC system (cytoplasm to periplasm),2,3.937981513908683,3.9379815139087047,-2.7628838791899965e-13
CYSabc,L-cysteine transport via ABC system,2,3.937981513908683,3.9379815139087047,-2.7628838791899965e-13
DB4PS,"3,4-Dihydroxy-2-butanone-4-phosphate synthase",2,3.937981513908683,3.9379815139087047,-2.7628838791899965e-13
DATPHs,DATP amine hydrolysis (spontaneous),2,3.937981513908683,3.9379815139087047,-2.7628838791899965e-13
DASYN181,CDP-diacylglycerol synthetase (n-C18:1),2,3.937981513908683,3.9379815139087047,-2.7628838791899965e-13
DASYN180,CDP-diacylglycerol synthetase (n-C18:0),2,3.937981513908683,3.9379815139087047,-2.7628838791899965e-13
DASYN161,CDP-diacylglycerol synthetase (n-C16:1),2,3.937981513908683,3.9379815139087047,-2.7628838791899965e-13
DALAOX,D amino acid oxidase,2,3.937981513908683,3.9379815139087047,-2.7628838791899965e-13
DALALEUD,Beta alanine L leucine dipeptidase,2,3.937981513908683,3.9379815139087047,-2.7628838791899965e-13
DHNCOAS,"1,4-dihydroxy-2-napthoyl-CoA synthase",2,3.937981513908683,3.9379815139087047,-2.7628838791899965e-13
DHORTS,Dihydroorotase,2,3.937981513908683,3.9379815139087047,-2.7628838791899965e-13
DIPEPabc3,Dipeptide transport via ABC system  ala glu,2,3.937981513908683,3.9379815139087047,-2.7628838791899965e-13
DHQTi,"3-dehydroquinate dehydratase, irreversible",2,3.937981513908683,3.9379815139087047,-2.7628838791899965e-13
DINSK,Deoxyinosine kinase,2,3.937981513908683,3.9379815139087047,-2.7628838791899965e-13
DIPEPabc1,Dipeptide transport via ABC system  ala asp,2,3.937981513908683,3.9379815139087047,-2.7628838791899965e-13
DIPEPabc10,Dipeptide transport via ABC system  gly glu,2,3.937981513908683,3.9379815139087047,-2.7628838791899965e-13
DIPEPabc12,Dipeptide transport via ABC system  met ala,2,3.937981513908683,3.9379815139087047,-2.7628838791899965e-13
DIPEPabc13,Dipeptide transport via ABC system  gly asp,2,3.937981513908683,3.9379815139087047,-2.7628838791899965e-13
DIPEPabc14,Dipeptide transport via ABC system  gly pro L,2,3.937981513908683,3.9379815139087047,-2.7628838791899965e-13
DDGLCNt2r,"2-dehydro-3-deoxy-D-gluconate transport via proton symport, reversible",2,3.937981513908683,3.9379815139087047,-2.7628838791899965e-13
VPAMTr,Valine-pyruvate aminotransferase,2,3.9379815139087047,3.937981513908683,2.7628838791899965e-13
CYTOM,Cytosine 5 methyltransferase,2,3.937981513908683,3.9379815139087047,-2.7628838791899965e-13
CYTK2,Cytidylate kinase (dCMP),2,3.937981513908683,3.9379815139087047,-2.7628838791899965e-13
CYST_II,,2,3.937981513908683,3.9379815139087047,-2.7628838791899965e-13
CYSTS,Cystathionine beta synthase,2,3.937981513908683,3.9379815139087047,-2.7628838791899965e-13
D5KGK,2-Deoxy-5-Keto-D-gluconate kinase,2,3.937981513908683,3.9379815139087047,-2.7628838791899965e-13
D5KGPA,2-Deoxy-5-keto-D-gluconate 6-phosphate aldolase,2,3.937981513908683,3.9379815139087047,-2.7628838791899965e-13
DABAAT2,DABA aminotransferase,2,3.937981513908683,3.9379815139087047,-2.7628838791899965e-13
CTECOAI7,3-cis-2-trans-enoyl-CoA isomerase,2,3.937981513908683,3.9379815139087047,-2.7628838791899965e-13
DAGK_BS,Diacylglycerol kinase,2,3.937981513908683,3.9379815139087047,-2.7628838791899965e-13
DALAALAD,Beta alanine L alanine dipeptidase,2,3.937981513908683,3.9379815139087047,-2.7628838791899965e-13
DALADALAD,Beta alanine beta alanine dipeptidase,2,3.937981513908683,3.9379815139087047,-2.7628838791899965e-13
DALAGLYD,Beta alanine L glycine dipeptidase,2,3.937981513908683,3.9379815139087047,-2.7628838791899965e-13
CTPS1,CTP synthase  NH3,2,3.937981513908683,3.9379815139087047,-2.7628838791899965e-13
CTPS2,CTP synthase (glutamine),2,3.937981513908683,3.9379815139087047,-2.7628838791899965e-13
CU2abcpp,Copper (Cu+2) ABC transporter (periplasm),2,3.937981513908683,3.9379815139087047,-2.7628838791899965e-13
CU2tpp,Copper transport in via permease (no H+),2,3.937981513908683,3.9379815139087047,-2.7628838791899965e-13
CYSS,Cysteine synthase,2,3.937981513908683,3.9379815139087047,-2.7628838791899965e-13
CYSTGL,Cystathionine g lyase,2,3.937981513908683,3.9379815139087047,-2.7628838791899965e-13
CYSTL,Cystathionine b-lyase,2,3.937981513908683,3.9379815139087047,-2.7628838791899965e-13
BTDD_RR,R R  butanediol dehydrogenase,2,3.937981513908683,3.9379815139087047,-2.7628838791899965e-13
BTNt,Biotin ABC transporter,2,3.937981513908683,3.9379815139087047,-2.7628838791899965e-13
BTNt2i,Biotin uptake,2,3.937981513908683,3.9379815139087047,-2.7628838791899965e-13
BTS3r,Biotin synthase,2,3.937981513908683,3.9379815139087047,-2.7628838791899965e-13
CDGUNPD,"3,5-cyclic-nucleotide phosphodiesterase",2,3.937981513908683,3.9379815139087047,-2.7628838791899965e-13
CDPMEK,4-(cytidine 5'-diphospho)-2-C-methyl-D-erythritol kinase,2,3.937981513908683,3.9379815139087047,-2.7628838791899965e-13
CDPPH,CDP phosphohydrolase,2,3.937981513908683,3.9379815139087047,-2.7628838791899965e-13
CELBpts,Cellobiose transport via PEPPyr PTS,2,3.937981513908683,3.9379815139087047,-2.7628838791899965e-13
CELBt2,,2,3.937981513908683,3.9379815139087047,-2.7628838791899965e-13
Clt,Major Facilitator(MFS) TCDB:2.A.1.14.6,2,3.937981513908683,3.9379815139087047,-2.7628838791899965e-13
CTECOAI6,3-cis-2-trans-enoyl-CoA isomerase,2,3.937981513908683,3.9379815139087047,-2.7628838791899965e-13
CD2t5,Cadmium  Cd2  transport out via proton antiport  cytosolexternal,2,3.937981513908683,3.9379815139087047,-2.7628838791899965e-13
CTECOAI8,3-cis-2-trans-enoyl-CoA isomerase,2,3.937981513908683,3.9379815139087047,-2.7628838791899965e-13
CHLabc,Choline transport via ABC system,2,3.937981513908683,3.9379815139087047,-2.7628838791899965e-13
CGLYabcpp,L-Cysteinylglycine (Cys-Gly) transport via ABC system (periplasm),2,3.937981513908683,3.9379815139087047,-2.7628838791899965e-13
CELLBpts_2,,2,3.937981513908683,3.9379815139087047,-2.7628838791899965e-13
CELLBabc,Cellobiose transport via ATP transporter,2,3.937981513908683,3.9379815139087047,-2.7628838791899965e-13
CITt14,Citrate transport in via Ca complex,2,3.937981513908683,3.9379815139087047,-2.7628838791899965e-13
CITt3pp,Citrate transport out via proton antiport (periplasm),2,3.937981513908683,3.9379815139087047,-2.7628838791899965e-13
CHORS,Chorismate synthase,2,3.937981513908683,3.9379815139087047,-2.7628838791899965e-13
CHOLD,Choline dehydrogenase,2,3.937981513908683,3.9379815139087047,-2.7628838791899965e-13
BUTCT,Acetyl-CoA:butyrate-CoA transferase,2,3.937981513908683,3.9379815139087047,-2.7628838791899965e-13
ATPPRT,ATP phosphoribosyltransferase,2,3.937981513908683,3.9379815139087047,-2.7628838791899965e-13
ATPX5P,ATP pyridoxal 5'-phosphotransferase,2,3.937981513908683,3.9379815139087047,-2.7628838791899965e-13
BALAALAabcpp,Beta alanyl L alanine transport via ABC system  periplasm,2,3.937981513908683,3.9379815139087047,-2.7628838791899965e-13
BALABALAabcpp,Beta alanyl beta alanine transport via ABC system  periplasm,2,3.937981513908683,3.9379815139087047,-2.7628838791899965e-13
BALAGLYabcpp,Beta alanyl L glycine transport via ABC system  periplasm,2,3.937981513908683,3.9379815139087047,-2.7628838791899965e-13
CD2t6,Cadmium  Cd2  transport out via proton antiport  periplasmexternal,2,3.937981513908683,3.9379815139087047,-2.7628838791899965e-13
CHORM,Chorismate mutase,2,3.937981513908683,3.9379815139087047,-2.7628838791899965e-13
BALAMDAH,Beta Alaninamide amidohydrolase,2,3.937981513908683,3.9379815139087047,-2.7628838791899965e-13
BALALEUabcpp,Beta alanyl L leucine transport via ABC system  periplasm,2,3.937981513908683,3.9379815139087047,-2.7628838791899965e-13
CITt4pp_1,Citrate transport via sodium symport  periplasm,2,3.937981513908683,3.9379815139087047,-2.7628838791899965e-13
CITtupp,Citrate transport periplasm,2,3.937981513908683,3.9379815139087047,-2.7628838791899965e-13
CMCBTFexs,Carboxymycobactin Fe loading reaction  spontaneous,2,3.937981513908683,3.9379815139087047,-2.7628838791899965e-13
CMPDAi,CMP deaminase,2,3.937981513908683,3.9379815139087047,-2.7628838791899965e-13
CO2t,CO2 transporter via diffusion,2,3.937981513908683,3.9379815139087047,-2.7628838791899965e-13
CO2tpp,CO2 transporter via diffusion (periplasm),2,3.937981513908683,3.9379815139087047,-2.7628838791899965e-13
COBALT2abcpp,Cobalt (Co+2) ABC transporter (periplasm),2,3.937981513908683,3.9379815139087047,-2.7628838791899965e-13
COBALT2t3pp,Cobalt (Co+2) transport out via proton antiport (periplasm),2,3.937981513908683,3.9379815139087047,-2.7628838791899965e-13
COBALTt4pp,Cobalt transport out via proton antiporter (periplasm),2,3.937981513908683,3.9379815139087047,-2.7628838791899965e-13
COBALTt5,Cobalt (Co+2) transport via diffusion (extracellular to cytoplasm),2,3.937981513908683,3.9379815139087047,-2.7628838791899965e-13
CYS,L-cysteine,2,3.937981513908683,3.9379815139087047,-2.7628838791899965e-13
CYSDS,Cysteine Desulfhydrase,2,3.937981513908683,3.9379815139087047,-2.7628838791899965e-13
CYSGL,Cystathionine gamma-lyase,2,3.937981513908683,3.9379815139087047,-2.7628838791899965e-13
CYSK2_I,O-Phospho-L-Serine-dependent S-Suflocysteine Synthase,2,3.937981513908683,3.9379815139087047,-2.7628838791899965e-13
BHBtpp,Transport of (r)-3-hydroxybutanoate [extraorganism-cytosol](passive),2,3.937981513908683,3.9379815139087047,-2.7628838791899965e-13
CPPPGO,Coproporphyrinogen oxidase (O2 required),2,3.937981513908683,3.9379815139087047,-2.7628838791899965e-13
CPGNexs,Coprogen Fe-loading reaction (spontaneaous),2,3.937981513908683,3.9379815139087047,-2.7628838791899965e-13
COabc,Cobalt transport via ABC system,2,3.937981513908683,3.9379815139087047,-2.7628838791899965e-13
BLAMDabcpp,Beta alanyl L alanine transport via ABC system  periplasm,2,3.937981513908683,3.9379815139087047,-2.7628838791899965e-13
BPNT_1,"3',5'-bisphosphate nucleotidase",2,3.937981513908683,3.9379815139087047,-2.7628838791899965e-13
CAT,Catalase,2,3.937981513908683,3.9379815139087047,-2.7628838791899965e-13
CAt4,Calcium transport inout via proton antiporter,2,3.937981513908683,3.9379815139087047,-2.7628838791899965e-13
DSERt2,D-serine transport via proton symport,2,3.937981513908683,3.9379815139087047,-2.7628838791899965e-13
DSERt2pp,D-serine transport in via proton symport (periplasm),2,3.937981513908683,3.9379815139087047,-2.7628838791899965e-13
DTMPK,DTMP kinase,2,3.937981513908683,3.9379815139087047,-2.7628838791899965e-13
DURIK1,Deoxyuridine kinase (ATP:Deoxyuridine),2,3.937981513908683,3.9379815139087047,-2.7628838791899965e-13
CBPS,Carbamoyl-phosphate synthase (glutamine-hydrolysing),2,3.937981513908683,3.9379815139087047,-2.7628838791899965e-13
CD2abc1,Cadmium transport out via ABC system,2,3.937981513908683,3.9379815139087047,-2.7628838791899965e-13
CD2abcpp,Cadmium (Cd+2) ABC transporter (periplasm),2,3.937981513908683,3.9379815139087047,-2.7628838791899965e-13
DSERDHr,D-serine dehydrogenase,2,3.937981513908683,3.9379815139087047,-2.7628838791899965e-13
DXPRIi,1-deoxy-D-xylulose reductoisomerase,2,3.937981513908683,3.9379815139087047,-2.7628838791899965e-13
DXPS,1-deoxy-D-xylulose 5-phosphate synthase,2,3.937981513908683,3.9379815139087047,-2.7628838791899965e-13
E4PD,Erythrose 4-phosphate dehydrogenase,2,3.937981513908683,3.9379815139087047,-2.7628838791899965e-13
ECOAH1,3-hydroxyacyl-CoA dehydratase (3-hydroxybutanoyl-CoA),2,3.937981513908683,3.9379815139087047,-2.7628838791899965e-13
ECOAH1_1,3 hydroxyacyl CoA dehydratase  3 hydroxybutanoyl CoA,2,3.937981513908683,3.9379815139087047,-2.7628838791899965e-13
DIPEPabc15,Dipeptide transport via ABC system  cgly,2,3.937981513908683,3.9379815139087047,-2.7628838791899965e-13
CD2t3pp,Cadmium (Cd+2) transport out via proton antiport (periplasm),2,3.937981513908683,3.9379815139087047,-2.7628838791899965e-13
CD2t4,Cadminum transport out via antiport,2,3.937981513908683,3.9379815139087047,-2.7628838791899965e-13
CD2t4pp,Cadmium (Cd+2) transport out via proton antiport (periplasm),2,3.937981513908683,3.9379815139087047,-2.7628838791899965e-13
BALAt2pp,Beta-alanine transport in via proton symport (periplasm),2,3.937981513908683,3.9379815139087047,-2.7628838791899965e-13
BALAt2r,Beta Alanine transport in via proton symport,2,3.937981513908683,3.9379815139087047,-2.7628838791899965e-13
BDH,3-HYDROXYBUTYRATE-DEHYDROGENASE-RXN,2,3.937981513908683,3.9379815139087047,-2.7628838791899965e-13
DRIBabc,Deoxyribose transport via ABC system,2,3.937981513908683,3.9379815139087047,-2.7628838791899965e-13
DRPA,Deoxyribose-phosphate aldolase,2,3.937981513908683,3.9379815139087047,-2.7628838791899965e-13
DURIPP,Deoxyuridine phosphorylase,2,3.937981513908683,3.9379815139087047,-2.7628838791899965e-13
DUTPDP,DUTP diphosphatase,2,3.937981513908683,3.9379815139087047,-2.7628838791899965e-13
BGLA1,6-phospho-beta-glucosidase,2,3.937981513908683,3.9379815139087047,-2.7628838791899965e-13
BGLA,Beta-glucosidase,2,3.937981513908683,3.9379815139087047,-2.7628838791899965e-13
BETALDHy,Betaine-aldehyde dehydrogenase,2,3.937981513908683,3.9379815139087047,-2.7628838791899965e-13
BETALDHx,Betaine-aldehyde dehydrogenase,2,3.937981513908683,3.9379815139087047,-2.7628838791899965e-13
BUTSO3abcpp,Butanesulfonate transport via ABC system (periplasm),2,3.937981513908683,3.9379815139087047,-2.7628838791899965e-13
BGLK,Beta-glucoside kinase,2,3.937981513908683,3.9379815139087047,-2.7628838791899965e-13
BUTCT2,,2,3.937981513908683,3.9379815139087047,-2.7628838791899965e-13
BUTKr,Butyrate kinase,2,3.937981513908683,3.9379815139087047,-2.7628838791899965e-13
CA2abc1,Calcium efflux  via ABC system,2,3.937981513908683,3.9379815139087047,-2.7628838791899965e-13
CARNabcpp,Carnosine transport via ABC system  periplasm,2,3.937981513908683,3.9379815139087047,-2.7628838791899965e-13
DIPEPabc8,Dipeptide transport via ABC system  gly asn,2,3.937981513908683,3.9379815139087047,-2.7628838791899965e-13
DKDID,"D-2,3-Diketo 4-deoxy-epi-inositol dehydratase",2,3.937981513908683,3.9379815139087047,-2.7628838791899965e-13
DKMD2K,1 2 dihydroxy 3 keto 5 methylthiopentene dioxygenase  2 keto 4 methylthiobutyrate,2,3.937981513908683,3.9379815139087047,-2.7628838791899965e-13
BUTt2rpp,"Butyrate transport via proton symport, reversible (periplasm)",2,3.937981513908683,3.9379815139087047,-2.7628838791899965e-13
BZDH,Benzaldehyde dehydrogenase,2,3.937981513908683,3.9379815139087047,-2.7628838791899965e-13
C4HP,,2,3.937981513908683,3.9379815139087047,-2.7628838791899965e-13
DMPPS,1-hydroxy-2-methyl-2-(E)-butenyl 4-diphosphate reductase (dmpp),2,3.937981513908683,3.9379815139087047,-2.7628838791899965e-13
DMATT,Dimethylallyltranstransferase,2,3.937981513908683,3.9379815139087047,-2.7628838791899965e-13
DM1PE,2 3 diketo 5 methylthiopentyl 1 phosphate enolase,2,3.937981513908683,3.9379815139087047,-2.7628838791899965e-13
DNADDP,Deamino-NAD+ nucleotidohydrolase,2,3.937981513908683,3.9379815139087047,-2.7628838791899965e-13
DNTPPA,Dihydroneopterin triphosphate pyrophosphatase,2,3.937981513908683,3.9379815139087047,-2.7628838791899965e-13
DPR,2-dehydropantoate 2-reductase,2,3.937981513908683,3.9379815139087047,-2.7628838791899965e-13
DNTAep,N N bis 3 5 dinitrotolyl  amine extrusion pump,2,3.937981513908683,3.9379815139087047,-2.7628838791899965e-13
DNMPPA,Dihydroneopterin monophosphate dephosphorylase,2,3.937981513908683,3.9379815139087047,-2.7628838791899965e-13
ACACT7r,Acetyl-CoA C-acyltransferase (tetradecanoyl-CoA) (r),1,3.9379815139086647,3.9379815139086864,-2.7628838791899965e-13
DRBK,Deoxyribokinase,2,3.937981513908683,3.9379815139087047,-2.7628838791899965e-13
DHPPDA,Diaminohydroxyphosphoribosylaminopyrimidine deaminase,2,3.937981513908683,3.9379815139087047,-2.7628838791899965e-13
DHPS,Dihydropteroate synthase,2,3.937981513908683,3.9379815139087047,-2.7628838791899965e-13
CRO4abcpp,Chromate transport via ABC system (periplasm),2,3.937981513908683,3.9379815139087047,-2.7628838791899965e-13
DHQS,3-dehydroquinate synthase,2,3.937981513908683,3.9379815139087047,-2.7628838791899965e-13
CRO4t3pp,Chromate transport out via proton antiport (cytoplasm to periplasm),2,3.937981513908683,3.9379815139087047,-2.7628838791899965e-13
CRO4t3,Chromate transport out via proton antiport,2,3.937981513908683,3.9379815139087047,-2.7628838791899965e-13
GALS3,A-galactosidase (melibiose),2,3.9379815139086873,3.937981513908708,-2.650113108610813e-13
3PEPTabcpp,Tripeptide (LalaDgluMdap) transport via ABC system (periplasm),2,3.937981513908698,3.937981513908678,2.537342338031629e-13
ECOAH4,3-hydroxyacyl-CoA dehydratase (3-hydroxydecanoyl-CoA),2,3.937981513908704,3.9379815139086847,2.480956952742038e-13
ECOAH3,3-hydroxyacyl-CoA dehydratase (3-hydroxyoctanoyl-CoA),2,3.937981513908704,3.9379815139086847,2.480956952742038e-13
LPLIPAL1E180pp,"Lysophospholipase L1 (2-acylglycerophosphoethanolamine, n-C18:0) (periplasm)",2,3.9379815139086998,3.9379815139086807,2.424571567452446e-13
FFSD1r,Beta-fructofuranosidase,2,3.937981513908693,3.9379815139087118,-2.368186182162854e-13
FOMETRi,Aminomethyltransferase,2,3.937981513908693,3.9379815139087118,-2.368186182162854e-13
FE2Gabcpp,Iron (II) transport via ABC system (GTP) (periplasm),2,3.937981513908693,3.9379815139087118,-2.368186182162854e-13
FE2abcpp,Iron (II) transport via ABC system (periplasm),2,3.937981513908693,3.9379815139087118,-2.368186182162854e-13
FDMO3_1,FMN dependent monooxygenase  hexanesulfonate,2,3.937981513908693,3.9379815139087118,-2.368186182162854e-13
FDMO4_1,FMN dependent monooxygenase  taurine,2,3.937981513908693,3.9379815139087118,-2.368186182162854e-13
FE2t3pp,Iron (Fe+2) transport out via proton antiport (periplasm),2,3.937981513908693,3.9379815139087118,-2.368186182162854e-13
G3PAT160,Glycerol-3-phosphate acyltransferase (C16:0),2,3.937981513908693,3.9379815139087118,-2.368186182162854e-13
EDA,2-dehydro-3-deoxy-phosphogluconate aldolase,2,3.937981513908693,3.9379815139087118,-2.368186182162854e-13
FOLD3,Dihydropteroate synthase,2,3.937981513908693,3.9379815139087118,-2.368186182162854e-13
FE3DCITexs,Dicitrate Fe(III) binding (spontaneous),2,3.937981513908693,3.9379815139087118,-2.368186182162854e-13
FE3abcpp,Iron (III) transport via ABC system (periplasm to cytoplasm),2,3.937981513908693,3.9379815139087118,-2.368186182162854e-13
G3PD4,Glycerol 3 phosphate dehydrogenase  menaquinone 7,2,3.937981513908693,3.9379815139087118,-2.368186182162854e-13
G6PDA,Glucosamine-6-phosphate deaminase,2,3.937981513908693,3.9379815139087118,-2.368186182162854e-13
ECOAH8,3-hydroxyacyl-CoA dehydratase (3-hydroxyoctadecanoyl-CoA),2,3.937981513908693,3.9379815139087118,-2.368186182162854e-13
G6PP,Glucose-6-phosphate phosphatase,2,3.937981513908693,3.9379815139087118,-2.368186182162854e-13
FMNAT,FMN adenylyltransferase,2,3.937981513908693,3.9379815139087118,-2.368186182162854e-13
FEDCabc,Iron  III  dicitrate transport via ABC system,2,3.937981513908693,3.9379815139087118,-2.368186182162854e-13
G3PCT,Glycerol-3-phosphate cytidylyltransferase,2,3.937981513908693,3.9379815139087118,-2.368186182162854e-13
G5SD,Glutamate-5-semialdehyde dehydrogenase,2,3.937981513908693,3.9379815139087118,-2.368186182162854e-13
G3PT,Glycerol-3-phosphatase,2,3.937981513908693,3.9379815139087118,-2.368186182162854e-13
ETHSO3abcpp,Ethanesulfonate transport via ABC system (periplasm),2,3.937981513908693,3.9379815139087118,-2.368186182162854e-13
FADH2D,FADH2 dehydrogenase (menaquinone 7 as acceptor),2,3.937981513908693,3.9379815139087118,-2.368186182162854e-13
FALDep,Formaldehyde extrusion pump,2,3.937981513908693,3.9379815139087118,-2.368186182162854e-13
FRD2,Fumarate reductase,2,3.937981513908693,3.9379815139087118,-2.368186182162854e-13
FRDO,FRDO,2,3.937981513908693,3.9379815139087118,-2.368186182162854e-13
FUMAC,Fumarylacetoacetase,2,3.937981513908693,3.9379815139087118,-2.368186182162854e-13
FRUK,Fructose-1-phosphate kinase,2,3.937981513908693,3.9379815139087118,-2.368186182162854e-13
FRUpts2,Fructose transport via PEP:Pyr PTS (f6p generating),2,3.937981513908693,3.9379815139087118,-2.368186182162854e-13
FTHFLi,Formate-tetrahydrofolate ligase,2,3.937981513908693,3.9379815139087118,-2.368186182162854e-13
FCLT_2,Heme B synthesis reaction,2,3.937981513908693,3.9379815139087118,-2.368186182162854e-13
FBA3,"Sedoheptulose 1,7-bisphosphate D-glyceraldehyde-3-phosphate-lyase",2,3.937981513908693,3.9379815139087118,-2.368186182162854e-13
FDMO,FMNH2-dependent monooxygenase,2,3.937981513908693,3.9379815139087118,-2.368186182162854e-13
FMNRx2,FMN reductase,2,3.937981513908693,3.9379815139087118,-2.368186182162854e-13
F6PP,D-fructose 6-phosphate phosphatase,2,3.937981513908693,3.9379815139087118,-2.368186182162854e-13
G3PAT180,Glycerol-3-phosphate acyltransferase (C18:0),2,3.937981513908693,3.9379815139087118,-2.368186182162854e-13
FEOXAMexs,Ferroxamine Fe3-loading reaction (spontaneous),2,3.937981513908693,3.9379815139087118,-2.368186182162854e-13
ALDD1,Aldehyde dehydrogenase  formaldehyde  NAD,2,3.937981513908714,3.9379815139086958,2.3118007968732625e-13
PSCVT,3-phosphoshikimate 1-carboxyvinyltransferase,2,3.937981513908684,3.9379815139087015,-2.2554154115836706e-13
NAabcO,Sodium transport out via ABC system,2,3.9379815139086998,3.937981513908683,2.142644641004487e-13
ECOAH2c,Enoyl CoA hydratase  bacterial,2,3.937981513908657,3.937981513908674,-2.142644641004487e-13
GALabc,D-galactose transport via ABC system,2,3.9379815139087366,3.9379815139087224,1.8043323292669365e-13
GALURDH,Galacturonate dehydrogenase,2,3.9379815139087366,3.9379815139087224,1.8043323292669365e-13
GALabcpp,D-galactose transport via ABC system (periplasm),2,3.9379815139087366,3.9379815139087224,1.8043323292669365e-13
GALURt2rpp,"D-galacturonate transport via proton symport, reversible (periplasm)",2,3.9379815139087366,3.9379815139087224,1.8043323292669365e-13
GALUi,UTP-glucose-1-phosphate uridylyltransferase (irreversible),2,3.9379815139087366,3.9379815139087224,1.8043323292669365e-13
3MBtex,3-methylbutanoic acid transport via diffusion (extracellular to periplasm),3,3.937981513908713,3.937981513908699,1.8043323292669365e-13
ACOAD5,Acyl-CoA dehydrogenase (dodecanoyl-CoA),2,3.937981513908697,3.937981513908711,-1.7479469439773446e-13
ALATRPtex,L Alaninyltryptophan transport via diffusion  extracellular to periplasm,3,3.9379815139086083,3.937981513908595,1.691561558687753e-13
AI2tpp,Quorum signal AI-2 exporter,3,3.9379815139086083,3.937981513908595,1.691561558687753e-13
ADtr,"Acetamide transport, extracellular",3,3.9379815139086083,3.937981513908595,1.691561558687753e-13
4HPRO_LT_Et,Trans-4-Hydroxy-L-proline transport (transport mechanism unknown - evidence from biolog data),3,3.9379815139086083,3.937981513908595,1.691561558687753e-13
4HBAt,MNXR68734,3,3.9379815139086083,3.937981513908595,1.691561558687753e-13
ACONCt4pp,Citrate transport via sodium symport  periplasm,3,3.9379815139086083,3.937981513908595,1.691561558687753e-13
LTHRK,L threonine kinase,2,3.937981513908693,3.9379815139086807,1.5787907881085693e-13
NADPHQR3,NADPH Quinone Reductase (Menaquinone-8),2,3.937981513908693,3.9379815139086807,1.5787907881085693e-13
LPLIPAL2G181,"Lysophospholipase L2 (2-acylglycerophosphoglycerol, n-C18:1)",2,3.937981513908693,3.9379815139086807,1.5787907881085693e-13
LPLIPAL2E161,"Lysophospholipase L2 (2-acylglycerophosphoethanolamine, n-C16:1)",2,3.937981513908693,3.9379815139086807,1.5787907881085693e-13
NADTRHD,NAD transhydrogenase,2,3.937981513908693,3.9379815139086807,1.5787907881085693e-13
LYSDC,Lysine decarboxylase,2,3.937981513908693,3.9379815139086807,1.5787907881085693e-13
LYSGLUGLYtr,Tripeptide transport,2,3.937981513908693,3.9379815139086807,1.5787907881085693e-13
LYSabc,L-lysine transport via ABC system,2,3.937981513908693,3.9379815139086807,1.5787907881085693e-13
LSERDHr,L-serine dehydrogenase,2,3.937981513908693,3.9379815139086807,1.5787907881085693e-13
LYSabcpp,L-lysine transport via ABC system (periplasm),2,3.937981513908693,3.9379815139086807,1.5787907881085693e-13
LYSt3r,L lysine transport out via proton antiport reversible,2,3.937981513908693,3.9379815139086807,1.5787907881085693e-13
LYSt3pp,L-lysine transport out via proton antiport (cytoplasm to periplasm),2,3.937981513908693,3.9379815139086807,1.5787907881085693e-13
METabc,L-methionine transport via ABC system,2,3.937981513908693,3.9379815139086807,1.5787907881085693e-13
METabcpp,L-methionine transport via ABC system (periplasm),2,3.937981513908693,3.9379815139086807,1.5787907881085693e-13
NADN,NAD nucleosidase,2,3.937981513908693,3.9379815139086807,1.5787907881085693e-13
NABTNO,N4 AcetylaminobutanalNAD oxidoreductase,2,3.937981513908693,3.9379815139086807,1.5787907881085693e-13
NADS1,NAD synthase (nh3),2,3.937981513908693,3.9379815139086807,1.5787907881085693e-13
NADS2,Nicotinate-mononucleotide adenylyltransferase,2,3.937981513908693,3.9379815139086807,1.5787907881085693e-13
NADPHQR2,NADPH Quinone Reductase (Ubiquinone-8),2,3.937981513908693,3.9379815139086807,1.5787907881085693e-13
MOHMT,3-methyl-2-oxobutanoate hydroxymethyltransferase,2,3.937981513908693,3.9379815139086807,1.5787907881085693e-13
NADHPO,NADH peroxidase,2,3.937981513908693,3.9379815139086807,1.5787907881085693e-13
NADH9,NADH dehydrogenase (demethylmenaquinone-8 & 0 protons),2,3.937981513908693,3.9379815139086807,1.5787907881085693e-13
NADK5,NAD kinase  dTTP,2,3.937981513908693,3.9379815139086807,1.5787907881085693e-13
NADKd,NAD kinase dTTP,2,3.937981513908693,3.9379815139086807,1.5787907881085693e-13
NADK3,NAD kinase  dGTP,2,3.937981513908693,3.9379815139086807,1.5787907881085693e-13
NADK2,NAD kinase  dATP,2,3.937981513908693,3.9379815139086807,1.5787907881085693e-13
NADK1,NAD kinase  GTP,2,3.937981513908693,3.9379815139086807,1.5787907881085693e-13
NADK4,NAD kinase  dCTP,2,3.937981513908693,3.9379815139086807,1.5787907881085693e-13
MLTGY2pp,Murein lytic transglycosylase (murein4p3p) (periplasm),2,3.937981513908693,3.9379815139086807,1.5787907881085693e-13
MYCTR,MYCTR,2,3.937981513908693,3.9379815139086807,1.5787907881085693e-13
MTHTHFSs,"(2R,4S)-2-methyl-2,3,3,4-tetrahydroxytetrahydrofuran synthesis (spontaneous)",2,3.937981513908693,3.9379815139086807,1.5787907881085693e-13
MTRK,5-methylthioribose kinase,2,3.937981513908693,3.9379815139086807,1.5787907881085693e-13
MTHFD2i,Methylenetetrahydrofolate dehydrogenase  NAD,2,3.937981513908693,3.9379815139086807,1.5787907881085693e-13
MTHFD,Methylenetetrahydrofolate dehydrogenase (NADP),2,3.937981513908693,3.9379815139086807,1.5787907881085693e-13
MTHFC_1,Methenyltetrahydrofolate cyclohydrolase,2,3.937981513908693,3.9379815139086807,1.5787907881085693e-13
MTHFR3,5 10 methylenetetrahydrofolatereductase  NADPH,2,3.937981513908693,3.9379815139086807,1.5787907881085693e-13
MTHFC,Methenyltetrahydrofolate cyclohydrolase,2,3.937981513908693,3.9379815139086807,1.5787907881085693e-13
MTAN,Methylthioadenosine nucleosidase,2,3.937981513908693,3.9379815139086807,1.5787907881085693e-13
NADH5,NADH dehydrogenase (ubiquinone-8 ),2,3.937981513908693,3.9379815139086807,1.5787907881085693e-13
NADH4,NADH dehydrogenase  Menaquinone 7  no proton,2,3.937981513908693,3.9379815139086807,1.5787907881085693e-13
NADH10,NADH dehydrogenase (menaquinone-8 & 0 protons),2,3.937981513908693,3.9379815139086807,1.5787907881085693e-13
NADDPp_1,"NAD diphosphatase, peroxisomal",2,3.937981513908693,3.9379815139086807,1.5787907881085693e-13
NADDP,NAD diphosphatase,2,3.937981513908693,3.9379815139086807,1.5787907881085693e-13
NADK,NAD kinase,2,3.937981513908693,3.9379815139086807,1.5787907881085693e-13
METSRabc,L methionine R oxide transport via ABC system,2,3.937981513908693,3.9379815139086807,1.5787907881085693e-13
MOBDabcpp,Molybdate transport via ABC system (periplasm),2,3.937981513908693,3.9379815139086807,1.5787907881085693e-13
MOBDabc_rev,T06232b,2,3.937981513908693,3.9379815139086807,1.5787907881085693e-13
MOBDabc,Molybdate transport via ABC system,2,3.937981513908693,3.9379815139086807,1.5787907881085693e-13
MNt2,Manganese transport in via proton symport,2,3.937981513908693,3.9379815139086807,1.5787907881085693e-13
MNabc,Manganese transport via ABC system,2,3.937981513908693,3.9379815139086807,1.5787907881085693e-13
MNLptspp,Mannitol transport via PEP:Pyr PTS (periplasm),2,3.937981513908693,3.9379815139086807,1.5787907881085693e-13
MNLpts,Mannitol transport via PEP:Pyr PTS,2,3.937981513908693,3.9379815139086807,1.5787907881085693e-13
MN6PP,Mannose 6-phosphate phosphatase,2,3.937981513908693,3.9379815139086807,1.5787907881085693e-13
MN2t3pp,Manganese (Mn+2) transport out via proton antiport (periplasm),2,3.937981513908693,3.9379815139086807,1.5787907881085693e-13
MMM2,Methylmalonyl-CoA mutase,2,3.937981513908693,3.9379815139086807,1.5787907881085693e-13
MMM,Methylmalonyl-CoA mutase,2,3.937981513908693,3.9379815139086807,1.5787907881085693e-13
MMETt2pp,S-methylmethionine permease (periplasm),2,3.937981513908693,3.9379815139086807,1.5787907881085693e-13
MMCD,Methylmalonyl-CoA decarboxylase,2,3.937981513908693,3.9379815139086807,1.5787907881085693e-13
MLTGY4pp,Murein lytic transglycosylase (murein4px4p4p) (periplasm),2,3.937981513908693,3.9379815139086807,1.5787907881085693e-13
MLTGY3pp,Murein lytic transglycosylase (murein3p3p) (periplasm),2,3.937981513908693,3.9379815139086807,1.5787907881085693e-13
MELIBabc,Melibiose transport via ABC system (import),2,3.937981513908693,3.9379815139086807,1.5787907881085693e-13
MLTG2,Maltodextrin glucosidase (maltotetraose),2,3.937981513908693,3.9379815139086807,1.5787907881085693e-13
MLTG1,Maltodextrin glucosidase (maltotriose),2,3.937981513908693,3.9379815139086807,1.5787907881085693e-13
MLDEP1pp,"Murein L,D-endopeptidase (murein3px3p) (periplasm)",2,3.937981513908693,3.9379815139086807,1.5787907881085693e-13
MLDCP3App,"Murein L,D-carboxypeptidase (murein5px3p) (periplasm)",2,3.937981513908693,3.9379815139086807,1.5787907881085693e-13
MLDCP1App,"Murein L,D-carboxypeptidase (murein5px4p) (periplasm)",2,3.937981513908693,3.9379815139086807,1.5787907881085693e-13
MI1PP,Myo-inositol 1-phosphatase,2,3.937981513908693,3.9379815139086807,1.5787907881085693e-13
MHPGLUT2,5-methyltetrahydropteroyltriglutamate methyltransferase,2,3.937981513908693,3.9379815139086807,1.5787907881085693e-13
MHPGLUT,5 methyltetrahydropteroyltriglutamate homocysteine S methyltransferase,2,3.937981513908693,3.9379815139086807,1.5787907881085693e-13
MGt5,Magnesium transport in/out via permease (no H+),2,3.937981513908693,3.9379815139086807,1.5787907881085693e-13
MSULR,Metanesulfonate reductase  NADPH2,2,3.937981513908693,3.9379815139086807,1.5787907881085693e-13
MTAM_1,,2,3.937981513908693,3.9379815139086807,1.5787907881085693e-13
MSO3abcpp,Methanesulfonate transport via ABC system (periplasm),2,3.937981513908693,3.9379815139086807,1.5787907881085693e-13
MSO3abc,Methanesulfonate transport via ABC system,2,3.937981513908693,3.9379815139086807,1.5787907881085693e-13
MPTG2,Murein polymerizing transglycosylase 2 (three linked units),2,3.937981513908693,3.9379815139086807,1.5787907881085693e-13
MPTG,Murein polymerizing transglycosylase,2,3.937981513908693,3.9379815139086807,1.5787907881085693e-13
MCA,Methyl cis aconitase,2,3.937981513908693,3.9379815139086807,1.5787907881085693e-13
MCBTFUexs,Mycobactin Fe loading reaction  spontaneous,2,3.937981513908693,3.9379815139086807,1.5787907881085693e-13
METt3pp,L-methionine tranport out via proton antiport (periplasm),2,3.937981513908693,3.9379815139086807,1.5787907881085693e-13
METte,Methionine antiporter,2,3.937981513908693,3.9379815139086807,1.5787907881085693e-13
MGCH,Methylglutaconyl-CoA hydratase,2,3.937981513908693,3.9379815139086807,1.5787907881085693e-13
MGSA,Methylglyoxal synthase,2,3.937981513908693,3.9379815139086807,1.5787907881085693e-13
MBCOAi,"3-Methylbutanoyl-CoA:(acceptor) 2,3-oxidoreductase",2,3.937981513908693,3.9379815139086807,1.5787907881085693e-13
METSR_S1,L methionine S oxide reductase  trdrd,2,3.937981513908693,3.9379815139086807,1.5787907881085693e-13
METS,Methionine synthase,2,3.937981513908693,3.9379815139086807,1.5787907881085693e-13
METOX2s,Methionine oxidation 2 (spontaneous),2,3.937981513908693,3.9379815139086807,1.5787907881085693e-13
METSR_R2,L methionine R oxide  H2O2,2,3.937981513908693,3.9379815139086807,1.5787907881085693e-13
METSR_R1,L methionine R oxide reductase  trdrd,2,3.937981513908693,3.9379815139086807,1.5787907881085693e-13
METSOXR2,L-methionine-R-sulfoxide reductase,2,3.937981513908693,3.9379815139086807,1.5787907881085693e-13
METSOXR1,L-methionine-S-oxide reductase,2,3.937981513908693,3.9379815139086807,1.5787907881085693e-13
METSOX2abc,L-Methionine R-oxide transport via ABC system,2,3.937981513908693,3.9379815139086807,1.5787907881085693e-13
METSOX1abc,L-Methionine S-oxide transport via ABC system,2,3.937981513908693,3.9379815139086807,1.5787907881085693e-13
M1PD,Mannitol-1-phosphate 5-dehydrogenase,2,3.937981513908693,3.9379815139086807,1.5787907881085693e-13
MECDPDH2,"2C-methyl-D-erythritol 2,4 cyclodiphosphate dehydratase",2,3.937981513908693,3.9379815139086807,1.5787907881085693e-13
ME2,Malic enzyme (NADP),2,3.937981513908693,3.9379815139086807,1.5787907881085693e-13
MDRPD,5-Methylthio-5-deoxy-D-ribulose 1-phosphate dehydratase,2,3.937981513908693,3.9379815139086807,1.5787907881085693e-13
MDNTHAep,N  2 methyl 3 5 dinitrophenyl  4 methyl 3 5 dinitroaniline extrusion pump,2,3.937981513908693,3.9379815139086807,1.5787907881085693e-13
MDH,Malate dehydrogenase,2,3.937981513908693,3.9379815139086807,1.5787907881085693e-13
MDDEP3pp,"Murein D,D-endopeptidase (murein5px4p) (periplasm)",2,3.937981513908693,3.9379815139086807,1.5787907881085693e-13
MDDEP1pp,"Murein D,D-endopeptidase (murein4px4p) (periplasm)",2,3.937981513908693,3.9379815139086807,1.5787907881085693e-13
MDDCP2pp,"Murein D,D-carboxypeptidase (murein5px4px4p) (periplasm)",2,3.937981513908693,3.9379815139086807,1.5787907881085693e-13
MCTP2App,Murein crosslinking transpeptidase 1A:(A2pm->D-ala) (periplasm),2,3.937981513908693,3.9379815139086807,1.5787907881085693e-13
METOX1s,Methionine oxidation (spontaneous),2,3.937981513908693,3.9379815139086807,1.5787907881085693e-13
METGL,Methionine g lyase,2,3.937981513908693,3.9379815139086807,1.5787907881085693e-13
METDabc,D-methionine transport via ABC system,2,3.937981513908693,3.9379815139086807,1.5787907881085693e-13
METB1,Metb1 (rev),2,3.937981513908693,3.9379815139086807,1.5787907881085693e-13
METAT,Methionine adenosyltransferase,2,3.937981513908693,3.9379815139086807,1.5787907881085693e-13
MEPCT,2-C-methyl-D-erythritol 4-phosphate cytidylyltransferase,2,3.937981513908693,3.9379815139086807,1.5787907881085693e-13
MALDt2_2pp,D-Malate transport via proton symport (2 H) (periplasm),2,3.937981513908693,3.9379815139086807,1.5787907881085693e-13
MALDDH,Malate decarboxylating oxidoreductase (decarboxylating),2,3.937981513908693,3.9379815139086807,1.5787907881085693e-13
MCCC,Methylcrotonoyl-CoA carboxylase,2,3.937981513908693,3.9379815139086807,1.5787907881085693e-13
MCITL2,Methylisocitrate lyase,2,3.937981513908693,3.9379815139086807,1.5787907881085693e-13
MCSNAH,5-Methylcytosine aminohydrolase,2,3.937981513908693,3.9379815139086807,1.5787907881085693e-13
MCTP1App,Murein crosslinking transpeptidase 1A:(A2pm->D-ala) (periplasm),2,3.937981513908693,3.9379815139086807,1.5787907881085693e-13
MANt2,D mannose transport in via proton symport,2,3.937981513908693,3.9379815139086807,1.5787907881085693e-13
MANpts,D-mannose transport via PEP:Pyr PTS,2,3.937981513908693,3.9379815139086807,1.5787907881085693e-13
MANPGH,2-O-alpha-mannosyl-6-phosphate-D-glycerate hydrolase,2,3.937981513908693,3.9379815139086807,1.5787907881085693e-13
MANGLYCptspp,2-O-alpha-mannosyl-D-glycerate transport via PEP:Pyr PTS (periplasm),2,3.937981513908693,3.9379815139086807,1.5787907881085693e-13
MALTTTRabc,Maltotetraose transport via ABC system,2,3.937981513908693,3.9379815139086807,1.5787907881085693e-13
MALTabc,Maltose transport via ABC system,2,3.937981513908693,3.9379815139086807,1.5787907881085693e-13
MALTpts,Maltose transport via PEP:Pyr PTS,2,3.937981513908693,3.9379815139086807,1.5787907881085693e-13
MALTt2,Maltose transport in via proton symport,2,3.937981513908693,3.9379815139086807,1.5787907881085693e-13
MALt4,Namalate symporter,2,3.937981513908693,3.9379815139086807,1.5787907881085693e-13
MAN6PI,Mannose-6-phosphate isomerase,2,3.937981513908693,3.9379815139086807,1.5787907881085693e-13
MALTTRabc,Maltotriose transport via ABC system,2,3.937981513908693,3.9379815139086807,1.5787907881085693e-13
MALT,Alpha glucosidase,2,3.937981513908693,3.9379815139086807,1.5787907881085693e-13
MAL6PG,Maltose 6  phosphate glucosidase,2,3.937981513908693,3.9379815139086807,1.5787907881085693e-13
VALt2rpp,L-valine reversible transport via proton symport (periplasm),2,3.9379815139086762,3.9379815139086647,1.466020017529386e-13
VALabc,L-valine transport via ABC system,2,3.9379815139086762,3.9379815139086647,1.466020017529386e-13
2AGPG160tipp,2-Acyl-sn-glycero-3-phosphoglycerol (n-C16:0) transporter via facilitated diffusion (periplasm),3,3.9379815139086762,3.9379815139086647,1.466020017529386e-13
2AGPG181tipp,2-Acyl-sn-glycero-3-phosphoglycerol (n-C18:1) transporter via facilitated diffusion (periplasm),3,3.9379815139086762,3.9379815139086647,1.466020017529386e-13
23CGMPtex,23cGMP transport via diffusion (extracellular to periplasm),3,3.9379815139086762,3.9379815139086647,1.466020017529386e-13
ZNabc,Zinc transport via ABC system,2,3.9379815139086762,3.9379815139086647,1.466020017529386e-13
r2465_1,Cation Diffusion Facilitator (Cdf) Tcdb:2.A.4.2.3,2,3.9379815139086762,3.9379815139086647,1.466020017529386e-13
2AGPE161tipp,2-Acyl-sn-glycero-3-phosphoethanolamine (n-C16:1) transporter via facilitated diffusion (periplasm),3,3.9379815139086762,3.9379815139086647,1.466020017529386e-13
ZN2t4pp,Zinc transport out via antiport (periplasm),2,3.9379815139086762,3.9379815139086647,1.466020017529386e-13
ZN2abcpp,"Zinc (Zn+2) ABC transporter, efflux (periplasm)",2,3.9379815139086762,3.9379815139086647,1.466020017529386e-13
XYLabcpp,D-xylose transport via ABC system (periplasm),2,3.9379815139086762,3.9379815139086647,1.466020017529386e-13
XTSNH,Xanthosine hydrolase,2,3.9379815139086762,3.9379815139086647,1.466020017529386e-13
VNDH_2,4-hydroxybenzaldehyde dehydrogenase,2,3.9379815139086762,3.9379815139086647,1.466020017529386e-13
LYStex,L-lysine transport via diffusion (extracellular to periplasm),3,3.9379815139087175,3.9379815139087273,-1.240478476371019e-13
ACACT5r_1,Acetyl CoA C acyltransferase  decanoyl CoA,1,3.9379815139086913,3.9379815139086816,1.240478476371019e-13
ATPM,R_ATPM,2,3.9379815139086327,3.937981513908642,-1.184093091081427e-13
ACOAD2,Acyl-CoA dehydrogenase (hexanoyl-CoA),2,3.9379815139087175,3.937981513908709,1.0713223205022435e-13
LPLIPAL1A161pp,"Lysophospholipase L1 (2-acylglycerophosphotidate, n-C16:1) (periplasm)",2,3.9379815139086904,3.937981513908684,8.457807793438765e-14
NDPK1,Nucleoside-diphosphate kinase (ATP:GDP),2,3.9379815139086896,3.937981513908683,8.457807793438765e-14
NDPK4,Nucleoside-diphosphate kinase (ATP:dTDP),2,3.9379815139086896,3.937981513908683,8.457807793438765e-14
NDPK3,Nucleoside-diphosphate kinase (ATP:CDP),2,3.9379815139086896,3.937981513908683,8.457807793438765e-14
NDPK2,Nucleoside-diphosphate kinase (ATP:UDP),2,3.9379815139086896,3.937981513908683,8.457807793438765e-14
NBAHH_ir,Nalpha-(beta-alanyl)-L-histidine hydrolase IR,2,3.9379815139086896,3.937981513908683,8.457807793438765e-14
NDP3,Nucleoside diphosphatase  GDP,2,3.9379815139086896,3.937981513908683,8.457807793438765e-14
NDP7,Nucleoside diphosphatase  UDP,2,3.9379815139086896,3.937981513908683,8.457807793438765e-14
NAt3pp,Sodium transport out via proton antiport (cytoplasm to periplasm),2,3.9379815139086896,3.937981513908683,8.457807793438765e-14
NMNN,NMN nucleosidase,2,3.9379815139086896,3.937981513908683,8.457807793438765e-14
NMNHYD_1,Nicotinamide ribonucleotide phosphohydrolase,2,3.9379815139086896,3.937981513908683,8.457807793438765e-14
NAt3_2,Sodium proton antiporter (H:NA is 2),2,3.9379815139086896,3.937981513908683,8.457807793438765e-14
NAt3_1,Sodium proton antiporter  HNA is 11,2,3.9379815139086896,3.937981513908683,8.457807793438765e-14
NI2t3pp,Nickle (Ni+2) transport out via proton antiport (periplasm),2,3.9379815139086896,3.937981513908683,8.457807793438765e-14
NIabc,Nickel transport via ABC system,2,3.9379815139086896,3.937981513908683,8.457807793438765e-14
NI2uabcpp,"Nickel transport via ABC system (uptake, periplasm)",2,3.9379815139086896,3.937981513908683,8.457807793438765e-14
NI2t4pp,Nickel transport out via antiport (periplasm),2,3.9379815139086896,3.937981513908683,8.457807793438765e-14
NH4tpp_1,Ammonia ireversible transport (periplasm),2,3.9379815139086896,3.937981513908683,8.457807793438765e-14
NI2abcpp,Nickle (Ni+2) ABC transporter (periplasm),2,3.9379815139086896,3.937981513908683,8.457807793438765e-14
NMNDA,Nicotinamide-nucleotide amidase,2,3.9379815139086896,3.937981513908683,8.457807793438765e-14
NMNAT,Nicotinamide-nucleotide adenylyltransferase,2,3.9379815139086896,3.937981513908683,8.457807793438765e-14
NTD1,5'-nucleotidase (dUMP),2,3.9379815139086896,3.937981513908683,8.457807793438765e-14
NDPK8,Nucleoside-diphosphate kinase (ATP:dADP),2,3.9379815139086896,3.937981513908683,8.457807793438765e-14
NDPK7,Nucleoside-diphosphate kinase (ATP:dCDP),2,3.9379815139086896,3.937981513908683,8.457807793438765e-14
NDPK6,Nucleoside-diphosphate kinase (ATP:dUDP),2,3.9379815139086896,3.937981513908683,8.457807793438765e-14
NDPK5,Nucleoside-diphosphate kinase (ATP:dGDP),2,3.9379815139086896,3.937981513908683,8.457807793438765e-14
NTD2,5'-nucleotidase (UMP),2,3.9379815139086896,3.937981513908683,8.457807793438765e-14
NTD12,5'-nucleotidase (dIMP),2,3.9379815139086896,3.937981513908683,8.457807793438765e-14
NTD10,5'-nucleotidase (XMP),2,3.9379815139086896,3.937981513908683,8.457807793438765e-14
NOR_syn_1,Ferredoxin-Nitrite Reductase,2,3.9379815139086896,3.937981513908683,8.457807793438765e-14
NOX,NADH oxidase,2,3.9379815139086896,3.937981513908683,8.457807793438765e-14
NOS3,N-omega-Hydroxyarginine NADPH oxygen oxidoreductase,2,3.9379815139086896,3.937981513908683,8.457807793438765e-14
NOS1_1,Nitric Oxide Synthase (intermediate forming),2,3.9379815139086896,3.937981513908683,8.457807793438765e-14
NODOx,Nitric oxide dioxygenase,2,3.9379815139086896,3.937981513908683,8.457807793438765e-14
NODOy,Nitric oxide dioxygenase,2,3.9379815139086896,3.937981513908683,8.457807793438765e-14
NH3c,Ammomnium proton dissociation,2,3.9379815139086896,3.937981513908683,8.457807793438765e-14
NDPK9,Nucleoside diphosphate kinase  ATPIDP,2,3.9379815139086896,3.937981513908683,8.457807793438765e-14
NTD8,5'-nucleotidase (dGMP),2,3.9379815139086896,3.937981513908683,8.457807793438765e-14
NO3abcpp,Nitrate transport via ABC system (periplasm),2,3.9379815139086896,3.937981513908683,8.457807793438765e-14
NO3abc,,2,3.9379815139086896,3.937981513908683,8.457807793438765e-14
NNDPR,Nicotinate-nucleotide diphosphorylase (carboxylating),2,3.9379815139086896,3.937981513908683,8.457807793438765e-14
NMO,Nitronate Monooxygenase,2,3.9379815139086896,3.937981513908683,8.457807793438765e-14
NTPP4,Nucleoside triphosphate pyrophosphorylase (ctp),2,3.9379815139086896,3.937981513908683,8.457807793438765e-14
NNATr,Nicotinate-nucleotide adenylyltransferase,2,3.9379815139086896,3.937981513908683,8.457807793438765e-14
NNAM,Nicotinamidase,2,3.9379815139086896,3.937981513908683,8.457807793438765e-14
NTPP11,Nucleoside triphosphate pyrophosphorylase (xtp),2,3.9379815139086896,3.937981513908683,8.457807793438765e-14
NTPP10,Nucleoside triphosphate pyrophosphorylase (ditp),2,3.9379815139086896,3.937981513908683,8.457807793438765e-14
NTPP1,Nucleoside triphosphate pyrophosphorylase (dgtp),2,3.9379815139086896,3.937981513908683,8.457807793438765e-14
NTP5,Nucleoside-triphosphatase (CTP),2,3.9379815139086896,3.937981513908683,8.457807793438765e-14
NTP3,Nucleoside-triphosphatase (GTP),2,3.9379815139086896,3.937981513908683,8.457807793438765e-14
NTP10,Nucleoside-triphosphatase (ITP),2,3.9379815139086896,3.937981513908683,8.457807793438765e-14
NTPP3,Nucleoside triphosphate pyrophosphorylase (dctp),2,3.9379815139086896,3.937981513908683,8.457807793438765e-14
NTPP2,Nucleoside triphosphate pyrophosphorylase (gtp),2,3.9379815139086896,3.937981513908683,8.457807793438765e-14
NTPP9,Nucleoside triphosphate pyrophosphorylase (itp),2,3.9379815139086896,3.937981513908683,8.457807793438765e-14
NTD9,5'-nucleotidase (GMP),2,3.9379815139086896,3.937981513908683,8.457807793438765e-14
NTD7,5'-nucleotidase (AMP),2,3.9379815139086896,3.937981513908683,8.457807793438765e-14
NTD6,5'-nucleotidase (dAMP),2,3.9379815139086896,3.937981513908683,8.457807793438765e-14
NTD3,5'-nucleotidase (dCMP),2,3.9379815139086896,3.937981513908683,8.457807793438765e-14
OCBT,Ornithine carbamoyltransferase,2,3.9379815139086896,3.937981513908683,8.457807793438765e-14
NTD5,5'-nucleotidase (dTMP),2,3.9379815139086896,3.937981513908683,8.457807793438765e-14
NTD4,5'-nucleotidase (CMP),2,3.9379815139086896,3.937981513908683,8.457807793438765e-14
NTPP5,Nucleoside triphosphate pyrophosphorylase (datp),2,3.9379815139086896,3.937981513908683,8.457807793438765e-14
OAADCS,Oxaloacetate decarboxylase sodium pump,2,3.9379815139086896,3.937981513908683,8.457807793438765e-14
NTPP8,Nucleoside triphosphate pyrophosphorylase (utp),2,3.9379815139086896,3.937981513908683,8.457807793438765e-14
NTPP7,Nucleoside triphosphate pyrophosphorylase (dttp),2,3.9379815139086896,3.937981513908683,8.457807793438765e-14
VALTA,Valine transaminase,2,3.937981513908692,3.9379815139086856,8.457807793438765e-14
NTPP6,Nucleoside triphosphate pyrophosphorylase (atp),2,3.9379815139086896,3.937981513908683,8.457807793438765e-14
GALTpts,Galactitol transport via PEP:Pyr PTS,2,3.9379815139087175,3.9379815139087224,-6.202392381855095e-14
ACACT2r,Acetyl-CoA C-acyltransferase (butanoyl-CoA) (r),1,3.9379815139086958,3.937981513908692,4.5108308231673414e-14
SERAT,Serine O-acetyltransferase,1,3.9379815139087224,3.937981513908725,-3.383123117375506e-14
PTRCAT1,Putrescine acetyltransferase,1,3.9379815139087224,3.937981513908725,-3.383123117375506e-14
SSCOARy,Succinyl-coA reductase (NADPH),1,3.9379815139087224,3.937981513908725,-3.383123117375506e-14
PTAr,Phosphotransacetylase,1,3.9379815139087224,3.937981513908725,-3.383123117375506e-14
POR_syn,Pyruvate-ferredoxin oxidoreductase,1,3.9379815139087224,3.937981513908725,-3.383123117375506e-14
PTA2,Phosphate acetyltransferase,1,3.9379815139087224,3.937981513908725,-3.383123117375506e-14
MALS,Malate synthase,1,3.9379815139087224,3.937981513908725,-3.383123117375506e-14
KAS3,B-ketoacyl synthetase (Iso-C15:0),1,3.9379815139087224,3.937981513908725,-3.383123117375506e-14
KAS2,B-ketoacyl synthetase (n-C14:0),1,3.9379815139087224,3.937981513908725,-3.383123117375506e-14
KAS17,B-ketoacyl synthetase (n-C18:1),1,3.9379815139087224,3.937981513908725,-3.383123117375506e-14
MACCOAT,2-Methylacetyl-CoA thiolase,1,3.9379815139087224,3.937981513908725,-3.383123117375506e-14
KAS8,"B-ketoacyl synthetase (palmitate, n-C16:0)",1,3.9379815139087224,3.937981513908725,-3.383123117375506e-14
KAS7,B-ketoacyl synthetase (n-C16:1),1,3.9379815139087224,3.937981513908725,-3.383123117375506e-14
KAS6,B-ketoacyl synthetase (Iso-C16:0),1,3.9379815139087224,3.937981513908725,-3.383123117375506e-14
KAS4,B-ketoacyl synthetase (Anteiso-C15:0),1,3.9379815139087224,3.937981513908725,-3.383123117375506e-14
SUCBZL,O-succinylbenzoate-CoA ligase,1,3.9379815139087224,3.937981513908725,-3.383123117375506e-14
SUCOAS,Succinyl-CoA synthetase (ADP-forming),1,3.9379815139087224,3.937981513908725,-3.383123117375506e-14
XANt2,Xanthine transport in via proton symport,2,3.937981513908693,3.9379815139086958,-3.383123117375506e-14
VALt3pp,L-valine transport out via proton antiport (periplasm),2,3.937981513908693,3.9379815139086958,-3.383123117375506e-14
VALabcpp,L-valine transport via ABC system (periplasm),2,3.937981513908693,3.9379815139086958,-3.383123117375506e-14
2AGPG161tipp,2-Acyl-sn-glycero-3-phosphoglycerol (n-C16:1) transporter via facilitated diffusion (periplasm),3,3.937981513908693,3.9379815139086958,-3.383123117375506e-14
XYLt2,D-xylose transport in via proton symport,2,3.937981513908693,3.9379815139086958,-3.383123117375506e-14
ZN2t3pp,Zinc (Zn+2) transport out via proton antiport (periplasm),2,3.937981513908693,3.9379815139086958,-3.383123117375506e-14
ZN2t5,Zinc  Zn2  transport out via proton antiport  cytosolexternal,2,3.937981513908693,3.9379815139086958,-3.383123117375506e-14
XYLK,Xylulokinase,2,3.937981513908693,3.9379815139086958,-3.383123117375506e-14
23CAMPtex,23cAMP transport via diffusion (extracellular to periplasm),3,3.937981513908693,3.9379815139086958,-3.383123117375506e-14
23CUMPtex,23cUMP transport via diffusion (extracellular to periplasm),3,3.937981513908693,3.9379815139086958,-3.383123117375506e-14
2AGPE180tipp,2-Acyl-sn-glycero-3-phosphoethanolamine (n-C18:0) transporter via facilitated diffusion (periplasm),3,3.937981513908693,3.9379815139086958,-3.383123117375506e-14
ZNabcpp,Zinc (Zn+2) transport via ABC system (periplasm),2,3.937981513908693,3.9379815139086958,-3.383123117375506e-14
PACCOAL,Phenylacetate-CoA ligase,1,3.9379815139087224,3.937981513908725,-3.383123117375506e-14
NPHS,Naphthoate synthase,1,3.9379815139087224,3.937981513908725,-3.383123117375506e-14
MMSDHir,Methylmalonate semialdehyde dehydrogenase  acylating,1,3.9379815139087224,3.937981513908725,-3.383123117375506e-14
MMSAD3,Methylmalonate-semialdehyde dehydrogenase (malonic semialdehyde),1,3.9379815139087224,3.937981513908725,-3.383123117375506e-14
PDHbr,Pyruvate dehydrogenase (dihydrolipoamide) reversible,1,3.9379815139087224,3.937981513908725,-3.383123117375506e-14
PDH,Pyruvate dehydrogenase,1,3.9379815139087224,3.937981513908725,-3.383123117375506e-14
PBUTT,Phosphate butyryltransferase,1,3.9379815139087224,3.937981513908725,-3.383123117375506e-14
KAS13,B-ketoacyl synthetase (octadecanoate),1,3.9379815139087224,3.937981513908725,-3.383123117375506e-14
23PDE4pp,"2',3'-cyclic-nucleotide phosphodiesterase (CMP) (periplasm)",2,3.9379815139087224,3.937981513908725,-3.383123117375506e-14
23PDE7pp,"2',3'-cyclic-nucleotide phosphodiesterase (AMP) (periplasm)",2,3.9379815139087224,3.937981513908725,-3.383123117375506e-14
23PDE9pp,"2',3'-cyclic-nucleotide phosphodiesterase (GMP) (periplasm)",2,3.9379815139087224,3.937981513908725,-3.383123117375506e-14
2AACLPGT160,2 acyl acyl carrier protein glycerophospho glycerol acyltransferase  n C160,2,3.9379815139087224,3.937981513908725,-3.383123117375506e-14
MCITS,2-methylcitrate synthase,1,3.9379815139087224,3.937981513908725,-3.383123117375506e-14
MMSAD2,Methylmalonate-semialdehyde dehydrogenase (propanol),1,3.9379815139087224,3.937981513908725,-3.383123117375506e-14
MMSAD1,Methylmalonate semialdehyde dehydrogenase,1,3.9379815139087224,3.937981513908725,-3.383123117375506e-14
2AACLPGT181,2 acyl acyl carrier protein glycerophospho glycerol acyltransferase  n C160,2,3.9379815139087224,3.937981513908725,-3.383123117375506e-14
2AACLPPEAT160,2 acyl acyl carrier protein glycerophospho glycerol acyltransferase  n C160,2,3.9379815139087224,3.937981513908725,-3.383123117375506e-14
2AACLPPEAT161,2 acyl acyl carrier protein glycerophospho glycerol acyltransferase  n C160,2,3.9379815139087224,3.937981513908725,-3.383123117375506e-14
2AACLPPEAT180,2 acyl acyl carrier protein glycerophospho glycerol acyltransferase  n C160,2,3.9379815139087224,3.937981513908725,-3.383123117375506e-14
OIVD2,2-oxoisovalerate dehydrogenase (acylating; 3-methyl-2-oxobutanoate),1,3.9379815139087224,3.937981513908725,-3.383123117375506e-14
OIVD3,2-oxoisovalerate dehydrogenase (acylating; 3-methyl-2-oxopentanoate),1,3.9379815139087224,3.937981513908725,-3.383123117375506e-14
2AACLPPEAT181,2 acyl acyl carrier protein glycerophospho glycerol acyltransferase  n C160,2,3.9379815139087224,3.937981513908725,-3.383123117375506e-14
2HXMPt6,2  hydroxymethyl phenol transport inout via proton symport,2,3.9379815139087224,3.937981513908725,-3.383123117375506e-14
HIBHr,3 hydroxyisobutyryl CoA hydrolase,1,3.9379815139087224,3.937981513908725,-3.383123117375506e-14
HSERTA,Homoserine O trans acetylase,1,3.9379815139087224,3.937981513908725,-3.383123117375506e-14
IPPS,2-isopropylmalate synthase,1,3.9379815139087224,3.937981513908725,-3.383123117375506e-14
KAS1,B-ketoacyl synthetase (Iso-C14:0),1,3.9379815139087224,3.937981513908725,-3.383123117375506e-14
KAS11,B-ketoacyl synthetase (Iso-C17:0),1,3.9379815139087224,3.937981513908725,-3.383123117375506e-14
KAS12,B-ketoacyl synthetase (Anteiso-C17:0),1,3.9379815139087224,3.937981513908725,-3.383123117375506e-14
OBDHc,"2-Oxobutanoate dehydrogenase, cytosolic",1,3.9379815139087224,3.937981513908725,-3.383123117375506e-14
Growth,Biomass reaction,1,3.9379815139087224,3.937981513908725,-3.383123117375506e-14
OXDHCOAT,"3-oxo-5,6-dehydrosuberyl-CoA thiolase",1,3.9379815139087224,3.937981513908725,-3.383123117375506e-14
3NUCLE2,3  nucleotidase  3  UMP,2,3.9379815139087224,3.937981513908725,-3.383123117375506e-14
3NUCLE3,3  nucleotidase  3  cMP,2,3.9379815139087224,3.937981513908725,-3.383123117375506e-14
THDPS,Tetrahydrodipicolinate succinylase,1,3.9379815139087224,3.937981513908725,-3.383123117375506e-14
12PPDRDH,R Propane 1 2 diol dehydratase,2,3.9379815139087224,3.937981513908725,-3.383123117375506e-14
2INSD,2-Inosose dehydratase,2,3.9379815139087224,3.937981513908725,-3.383123117375506e-14
13PPDH2,"1,3-propanediol dehydrogenase",2,3.9379815139087224,3.937981513908725,-3.383123117375506e-14
13PPDH2_1,"1,3-propanediol dehydrogenase",2,3.9379815139087224,3.937981513908725,-3.383123117375506e-14
23PDE2pp,"2',3'-cyclic-nucleotide phosphodiesterase (UMP) (periplasm)",2,3.9379815139087224,3.937981513908725,-3.383123117375506e-14
2MAHMP,2-Methyl-4-amino-5-hydroxymethylpyrimidine diphosphatase,2,3.9379815139087224,3.937981513908725,-3.383123117375506e-14
2PGLYCt6,2 Phosphoglycolate transport inout via proton symport,2,3.9379815139087224,3.937981513908725,-3.383123117375506e-14
2S6HCCi,2 succinyl 6 hydroxy 2 4 cyclohexadiene 1 carboxylate synthase,2,3.9379815139087224,3.937981513908725,-3.383123117375506e-14
34HPPOR,4 Hydroxyphenylpyruvateoxygen oxidoreductase,2,3.9379815139087224,3.937981513908725,-3.383123117375506e-14
3AMPt6,3  AMP transport inout via proton symport,2,3.9379815139087224,3.937981513908725,-3.383123117375506e-14
3CMPt6,3  CMP transport in via proton symport,2,3.9379815139087224,3.937981513908725,-3.383123117375506e-14
3MBt2pp,H+/Isovalerate symport (periplasm),2,3.9379815139087224,3.937981513908725,-3.383123117375506e-14
3NUCLE1,3  nucleotidase  3  AMP,2,3.9379815139087224,3.937981513908725,-3.383123117375506e-14
13PPDH,"1,3-propanediol dehydrogenase",2,3.9379815139087224,3.937981513908725,-3.383123117375506e-14
2AACLPGT180,2 acyl acyl carrier protein glycerophospho glycerol acyltransferase  n C160,2,3.9379815139087224,3.937981513908725,-3.383123117375506e-14
2AACLPGT161,2 acyl acyl carrier protein glycerophospho glycerol acyltransferase  n C160,2,3.9379815139087224,3.937981513908725,-3.383123117375506e-14
XYLtex,D-xylose transport via diffusion (extracellular to periplasm),3,3.937981513908708,3.937981513908709,-1.1277077057918353e-14
TAURtex,Taurine transport via diffusion (extracellular to periplasm),3,3.937981513908708,3.937981513908709,-1.1277077057918353e-14
r0963,Facilitated diffusion,3,3.937981513908708,3.937981513908709,-1.1277077057918353e-14
TNTtex,Trinitrotoluene transport via diffusion  extracellular to periplasm  irreversible,3,3.937981513908708,3.937981513908709,-1.1277077057918353e-14
STFRNAt,,3,3.937981513908708,3.937981513908709,-1.1277077057918353e-14
RHA40tex,R 3 Hydroxy acid transport diffusion C40  extracellular to periplasm,3,3.937981513908708,3.937981513908709,-1.1277077057918353e-14
UDPG4E,UDPglucose 4-epimerase,3,3.937981513908708,3.937981513908709,-1.1277077057918353e-14
XYLI1,Xylose isomerase,3,3.937981513908708,3.937981513908709,-1.1277077057918353e-14
PRMICI,1-(5-phosphoribosyl)-5-[(5-phosphoribosylamino)methylideneamino)imidazole-4-carboxamide isomerase,3,3.937981513908708,3.937981513908709,-1.1277077057918353e-14
TSULtex,Thiosulfate transport via diffusion (extracellular to periplasm),3,3.937981513908708,3.937981513908709,-1.1277077057918353e-14
SO3tex,Sulfite transport via diffusion (extracellular to periplasm),3,3.937981513908708,3.937981513908709,-1.1277077057918353e-14
PROtex,L-proline transport via diffusion (extracellular to periplasm),3,3.937981513908708,3.937981513908709,-1.1277077057918353e-14
St,Sulfur diffusion,3,3.937981513908708,3.937981513908709,-1.1277077057918353e-14
PHEMEt,Heme transport,3,3.937981513908708,3.937981513908709,-1.1277077057918353e-14
PMANM,Phosphomannomutase,3,3.937981513908708,3.937981513908709,-1.1277077057918353e-14
PPAtex,Propionate transport via diffusion,3,3.937981513908708,3.937981513908709,-1.1277077057918353e-14
RIBtex,Ribose transport via diffusion (extracellular to periplasm),3,3.937981513908708,3.937981513908709,-1.1277077057918353e-14
URIH,Uridine hydrolase,2,3.937981513908644,3.937981513908644,0.0
URIK2,Uridine kinase (GTP:Uridine),2,3.937981513908644,3.937981513908644,0.0
URIK1,Uridine kinase  ATPUridine,2,3.937981513908644,3.937981513908644,0.0
SUCD1,Succinate dehydrogenase,2,3.937981513908644,3.937981513908644,0.0
SUCCt2_2pp,Succinate transport via proton symport (2 H) (periplasm),2,3.937981513908644,3.937981513908644,0.0
SUCBZT1,Succinyl:benzoate CoA transferase,2,3.937981513908644,3.937981513908644,0.0
URIt2pp,Uridine transport in via proton symport (periplasm),2,3.937981513908644,3.937981513908644,0.0
URIt2,Uridine transport in via proton symport,2,3.937981513908644,3.937981513908644,0.0
URIK3,Uridine kinase (ITP:Uridine),2,3.937981513908644,3.937981513908644,0.0
UREA,Urease,2,3.937981513908644,3.937981513908644,0.0
UREASE,Urea carboxylase,2,3.937981513908644,3.937981513908644,0.0
URAt2,Uracil transport in via proton symport,2,3.937981513908644,3.937981513908644,0.0
URCN,Urocanase,2,3.937981513908644,3.937981513908644,0.0
UNK5,2 keto 4 methylthiobutyrate transamination,2,3.937981513908644,3.937981513908644,0.0
UPP3MT_2,Uroporphyrinogen methyltransferase,2,3.937981513908644,3.937981513908644,0.0
UPP3S,Uroporphyrinogen-III synthase,2,3.937981513908644,3.937981513908644,0.0
UPPDC1,Uroporphyrinogen decarboxylase (uroporphyrinogen III),2,3.937981513908644,3.937981513908644,0.0
UPPRT,Uracil phosphoribosyltransferase,2,3.937981513908644,3.937981513908644,0.0
URATEt_1,Urate permease,2,3.937981513908644,3.937981513908644,0.0
UAMAGS,UDP-N-acetylmuramoyl-L-alanyl-D-glutamate synthetase,2,3.937981513908644,3.937981513908644,0.0
UAGPT3,UDP-N-acetylglucosamine-N-acetylmuramyl-(pentapeptide)pyrophosphoryl-undecaprenol N-acetylglucosamine transferase,2,3.937981513908644,3.937981513908644,0.0
UAGPT2_1,UDP-N-acetylglucosamine-N-acetylmuramyl-(pentapeptide)pyrophosphoryl-undecaprenol N-acetylglucosamine transferase,2,3.937981513908644,3.937981513908644,0.0
UAGPT2,UDP-N-acetylglucosamine-N-acetylmuramyl-(pentapeptide)pyrophosphoryl-undecaprenol N-acetylglucosamine transferase,2,3.937981513908644,3.937981513908644,0.0
UAGDP,UDP-N-acetylglucosamine diphosphorylase,2,3.937981513908644,3.937981513908644,0.0
UAGCVT,UDP-N-acetylglucosamine 1-carboxyvinyltransferase,2,3.937981513908644,3.937981513908644,0.0
UAG2EMA,UDP-N-acetyl-D-glucosamine 2-epimerase (Hydrolysis),2,3.937981513908644,3.937981513908644,0.0
SHKK,Shikimate kinase,2,3.937981513908644,3.937981513908644,0.0
SHSL2r,O-succinylhomoserine lyase (H2S),2,3.937981513908644,3.937981513908644,0.0
SHSL1,O-succinylhomoserine lyase (L-cysteine),2,3.937981513908644,3.937981513908644,0.0
SHSL3,O succinylhomoserine lyase  methanethiol,2,3.937981513908644,3.937981513908644,0.0
SERt2r,L serine reversible transport via proton symport,2,3.937981513908644,3.937981513908644,0.0
SHCHD2_1,Sirohydrochlorin dehydrogenase  NAD,2,3.937981513908644,3.937981513908644,0.0
SHCHF_2,Sirohydrochlorin ferrochetalase,2,3.937981513908644,3.937981513908644,0.0
SHGO,S-2-hydroxyglutarate oxidase,2,3.937981513908644,3.937981513908644,0.0
SHK3Dr,Shikimate dehydrogenase,2,3.937981513908644,3.937981513908644,0.0
SDPTA,Succinyldiaminopimelate transaminase,2,3.937981513908644,3.937981513908644,0.0
SDPDS,Succinyl-diaminopimelate desuccinylase,2,3.937981513908644,3.937981513908644,0.0
SCYSSL,S-sulfo-L-cysteine sulfite lyase,2,3.937981513908644,3.937981513908644,0.0
SALCpts,Salicin transport via PEP:Pyr PTS,2,3.937981513908644,3.937981513908644,0.0
SERGLUGLNtr,Tripeptide transport,2,3.937981513908644,3.937981513908644,0.0
SERabc,L-serine transport via ABC system,2,3.937981513908644,3.937981513908644,0.0
SERD_L,L-serine deaminase,2,3.937981513908644,3.937981513908644,0.0
SMIA2abc,Siderophore Mediated Iron Acquisition: Staphyloferrin B transport via ABC,2,3.937981513908644,3.937981513908644,0.0
SPMDabc,Spermidine transport via ABC system,2,3.937981513908644,3.937981513908644,0.0
SPMDt3i,Spermidine transport in via proton antiport,2,3.937981513908644,3.937981513908644,0.0
SPODM,Superoxide dismutase,2,3.937981513908644,3.937981513908644,0.0
SPMS,Spermidine synthase,2,3.937981513908644,3.937981513908644,0.0
SPP,Sucrose-phosphate phosphatase,2,3.937981513908644,3.937981513908644,0.0
SSALx,Succinate-semialdehyde dehydrogenase (NAD),2,3.937981513908644,3.937981513908644,0.0
SSALy,Succinate-semialdehyde dehydrogenase (NADP),2,3.937981513908644,3.937981513908644,0.0
SUCBZS,O-succinylbenzoate-CoA synthase,2,3.937981513908644,3.937981513908644,0.0
SUCR,Sucrose hydrolyzing enzyme,2,3.937981513908644,3.937981513908644,0.0
TALA,Transaldolase,2,3.937981513908644,3.937981513908644,0.0
TAGURr,Tagaturonate reductase,2,3.937981513908644,3.937981513908644,0.0
TAGabc,,2,3.937981513908644,3.937981513908644,0.0
SULabcpp,Sulfate transport via ABC system (periplasm),2,3.937981513908644,3.937981513908644,0.0
SULabc,Sulfate transport via ABC system,2,3.937981513908644,3.937981513908644,0.0
SULFACabcpp,Sulfoacetate transport via ABC system (periplasm),2,3.937981513908644,3.937981513908644,0.0
SULR,Sulfite reductase (NADPH2),2,3.937981513908644,3.937981513908644,0.0
SUCD4,Succinate dehyrdogenase,2,3.937981513908644,3.937981513908644,0.0
SO4t2,Sulfate transport in via proton symport,2,3.937981513908644,3.937981513908644,0.0
SO3abcpp,Sulfite transport via ABC system (periplasm),2,3.937981513908644,3.937981513908644,0.0
SMIB1,Staphyloferrin B Mediated Iron Acquisition,2,3.937981513908644,3.937981513908644,0.0
SMIA1,Staphyloferrin A Mediated Iron Acquisition,2,3.937981513908644,3.937981513908644,0.0
SMIA1Eabc,Siderophore Mediated Iron Acquisition: Staphyloferrin A export,2,3.937981513908644,3.937981513908644,0.0
SLCYSS,O-acetyl-L-serine sulfhydrylase,2,3.937981513908644,3.937981513908644,0.0
SHSL4r,O succinylhomoserine lyase  elimination   reversible,2,3.937981513908644,3.937981513908644,0.0
SUCD2,Succinate dehydrogenase dehydrogenase (menaquinone 8 as acceptor),2,3.937981513908644,3.937981513908644,0.0
SUCD5_BS,Succinate dehydrogenase,2,3.937981513908644,3.937981513908644,0.0
SUCpts,Sucrose transport via PEP:Pyr PTS,2,3.937981513908644,3.937981513908644,0.0
SUCRt2,Sucrose transport in via proton symport,2,3.937981513908644,3.937981513908644,0.0
UREA_1,Urease,2,3.937981513908644,3.937981513908644,0.0
URIC,Uricase,2,3.937981513908644,3.937981513908644,0.0
URIDK2r,Uridylate kinase (dUMP),2,3.937981513908644,3.937981513908644,0.0
UAMAS,UDP-N-acetylmuramoyl-L-alanine synthetase,2,3.937981513908644,3.937981513908644,0.0
UMPK,UMP kinase,2,3.937981513908644,3.937981513908644,0.0
S6PG,Salicin 6 phosphate glucohydrolase,2,3.937981513908644,3.937981513908644,0.0
SADT,Sulfate adenylyltransferase,2,3.937981513908644,3.937981513908644,0.0
UAPGR,UDP-N-acetylenolpyruvoylglucosamine reductase,2,3.937981513908644,3.937981513908644,0.0
UGLYCH,Ureidoglycolate hydrolase,2,3.937981513908644,3.937981513908644,0.0
UGMDDS,"UDP-N-acetylmuramoyl-L-alanyl-D-glutamyl-meso-2,6-diaminopimeloyl-D-alanyl-D-alanine synthetase",2,3.937981513908644,3.937981513908644,0.0
UDCPDP,Undecaprenyl-diphosphatase,2,3.937981513908644,3.937981513908644,0.0
UDCPDPex,Undecaprenyl-diphosphatase (periplasm),2,3.937981513908644,3.937981513908644,0.0
TMDK1,Thymidine kinase (ATP:thymidine),2,3.937981513908644,3.937981513908644,0.0
TMDPK_1,Thiamine diphosphokinase,2,3.937981513908644,3.937981513908644,0.0
THZPSN,Thiazole phosphate synthesis,2,3.937981513908644,3.937981513908644,0.0
TKT2,Transketolase,2,3.937981513908644,3.937981513908644,0.0
THRt2r,L threonine reversible transport via proton symport,2,3.937981513908644,3.937981513908644,0.0
THRt2pp,L-threonine efflux transport via proton antiport (periplasm),2,3.937981513908644,3.937981513908644,0.0
THRabc,L-threonine transport via ABC system,2,3.937981513908644,3.937981513908644,0.0
THRabcpp,L-threonine transport via ABC system (periplasm),2,3.937981513908644,3.937981513908644,0.0
THRD,L-threonine dehydrogenase,2,3.937981513908644,3.937981513908644,0.0
THRA2,L-allo-Threonine Aldolase,2,3.937981513908644,3.937981513908644,0.0
THRS,Threonine synthase,2,3.937981513908644,3.937981513908644,0.0
THRD_L,L-threonine deaminase,2,3.937981513908644,3.937981513908644,0.0
THRA,Threonine aldolase,2,3.937981513908644,3.937981513908644,0.0
THMabc,Thiamine transport via ABC system,2,3.937981513908644,3.937981513908644,0.0
THMDt2,Thymidine transport in via proton symport,2,3.937981513908644,3.937981513908644,0.0
THMP,Thiamin phosphatase,2,3.937981513908644,3.937981513908644,0.0
TNTR3,TNT nitroreductase Meisenheimer monohydride complex forming,2,3.937981513908644,3.937981513908644,0.0
TNTR2x,TNT nitroreductase 2 Hydroxylamino 4 6 dinitrotoluene,2,3.937981513908644,3.937981513908644,0.0
ECOAH6,3-hydroxyacyl-CoA dehydratase (3-hydroxytetradecanoyl-CoA),2,3.937981513908663,3.937981513908663,0.0
TRE6PH,Trehalose-6-phosphate hydrolase,2,3.937981513908644,3.937981513908644,0.0
TRDR,Thioredoxin reductase (NADPH),2,3.937981513908644,3.937981513908644,0.0
TPI,Triose-phosphate isomerase,2,3.937981513908644,3.937981513908644,0.0
TNTep,2 4 6 trinitrotoluene extrusion pump,2,3.937981513908644,3.937981513908644,0.0
TNTR4,TNT nitroreductase Meisenheimer dihydride complex forming,2,3.937981513908644,3.937981513908644,0.0
TNTR1,TNT nitroreductase 4 Hydroxylamino 2 6 dinitrotoluene,2,3.937981513908644,3.937981513908644,0.0
TNTHAC2,2 4 6 dinitrotoluene meisenheimer dihydrideTNT derived hydroxylamines condensation,2,3.937981513908644,3.937981513908644,0.0
TNTR2,TNT nitroreductase 2 Hydroxylamino 4 6 dinitrotoluene,2,3.937981513908644,3.937981513908644,0.0
TNTR1x,TNT nitroreductase 4 Hydroxylamino 2 6 dinitrotoluene,2,3.937981513908644,3.937981513908644,0.0
TNTHAC1,2 4 6 dinitrotoluene meisenheimer dihydrideTNT derived hydroxylamines condensation,2,3.937981513908644,3.937981513908644,0.0
TMPPP,Thiamine-phosphate diphosphorylase,2,3.937981513908644,3.937981513908644,0.0
TMDS,Thymidylate synthase,2,3.937981513908644,3.937981513908644,0.0
TMN,Thiaminase,2,3.937981513908644,3.937981513908644,0.0
TRPS2,Tryptophan synthase (indole),2,3.937981513908644,3.937981513908644,0.0
TRPS1,Tryptophan synthase (indoleglycerol phosphate),2,3.937981513908644,3.937981513908644,0.0
TMDPP,Thymidine phosphorylase,2,3.937981513908644,3.937981513908644,0.0
UAAGDS,"UDP-N-acetylmuramoyl-L-alanyl-D-glutamyl-meso-2,6-diaminopimelate synthetase",2,3.937981513908644,3.937981513908644,0.0
TYRt2r,L tyrosine reversible transport via proton symport,2,3.937981513908644,3.937981513908644,0.0
TYRabc,,2,3.937981513908644,3.937981513908644,0.0
TYRTA,Tyrosine transaminase,2,3.937981513908644,3.937981513908644,0.0
TTDCEAtexi,Tetradecenoate transport via facilitated irreversible diffusion (extracellular to periplasm),2,3.937981513908644,3.937981513908644,0.0
TTDCAtexi,Tetradecanoate transport via facilitated irreversible diffusion (extracellular to periplasm),2,3.937981513908644,3.937981513908644,0.0
TSULabcpp,Thiosulfate transport via ABC system (periplasm),2,3.937981513908644,3.937981513908644,0.0
TSULabc,Thiosulfate transport via ABC system,2,3.937981513908644,3.937981513908644,0.0
TSULP,Thiosulfate permease,2,3.937981513908644,3.937981513908644,0.0
TRSARr,Tartronate semialdehyde reductase,2,3.937981513908644,3.937981513908644,0.0
TRPt2r,L tryptophan reversible transport via proton symport,2,3.937981513908644,3.937981513908644,0.0
TRPabc,,2,3.937981513908644,3.937981513908644,0.0
TRPS3,Tryptophan synthase (indoleglycerol phosphate),2,3.937981513908644,3.937981513908644,0.0
UM3PL,UDP-N-acetylmuramate:L-alanyl-gamma-D-glutamyl-meso-diaminopimelate ligase,2,3.937981513908644,3.937981513908644,0.0
UGT_BS,UDP glucosyltransferase  diglucosyl,2,3.937981513908644,3.937981513908644,0.0
TREpts,Trehalose transport via PEP:Pyr PTS,2,3.937981513908644,3.937981513908644,0.0
SALCHS4FEexs,Salmochelin S4 Fe III binding spontaneous,2,3.937981513908644,3.937981513908644,0.0
SALCHS2FEexs,Salmochelin s2 Fe III sequestration,2,3.937981513908644,3.937981513908644,0.0
TARTDC,Tartrate decarboxylase,2,3.937981513908644,3.937981513908644,0.0
TARTRt7,Tartrate/succinate antiporter,2,3.937981513908644,3.937981513908644,0.0
TARTRt7pp,Tartrate/succinate antiporter (periplasm),2,3.937981513908644,3.937981513908644,0.0
TDP,Thiamin pyrophosphatase,2,3.937981513908644,3.937981513908644,0.0
TAURabcpp,Taurine transport via ABC system (periplasm),2,3.937981513908644,3.937981513908644,0.0
TAURabc,Taurine transport via ABC system,2,3.937981513908644,3.937981513908644,0.0
TGBPA,Tagatose-bisphosphate aldolase,2,3.937981513908644,3.937981513908644,0.0
THIORDXi,Hydrogen peroxide reductase (thioredoxin),2,3.937981513908644,3.937981513908644,0.0
TECA3S45,Glycerol teichoic acid  n45   unlinked  glucose substituted,2,3.937981513908644,3.937981513908644,0.0
TECA2S45,Glycerol teichoic acid  n45   unlinked  D ala substituted,2,3.937981513908644,3.937981513908644,0.0
TECA1S45,Glycerol teichoic acid  n45   unlinked  unsubstituted,2,3.937981513908644,3.937981513908644,0.0
