R_12DGR120tipp	0.0
R_12DGR140tipp	0.0
R_12DGR141tipp	4.723551844942513e-20
R_12DGR160tipp	0.0
R_12DGR161tipp	0.0
R_12DGR180tipp	0.0
R_12DGR181tipp	0.0
R_12PPDRDH	0.001
R_12PPDRte	0.0
R_12PPDRtex	0.0
R_12PPDRtpp	0.0
R_12PPDStex	0.0
R_12PPDStpp	0.0
R_12PPDt	0.0
R_13DAMPPabcpp	0.0
R_13DAMPPtex	0.0
R_13PPDH	1000.0
R_13PPDH2	-999.999
R_13PPDH2_1	-0.001
R_13PPDtex	0.0
R_13PPDtpp	0.0
R_14GLUCANabcpp	0.0
R_14GLUCANtexi	0.0
R_15DAPabcpp	0.0
R_1P2CBXLCYCL	0.0
R_1P2CBXLR	0.0
R_1PPDCRc	0.0
R_1PY4h3cAH	0.0
R_23CAMPtex	0.001
R_23CCMPtex	0.001
R_23CGMPtex	0.001
R_23CTI1	0.0
R_23CTI2	0.0
R_23CTI3	0.0
R_23CUMPtex	0.001
R_23DAPPAt2pp	0.0
R_23DAPPAtex	0.0
R_23DK5MPPISO	0.0
R_23PDE2pp	0.001
R_23PDE4pp	0.001
R_23PDE7pp	0.001
R_23PDE9pp	0.001
R_24DECOAR	0.0
R_25DKGLCNt2rpp	0.0
R_25DKGLCNtex	0.0
R_26DAHtex	0.0
R_2AACLPGT160	0.001
R_2AACLPGT161	0.001
R_2AACLPGT180	0.001
R_2AACLPGT181	0.001
R_2AACLPPEAT160	0.001
R_2AACLPPEAT161	0.001
R_2AACLPPEAT180	0.001
R_2AACLPPEAT181	0.001
R_2ACLMM	0.0
R_2AGPA120tipp	0.0
R_2AGPA141tipp	0.0
R_2AGPA160tipp	0.0
R_2AGPA161tipp	0.0
R_2AGPA180tipp	0.0
R_2AGPA181tipp	0.0
R_2AGPE120tipp	0.0
R_2AGPE140tipp	0.0
R_2AGPE141tipp	0.0
R_2AGPE160tipp	0.001
R_2AGPE161tipp	0.002
R_2AGPE180tipp	0.001
R_2AGPE181tipp	0.001
R_2AGPEAT120	0.0
R_2AGPEAT140	0.0
R_2AGPEAT141	0.0
R_2AGPEAT160	0.0
R_2AGPEAT161	0.0
R_2AGPEAT180	0.0
R_2AGPEAT181	0.0
R_2AGPG120tipp	0.0
R_2AGPG140tipp	0.0
R_2AGPG141tipp	0.0
R_2AGPG160tipp	0.001
R_2AGPG161tipp	0.001
R_2AGPG180tipp	0.001
R_2AGPG181tipp	0.003
R_2AGPGAT120	0.0
R_2AGPGAT140	0.0
R_2AGPGAT141	0.0
R_2AGPGAT160	0.0
R_2AGPGAT161	0.0
R_2AGPGAT180	0.0
R_2AGPGAT181	0.0
R_2DDARAA	0.0
R_2DGLCNRx	0.0
R_2DGLCNRy	0.0
R_2DGULRGx	0.0
R_2DGULRGy	0.0
R_2DGULRx	0.0
R_2DGULRy	0.0
R_2DHGLCK	0.0
R_2DHGLCNkt_tpp	0.0
R_2DHGLCNtex	0.0
R_2DHPFALDL	0.0
R_2H3MBDH	0.0
R_2H3MBt	0.0
R_2H3MPDH	0.0
R_2H3MPt	0.0
R_2HH24DDH	0.0
R_2HH24DDH1	0.0
R_2HXMPt6	-0.001
R_2INSD	0.001
R_2MAHMP	0.001
R_2MBALDH	0.0
R_2MBALDt	0.0
R_2MBAt6	0.0
R_2MPAt6	0.0
R_2OBUT_Et	0.0
R_2OBUTt2ipp	0.0
R_2OBUTtex	0.0
R_2OH3K5MPPISO	0.0
R_2PGLYCt6	0.002
R_2PGt6	0.0
R_2PGt6pp	0.0
R_2PGtex	0.0
R_2S6HCCi	0.001
R_34DHCINMtex	0.0
R_34DHCINMtpp	0.0
R_34DHPACDO	0.0
R_34DHPHEtex	0.0
R_34DHPHEtpp	0.0
R_34HPPOR	0.001
R_34dhpactex	0.0
R_3A2OA	0.0
R_3AIBT2	0.0
R_3AMACHYD	0.0
R_3AMPt6	0.001
R_3AMPtex	0.0
R_3CMPt6	0.001
R_3CMPtex	0.0
R_3GMPt6	0.0
R_3GMPtex	0.0
R_3GMPtex_1	-929.6624999585746
R_3HAACOAT100	0.0
R_3HAACOAT120	0.0
R_3HAACOAT140	0.0
R_3HAACOAT141	0.0
R_3HAACOAT80	0.0
R_3HAD100	0.0
R_3HAD120	0.0
R_3HAD140	0.0
R_3HAD141	0.0
R_3HAD80	0.0
R_3HBCOAHL	0.0
R_3HCINNMH	0.0
R_3HLYTCL	0.0
R_3HOXPACt2pp	0.0
R_3HPAOX	0.0
R_3HPPPNH	0.0
R_3HPTNCOAR	0.0
R_3HSA	0.0
R_3M2OPLOXRD	0.0
R_3MBAt6	0.0
R_3MBZALDH	0.0
R_3MBZDH	0.0
R_3MBt2pp	0.218
R_3MBt4pp	0.001
R_3MBtex	0.219
R_3MCAT23DOX	0.0
R_3MOPDC	0.0
R_3NTD2pp	0.001
R_3NTD4pp	0.001
R_3NTD7pp	0.001
R_3NTD9pp	0.001
R_3NUCLE1	0.001
R_3NUCLE2	0.001
R_3NUCLE3	0.001
R_3NUCLE4	-929.6624999585746
R_3OADPCOAT	0.0
R_3OXCOAT	160.2384529189948
R_3OXOADPt_ex	0.0
R_3OXOADPt_pp	0.0
R_3PEPTabcpp	0.007
R_3PEPTtex	0.0
R_3PGt6	0.0
R_3PGt6pp	0.0
R_3PGtex	0.0
R_3SALATAi	0.0
R_3UMPt6	0.001
R_3UMPtex	0.0
R_3_4DHBZ1t_pp	0.0
R_3_4DHBZt2	0.0
R_3hoxpactex	0.0
R_42A12BOOXpp	0.0
R_4ABUTD	0.001
R_4ABUTabcpp	0.0
R_4ABZGLUH	0.0
R_4ABZGLUtex	0.0
R_4ABZGLUtr	0.0
R_4ABZt	0.0
R_4CMCOAS	0.0
R_4CMLCL_kt	0.0
R_4H2KPILY	0.0
R_4HALDD	0.0
R_4HBADH	0.0
R_4HBALDt2pp	0.0
R_4HBALDtex	0.0
R_4HBAt	-0.002
R_4HBAtex	0.0
R_4HBCOAH	0.0
R_4HBHYOX	0.0
R_4HBZt3pp	0.0
R_4HBZtex	0.0
R_4HDPROO	0.0
R_4HGLSD	0.0
R_4HOXPACDtex	0.0
R_4HOXPACMOF	0.0
R_4HOXPACMOF_1	0.0
R_4HOXPACMON	0.0
R_4HOXPACt2pp	0.0
R_4HOXPACt2pp_1	0.0
R_4HPRODCabcpp	0.001
R_4HPRODCtex	0.001
R_4HPROE	-0.001
R_4HPROLTabcpp	0.001
R_4HPROLTtex	0.001
R_4HPRO_LT_Et	-0.003
R_4HPTNCOAK	0.0
R_4HPTNCOAL	0.0
R_4HPTNtex	0.0
R_4HPTNtpp	0.0
R_4HTHRA	7.838120000002662
R_4HTHRK	0.0
R_4HTHRS	0.0
R_4HTHRS_1	7.838120000002662
R_4HTHRtex	0.0
R_4HTHRtrpp	0.0
R_4IZ5PPH	0.0
R_4MBZALDH	0.0
R_4MBZDH	0.0
R_4MCAT23DOX	0.0
R_4OD	0.0
R_4OD2	0.0
R_4OT	0.0
R_4OT2	0.0
R_4OXPTCOADHx	0.0
R_4OXPTCOADHy	0.0
R_4OXPTNtex	0.0
R_4OXPTNtpp	0.0
R_4PCP	0.002
R_4PCPpp	0.0
R_4PEOR	0.0
R_4PEPTabcpp	0.001
R_4PEPTtex	0.0
R_4POPCOAM	0.0
R_4POPCOAM2	0.0
R_4POPCOAM3	0.0
R_4hoxpactex	0.0
R_5APTNabcpp	0.0
R_5APTNtex	0.0
R_5DGLCNR	0.001
R_5DGLCN_Et	0.0
R_5DGLCNt2rpp	0.0
R_5DGLCNtex	0.0
R_5DH4DGLCD	0.0
R_5DKGR	0.001
R_5DOAN	0.0
R_5HBZIDMT	0.0
R_5HBZIDS2	0.0
R_5HPUDICDC_c	0.0
R_5MTRt2	0.0
R_5MTRtex	0.0
R_5MTRtpp	0.0
R_5OXPROabcpp	0.0
R_5OXPROtex	0.0
R_6APAt1	0.0
R_6ATHAtexi	0.0
R_6HNACMO	0.0
R_6HNACt1pp	0.0
R_6HNACtex	0.0
R_6PGALSZ_1	0.0
R_6PGCt6	0.0
R_6PHBG	0.0
R_6PHBG2	0.0
R_6PHBG_2	0.001
R_A24T	0.0
R_A4GA	0.0
R_A4HBCT	0.0
R_A4PA	0.0
R_A53C	0.0
R_A6PAG	3.8041200000021496
R_A6PAG2	5.731110000497689
R_AAAN	0.0
R_AABTN	0.001
R_AAC24DABA	0.0
R_AACLAM	0.001
R_AACOAR_syn	0.0
R_AACOAT	0.0
R_AACPS1	0.0
R_AACPS2	0.0
R_AACPS3	0.005
R_AACPS4	0.006
R_AACPS5	0.006
R_AACPS6	0.006
R_AACPS7	0.0
R_AACPS8	0.0
R_AACPS9	0.001
R_AACT	0.0
R_AACTOOR	0.0
R_AADSACYCL	0.0
R_AADa	0.0
R_AADb	0.0
R_AALDCDLsi	0.0
R_AALDH	0.0
R_AAMYL	0.0
R_AAMYL_1	0.0
R_AAMYLpp	0.0
R_AASAD3	0.0
R_AATA	0.0
R_AB3CL	0.0
R_AB6PGH	0.001
R_AB6PGH_1	0.0
R_ABFA	0.0
R_ABFPT2	0.0
R_ABG4t2	0.0009999999999763531
R_ABTA	0.005
R_ABTDG	0.0
R_ABTpp2	0.0
R_ABTt	0.0
R_ABTt_1	-0.002
R_ABUTD	0.001
R_ABUTt2pp	0.0
R_ABUTt2r	0.001
R_ABUTtex	0.0
R_ACACCT	0.001
R_ACACT10	0.0
R_ACACT11	0.0
R_ACACT12	0.0
R_ACACT13	0.0
R_ACACT1r	0.001
R_ACACT2r	0.001
R_ACACT3r	0.004
R_ACACT4r	0.005
R_ACACT5r	0.001
R_ACACT5r_1	0.005
R_ACACT6r	0.0
R_ACACT6r_1	0.007
R_ACACT7r	0.073
R_ACACT8	0.0
R_ACACT8r	0.0050000000000000044
R_ACACT9	0.0
R_ACAC_Et	0.0
R_ACACt2	0.0
R_ACACt2pp	0.001
R_ACACtex	0.001
R_ACALD	0.0
R_ACALDt	0.001
R_ACALDtex	0.0
R_ACALDtpp	0.0
R_ACCOAC	3.844999999
R_ACCOAL	0.0
R_ACEt	0.0
R_ACGAL1PPpp	0.0
R_ACGAL1Ptex	0.0
R_ACGALtex	0.0
R_ACGAM1PPpp	0.0
R_ACGAM1P_Et	0.0
R_ACGAM1Ptex	0.0
R_ACGAMK	0.017
R_ACGAMPM	0.0
R_ACGApts	0.001
R_ACGAptspp	0.001
R_ACGAtex	0.001
R_ACGK	0.001
R_ACGK_1	0.0
R_ACGLUtd	-2.168404344971009e-19
R_ACGS	0.002
R_ACHBS	32.07560006971294
R_ACHBS2	0.0
R_ACITL	0.0
R_ACKILE	0.0
R_ACKLEU	0.0
R_ACKVAL	0.0
R_ACKr	0.2569999999996453
R_ACLDC	0.001
R_ACLS	646.0716969882221
R_ACLS_a	0.001
R_ACLS_b	0.0
R_ACLS_d	0.001
R_ACLSa	0.0
R_ACLSa_1	0.0
R_ACLSb	0.0
R_ACLSb_1	0.0
R_ACM6PH	0.017
R_ACMANApts	0.001
R_ACMANAptspp	0.0
R_ACMANAt2	0.0
R_ACMANAtex	0.0
R_ACMUMptspp	0.0
R_ACMUMtex	0.0
R_ACNAMt2	0.0
R_ACNAMt2pp	0.0
R_ACNAMtex	0.0
R_ACNML	0.0
R_ACNPLYS	0.0
R_ACOAD1	0.005999999999971806
R_ACOAD10f	0.0
R_ACOAD11f	0.0
R_ACOAD12f	0.0
R_ACOAD13f	0.0
R_ACOAD14f	0.0
R_ACOAD15f	0.0
R_ACOAD16f	0.0
R_ACOAD17f	0.0
R_ACOAD18f	0.0
R_ACOAD19f	0.0
R_ACOAD1f	0.0
R_ACOAD1fr	0.001
R_ACOAD2	0.001
R_ACOAD20	15.83380003485647
R_ACOAD20f	0.0
R_ACOAD21f	0.0
R_ACOAD22f	0.0
R_ACOAD23f	0.0
R_ACOAD24f	0.0
R_ACOAD25f	0.0
R_ACOAD26f	0.0
R_ACOAD27f	0.0
R_ACOAD28f	0.0
R_ACOAD29f	0.0
R_ACOAD2f	0.0
R_ACOAD3	-0.004
R_ACOAD30f	0.0
R_ACOAD31f	0.0
R_ACOAD32f	0.0
R_ACOAD33f	0.0
R_ACOAD34f	0.0
R_ACOAD3f	0.0
R_ACOAD4	0.0
R_ACOAD4_1	-0.005
R_ACOAD4f	0.0
R_ACOAD5	0.001
R_ACOAD5_1	-0.007
R_ACOAD5f	0.0
R_ACOAD6	-0.008000000000000007
R_ACOAD6f	0.0
R_ACOAD7	-0.075
R_ACOAD7f	0.0
R_ACOAD8f	0.0
R_ACOADH1	0.0
R_ACOADH2	29.38349392812872
R_ACOAM	0.001
R_ACODA	0.002
R_ACODA_1	0.0
R_ACONCt4pp	0.001
R_ACONCtex	0.002
R_ACONCtupp	0.001
R_ACONT	1000.0
R_ACONTa	-813.3059553662941
R_ACONTa_1	0.0
R_ACONTb	-813.3039553662942
R_ACONTb_1	0.0
R_ACOTA	-0.001
R_ACOXT	0.0
R_ACP1_FMN	0.001
R_ACPPAT120	0.0
R_ACPPAT140	0.0
R_ACPPAT141	0.0
R_ACPPAT160	0.001
R_ACPPAT161	0.001
R_ACPPAT180	0.001
R_ACPPAT181	0.001
R_ACPPD	0.0
R_ACPS	0.001
R_ACPS1	0.001
R_ACPS1_1	0.001
R_ACPpds	0.002
R_ACS	0.001
R_ACS2	248.36868612118795
R_ACSERHS	0.001
R_ACSERL	0.0
R_ACSERtex	0.0
R_ACSERtpp	0.0
R_ACSPHAC100	0.0
R_ACSPHAC101	0.0
R_ACSPHAC120	0.0
R_ACSPHAC121	0.0
R_ACSPHAC121d6	0.0
R_ACSPHAC140	0.0
R_ACSPHAC141	0.0
R_ACSPHAC141d5	0.0
R_ACSPHAC142	0.0
R_ACSPHAC160	0.0
R_ACSPHAC40	0.0
R_ACSPHAC50	0.0
R_ACSPHAC60	0.0
R_ACSPHAC70	0.0
R_ACSPHAC80	0.0
R_ACSPHAC90	0.0
R_ACSPHACP100	0.0
R_ACSPHACP40	0.0
R_ACSPHACP50	0.0
R_ACSPHACP60	0.0
R_ACSPHACP70	0.0
R_ACSPHACP80	0.0
R_ACSPHACP90	0.0
R_ACSPHACT40	0.0
R_ACSPHACT60	0.0
R_ACS_1	0.001
R_ACTD	0.001
R_ACTD2	0.001
R_ACTD_1	0.002
R_ACTDa	0.001
R_ACTNabc	0.001
R_ACTNabc1	0.001
R_ACTNdiff	0.0
R_ACTNtex	0.0
R_ACTNtpp	0.0
R_ACYP_2	0.0
R_ACYP_3	0.0
R_ACYSBMNt	0.0
R_ACt2ipp	0.0
R_ACt2r	0.0
R_ACt2r_1	0.0
R_ACt2rpp	0.001
R_ACt4pp	0.001
R_ACt5pp	0.0
R_ACtex	0.002
R_ACtr	0.0
R_ADA	0.0
R_ADADir	0.54034
R_ADAPAT	0.199
R_ADCL	0.001
R_ADCPS1	0.0
R_ADCPS2	0.0
R_ADCS	0.001
R_ADCi	0.0
R_ADD	0.001
R_ADEt2	0.0
R_ADEt2rpp	0.0
R_ADEtex	0.0
R_ADK1	-30.87566000000029
R_ADK2	0.0
R_ADK2_1	0.0
R_ADK3	0.0
R_ADK4	0.0
R_ADKd	0.0
R_ADMDC	0.001
R_ADNCYC	0.001
R_ADNK1	0.001
R_ADNK3	0.0
R_ADNK4	0.0
R_ADNUC	0.001
R_ADNt2	0.0
R_ADNt2pp	0.001
R_ADNtex	0.0
R_ADOCBIAH	0.0
R_ADOCBIK	0.0
R_ADPDA	0.001
R_ADPDS	0.0
R_ADPGLC	0.001
R_ADPRDP	0.001
R_ADPRDP_1	0.001
R_ADPT	67.22438013942597
R_ADPTA	0.0
R_ADSELK	0.0
R_ADSELR	0.0
R_ADSELR2	0.0
R_ADSK	0.001
R_ADSL1r	4.091940000000059
R_ADSL2r	0.001
R_ADSS	4.091940000000059
R_ADtr	0.002
R_AEPPYRTA	0.001
R_AEPTA	0.0
R_AEPabcpp	0.001
R_AEPtex	0.001
R_AGDC	0.03900000000000001
R_AGM3PA	0.0
R_AGM3PApp	0.007
R_AGM3PH	0.008
R_AGM3Pt2pp	0.0
R_AGM4PA	0.0
R_AGM4PApp	0.001
R_AGM4PCP	0.008
R_AGM4PCPpp	0.0
R_AGM4PH	0.001
R_AGM4Pt2pp	0.009000000000000001
R_AGMDA	0.0
R_AGMH	0.008
R_AGMPTRCtpp	0.001
R_AGMT	0.003
R_AGMabcpp	0.0
R_AGMt2pp	0.008
R_AGMtex	0.001
R_AGPAT120	0.0
R_AGPAT141	0.0
R_AGPAT160	0.001
R_AGPAT161	0.002
R_AGPAT180	0.002
R_AGPAT181	0.002
R_AGPATr_BS	0.4
R_AGPOP	0.0
R_AGPR	-0.001
R_AGTi	0.0
R_AGt3	0.0
R_AGtex	0.0
R_AGtpp	0.0
R_AH6PI	-0.002
R_AHCYSNS	0.001
R_AHCi	67.22338013942598
R_AHGDx	0.0
R_AHMMPDPT	0.0
R_AHMMPS	0.0
R_AHMMPS2	0.0
R_AHMMPS_1	0.001
R_AHSERL	0.0
R_AHSERL2	1000.0
R_AHSERL2_1	0.0
R_AHSERL4	0.001
R_AI2K	0.0
R_AI2abcpp	0.0
R_AI2tex	-0.001
R_AI2tpp	0.001
R_AI4AH	0.0
R_AICART	0.003
R_AIRC1	0.001
R_AIRC2	0.0
R_AIRC3	0.0
R_AIRC4	0.0
R_AIRCr	0.0
R_AIRCra	0.0
R_AIRCrb	0.0
R_AIRSK	0.0
R_AIRStex	0.0
R_AIRStpp	0.0
R_AKGDH	7.43276712042177
R_AKGDa	0.0
R_AKGDb	0.0
R_AKGt	0.0
R_AKGt2r	0.0
R_AKGt2r_1	0.0
R_AKGt2rpp	0.0
R_AKGtex	0.0
R_AKO	0.0
R_AKP1	0.001
R_AKP1_2	0.0
R_AL4D	0.0
R_ALAALAD	0.0
R_ALAALAD_1	0.0
R_ALAALAabcpp	0.005
R_ALAALAr	0.21200000000000002
R_ALAALAtex	0.0
R_ALAD_L	0.001
R_ALAD_L2	0.0
R_ALAGLNtr	0.001
R_ALAGLUE	0.0
R_ALAGLUabcpp	0.001
R_ALAGLYtr	0.001
R_ALAHISabcpp	0.001
R_ALAHIStex	0.001
R_ALAHIStr	0.001
R_ALALEUabcpp	0.001
R_ALALEUt	0.001
R_ALALEUtex	0.001
R_ALAR	-996.1069999999999
R_ALAS	0.0
R_ALATA_D	-999.8029999999999
R_ALATA_D2	0.001
R_ALATA_L	0.001
R_ALATA_L2	0.001
R_ALATHRabcpp	0.001
R_ALATHRtex	0.001
R_ALATHRtr	0.001
R_ALATRPabcpp	0.001
R_ALATRPtex	0.001
R_ALAabc	0.001
R_ALAabcpp	0.001
R_ALAt2pp	0.001
R_ALAt2r	0.001
R_ALAt4	0.001
R_ALAt4pp	0.0
R_ALAtex	0.001
R_ALAtpp	0.001
R_ALCD1	0.0
R_ALCD19	-1000.0
R_ALCD19y	1000.0
R_ALCD22_L	0.0
R_ALCD2ir	-1000.0
R_ALCD2x	-1000.0
R_ALCD2y	-158.71156127499614
R_ALCD3ir	0.0
R_ALCD4	0.0
R_ALCD4y	0.0
R_ALCDpp	0.0
R_ALDD1	0.001
R_ALDD19xr	160.2384529189948
R_ALDD20x	0.001
R_ALDD20y	0.001
R_ALDD2x	0.001
R_ALDD2y	0.001
R_ALDD3	0.001
R_ALDD31	0.0
R_ALDD31_1	0.002
R_ALDD3y	0.001
R_ALDD4	0.001
R_ALDD4x	0.0
R_ALDD5	0.0
R_ALDD6	0.001
R_ALDH_1	0.0
R_ALDR	0.0
R_ALGAC1	0.0
R_ALGAC2	0.0
R_ALGAC3	0.0
R_ALGAC4	0.0
R_ALGAC5	0.0
R_ALGE1	0.0
R_ALGE2	0.0
R_ALGE3	0.0
R_ALGE4	0.0
R_ALGE5	0.0
R_ALGE6	0.0
R_ALGE7	0.0
R_ALGE8	0.0
R_ALGE9	0.0
R_ALGL	0.0
R_ALGL2	0.0
R_ALGSex1	0.0
R_ALGSex10	0.0
R_ALGSex11	0.0
R_ALGSex12	0.0
R_ALGSex13	0.0
R_ALGSex2	0.0
R_ALGSex3	0.0
R_ALGSex4	0.0
R_ALGSex5	0.0
R_ALGSex6	0.0
R_ALGSex7	0.0
R_ALGSex8	0.0
R_ALGSex9	0.0
R_ALKP	0.002
R_ALKP_1	0.0
R_ALLK	0.0
R_ALLPI	0.0
R_ALLTAHr	0.0
R_ALLTAMH	0.001
R_ALLTAMH2	0.0
R_ALLTN	0.001999999999938855
R_ALLTNRA	0.0
R_ALLTNt2r	0.0
R_ALLTNt2rpp	0.0
R_ALLTNtex	0.0
R_ALLULPE	0.0
R_ALL_D_Et	0.0
R_ALLabcpp	0.0
R_ALLtex	0.0
R_ALMPC	0.0
R_ALOX	0.0
R_ALPHNH	0.001
R_ALR2	0.003
R_ALR3	0.002
R_ALR4x	0.001
R_ALTRH	0.0019999989999999997
R_AM2Et	0.0
R_AM3PA	0.008
R_AM4PA	0.001
R_AM4PCP	0.0
R_AMALT1	0.0
R_AMALT2	0.0
R_AMALT3	0.0
R_AMALT4	0.0
R_AMANAPEr	0.003
R_AMANK	0.001
R_AMANK_1	0.001
R_AMAOTr	0.0
R_AMID2	0.0
R_AMID2_1	0.0
R_AMID4	0.001
R_AMID_1	0.001
R_AMMQLT8	0.001
R_AMMQLT8_2	0.0
R_AMMQT8	0.0
R_AMMQT8_2	0.001
R_AMPAH	0.0
R_AMPD2	0.001
R_AMPEP1	0.001
R_AMPEP10	0.001
R_AMPEP11	0.001
R_AMPEP12	0.001
R_AMPEP13	0.001
R_AMPEP14	0.001
R_AMPEP15	0.001
R_AMPEP16	0.001
R_AMPEP17	57.262220041420306
R_AMPEP18	0.001
R_AMPEP2	0.001
R_AMPEP3	0.001
R_AMPEP4	0.001
R_AMPEP5	0.001
R_AMPEP6	0.001
R_AMPEP7	0.001
R_AMPEP8	0.001
R_AMPEP9	0.001
R_AMPMS2	0.0
R_AMPN	0.0
R_AMPTASEAH	0.001
R_AMPTASEAL	0.001
R_AMPTASEAT	0.001
R_AMPTASEATRP	0.001
R_AMPTASECG	0.003
R_AMPTASEGGLN	0.001
R_AMPTASEGGLU	0.001
R_AMPTASEGM	0.001
R_AMPTASEGS	0.001
R_AMPTASEHG	0.001
R_AMPTASEHH	0.001
R_AMPTASEPG	0.001
R_AMPt6	0.0
R_AMPtex	0.0
R_ANDO1	0.0
R_ANDO2	0.0
R_ANHGMtex	0.0
R_ANHMK	0.017
R_ANPRT	0.003
R_ANS	0.001
R_ANS2	0.001
R_ANSN	0.001
R_ANTDR	0.0
R_AOBUTDs	0.0
R_AOXHEXCYCL	0.0
R_AOXSr	0.0
R_AP3S	0.0
R_AP4AH	0.001
R_AP4AS	0.001
R_APAT_1	0.0
R_APATi	0.001
R_APATr	-2.168404344971009e-19
R_APCt5	0.0
R_APCt6	0.0
R_APCtex	0.0
R_APCtpp	0.0
R_APDH	0.0
R_APENTAMAH2	0.0
R_APG3PAT120	0.0
R_APG3PAT141	0.0
R_APG3PAT160	0.001
R_APG3PAT161	0.001
R_APG3PAT180	0.001
R_APG3PAT181	0.001
R_APH120	0.0
R_APH140	0.0
R_APH141	0.0
R_APH160	0.0
R_APH161	0.0
R_APH180	0.0
R_APH181	0.0
R_APPAT	0.0
R_APPLDHr	0.0
R_APRAUR	0.001
R_APRTO2	0.001
R_APSR	0.001
R_APSR2	0.0
R_APTA1i	0.001
R_APTNAT	0.001
R_ARABDI	0.0
R_ARABR	0.0
R_ARABRr	0.002
R_ARAB_Dt	0.0
R_ARAB_Lt	0.0
R_ARACHTA	0.0
R_ARAI	0.0
R_ARAT	0.0
R_ARApts	0.0
R_ARBT6Pt	0.0
R_ARBTpts	0.001
R_ARBTptspp	0.0
R_ARBTtex	0.0
R_ARB_Dabc	0.0
R_ARBabc	0.001
R_ARBabcpp	0.0
R_ARBt2r	0.001
R_ARBt2rpp	0.0
R_ARBt3ipp	0.0
R_ARBtex	0.0
R_ARD	0.0
R_ARD_1	0.0
R_ARGAGMt7pp	0.0
R_ARGDC	0.002
R_ARGDCpp	0.0
R_ARGDI	0.0
R_ARGDI_1	0.001
R_ARGDr	3.130741129012241
R_ARGKr	0.0
R_ARGN	0.0
R_ARGN_1	0.001
R_ARGORNt3	0.0
R_ARGORNt7	0.0
R_ARGORNt7pp	0.0
R_ARGPt6	0.0
R_ARGR	0.0
R_ARGSL	0.001
R_ARGSS	0.001
R_ARGSS2	0.0
R_ARGabc	0.001
R_ARGabcpp	0.0
R_ARGt2pp	0.0
R_ARGt2r	9.312240000000061
R_ARGt3pp	0.0
R_ARGt5r	0.0
R_ARGtex	0.0
R_ARNO	0.0
R_AROAT	0.0
R_AROH	0.0
R_ARSR	0.0
R_ARUH	0.0
R_ASAD	-0.20400000000000001
R_ASAD_1	0.0
R_ASCBPL	0.0
R_ASCBpts	0.0
R_ASCBptspp	0.0
R_ASCBtex	0.0
R_ASLP	0.0
R_ASNN	0.001
R_ASNN_1	0.0
R_ASNNpp	0.0
R_ASNS1	4.8191
R_ASNS2	0.0
R_ASNabc	0.001
R_ASNabcpp	0.0
R_ASNt2r	0.0
R_ASNt2rpp	0.0
R_ASNt4	0.001
R_ASNtex	0.0
R_ASO3t2pp	0.0
R_ASO3t4pp	0.0
R_ASO3t8pp	0.0
R_ASO3tex	0.0
R_ASO3tex_1	0.0
R_ASO4rt2rpp	0.0
R_ASO4t	0.0
R_ASO4t4pp	0.0
R_ASO4tex	0.0
R_ASP1DC	0.0065200000000289506
R_ASP3H	0.0
R_ASP4DC	0.0
R_ASPA2	0.0
R_ASPCT	0.001
R_ASPCT_2	3.3954000000000617
R_ASPDTDe	0.0
R_ASPK	0.20400000000000001
R_ASPO1	0.001
R_ASPO2	0.0
R_ASPO2y	0.0
R_ASPO3	0.0
R_ASPO4	0.0
R_ASPO5	0.0
R_ASPO5_2	0.0
R_ASPO6	0.001
R_ASPR	0.0
R_ASPSALy	0.0
R_ASPT	0.0
R_ASPTA	982.6609399999999
R_ASPTA4	0.0
R_ASPTA6	1000.0
R_ASPabc	0.001
R_ASPabcpp	0.0
R_ASPt2_2pp	0.001
R_ASPt2_3pp	0.0
R_ASPt2pp	0.001
R_ASPt2r	0.001
R_ASPte	0.0
R_ASPtex	0.0
R_ASPtpp	-0.002000000000001
R_ASR	0.0
R_ASR2	0.0
R_AST	0.0
R_ATAH_1	0.000999999999938855
R_ATHRDHr	-158.70556127499617
R_ATPHs	0.002
R_ATPPRT	0.002
R_ATPS4rpp	0.0
R_ATPX5P	0.001
R_AT_MBD2	0.0
R_BALAALAabcpp	0.001
R_BALAALAtex	0.001
R_BALABALAabcpp	0.001
R_BALABALAtex	0.001
R_BALAGLYabcpp	0.001
R_BALAGLYtex	0.001
R_BALALEUabcpp	0.001
R_BALALEUtex	0.001
R_BALAMDAH	0.001
R_BALAt2pp	0.001
R_BALAt2r	0.001
R_BALAtex	0.001
R_BARB	0.0
R_BCOALIG	0.0
R_BCOALIG2	0.0
R_BCT1_syn	0.0
R_BDH	0.001
R_BEF	0.0
R_BETALDHx	0.001
R_BETALDHy	0.001
R_BGLA	0.001
R_BGLA1	0.001
R_BGLApp	0.0
R_BGLK	0.001
R_BG_CELLB	500.0
R_BG_MADG	0.001
R_BG_MBDG	0.001
R_BHBtpp	0.001
R_BILIVERDtex	0.0
R_BILIVERDtpp	0.0
R_BKDA2	0.0
R_BKDC	0.0
R_BKDC1	0.0
R_BLAMDabcpp	0.001
R_BLAMDtex	0.001
R_BMNMSHS	0.0
R_BMNt	0.0
R_BNOCA	0.0
R_BPNT	0.0
R_BPNT2	0.0
R_BPNT_1	0.004
R_BSCT	-0.001
R_BTCOARx	0.0
R_BTCR	0.0
R_BTDD_RR	0.0
R_BTDDtex	0.0
R_BTDDtpp	0.0
R_BTDt6_RR	0.0
R_BTDt_RR	0.0
R_BTNTe	0.002
R_BTNt	0.001
R_BTNt2i	0.001
R_BTNt2ipp	0.0
R_BTNtex	0.0
R_BTOHt2rpp	0.0
R_BTOHtex	0.0
R_BTS	0.0
R_BTS2	0.0
R_BTS3r	0.0
R_BTS4	0.0
R_BTS_1	0.0
R_BTS_nadph	0.0
R_BUP	0.0
R_BUP2	0.0
R_BUPN	0.0
R_BUTCT	0.001
R_BUTCT2	0.004
R_BUTH	0.0
R_BUTKr	0.006
R_BUTSO3abcpp	0.001
R_BUTSO3tex	0.001
R_BUTSabc	0.0
R_BUTt2rpp	0.001
R_BUTt4pp	0.001
R_BUTtex	0.002
R_BZ12DOX	0.0
R_BZALCt2pp	0.0
R_BZALCtex	0.0
R_BZALDH	0.0
R_BZALt	0.0
R_BZALt2pp	0.0
R_BZALtex	0.0
R_BZDH	0.0
R_BZDIOLDH	0.0
R_BZSCD	0.0
R_BZSCT	0.0
R_BZSS	0.0
R_BZt	0.001
R_BZt1pp	0.0
R_BZt2_pp	0.0
R_BZtex	0.0
R_C4HP	0.0
R_CA2abc	0.0
R_CA2abc1	0.001
R_CA2abc1pp	0.0
R_CA2abcpp	0.0
R_CA2t3pp	0.0
R_CA2tex	0.0
R_CAATPS	0.0
R_CACOAHA	0.0
R_CADVtpp	0.0
R_CAFFCOA	0.0
R_CAMPP	0.0
R_CARBSARAH	0.0
R_CARNabcpp	0.001
R_CARNtex	0.001
R_CAT	0.001
R_CAT23DOX	0.0
R_CATDOX	0.0
R_CATECHOLtex	0.0
R_CATECHOLtpp	0.0
R_CATpp	0.0
R_CAt4	0.001
R_CAt6	0.0
R_CAt6pp	0.0
R_CBMD	0.0
R_CBMK4	0.0
R_CBMKr	0.0
R_CBMKr2	0.0
R_CBPAH	0.0
R_CBPS	0.001
R_CBPS_1	0.001
R_CCPpp	0.0
R_CD2abc1	0.001
R_CD2abcpp	0.001
R_CD2t3pp	0.001
R_CD2t4	0.001
R_CD2t4pp	0.001
R_CD2t5	0.001
R_CD2t6	0.001
R_CD2tex	0.004
R_CD2tpp	0.006
R_CD6P	0.0
R_CDAPPA120	0.0
R_CDAPPA140	0.0
R_CDAPPA141	0.0
R_CDAPPA160	0.0
R_CDAPPA160190	0.0
R_CDAPPA161	0.0
R_CDAPPA180	0.0
R_CDAPPA181	0.0
R_CDAPPA190	0.0
R_CDAPPA_HP	0.0
R_CDDTPP	0.0
R_CDGUNPD	0.001
R_CDHG	0.0
R_CDPMEK	0.019
R_CDPMEK_1	0.0
R_CDPPH	0.001
R_CDPPT160	0.001
R_CEL6abc	0.0
R_CELASE1	0.0
R_CELASE2	0.0
R_CELASEpp	0.0
R_CELBpts	0.001
R_CELBt2	0.001
R_CELLB_Et	0.0
R_CELLBabc	0.001
R_CELLBpts_2	0.001
R_CELLS	0.0
R_CELLex	0.0
R_CELabc	0.0
R_CEPA	0.0
R_CGLYabcpp	0.001
R_CGLYtex	0.0
R_CH4St	0.0
R_CHCD	0.0
R_CHCOAL	0.0
R_CHLD	0.0
R_CHLP	0.0
R_CHLabc	0.002
R_CHLabc_rev	0.0
R_CHLabcpp	0.0
R_CHLt2	0.0
R_CHLt2pp	0.0
R_CHLt3pp	0.0
R_CHLtex	0.0
R_CHOD	0.0
R_CHOL1	0.0
R_CHOLCOA	0.0
R_CHOLD	0.002
R_CHOLD2	0.0
R_CHOLD3	0.0
R_CHOLK	0.0
R_CHOLSH	0.0
R_CHOLS_ex	0.0
R_CHOLSabc	0.0
R_CHOLSabc_1	0.0
R_CHOLt4ipp	0.0
R_CHORM	0.002999999999938855
R_CHORS	0.008999999999938856
R_CHORS_1	0.0
R_CHORt2	0.0
R_CHORt2rpp	0.0
R_CHORtex	0.0
R_CHRPL	0.0
R_CHSTEROLt_1	0.0
R_CHTBSptspp	0.0
R_CHTBStex	0.0
R_CIGAMS	0.0
R_CINNDO	0.0
R_CINNMCOAH	0.0
R_CINNMtex	0.0
R_CINNMtpp	0.0
R_CITACt	0.0
R_CITDAPPD	0.0
R_CITDAPPS	0.0
R_CITL	0.0
R_CITRt2r	0.0
R_CITabc	0.0
R_CITt10	0.0
R_CITt11	0.0
R_CITt12	0.0
R_CITt13	0.0
R_CITt14	0.1061
R_CITt15	0.0
R_CITt2r	0.0
R_CITt3	0.0
R_CITt3pp	0.002
R_CITt4_1	0.0
R_CITt4pp	0.0
R_CITt4pp_1	0.001
R_CITt7pp	0.0
R_CITt_kt	0.0
R_CITtex	0.0
R_CITtupp	0.001
R_CLBtex	0.0
R_CLPNH120pp	0.0
R_CLPNH140pp	0.0
R_CLPNH141pp	0.0
R_CLPNH160pp	0.0
R_CLPNH161pp	0.0
R_CLPNH180pp	0.0
R_CLPNH181pp	0.0
R_CLPNS120pp	0.0
R_CLPNS140pp	0.0
R_CLPNS141pp	0.0
R_CLPNS160	0.0
R_CLPNS160pp	0.0
R_CLPNS161pp	0.0
R_CLPNS180pp	0.0
R_CLPNS181pp	0.0
R_CLS	0.0
R_CLt3_2pp	0.0
R_CLt3r_2	0.0
R_CLtex	0.0
R_CLtipp	0.0
R_CMCBTFL	0.0
R_CMCBTFR1	0.0
R_CMCBTFR2	0.0
R_CMCBTFU	0.0
R_CMCBTFabcpp	0.0
R_CMCBTFexs	0.001
R_CMCBTFtex	0.0
R_CMCBTFtonex	0.0
R_CMCBTFtpp	0.0
R_CMCMSAD	0.0
R_CMHMI	0.0
R_CMLDC	0.0
R_CMPDAi	0.001
R_CMPN	0.0
R_CMPt6	0.0
R_CMPtex	0.0
R_CMt2ex	0.0
R_CMt2ppi	0.0
R_CMtex	0.0
R_CMtexabc	0.0
R_CMtpp	0.0
R_CO23OC	0.0
R_CO2FO	0.0
R_CO2t	-999.999
R_CO2tex	-0.001
R_CO2tpp	-0.001
R_COALCDH	0.0
R_COALDDH	0.0
R_COAt	0.0
R_COB1NDAAT1	0.0
R_COB1NDAAT2	0.0
R_COBALT2abcpp	0.001
R_COBALT2t3pp	0.001
R_COBALT2tex	-0.002
R_COBALT2tpp	0.0
R_COBALTt4pp	0.001
R_COBALTt5	-0.003
R_COCO2	0.0
R_COCOAHA	0.0
R_COHG	0.0
R_COLD	0.0
R_CONFRLtex	0.0
R_CONFRLtpp	0.0
R_COabc	0.001
R_COt	0.0
R_COt_1	0.0
R_CPGNR1	0.0
R_CPGNR2	0.0
R_CPGNR3	0.0
R_CPGNUtex	0.0
R_CPGNUtpp	0.0
R_CPGNabcpp	0.0
R_CPGNexs	0.001
R_CPGNtonex	0.0
R_CPK1	0.0
R_CPP3FC	0.0
R_CPP3O1	0.0
R_CPPPGO	0.001
R_CPPPGO2	0.0
R_CREAT	0.0
R_CREATtex	0.0
R_CREATtpp	0.0
R_CRESOLtex	0.0
R_CRESt2ipp	0.0
R_CREStex	0.0
R_CRNCBCT	0.0
R_CRNCDH	0.0
R_CRNDH	0.0
R_CRNDabcpp	0.0
R_CRNDt2rpp	0.0
R_CRNabc	0.0
R_CRNabcpp	0.0
R_CRNt2rpp	0.0
R_CRNt7pp	0.0
R_CRNt8pp	0.0
R_CRNtex	0.0
R_CRO4abcpp	0.002
R_CRO4t3	0.001
R_CRO4t3pp	0.001
R_CRO4tex	0.001
R_CRTNIH	0.0
R_CRTNh	0.0
R_CRTNtex	0.0
R_CRTNtpp	0.0
R_CS	186.585944633706
R_CSND	0.0
R_CSND_1	0.0
R_CSNt2	0.0
R_CSNt2pp	0.0
R_CSNtex	0.0
R_CSPMDDC	0.0
R_CSPMDDH	0.0
R_CT6PT	0.0
R_CTBTabc	0.0
R_CTBTabcpp	0.0
R_CTBTt2rpp	0.0
R_CTECOAI6	0.001000000000000006
R_CTECOAI7	0.002
R_CTECOAI8	0.005
R_CTHG	0.0
R_CTI1	0.0
R_CTLD	0.0
R_CTPS1	0.001
R_CTPS1_2	0.0
R_CTPS2	0.001
R_CU1Opp	0.0
R_CU2abcpp	0.001
R_CU2t4pp	0.0
R_CU2tex	0.015179999999999999
R_CU2tonex	0.0
R_CU2tpp	0.01618
R_CUabcpp	0.0
R_CUtex	0.0
R_CYANST	0.0
R_CYANSTpp	0.0
R_CYANt2pp	0.0
R_CYANtex	0.0
R_CYNTAH	0.0
R_CYNTAH_1	0.0
R_CYNTt2pp	0.0
R_CYNTtex	0.0
R_CYO1_KT	0.0
R_CYO1b	0.0
R_CYO4pp	0.0
R_CYOO2pp	0.0
R_CYP1	0.0
R_CYP2	0.0
R_CYP3	0.0
R_CYS	-998.16488
R_CYSDDS	0.0
R_CYSDS	0.001
R_CYSDSF	0.0
R_CYSDabcpp	0.0
R_CYSDtex	0.0
R_CYSGL	0.001
R_CYSGLYt2ir	0.0
R_CYSIabcpp	0.0
R_CYSItpp	0.0
R_CYSK2_I	0.001000000000023647
R_CYSLY3	0.0
R_CYSS	0.001
R_CYSS_2	0.001
R_CYSTA	0.0
R_CYSTGL	0.0019999999999527063
R_CYSTL	0.001
R_CYSTS	1000.0
R_CYST_II	0.001
R_CYSTabc	0.0
R_CYSabc	0.001
R_CYSabc2pp	0.001
R_CYSabcpp	0.002
R_CYSt2r	0.0
R_CYStec	0.0
R_CYStex	0.0
R_CYStpp	0.001
R_CYTBCYTC	0.0
R_CYTBD	0.0
R_CYTBD2	0.0
R_CYTBD2pp	0.001
R_CYTBDpp	0.0
R_CYTBMQOR2pp	0.0
R_CYTBO3_4pp	0.0
R_CYTB_B2	1000.0
R_CYTB_B3	370.3188917154094
R_CYTCAA3pp	0.0
R_CYTCBB3pp	0.0
R_CYTD	0.001
R_CYTDH	0.001
R_CYTDK1	0.001
R_CYTDK1_1	0.0
R_CYTDK2	0.001
R_CYTDK2_1	0.0
R_CYTDt2	2.672159999999953
R_CYTDt2pp	0.0
R_CYTDt4	0.0
R_CYTDtex	-0.001
R_CYTK1	14.997160000000001
R_CYTK11_1	0.0
R_CYTK2	0.53934
R_CYTK2_1	0.0
R_CYTMQOR3pp	0.0
R_CYTOM	0.001
R_Clt	0.1041
R_Cobalt2abcppI	0.001
R_Cotpp	0.0
R_Cuabc	0.0
R_Cut1	0.001
R_D23APt	0.0
R_D3AIBT	0.0
R_D4DGCD	0.0
R_D5KGK	0.001
R_D5KGPA	0.001
R_DAAD	0.0
R_DAAD11	0.0
R_DAAD12	0.0
R_DAAD2	0.0
R_DAAD3	0.0
R_DAAD4	0.0
R_DAAD5	0.0
R_DAAD7	0.0
R_DAAD8	0.0
R_DAAOP	500.0005
R_DABAAT	0.0
R_DABAAT2	0.0
R_DACHpts	0.0
R_DACL	0.0009999999999763531
R_DACTPP	0.0
R_DACTt3	0.0
R_DADA	0.0
R_DADK	0.003000000000023647
R_DADNK	0.001
R_DADNK_1	0.002000000000023647
R_DADNt2	0.0
R_DADNt2pp	0.0
R_DADNtex	0.0
R_DAGK	0.001
R_DAGK120	0.0
R_DAGK140	0.0
R_DAGK141	4.723551844942513e-20
R_DAGK160	0.001
R_DAGK161	0.0
R_DAGK180	0.0
R_DAGK181	0.0
R_DAGK_BS	0.001
R_DAGK_LLA	0.0
R_DAGLIPA160ex	0.0
R_DAGLIPA180ex	0.0
R_DAGLIPA181d9ex	0.0
R_DAGLIPA182d9d12ex	0.0
R_DALAALAD	0.001
R_DALADALAD	0.001
R_DALAGLYD	0.001
R_DALALEUD	0.001
R_DALAOX	0.001
R_DALAabcpp	0.0
R_DALAt2pp	0.014
R_DALAt2r	0.001
R_DALAtex	0.0
R_DAMPtex	0.0
R_DAPADHL	0.0
R_DAPAL	0.0
R_DAPAT	0.001
R_DAPDA	0.199
R_DAPDC	0.001
R_DAPE	0.201
R_DAPabcpp	0.0
R_DAPtex	0.0
R_DARBabcpp	0.0
R_DARBt2rpp	0.0
R_DARBt3ipp	0.0
R_DARBtex	0.0
R_DARGabcpp	0.0
R_DARGtex	0.0
R_DASNabcpp	0.0
R_DASNtex	0.0
R_DASYN120	0.0
R_DASYN140	0.0
R_DASYN141	0.0
R_DASYN160	0.001
R_DASYN160190	0.0
R_DASYN161	0.001
R_DASYN180	0.002
R_DASYN181	0.002
R_DASYN190190	0.0
R_DASYN_HP	0.0
R_DATCY	0.0
R_DATPHs	0.002
R_DATUP	0.0
R_DAUPP	0.0
R_DB4PS	0.002
R_DBTS	0.0
R_DC6PH	0.0
R_DCAtex	0.001
R_DCMPDA	0.001
R_DCMPDA_1	0.0
R_DCMPtex	0.0
R_DCPP	0.0
R_DCTCP	0.0
R_DCTPD	0.0
R_DCTPD2	0.0
R_DCTPD2_1	0.0
R_DCTPD_1	0.0
R_DCTUP	0.0
R_DCYTD	0.002
R_DCYTt2	0.54134
R_DCYTt2pp	0.0
R_DCYTtex	0.0
R_DDCAt2pp	0.0
R_DDCAtexi	0.0019999989999999997
R_DDGALK	0.0
R_DDGLCNt2r	0.001
R_DDGLCNt2rpp	0.0
R_DDGLCNtex	0.0
R_DDGLK	0.0029999989999999997
R_DDPA	0.008999999999938856
R_DDPA_1	0.0
R_DDPGA	0.0
R_DDPGALA	0.0
R_DESAT16	0.0
R_DESAT18	0.0
R_DESATPE160	0.0
R_DESATPG160	0.0
R_DEXTRINt2	0.0
R_DGAK	0.0
R_DGBUTNH	0.0
R_DGK1	0.002999999999976353
R_DGLACH	0.0
R_DGMPtex	0.0
R_DGNSK	0.0009999999999763531
R_DGNSK_1	0.001
R_DGSNt2	0.0
R_DGSNt2pp	0.0
R_DGSNtex	0.0
R_DGTCY	0.0
R_DGTUP	0.0
R_DGUDBUTNabcpp	0.0
R_DGUDBUTNtex	0.0
R_DGUNC	0.001
R_DGUO	0.0
R_DGUPP	0.0
R_DH23t	0.001
R_DH35O	0.0
R_DH36M	0.0
R_DH3MCHCDH	0.0
R_DH4MCHCDH	0.0
R_DHACOAH	160.2374529189948
R_DHAD1	646.0706969882222
R_DHAD2	32.07460006971294
R_DHAD3	0.001
R_DHAK	0.001
R_DHAPT	0.001
R_DHAPtr	0.0
R_DHAt	0.0
R_DHAtex	0.0
R_DHAtpp	0.0
R_DHBD	0.001
R_DHBS	0.0
R_DHBSH	0.0
R_DHBSH_1	0.0
R_DHBSZ3FEabcpp	0.0
R_DHBSZ3FEexs	0.001
R_DHBSZ3FEtonex	0.0
R_DHBSZ3tex	0.0
R_DHBZS2H	0.0
R_DHBZS3H	0.0
R_DHCIND	0.0
R_DHCINDO	0.0
R_DHDPRx_r	0.0
R_DHDPRy	0.201
R_DHDPS	0.201
R_DHEDAA	0.0
R_DHFOR	0.0
R_DHFR	0.5346999999999884
R_DHFR2i	0.0
R_DHFS	0.0019999999999527063
R_DHGLYH	0.0
R_DHMPTR	0.0
R_DHMPTRx	0.0
R_DHNAOT	0.0
R_DHNAOT4	0.0
R_DHNAOT_1	0.002
R_DHNCOAS	0.001
R_DHNCOAT	0.001
R_DHNPA	0.0
R_DHNPA2r	0.0
R_DHNPA_1	0.002
R_DHORD2	0.0
R_DHORD3	0.0
R_DHORD5	0.0
R_DHORD6	0.0
R_DHORD_NAD	0.0
R_DHORDfum	0.0
R_DHORDi	3.3964000000000616
R_DHORTS	-3.3964000000000616
R_DHPACCOAHIT	0.001
R_DHPD	0.0
R_DHPDO	0.0
R_DHPM1	0.0
R_DHPM2	0.0
R_DHPPD	0.0
R_DHPPDA	0.001
R_DHPPDA2	0.0
R_DHPPDA_2	0.0
R_DHPS	0.001
R_DHPS2	0.0
R_DHPTDCs	0.0
R_DHPTDCs2	0.001
R_DHPt	0.0
R_DHQS	0.008999999999938856
R_DHQS_2	0.0
R_DHQTi	0.008999999999938856
R_DHR_1	0.0
R_DHSKDH	0.0
R_DIACTt	0.0
R_DIMPtex	0.0
R_DINSK	0.001
R_DINSt2	0.0
R_DINSt2pp	0.0
R_DINStex	0.0
R_DIPEPabc1	0.001
R_DIPEPabc10	0.001
R_DIPEPabc12	0.001
R_DIPEPabc13	0.001
R_DIPEPabc14	0.001
R_DIPEPabc15	0.001
R_DIPEPabc3	0.001
R_DIPEPabc8	0.001
R_DKDID	0.001
R_DKGLCNR1	0.0
R_DKGLCNR2x	0.0
R_DKGLCNR2y	0.0
R_DKGLCNR3	0.0
R_DKMD2K	0.001
R_DKMPPD	0.0
R_DKMPPD3	0.0
R_DLASNR	0.0
R_DLCYSR	0.0
R_DLEUabcpp	0.0
R_DLEUtex	0.0
R_DLMETR	0.0
R_DLYSAD	0.0
R_DLYSOXGAT	0.0
R_DLYSPYRAT	0.0
R_DLYSabcpp	0.0
R_DLYStex	0.0
R_DM1PE	0.001
R_DMALRED	0.0
R_DMATT	0.003
R_DMBI	0.0
R_DMGDH2	0.0
R_DMGLYBabcpp	0.0
R_DMGLYtex	0.0
R_DMPPS	0.004
R_DMPPS_syn	0.0
R_DMSO2abcpp	0.0
R_DMSO2tex	0.0
R_DMSOR1pp	0.0
R_DMSOR2pp	0.0
R_DMSOtex	0.0
R_DMStex	0.0
R_DNADDP	0.001
R_DNMPPA	0.0009999999999763531
R_DNTAep	0.002
R_DNTPPA	0.0009999999999763531
R_DOP1	0.0
R_DOP2	0.0
R_DOPAtex	0.0
R_DOPAtpp	0.0
R_DOPDH	0.0
R_DORNabcpp	0.0
R_DORNtex	0.0
R_DOXRBCNtex	0.0
R_DOXRBCNtpp	0.0
R_DPCOAK	0.01452000000002895
R_DPCOAK_1	0.0
R_DPHEt2rpp	0.0
R_DPHEtex	0.0
R_DPMVD	0.0
R_DPR	0.01052000000002895
R_DPROabcpp	0.0
R_DPROtex	0.0
R_DR1ORx	0.0
R_DR1ORy	0.0
R_DRBK	0.001
R_DRBK_1	0.0
R_DRIBabc	0.001
R_DRIBt2	0.0
R_DRIBtex	0.0
R_DRIBtex_1	0.0
R_DRIBtpp	0.0
R_DRPA	0.001
R_DRU1Ptex	0.0
R_DSERDHr	0.002
R_DSERt2	0.001
R_DSERt2pp	0.001
R_DSERtex	0.001
R_DTARTD	0.0
R_DTBTST	0.0
R_DTBTt	0.0
R_DTMPK	0.5243199999999888
R_DTMPt6	0.0
R_DTMPtex	0.0
R_DTTGY	0.0
R_DTTUP	0.0
R_DTUPP	0.0
R_DTYRt2rpp	0.0
R_DTYRtex	0.0
R_DUCYTP	0.0
R_DUMPtex	0.0
R_DURAD	0.0
R_DURAD2	0.0
R_DURADx	0.0
R_DURIK1	0.001
R_DURIK1_1	0.0
R_DURIPP	0.001
R_DURIPP_1	0.001
R_DURIt2	0.0
R_DURIt2pp	0.0
R_DURItex	0.0
R_DUTCP	0.0
R_DUTPDP	0.001
R_DUTPDP_1	0.0
R_DUTUP	0.0
R_DUUPP	0.0
R_DVALabcpp	0.0
R_DVALtex	0.0
R_DXPRIi	0.018999999999999996
R_DXPS	0.020999999999999998
R_DXYLK	0.0
R_DXYLONtex	0.0
R_DXYLONtpp	0.0
R_DXYLTD	0.0
R_DXYLUDtex	0.0
R_DXYLUDtpp	0.0
R_D_LACt2	0.0
R_D_LACt2pp	0.0
R_D_LACtex	0.0
R_E4PD	7.838120000002662
R_E4POR1	0.0
R_EAR100x	0.0
R_EAR100y	0.0
R_EAR120x	0.0
R_EAR120y	0.0
R_EAR140x	0.0
R_EAR140y	0.0
R_EAR141x	0.0
R_EAR141y	0.0
R_EAR80x	0.0
R_EAR80y	0.0
R_ECHA191	0.0
R_ECHA192	0.0
R_ECHA193	0.0
R_ECHA20	0.0
R_ECOAH1	-999.993
R_ECOAH12	0.0
R_ECOAH14	0.0
R_ECOAH15	0.0
R_ECOAH16	0.0
R_ECOAH17	0.0
R_ECOAH18	0.0
R_ECOAH19	0.0
R_ECOAH1_1	1000.0
R_ECOAH2	0.001
R_ECOAH20	0.0
R_ECOAH21	0.0
R_ECOAH22	0.0
R_ECOAH23	0.0
R_ECOAH24	0.0
R_ECOAH25	0.0
R_ECOAH26	0.0
R_ECOAH27	0.0
R_ECOAH28	0.0
R_ECOAH29	0.0
R_ECOAH2c	58.76698785625744
R_ECOAH3	0.003
R_ECOAH30	0.0
R_ECOAH31	0.0
R_ECOAH32	0.0
R_ECOAH33	0.0
R_ECOAH34	0.0
R_ECOAH35	0.0
R_ECOAH36	0.0
R_ECOAH37	0.0
R_ECOAH38	0.0
R_ECOAH4	0.005
R_ECOAH5	-0.001
R_ECOAH5_1	0.007
R_ECOAH6	0.007
R_ECOAH7	0.073
R_ECOAH8	-0.0050000000000000044
R_ECOAH9ir	31.66760006971294
R_ECTOH	0.0
R_ECTOabcpp	0.0
R_ECTOtex	0.0
R_EDA	0.0029999989999999997
R_EDD	0.0
R_EHGLAT	0.0
R_ENO	1000.0
R_ENOPH	0.0
R_ENTCS	0.0
R_ENTERES	0.0
R_ENTERES2	0.0
R_ENTERGLCT1	0.0
R_ENTERGLCT2	0.0
R_ENTERH	0.0
R_ENTERHpp	0.0
R_ETHAAL	0.0
R_ETHAt	0.0
R_ETHAt2pp	0.0
R_ETHAt6	0.0
R_ETHAtex	0.0
R_ETHSO3abcpp	0.001
R_ETHSO3tex	0.001
R_ETHSabc	0.0
R_ETOHt	0.0
R_ETOHt2r	0.0
R_ETOHt2rpp	0.0
R_ETOHt3	0.0
R_ETOHtex	-158.71156127499614
R_ETOHtrpp	-158.71156127499614
R_F1PP	0.001
R_F6PA	0.0
R_F6PP	0.001
R_F6Pt6_2	0.0
R_F6Pt6_2pp	0.0
R_F6Ptex	0.0
R_F6Ptex_1	0.0
R_FA100ACPHi	0.0
R_FA120ACPHi	0.0
R_FA140ACPHi	0.0
R_FA141ACPHi	0.0
R_FA160ACPHi	0.0
R_FA161ACPHi	0.0
R_FA80ACPHi	0.001
R_FACOAE100	0.0
R_FACOAE120	0.0009999990000000001
R_FACOAE140	0.001
R_FACOAE141	0.0
R_FACOAE160	0.005
R_FACOAE161	0.004
R_FACOAE180	0.006
R_FACOAE181	0.0
R_FACOAE1829Z12Z	0.0
R_FACOAE50	0.0
R_FACOAE60	0.0
R_FACOAE70	0.0
R_FACOAE80	0.0
R_FACOAE90	0.0
R_FACOAL100t2pp	0.001
R_FACOAL120t2pp	0.0019999989999999997
R_FACOAL140	0.002999999
R_FACOAL140_ISO	0.008
R_FACOAL140t2pp	0.087000001
R_FACOAL141	0.0
R_FACOAL141t2pp	0.001
R_FACOAL150_ISO	0.16
R_FACOAL150_anteiso	0.272
R_FACOAL160	0.001
R_FACOAL160_ISO	0.04
R_FACOAL160t2pp	0.004
R_FACOAL161	0.001
R_FACOAL161t2pp	0.005
R_FACOAL170_ISO	0.05600000000000001
R_FACOAL170_anteiso	0.136
R_FACOAL180	0.0
R_FACOAL180_2	0.024
R_FACOAL180t2pp	0.006
R_FACOAL181	0.001
R_FACOAL1812	0.0
R_FACOAL181d11tpp	0.0
R_FACOAL181d6t2pp	0.0
R_FACOAL181t2pp	0.004
R_FACOAL1821	0.0
R_FACOAL182t2pp	0.0
R_FACOAL200	0.0
R_FACOAL40It2pp	0.0
R_FACOAL40t2pp	0.0
R_FACOAL50It2pp	0.0
R_FACOAL50i	0.0
R_FACOAL50t2pp	0.0
R_FACOAL60i	0.0
R_FACOAL60t2pp	0.001
R_FACOAL70t2pp	0.0
R_FACOAL80	0.0
R_FACOAL80t2pp	0.001
R_FACOAL90i	0.0
R_FACOAL90t2pp	0.0
R_FACOALP100t2pp	0.0
R_FACOALP50t2pp	0.0
R_FACOALP60t2pp	0.0
R_FACOALP70t2pp	0.0
R_FACOALP80t2pp	0.0
R_FACOALP90t2pp	0.0
R_FACOALPHDCA	0.0
R_FACOALPREPH	0.0
R_FACOALT60t2pp	0.0
R_FACOAL_70_c	0.0
R_FADB2	0.0
R_FADB3	0.0
R_FADD17	0.0
R_FADD3	0.0
R_FADE233	0.0
R_FADE281	0.0
R_FADE282	0.0
R_FADE30	0.0
R_FADE51	0.0
R_FADE52	0.0
R_FADH2D	685.1564458577049
R_FADMQOR	0.001
R_FADOX	0.0
R_FADRx	0.0
R_FADRx2	0.0
R_FAD_1	0.0
R_FAD_11	0.0
R_FAD_12	0.0
R_FAD_13	0.0
R_FAD_14	0.0
R_FAD_2	0.0
R_FAD_3	0.0
R_FAD_4	0.0
R_FAD_5	0.0
R_FAD_6	0.0
R_FAD_7	0.0
R_FADt	0.0
R_FADtex	0.0
R_FALDH2	0.0
R_FALDM	0.0
R_FALDep	0.001
R_FALDtex	0.0
R_FALDtpp	0.0
R_FALDtpp2	0.0
R_FALGTHLs	0.0
R_FAO1	0.0
R_FAO10	0.0
R_FAO11	0.0
R_FAO2	0.0
R_FAO3	0.0
R_FAS100	0.0
R_FAS120	0.0
R_FAS140	0.0009999990000000001
R_FAS160	0.0
R_FAS161	0.0
R_FAS180	0.0
R_FAS181	0.0
R_FAS200	0.0
R_FAS80_L	0.0
R_FASm220	0.0
R_FASm240	0.0
R_FASm260	0.0
R_FASm280	0.0
R_FBA	1000.0
R_FBA2	-999.999
R_FBA3	0.001
R_FBACS	0.0
R_FBACabcpp	0.0
R_FBP	0.001
R_FCI	0.0
R_FCLK	0.0
R_FCLPA	0.0
R_FCLT	0.0
R_FCLT2	0.0
R_FCLT_2	0.001
R_FCOAH2	0.0
R_FCOAHA	0.0
R_FDH	0.008999999999976353
R_FDH4pp	0.0
R_FDH4pp_1	0.0
R_FDH5pp	0.0
R_FDH5pp_1	0.0
R_FDH5r2pp	0.0
R_FDH6r	0.0
R_FDMO	0.001
R_FDMO1	0.0
R_FDMO2	0.0
R_FDMO2_1	0.0
R_FDMO3	0.001
R_FDMO3_1	0.001
R_FDMO4	0.001
R_FDMO4_1	0.002
R_FDMO5	0.0
R_FDMO5_1	0.0
R_FDMO6	0.001
R_FDMO6_1	0.0
R_FDMO7	0.0
R_FDMO_1	0.0
R_FDMOtau	0.0
R_FE2Gabcpp	0.001
R_FE2abc	0.001
R_FE2abcpp	0.001
R_FE2t	33.74299006971294
R_FE2t2pp	0.0
R_FE2t3pp	0.001999999999938855
R_FE2t4pp	0.001
R_FE2tex	-0.000999999999938855
R_FE2tpp	0.0
R_FE3DCIT2abcpp	0.0
R_FE3DCITCH	0.0
R_FE3DCITR3	0.0
R_FE3DCITR5	0.0
R_FE3DCITabc	0.0
R_FE3DCITabcpp	0.0
R_FE3DCITexs	499.94595000000004
R_FE3DCITtonex	0.0
R_FE3DHBZR	0.0
R_FE3DHBZS3R	0.0
R_FE3DHBZSabcpp	0.0
R_FE3DHBZStonex	0.0
R_FE3Gabcpp	0.001
R_FE3PYOVD2tonex	0.0
R_FE3PYOVDDR2	0.0
R_FE3PYOVDL2	0.001
R_FE3Ri	0.0
R_FE3abc	0.001
R_FE3abcpp	0.001
R_FE3t	0.15216
R_FE3tex	0.002
R_FECPP3O	0.0
R_FEDCabc	0.001
R_FEDHBZS3R1	0.0
R_FEDHBZS3R2	0.0
R_FEDHBZS3R3	0.0
R_FEENTER2tpp	0.0
R_FEENTERES	0.0
R_FEENTERR1	0.0
R_FEENTERR2	0.0
R_FEENTERR3	0.0
R_FEENTERR4	0.0
R_FEENTERabcpp	0.0
R_FEENTERexs	0.001
R_FEENTERtex	0.0
R_FEENTERtonex	0.0
R_FEENTERtpp	0.0
R_FEOXAMR1	0.0
R_FEOXAMR2	0.0
R_FEOXAMR3	0.0
R_FEOXAMUtex	0.0
R_FEOXAMUtpp	0.0
R_FEOXAMabcpp	0.0
R_FEOXAMexs	0.001
R_FEOXAMtonex	0.0
R_FEROc	0.0
R_FEROpp	0.0
R_FERULCOAS	0.0
R_FERtex	0.0
R_FERtpp	0.0
R_FESD1s	0.0
R_FESD2s	0.0
R_FESR	0.0
R_FETRANS	0.0
R_FFSD	0.001
R_FFSD1r	0.000999999999938855
R_FFSD_2	0.0
R_FF_11	0.0
R_FGFT	0.0
R_FGFT_1	0.0
R_FGLU	0.0
R_FGLU_1	0.002
R_FLDR	0.0
R_FLVR	0.0
R_FLVRx	0.0
R_FMNAT	0.00446
R_FMNAT_1	0.0
R_FMNRx	0.001
R_FMNRx2	0.006
R_FMNRy	0.003
R_FMNt	0.0
R_FMNtex	0.0
R_FNOR	0.0
R_FNRR	0.0
R_FNRR3	0.0
R_FOAMtex	0.0
R_FOAMtrpp	0.0
R_FOLD3	0.001
R_FOLR2	0.011380000000046908
R_FOLt	0.0
R_FOMETRi	0.001
R_FORAMD	0.002
R_FORCT	0.0
R_FORGLUIH2	0.0
R_FORGLUt	-2.168404344971009e-19
R_FORMCOAL	0.0
R_FORt	0.0
R_FORt2	0.0
R_FORt2pp	0.0
R_FORtex	0.0
R_FORtppi	0.0
R_FPRA	0.0
R_FRD	0.0
R_FRD2	146.52160717684026
R_FRD2rpp	0.0
R_FRD3	0.001
R_FRD5	0.0
R_FRDO	-0.002
R_FRDx	0.001
R_FRTT	0.0
R_FRUK	999.999
R_FRULYSDG	0.0
R_FRULYSE	0.0
R_FRULYSK	0.0
R_FRULYSt2pp	0.0
R_FRULYStex	0.0
R_FRUURt2rpp	0.0
R_FRUURtex	0.0
R_FRUabc	0.0
R_FRUpts	0.001
R_FRUpts2	0.001
R_FRUpts2pp	0.0
R_FRUptspp	0.0
R_FRUt3	0.0
R_FRUtex	0.0
R_FTCD	0.0
R_FTHFCL	0.001
R_FTHFD	0.0
R_FTHFGFT	0.0
R_FTHFLi	0.001
R_FTR	0.0
R_FUC_L_Et	0.0
R_FUCpts	0.0
R_FUCtex	0.0
R_FUCtpp	0.0
R_FUM	542.7317786808647
R_FUMAC	0.002
R_FUMt1pp	0.0
R_FUMt2_2	0.0
R_FUMt2_2pp	0.0
R_FUMt2_3pp	0.0
R_FUMt2r	0.0
R_FUMt3	0.0
R_FUMtex	0.0
R_FUMtpp	0.0
R_FUMtr	0.0
R_FUSAtex	0.0
R_FUSAtpp	0.0
R_G1PACT	2.956
R_G1PP	0.001
R_G1PPpp	0.0
R_G1Pt6_2	0.0
R_G1Ptex	0.0
R_G1SAT	268.88552055770396
R_G2PP	0.0
R_G2PPpp	0.0
R_G3PAT120	0.0
R_G3PAT141	0.0
R_G3PAT160	0.001
R_G3PAT161	0.001
R_G3PAT180	0.001
R_G3PAT181	0.001
R_G3PCT	12.3
R_G3PCT_1	0.0
R_G3PCabcpp	0.0
R_G3PCtex	0.0
R_G3PD	0.0
R_G3PD1ir	12.702
R_G3PD2	0.0
R_G3PD4	0.001
R_G3PD5	0.0
R_G3PD6	0.0
R_G3PD7	0.0
R_G3PEabcpp	0.002
R_G3PEtex	0.0
R_G3PGabcpp	0.0
R_G3PGtex	0.0
R_G3PIabcpp	0.0
R_G3PItex	0.0
R_G3POA_BS	0.4
R_G3PSabcpp	0.0
R_G3PStex	0.0
R_G3PT	0.001
R_G5SADs	3.3974000000000615
R_G5SD	0.001
R_G5SD2	0.0
R_G6PBDH	999.999
R_G6PDA	0.001
R_G6PDH1	0.0
R_G6PDH2r	-999.998
R_G6PI	1000.0
R_G6PI2_2	0.0
R_G6PI3	0.0
R_G6PP	0.001
R_G6P_Bt	0.0
R_G6Pt6_2	0.0
R_G6Pt6_2pp	0.0
R_G6Ptex	0.0
R_GACH	0.0
R_GAD2ktpp	0.0
R_GADOX	0.0
R_GAL1PPpp	0.0
R_GAL1Ptex	0.0
R_GAL6PI	0.0
R_GALAM6PISO	0.0
R_GALAMPTSpp	0.0
R_GALAMtex	0.0
R_GALBDtex	0.0
R_GALCTD	0.0
R_GALCTD_1	0.0
R_GALCTLO	0.0
R_GALCTND	0.0
R_GALCTNLt2pp	0.0
R_GALCTNLtex	0.0
R_GALCTNt2pp	0.0
R_GALCTNt2r	0.0
R_GALCTNtex	0.0
R_GALCTRt2	0.0
R_GALCT_D_Et	0.0
R_GALCTt2rpp	0.0
R_GALCTtex	0.0
R_GALK2	996.2058799999978
R_GALKr	-1000.0
R_GALM	996.2058799999978
R_GALM1	0.0
R_GALM2	0.001
R_GALM2pp	0.0
R_GALMAN4	0.0
R_GALMAN4abc	0.0
R_GALMAN6	0.0
R_GALMAN6abc	0.0
R_GALS3	0.002
R_GALT	-3.7941200000022954
R_GALTpts	6.360230000500035
R_GALTptspp	0.0
R_GALTtex	0.0
R_GALURDH	0.0
R_GALUR_Et	0.0
R_GALURt2r	0.0
R_GALURt2rpp	0.001
R_GALURtex	0.001
R_GALUi	7.894120000002296
R_GALabc	0.001
R_GALabcpp	0.001
R_GALpts	-9.535230000499853
R_GALt2	0.0
R_GALt2_3	5.7321100004976895
R_GALt2pp	0.003
R_GALtex	0.0
R_GAM6Pt	0.0
R_GAM6Pt6_2pp	0.0
R_GAMAN6Ptex	0.0
R_GAMpts	2.917
R_GAMptspp	0.0
R_GAMtex	0.0
R_GAPD	1000.0
R_GAPD_1	0.0
R_GAPDi_nadp	0.001
R_GAPDy	0.0
R_GAPP	0.0
R_GARFT	0.002
R_GART	0.0
R_GAt1	0.0
R_GAt2pp	0.0
R_GBBTNabc	0.0
R_GBBTNtex	0.0
R_GBDM	0.0
R_GCALDD	7.842120000002681
R_GCALDt	0.0
R_GCALDtabcpp	0.0
R_GCCL	0.0
R_GCCa	0.001
R_GCCa_1	0.001
R_GCCb	0.001
R_GCCb_1	0.001
R_GCCc	0.001
R_GCCc_1	0.001
R_GCDH	0.0
R_GCOADH	0.0
R_GCVHADPr	0.0
R_GCVHRADPr	0.0
R_GD3P2	0.0
R_GDBTALDH	0.0
R_GDH1	-1000.0
R_GDOCBIK	0.0
R_GDPDPK	0.0
R_GDPDPKE	0.0
R_GDPMANNDH	0.0
R_GDPMNH	0.0
R_GDPMNP	0.0
R_GDPTPDP	0.002
R_GDPtex	0.0
R_GDTPR	0.0
R_GF6PTA	0.001
R_GG15DAPAH	0.0
R_GG15DAPDxr	0.0
R_GG15DAPO	0.0
R_GG15DAPS	0.0
R_GGDAPAH	0.0
R_GGDAPDxr	0.0
R_GGDAPO	0.0
R_GGDAPS	0.0
R_GGGABADr	0.0
R_GGGABADxr	0.0
R_GGGABAH	0.0
R_GGLUCT2	0.0
R_GGPTRCO	0.0
R_GGPTRCS	0.0
R_GGSPMDO	0.0
R_GGSPMDS	0.0
R_GGTAe2	0.0
R_GGTT	0.0
R_GHMT2r	-6.156959999999857
R_GK1	-994.6214200000004
R_GK2	999.4736800000001
R_GLBRAN2	0.0
R_GLBRAN3	0.0
R_GLCADpts	0.001
R_GLCAt2	0.001
R_GLCBPP	0.0
R_GLCDpp	0.001
R_GLCE	0.0
R_GLCMAN4	0.0
R_GLCMAN4abc	0.0
R_GLCMAN6	0.0
R_GLCMAN6abc	0.0
R_GLCNt2ir	0.001
R_GLCNt2r	0.001
R_GLCNt2rpp	0.001
R_GLCNtex	0.0
R_GLCOAS	0.0
R_GLCOASYNT	0.0
R_GLCP3	0.0
R_GLCP4	0.0
R_GLCRAL	0.0
R_GLCRAL_1	0.0
R_GLCRD	0.0
R_GLCRD_1	0.0
R_GLCRt1	-0.001
R_GLCRt2r	0.0
R_GLCRt2rpp	0.0
R_GLCRtex	0.0
R_GLCS3_1	0.0
R_GLCUR1Ptex	0.0
R_GLCURDH	0.001
R_GLCURS1	0.0
R_GLCURt2r	0.0
R_GLCURt2rpp	0.001
R_GLCURtex	0.001
R_GLCabc	0.001
R_GLCabcpp	0.001
R_GLCpts	0.001
R_GLCptspp	0.001
R_GLCt2	0.0
R_GLCt2pp	0.001
R_GLCtex	0.0
R_GLDBRAN2	0.0
R_GLDBRAN3	0.0
R_GLGC	0.001
R_GLMS_syn	0.0
R_GLNS	0.001
R_GLNS_1	0.0
R_GLN_NAct	0.0
R_GLNabc	0.001
R_GLNabcpp	0.0
R_GLNt	0.0
R_GLNt2r	0.0
R_GLNtex	0.0
R_GLP5H	0.0
R_GLS	0.0
R_GLS2	0.0
R_GLTPD	6.360230000500035
R_GLU5K	0.001
R_GLUABUTt7	0.0
R_GLUABUTt7pp	0.0
R_GLUCAN2abc	0.0
R_GLUCANabc	0.0
R_GLUCYS	0.0
R_GLUDC	0.001
R_GLUDxi	-1000.0
R_GLUDy	1000.0
R_GLUDy_1	229.51231794903777
R_GLUFT	0.0
R_GLUKA_1	0.001
R_GLUK_syn	0.0
R_GLUN	0.001
R_GLUN_1	0.0
R_GLUNpp	0.0
R_GLUPRT	0.002
R_GLUR	-1000.0
R_GLUSfx	0.001
R_GLUSx	0.001
R_GLUSy	0.001
R_GLUTARH	0.001
R_GLUTARt2rpp	0.0
R_GLUTARtex	0.0
R_GLUTCOADHc	0.0
R_GLUTRR	268.88552055770396
R_GLUTRS	268.88552055770396
R_GLUTRS_2	0.0
R_GLUTRS_3	0.0
R_GLU_Dt2	0.0
R_GLUabc	0.001
R_GLUabcpp	0.0
R_GLUt2r	0.001
R_GLUt2rpp	0.001
R_GLUt3	0.0
R_GLUt4	75.2247675972901
R_GLUt4pp	0.001
R_GLUtex	0.001
R_GLXCBL	0.001
R_GLXCL	0.0
R_GLXO1	137.27858467713583
R_GLXO3r	0.0
R_GLXt	0.0
R_GLXt2	0.0
R_GLY3Pt2	0.0
R_GLYALDDr	0.001
R_GLYALDt	1000.0
R_GLYALDtex	0.0
R_GLYALDtpp	0.0
R_GLYAT	158.70456127499617
R_GLYBACT1r	0.0
R_GLYBCOAT	0.0
R_GLYBabc	0.001
R_GLYBabcpp	0.0
R_GLYBt2pp	0.0
R_GLYBt2r	0.001
R_GLYBt3pp	0.004
R_GLYBtex	-0.004
R_GLYBti4pp	0.0
R_GLYC2Pabcpp	0.0
R_GLYC2Ptex	0.0
R_GLYC3Pabc	0.0
R_GLYC3Pabcpp	0.002
R_GLYC3Pt6	0.0
R_GLYC3Pt6pp	0.0
R_GLYC3Ptex	0.0
R_GLYCAt2rpp	0.0
R_GLYCAtex	0.0
R_GLYCDH	0.0009999999999763531
R_GLYCDx	0.0
R_GLYCK	0.004
R_GLYCK2	0.0
R_GLYCK_1	0.0
R_GLYCL	6.700719999999874
R_GLYCLTDx	0.001
R_GLYCLTDy	0.0
R_GLYCLTt	0.0
R_GLYCLTt2r	0.0
R_GLYCLTt2rpp	0.0
R_GLYCLTt4pp	0.0
R_GLYCLTtex	0.0
R_GLYCL_2	0.0
R_GLYCOLDHpp	0.0
R_GLYCOLtex	0.0
R_GLYCS_I	0.0
R_GLYCS_II	0.0
R_GLYCTO1	7.844120000002681
R_GLYCTO2	0.0
R_GLYCTO3	0.001
R_GLYCTO4	0.0
R_GLYCYSAP	0.001
R_GLYCYSabc	0.001
R_GLYCt	-1000.0
R_GLYCtex	-1000.0
R_GLYCtpp	1000.0
R_GLYDHDA	0.0
R_GLYGLNabcpp	0.001
R_GLYGLNtex	0.001
R_GLYGLNtr	0.001
R_GLYGLUabcpp	0.001
R_GLYGLUtex	0.001
R_GLYGLYCNc	0.001
R_GLYGLYGLNtr	57.262220041420306
R_GLYGLYabcpp	0.001
R_GLYGLYtex	0.001
R_GLYK	0.002
R_GLYK1	0.0
R_GLYLEUAP	0.001
R_GLYLEUtr	0.001
R_GLYMETabcpp	0.001
R_GLYMETtex	0.001
R_GLYMETtr	0.001
R_GLYO1	97.28212008284356
R_GLYOX	0.001
R_GLYOX3	0.0
R_GLYOX_1	0.001
R_GLYPHEAP	0.001
R_GLYPHEHYc	0.001
R_GLYPHEabcpp	0.001
R_GLYPHEtex	0.001
R_GLYPHEtr	0.001
R_GLYSERabcpp	0.001
R_GLYSERtex	0.001
R_GLYTA	0.0
R_GLYTYRAP	0.001
R_GLYTYRabc	0.001
R_GLYabc	0.001
R_GLYabcpp	0.0
R_GLYt2pp	0.001
R_GLYt2r	0.001
R_GLYt4	0.001
R_GLYt4pp	0.0
R_GLYtex	0.001
R_GLYtpp	0.0
R_GMPR	0.001
R_GMPS	0.0
R_GMPS2	4.847259999999689
R_GMPt6	0.0
R_GMPtex	0.0
R_GND	0.004
R_GNK	0.0
R_GNK_1	0.003
R_GNKr	0.001
R_GNNUC	0.001
R_GNP	0.001
R_GOR1	0.0
R_GOX	0.0
R_GPDDA1	0.0
R_GPDDA1_1	0.0
R_GPDDA1pp	0.0
R_GPDDA2	0.003
R_GPDDA2_1	0.0
R_GPDDA2pp	0.0
R_GPDDA3	0.0
R_GPDDA3_1	0.0
R_GPDDA3pp	0.0
R_GPDDA4	0.002
R_GPDDA4_1	0.0
R_GPDDA4pp	0.0
R_GPDDA5	0.0
R_GPDDA5pp	0.0
R_GPTNH	0.0
R_GRTT	0.003
R_GRXR	0.0
R_GSEALD	0.0
R_GSNK	0.0
R_GSNt2	0.0
R_GSNt2pp	0.001
R_GSNt3pp	0.0
R_GSNtex	0.0
R_GSPMDA	0.0
R_GSPMDS	0.0
R_GTHOXti	0.0
R_GTHOr	0.002000000000023647
R_GTHPe	499.999
R_GTHPi	0.001
R_GTHRDH_syn	0.001
R_GTHRDHpp	0.001
R_GTHRDabc2pp	0.002
R_GTHRDabcpp	0.001
R_GTHRDt2	0.0
R_GTHRDt2_1	0.002
R_GTHRDtex	0.0
R_GTHS	0.0
R_GTMLT	0.0
R_GTPCI	0.001999999999976353
R_GTPCII	0.001
R_GTPCII2	0.0
R_GTPCII_1	0.0
R_GTPDPDP	0.0
R_GTPDPK	0.001
R_GTPDPK_1	0.001
R_GTPH1	0.0
R_GTPHs	0.002
R_GTPtex	0.0
R_GUACYC	0.001
R_GUAD	0.0
R_GUAPRT	0.001
R_GUAt	0.0
R_GUAt2pp	0.001
R_GUAt2r	929.6614999585746
R_GUAtex	0.001
R_GUAtpp	0.0
R_GUDACabcpp	0.0
R_GUDACtex	0.0
R_GUDBUTNAH	0.0
R_GUDPTNabcpp	0.0
R_GUDPTNtex	0.0
R_GUI1	0.0
R_GUI2	0.001
R_GULNLR	0.0
R_GULNLtex	0.0
R_GULNLtpp	0.0
R_GUR1PPpp	0.0
R_GalMr	0.0
R_GalMr_2	0.0
R_GluForTx	0.0
R_H2ASE_syn	0.0
R_H2CD	0.0
R_H2CO3D	0.0
R_H2CO3D2	0.0
R_H2CO3TP	0.0
R_H2CO3_NAt_syn	0.0
R_H2CPD	0.0
R_H2CT	0.0
R_H2O2tex	0.0
R_H2Ot	-0.06749999999919964
R_H2Otex	-999.9380000000006
R_H2Otpp	-1000.0
R_H2SO	0.08576
R_H2St1	30.16872006971305
R_H2St1pp	0.0
R_H2Stex	0.0
R_H2td	0.0
R_H2tex	-160.2384529189948
R_H2tpp	-160.2384529189948
R_HACD1	-999.9920000000001
R_HACD10i	0.0
R_HACD11i	0.0
R_HACD12i	0.0
R_HACD13i	0.0
R_HACD14i	0.0
R_HACD15i	0.0
R_HACD16i	0.0
R_HACD17i	0.0
R_HACD18i	0.0
R_HACD19i	0.0
R_HACD1_1	1000.0
R_HACD1i	0.001
R_HACD2	0.001
R_HACD20i	0.0
R_HACD21i	0.0
R_HACD22i	0.0
R_HACD23i	0.0
R_HACD24i	0.0
R_HACD25i	0.0
R_HACD26i	0.0
R_HACD27i	0.0
R_HACD28i	0.0
R_HACD29i	0.0
R_HACD2i	0.0
R_HACD3	0.003
R_HACD30i	0.0
R_HACD31i	0.0
R_HACD32i	0.0
R_HACD33i	0.0
R_HACD3i	0.0
R_HACD4	0.005
R_HACD4i	0.0
R_HACD5	0.006
R_HACD5i	0.0
R_HACD6	0.007
R_HACD6i	0.0
R_HACD7	0.073
R_HACD7i	0.0
R_HACD8	0.001
R_HACD8i	0.006000000000000005
R_HACD9	31.66760006971294
R_HACOADr	0.001
R_HACPS	0.0
R_HADPCOADH	160.2384529189948
R_HADPCOADH3	0.0
R_HAMR	0.0
R_HAMt	0.0
R_HAT40tex	0.0
R_HAT40tpp	0.0
R_HATBH	0.0
R_HBCE	0.0
R_HBCH	0.0
R_HBCHLR	0.0
R_HBCO_nadp	0.0
R_HBRCH	0.0
R_HBZOPT	0.0
R_HCINNMt2rpp	0.0
R_HCINNMtex	0.0
R_HCITI	0.0
R_HCITS	0.0
R_HCO3E	3.8519999990000002
R_HCO3abc	0.0
R_HCO3t	0.0
R_HCO3tex	0.0
R_HCYSMT	0.001
R_HCYSMT2	35.14478006971299
R_HCYSS2	0.0
R_HCYStabcpp	0.0
R_HCYStex	0.0
R_HDAD	0.0
R_HDCAt2	0.0
R_HDCAt2pp	0.0
R_HDCAtexi	0.0
R_HDCEAtexi	0.0
R_HDECH	0.001
R_HDH	0.0
R_HEMEOS	0.0
R_HEMEOS_1	0.001
R_HEMEti	0.0
R_HETZK	0.001
R_HETZK_1	0.0
R_HEX1	0.001
R_HEX1_1	0.0
R_HEX4	0.002
R_HEX7	0.032999999999938856
R_HEX7_1	0.0
R_HEXSabc	0.001
R_HEXTT	0.0
R_HEXt2rpp	0.001
R_HG2abcpp	0.001
R_HG2t3pp	0.001
R_HG2tex	-0.002
R_HG2tppi	0.0
R_HGENTISt2pp	0.0
R_HGENTIStex	0.0
R_HGNTOR	0.002
R_HGt	0.002
R_HHDDI	0.0
R_HIAA	0.0
R_HIAt	0.0
R_HIBD	58.76598785625743
R_HIBDkt	0.0
R_HIBHr	58.76698785625744
R_HICITD	0.0
R_HIPA	0.0
R_HIPB	0.0
R_HISDr	0.002
R_HISGLYabcpp	0.001
R_HISGLYtex	0.001
R_HISHISabcpp	0.001
R_HISHIStex	0.001
R_HISTD	0.002
R_HISTDa	0.0
R_HISTDa_1	0.0
R_HISTDb	0.0
R_HISTDb_1	0.0
R_HISTP	0.001
R_HISTP_1	0.001
R_HISabc	0.001
R_HISabcpp	0.0
R_HISt2r	1.88676
R_HISt2r1	0.0
R_HISt2rpp	0.0
R_HIStex	0.0
R_HIUH_c	0.0
R_HKM1PP	0.001
R_HKNDDH	0.0
R_HKNTDH	0.0
R_HKtpp	0.0
R_HMBS	33.610690069712994
R_HMBS_1	0.0
R_HMEDR	0.0
R_HMEDS	0.0
R_HMGCOAR	0.0
R_HMGCOAS	0.0
R_HMGL	0.001
R_HMGL_2	0.001
R_HMPK1	0.003
R_HMPK1_1	0.0
R_HMPK2	0.0
R_HMPK3	0.0
R_HMPK4	0.0
R_HMPPtr	0.001
R_HMPSCD	0.0
R_HMR_0188	0.0
R_HMR_0260	0.0
R_HMR_3951	0.0
R_HMR_6515	0.0
R_HMR_9610	0.001
R_HMR_9638	0.0
R_HMSD	0.0
R_HMSD2	0.0
R_HMSH	0.0
R_HMSH2	0.0
R_HMSH3	0.0
R_HOMt2pp	0.0
R_HOMtex	0.0
R_HOMtpp	0.0
R_HOPNTAL	0.0
R_HOPNTAL2	0.0
R_HOXG	0.0
R_HOXPRx	-0.001
R_HPA3MO	0.0
R_HPACt2r	0.0
R_HPAtex	0.0
R_HPAtexi	0.0
R_HPCOR	0.0
R_HPH4CL	0.0
R_HPHACA	0.001
R_HPHL	0.0
R_HPPK	0.001
R_HPPK2	0.0
R_HPPK2_1	0.0
R_HPPPNDO	0.0
R_HPPPNt2rpp	0.0
R_HPPPNtex	0.0
R_HPROa	0.0
R_HPROb	0.0
R_HPROx	0.0
R_HPYRI	0.0
R_HPYRP	0.0
R_HPYRRx	0.0
R_HPYRRy	0.0
R_HQNt6	-0.001
R_HSA	0.0
R_HSAC	0.0
R_HSAE	0.0
R_HSDxi	0.001
R_HSDy	-0.0020000000000000018
R_HSERTA	0.001
R_HSK	0.002
R_HSK_2	0.0
R_HSST	0.0
R_HSTPT	0.001
R_HSTPTr	0.001
R_HVCD	0.0
R_HXAND	0.0
R_HXANt2pp	0.001
R_HXANt2r	8.925199999999746
R_HXAtex	0.002
R_HXCT	0.002
R_HXPRT	8.929199999999746
R_HYD1pp	0.0
R_HYD2	0.0
R_HYD2pp	0.0
R_HYD3pp	0.0
R_HYDA1	0.0
R_HYPOE	0.001
R_HYXNt	0.0
R_HYXNtex	0.001
R_HYXNtpp	0.0
R_Ht	0.0
R_Htex	1000.0
R_IBHH	0.0
R_IBTMr	0.008999999999971805
R_IBTOLt	0.0
R_IBTtex	0.0
R_IBUTt	0.0
R_ICAPt	0.0
R_ICCT	0.0
R_ICDHx	0.0
R_ICDHyr	154.54570003941612
R_ICHORS	0.002
R_ICHORT	0.001
R_ICITRED	0.0
R_ICITt10	0.0
R_ICITt2	0.0
R_ICITt4pp	0.001
R_ICITt_kt	0.0
R_ICITtex	0.002
R_ICITtupp	0.001
R_ICL	32.152344594289666
R_ICN	0.0
R_ID3ACALDt	-0.002
R_ID6P	0.0
R_IDOND	0.0
R_IDOND2	0.0
R_IDONt2rpp	0.0
R_IDONtex	0.0
R_IDPh_1	0.0
R_IG3PS	0.0
R_IG3PS_1	0.002
R_IGPDH	0.0
R_IGPDH_1	0.002
R_IGPS	0.003
R_ILEDHr	-0.001
R_ILEDHr_1	0.0
R_ILETA	0.0009999999999994458
R_ILETA2	0.0
R_ILEabc	0.001
R_ILEabcpp	5.80858
R_ILEt2r	0.001
R_ILEt2rpp	0.0
R_ILEt3pp	0.0
R_ILEtex	5.80858
R_IM4A	0.0
R_IMPC	-0.003
R_IMPD	4.8442599999996885
R_IMPtex	0.0
R_IND3ACtex	0.002
R_IND3ACtpp	0.002
R_INDOLEt2pp	0.0
R_INDOLEt2rpp	0.0
R_INDOLEt5	0.0
R_INDOLEt6	0.0
R_INDOLEtex	0.0
R_INDOLEtpp	0.0
R_INDPYRD	0.0
R_INOSR	-0.001
R_INOSTO	0.0
R_INOST_Et	0.0
R_INOSTt4pp	0.0
R_INOSTtpp	0.0
R_INS2D	0.003
R_INSCR	0.001
R_INSH	0.001
R_INSK	0.0
R_INSTabc	0.001
R_INSTt2	0.001
R_INSTtex	0.0
R_INSt2	0.0
R_INSt2pp	0.0
R_INSt3pp	0.0
R_INStex	0.0
R_IPDAB	0.0
R_IPDDI	-0.001
R_IPDPS	0.015
R_IPDPS_syn	0.0
R_IPMD	0.001
R_IPMD2	0.0
R_IPMD_1	0.0
R_IPPMIa	-0.001
R_IPPMIb	-0.001
R_IPPS	0.001
R_IPPT	0.0
R_ISETACabcpp	0.001
R_ISETACtex	0.001
R_ISOAML	0.0
R_ISOMS	0.0
R_ISTNTabc	0.0
R_IT6PT	0.0
R_ITCY	2.67016
R_ITPOXAL	0.0
R_IVALt	0.0
R_IVCS	0.0
R_IZPN	0.001
R_IZPN_1	0.001
R_KARA1	-646.0706969882222
R_KARA2	32.07560006971294
R_KARA4	0.0
R_KARI_1	0.0
R_KARI_23dhmp_1	0.0
R_KAS1	0.008
R_KAS11	0.05600000000000001
R_KAS12	0.136
R_KAS13	0.024
R_KAS17	0.005
R_KAS2	0.001
R_KAS3	0.16
R_KAS4	0.272
R_KAS6	0.04
R_KAS7	0.001
R_KAS8	0.001
R_KAT1	0.0
R_KAT10	0.0
R_KAT11	0.0
R_KAT12	0.0
R_KAT13	0.0
R_KAT14	0.0
R_KAT15	0.0
R_KAT16	0.0
R_KAT17	0.0
R_KAT18	0.0
R_KAT19	0.0
R_KAT20	0.0
R_KAT21	0.0
R_KAT22	0.0
R_KAT23	0.0
R_KAT24	0.0
R_KAT25	0.0
R_KAT26	0.0
R_KAT27	0.0
R_KAT28	0.0
R_KAT29	0.0
R_KAT30	0.0
R_KAT31	0.0
R_KAT32	0.0
R_KAT33	0.0
R_KG6PDC	0.0
R_KGD2	0.0
R_KSH	0.0
R_KSTD	0.0
R_Kabc	0.001
R_Kabcpp	0.001
R_Kt1	1000.0
R_Kt2pp	0.0
R_Kt2r	0.001
R_Kt3pp	0.0
R_Kt3r	996.1061399999998
R_Ktex	0.006
R_L2OA	0.0
R_LAAF	0.0
R_LAAL1	0.0
R_LACLt2	0.0
R_LACZ	0.001
R_LACZpp	0.004
R_LACpts	0.0
R_LADGMDH	0.0
R_LALADGLUtex	0.0
R_LALADGLUtpp	0.0
R_LALALGLUtex	0.001
R_LALALGLUtpp	0.0
R_LALDO	0.0
R_LALDO2x	0.0
R_LALDO3	0.0
R_LALGP	0.0010000000000000009
R_LASP2OA	0.0
R_LAT	0.0
R_LCADi	0.001
R_LCARR	0.0
R_LCARS	0.0
R_LCARSyi	0.0
R_LCTSabc	0.005
R_LCTSt	0.0
R_LCTSt3ipp	0.004
R_LCTStex	0.0
R_LCTStpp	0.0
R_LCYSTabc	0.0
R_LCYSTabcpp	0.0
R_LCYSTtex	0.0
R_LDAPAT	0.0
R_LDGUNPD	0.001
R_LDH_D	0.018000000000000002
R_LDH_D1	0.0
R_LDH_D2	0.0
R_LDH_L	0.001
R_LDPCDES	0.0
R_LEULEULAPc	0.001
R_LEULEUabcpp	0.001
R_LEULEUtex	0.001
R_LEUTA	-1000.0
R_LEUTAi	0.0
R_LEUabc	0.001
R_LEUabcpp	0.001
R_LEUt2r	9.00262000000023
R_LEUt2rpp	0.0
R_LEUt3pp	0.002
R_LEUt4rpp	0.0
R_LEUtex	-0.001
R_LEVUACOAL	0.0
R_LGTHL	0.002
R_LHISO	0.0
R_LHIST	0.0
R_LIPAMPL	0.001
R_LIPATPT	0.0
R_LIPATPT_2	0.001
R_LIPO1S24_BS	0.001
R_LIPO2S24_BS	0.001
R_LIPO3S24_BS	0.001
R_LIPO4S24_BS	0.001
R_LIPOPBt	0.001
R_LIPOt2pp	0.0
R_LIPOtex	0.0
R_LLEUDr	999.998
R_LMN2	0.0
R_LMN2abc	0.0
R_LNLCtexi	0.0
R_LO	0.0
R_LPCOXc	0.0
R_LPLIPAL1A120pp	0.0
R_LPLIPAL1A141pp	0.0
R_LPLIPAL1A160pp	0.001
R_LPLIPAL1A161pp	0.001
R_LPLIPAL1A180pp	0.0
R_LPLIPAL1A181pp	0.0
R_LPLIPAL1E120pp	0.0
R_LPLIPAL1E141pp	0.0
R_LPLIPAL1E160pp	0.0
R_LPLIPAL1E161pp	0.0
R_LPLIPAL1E180pp	0.002
R_LPLIPAL1E181d11pp	0.0
R_LPLIPAL1E181pp	0.0
R_LPLIPAL1G120pp	0.0
R_LPLIPAL1G141pp	0.0
R_LPLIPAL1G160pp	0.0
R_LPLIPAL1G161pp	0.0
R_LPLIPAL1G180pp	0.0
R_LPLIPAL1G181d11pp	0.0
R_LPLIPAL1G181pp	0.0
R_LPLIPAL2A120	0.0
R_LPLIPAL2A141	0.0
R_LPLIPAL2A160	0.0
R_LPLIPAL2A161	0.0
R_LPLIPAL2A180	0.0
R_LPLIPAL2A181	0.0
R_LPLIPAL2E120	0.0
R_LPLIPAL2E141	0.0
R_LPLIPAL2E160	0.0
R_LPLIPAL2E161	0.001
R_LPLIPAL2E180	0.0
R_LPLIPAL2E181	0.0
R_LPLIPAL2G120	0.0
R_LPLIPAL2G141	0.0
R_LPLIPAL2G160	0.0
R_LPLIPAL2G161	0.0
R_LPLIPAL2G180	0.0
R_LPLIPAL2G181	0.002
R_LSERDHr	-0.002
R_LTDCL	0.0
R_LTHRK	0.001
R_LYSAM	0.0
R_LYSDC	0.001
R_LYSGLUGLYtr	0.001
R_LYSMO	0.0
R_LYSRC	0.0
R_LYSabc	0.001
R_LYSabcpp	6.86322
R_LYSt2pp	0.0
R_LYSt2r	0.0
R_LYSt3pp	0.001
R_LYSt3r	0.001
R_LYSt5r	0.0
R_LYStex	6.86222
R_LYXI	0.0
R_LYX_L_Et	0.0
R_LYXt2pp	0.0
R_LYXtex	0.0
R_L_LACD	0.0
R_L_LACD2	0.0
R_L_LACD3	0.0
R_L_LACD3_1	0.0
R_L_LACt2r	0.0
R_L_LACt2rpp	0.0
R_L_LACt3	0.0
R_L_LACtex	0.0
R_LacR	0.0
R_M1PD	0.002
R_M2BCT	0.0
R_M2Bt	0.0
R_M4POt	0.0
R_MACACI	0.002
R_MACCOAT	31.66760006971294
R_MAGLIPA160ex	0.0
R_MAGLIPA180ex	0.0
R_MAGLIPA181d9ex	0.0
R_MAGLIPA182d9d12ex	0.0
R_MAK	0.0
R_MAL6PG	0.004
R_MALDDH	0.001
R_MALDt2_2pp	0.001
R_MALDtex	0.001
R_MALEI	0.0
R_MALLAC	0.0
R_MALS	0.001
R_MALT	0.001
R_MALTHPabc	0.0
R_MALTHXabc	0.0
R_MALTHXabcpp	0.0
R_MALTHXtexi	0.0
R_MALTPTabcpp	0.0
R_MALTPTtexi	0.0
R_MALTT	0.0
R_MALTTRabc	0.001
R_MALTTRabcpp	0.0
R_MALTTRtexi	0.0
R_MALTTTRabc	0.001
R_MALTTTRabcpp	0.0
R_MALTTTRtexi	0.0
R_MALTabc	0.001
R_MALTabcpp	0.0
R_MALTpts	0.001
R_MALTptspp	0.0
R_MALTt2	0.001
R_MALTtexi	0.0
R_MAL_D_Et	0.0
R_MAL_Dt2	0.0
R_MALt10	0.0
R_MALt2_2	0.0
R_MALt2_2pp	0.0
R_MALt2_3pp	0.0
R_MALt2r	0.0
R_MALt3pp	0.0
R_MALt3r	0.0
R_MALt4	0.001
R_MALt5	0.0
R_MALtex	0.0
R_MALtpp	0.0
R_MAN1PT	0.0
R_MAN1PT2	0.0
R_MAN1Pt6	0.0
R_MAN6Gpts	0.0
R_MAN6PI	0.003
R_MAN6Pt6	0.0
R_MAN6Pt6_2	0.0
R_MAN6Pt6_2pp	0.0
R_MAN6Ptex	0.0
R_MANA1	0.0
R_MANA2	0.0
R_MANA3	0.0
R_MANAO	0.0
R_MANBabc	0.0
R_MANE	0.0
R_MANGLYCptspp	0.001
R_MANGLYCtex	0.001
R_MANPGH	0.001
R_MANTRabc	0.0
R_MANTTRabc	0.0
R_MANabc	0.0
R_MANabcpp	0.0
R_MANpts	0.001
R_MANptspp	0.0
R_MANt2	0.001
R_MANtex	0.0
R_MB2CFO	0.0
R_MBCOAi	0.002
R_MCA	338.80627404715847
R_MCBTFR1	0.0
R_MCBTFR2	0.0
R_MCBTFUexs	0.001
R_MCBTFabcpp	0.0
R_MCBTFtex	0.0
R_MCBTFtonex	0.0
R_MCBTFtpp	0.0
R_MCBTS3	0.0
R_MCCC	0.001
R_MCD	0.0
R_MCITD	0.0
R_MCITL2	338.80627404715847
R_MCITS	338.80627404715847
R_MCPST	0.0
R_MCSNAH	0.001
R_MCSNtex	0.0
R_MCSNtpp	0.0
R_MCTC_1	0.001
R_MCTP1App	0.003
R_MCTP1Bpp	0.002
R_MCTP2App	0.001
R_MDDCP1pp	0.001
R_MDDCP2pp	0.001
R_MDDCP3pp	0.001
R_MDDCP4pp	0.002
R_MDDCP5pp	0.002
R_MDDEP1pp	0.002
R_MDDEP2pp	0.001
R_MDDEP3pp	0.001
R_MDDEP4pp	0.001
R_MDH	542.7327786808647
R_MDH2	0.0
R_MDH3	0.0
R_MDH3_1	0.0
R_MDH4	0.0
R_MDNTHAep	0.002
R_MDRPD	0.001
R_ME1	0.0
R_ME2	0.001
R_MECDPDH	0.0
R_MECDPDH2	0.019
R_MECDPDH3_syn	0.0
R_MECDPDH4E	0.0
R_MECDPDH_syn	0.0
R_MECDPS	0.019
R_MEHLER	0.0
R_MELIB_Et	0.0
R_MELIBabc	0.001
R_MELIBt2	0.0
R_MELIBt2pp	0.0
R_MELIBt3ipp	0.0
R_MELIBtex	0.0
R_MEOHt2	0.0
R_MEOHtex	0.0
R_MEOHtrpp	0.0
R_MEPCT	0.018999999999999996
R_MEPCT_1	0.0
R_METAT	67.22984013942599
R_METB1	-999.999
R_METB2	0.0
R_METDabc	0.001
R_METDabcpp	0.0
R_METDtex	0.0
R_METGL	0.001
R_METGLCUR	0.0
R_METGLCURt2pp	0.0
R_METGLCURtex	0.0
R_METOX1s	0.001
R_METOX2s	108.52664008284623
R_METRR	0.0
R_METS	0.001
R_METSOX1abc	0.001
R_METSOX1abcpp	0.0
R_METSOX1tex	0.0
R_METSOX2abc	0.001
R_METSOX2abcpp	0.0
R_METSOX2tex	0.0
R_METSOXR1	0.002
R_METSOXR2	108.52764008284623
R_METSR_R1	0.002
R_METSR_R2	0.001
R_METSR_S1	0.002
R_METSR_S2	0.001
R_METSRabc	0.001
R_METSabc	0.001
R_METabc	0.001
R_METabcpp	0.001
R_METt2r	0.0
R_METt3	0.0
R_METt3pp	0.001
R_METte	-0.001
R_METtex	0.0
R_MEVK1	0.0
R_MEVK1_1	0.0
R_MEVK2	0.0
R_MEVK3	0.0
R_MEVK4	0.0
R_MEVRt	0.0
R_MFUMt8	0.001
R_MG2abc	0.0
R_MG2t3_2pp	0.0
R_MG2tex	0.0
R_MG2tpp	0.0
R_MG2uabcpp	0.0
R_MGCH	0.002
R_MGSA	0.005
R_MGt2pp	0.0
R_MGt5	-0.17350000000000002
R_MHPGLUT	0.001
R_MHPGLUT2	-0.001
R_MI1PP	0.001
R_MI1PP_1	0.0
R_MI1PS	0.0
R_MI3PP	0.0
R_MI3PP_1	0.0
R_MI3PS	0.0
R_MICITDr	0.0
R_MINOHPtexi	0.0
R_MLDCP1App	0.001
R_MLDCP1Bpp	0.001
R_MLDCP2App	0.001
R_MLDCP2Bpp	0.001
R_MLDCP3App	0.001
R_MLDEP1pp	0.001
R_MLDEP2pp	0.001
R_MLG	0.0
R_MLTG1	0.002
R_MLTG2	0.001
R_MLTG3	0.0
R_MLTG4	0.0
R_MLTG5	0.0
R_MLTG6	0.0
R_MLTGY1pp	0.003
R_MLTGY2pp	0.003
R_MLTGY3pp	0.002
R_MLTGY4pp	0.001
R_MLTP1	0.0
R_MLTP2	0.0
R_MLTP3	0.0
R_MMCD	0.003
R_MME	0.001
R_MMETt2pp	35.14478006971299
R_MMETtex	35.14478006971299
R_MMM	0.001
R_MMM2	0.001
R_MMSAD1	58.76598785625743
R_MMSAD2	0.001
R_MMSAD3	0.002
R_MMSDHir	0.001
R_MMTSAO	0.0
R_MN2t3pp	0.001
R_MN2tipp	0.0
R_MN2tpp	0.0
R_MN6PP	0.001
R_MNL1P_Et	0.0
R_MNLDH2	0.0
R_MNLDHr	0.0
R_MNLpts	0.001
R_MNLptspp	0.001
R_MNLtex	0.001
R_MNNH	0.0
R_MNabc	0.001
R_MNabc_1	0.0
R_MNabc_rev	0.0
R_MNt2	0.013819999999999999
R_MNt2pp	0.0
R_MNtex	-0.001
R_MOBDabc	0.001
R_MOBDabc_rev	0.0020000000000000005
R_MOBDabcpp	0.001
R_MOBDtex	0.001
R_MOHMT	0.01052000000002895
R_MOTH1	0.0
R_MOTH2	0.0
R_MOTH3	0.0
R_MOTH4	0.0
R_MOTS1	0.0
R_MOTS2	0.0
R_MOTS3	0.0
R_MOTS4	0.0
R_MOX	0.0
R_MPL	0.0
R_MPTG	0.008
R_MPTG2	0.001
R_MRF	0.0
R_MSADC	0.0
R_MSHAMID	0.0
R_MSHS	0.0
R_MSO3abc	0.001
R_MSO3abcpp	0.001
R_MSO3tex	0.001
R_MSULR	-0.002
R_MS_1	0.0
R_MTAM_1	-0.002
R_MTAN	0.001
R_MTAP	0.0
R_MTHFC	0.001
R_MTHFC_1	0.0074600000000000005
R_MTHFD	0.0074600000000000005
R_MTHFD2i	0.001
R_MTHFR	0.0
R_MTHFR2	0.0
R_MTHFR3	0.001
R_MTHFR3_1	0.0
R_MTHTHFSs	0.001
R_MTI	0.0
R_MTOLDOX	0.0
R_MTRI	0.001
R_MTRK	0.001
R_MUCCYCI	0.0
R_MUCCY_kt	0.0
R_MUCLI	0.0
R_MVNOR	0.0
R_MXMO	0.0
R_MXYLt5	0.0
R_MXYLt6	0.0
R_MYCTR	-0.001
R_MYCTR2	0.001
R_M_XYLtpp	0.0
R_M_Xylt1	0.0
R_Mn2t	0.0
R_N2OR	0.0
R_N2Otex	0.0
R_N2Otpp	0.0
R_N2tex	0.0
R_N2trpp	0.0
R_NABTNO	0.001
R_NACGS	0.0
R_NACHY	0.0
R_NACODA	0.0
R_NACt	-957.6847999585793
R_NACt1pp	0.0
R_NACtex	0.0
R_NACtpp	0.0
R_NADDP	0.001
R_NADDPp_1	42.27064004142062
R_NADH10	146.52060717684026
R_NADH16pp	0.0
R_NADH17pp	0.0
R_NADH18pp	0.0
R_NADH4	0.001
R_NADH5	0.001
R_NADH6	0.0
R_NADH9	0.002
R_NADHHR	0.0
R_NADHHS	0.0
R_NADHNQR	0.0
R_NADHPO	0.001
R_NADHXD	0.0
R_NADHXE	0.0
R_NADK	0.001
R_NADK1	991.5901400000002
R_NADK2	0.001
R_NADK3	0.001
R_NADK4	8.413799999999869
R_NADK5	0.001
R_NADK_1	0.001
R_NADKd	-1000.0
R_NADN	0.002
R_NADPC	0.0
R_NADPHHR	0.0
R_NADPHHS	0.0
R_NADPHQR	0.0
R_NADPHQR2	0.001
R_NADPHQR3	0.001
R_NADPHQR4	0.0
R_NADPHXD	0.0
R_NADPHXE	0.0
R_NADPPPS	0.0
R_NADS1	0.001
R_NADS1_1	0.0
R_NADS2	42.31720004142062
R_NADTRHD	0.001
R_NAKt2pp	0.0
R_NAKtr	0.0
R_NAMNPP	0.0
R_NAPRT	-957.6827999585793
R_NARK	0.0
R_NAR_syn	0.0
R_NAR_syn_2	0.0
R_NAabc	0.001
R_NAabcO	0.001
R_NAt	0.0
R_NAt3_1	0.001
R_NAt3_1p5pp	0.0
R_NAt3_2	75.23576759729008
R_NAt3_2pp	0.0
R_NAt3pp	0.001
R_NAt6	0.0
R_NAtex	0.0009999999999763531
R_NBAHH_ir	0.001
R_NCAMUP	0.0
R_NCBMPTSabcpp	0.0
R_NCBMPTStex	0.0
R_NDH_1	0.0
R_NDP3	0.001
R_NDP7	0.001
R_NDP8	0.0
R_NDPK1	1000.0
R_NDPK10	0.0
R_NDPK2	10.461399999999989
R_NDPK3	15.007680000000029
R_NDPK4	-999.47468
R_NDPK5	0.54234
R_NDPK6	-0.5183199999999888
R_NDPK7	8.95413999999987
R_NDPK8	1000.0
R_NDPK9	2.67216
R_NFLGLNH	0.0
R_NFMLDF	0.0
R_NFORGLUAH	0.0
R_NFORGLUAH2	0.0
R_NH3c	-770.4776820509625
R_NH4OHDs	0.0
R_NH4t	0.001
R_NH4t3pp	0.0
R_NH4t4	0.0
R_NH4t4pp	0.0
R_NH4tex	-503.2002595094578
R_NH4ti	0.0
R_NH4tpp	-503.20125950945777
R_NH4tpp_1	0.001
R_NHFRBO	0.0
R_NI2abcpp	0.001
R_NI2t3pp	0.001
R_NI2t4pp	0.001
R_NI2tex	-0.001
R_NI2tpp	0.0
R_NI2uabcpp	0.002
R_NITR	0.0
R_NIabc	0.001
R_NIt5	0.0
R_NMNAT	0.001
R_NMNDA	1000.0
R_NMNHYD	0.0
R_NMNHYD_1	0.001
R_NMNN	0.001
R_NMNP	957.7293599585794
R_NMNPtpp	0.0
R_NMNR	0.0
R_NMNS	0.0
R_NMNTP	0.0
R_NMNt7pp	0.0
R_NMNtex	0.0
R_NMO	0.003
R_NMTHDA	0.0
R_NNAM	0.002
R_NNATr	42.31920004142062
R_NNDPR	0.001
R_NO	0.0
R_NO2t2r	0.0
R_NO2t2rpp	0.0
R_NO2t3	0.0
R_NO2tex	0.0
R_NO3R1	0.0
R_NO3R1bpp	0.0
R_NO3R1pp	0.0
R_NO3R2	0.0
R_NO3R2bpp	0.0
R_NO3R2pp	0.0
R_NO3R3pp	0.0
R_NO3abc	0.001
R_NO3abcpp	0.001
R_NO3t	-0.26565887098782137
R_NO3t2	0.0
R_NO3t2pp	0.0
R_NO3t3	0.0
R_NO3t7	0.0
R_NO3t7pp	0.0
R_NO3tex	0.001
R_NODOx	0.001
R_NODOy	0.13082943549391068
R_NONAtexi	0.0
R_NORZpp	0.0
R_NOR_syn_1	0.007
R_NOS1_1	0.26365887098782137
R_NOS3	0.13182943549391068
R_NOVBCNtex	0.0
R_NOVBCNtpp	0.0
R_NOX	0.001
R_NOt	0.0
R_NOtex	0.0
R_NOtpp	0.0
R_NP1	0.0
R_NP1_1	0.0
R_NPHS	0.001
R_NPHSa	0.0
R_NPHSb	0.0
R_NT5C	0.0
R_NTD1	0.001
R_NTD10	0.001999999999938855
R_NTD10pp	0.0
R_NTD11	0.0
R_NTD11pp	0.0
R_NTD12	0.003
R_NTD12pp	0.0
R_NTD1_1	0.0
R_NTD1pp	0.0
R_NTD2	0.001
R_NTD2pp	0.0
R_NTD3	0.001
R_NTD3pp	0.0
R_NTD4	0.001
R_NTD4pp	0.0
R_NTD5	0.001
R_NTD5pp	0.0
R_NTD6	0.001
R_NTD6pp	0.0
R_NTD7	0.001
R_NTD7pp	0.0
R_NTD8	0.001
R_NTD8pp	0.0
R_NTD9	0.001
R_NTD9pp	0.0
R_NTP1	0.001
R_NTP10	0.001
R_NTP11	0.0
R_NTP3	0.001
R_NTP3pp	0.0
R_NTP5	0.001
R_NTP7	0.0
R_NTPP1	0.001
R_NTPP10	0.001
R_NTPP10_1	0.001
R_NTPP11	0.001
R_NTPP11_1	0.001
R_NTPP1_1	0.001
R_NTPP2	0.001
R_NTPP2_1	0.001
R_NTPP3	0.001
R_NTPP4	0.001
R_NTPP5	0.001
R_NTPP6	0.001
R_NTPP7	0.001
R_NTPP8	0.001
R_NTPP8_1	0.001
R_NTPP9	0.001
R_NTPP9_1	0.001
R_NTPTP1	0.0
R_NTPTP2	0.0
R_NTR3B	0.0
R_NTRARz	0.0
R_NTRIR2x	0.0
R_NTRIR2y	0.0
R_NTRIR3pp	0.0
R_NTRIR4pp	0.0
R_NTRIRx	0.0
R_NTRIRy	0.0
R_O2Stex	0.0
R_O2XOADOX	0.0
R_O2t	0.0
R_O2tex	1000.0
R_O2tpp	1000.0
R_O45AM	0.0
R_OAADC	0.0
R_OAADCS	0.004500000000011826
R_OAAt2_2pp	0.0
R_OAAtex	0.0
R_OAKGB	0.0
R_OARGDC	0.0
R_OARGabcpp	0.0
R_OARGtex	0.0
R_OBDHc	0.001
R_OBFOX	0.0
R_OBTFL	0.0
R_OCAALD	0.0
R_OCBT	0.001
R_OCBT2i	0.0
R_OCBT_1	-3.3954000000000617
R_OCBT_2	0.0
R_OCDCAt2	0.0
R_OCDCAt2pp	0.0
R_OCDCAtexi	0.0
R_OCDCEAt	0.0
R_OCDCEAt2pp	0.0
R_OCDCEAtexi	0.0
R_OCDOR	0.0
R_OCOAT1	0.001
R_OCOAT2r	0.219
R_OCOAT4	0.0
R_OCTAtex	0.001
R_OCTDPS	0.002
R_OCTSCOAt	0.0
R_ODH2E	0.0
R_OGDE1	0.0
R_OHCUDC2	0.0
R_OHEDH	0.0
R_OHPBAT	7.838120000002662
R_OIVD1r	-0.001
R_OIVD2	58.80598785625747
R_OIVD2E	0.0
R_OIVD3	32.07560006971294
R_OMAHY	0.0
R_OMAIS	0.0
R_OMCDC	0.001
R_OMPDC	3.3964000000000616
R_OOR3r	0.0
R_OP4ENH	0.0
R_OP4ENH2	0.0
R_OPAH	0.0
R_OPETDC	0.0
R_OPHBDC	0.0
R_OPHHX	0.0
R_OPHHX3	0.0
R_OPHHXy	0.0
R_OPP	0.0
R_OPTCCL	0.0
R_ORN5O	0.0
R_ORNCD	0.0
R_ORNCD_1	0.0
R_ORNCD_2	0.0
R_ORNDC	0.0
R_ORNR	0.0
R_ORNTA	0.001
R_ORNTAC	0.0
R_ORNTAC_1	-0.001
R_ORNTA_1	3.3954000000000617
R_ORNabc	0.0
R_ORNabcpp	0.0
R_ORNt	0.0
R_ORNt2	0.0
R_ORNt2r	0.0
R_ORNtex	0.0
R_OROATP	0.0
R_OROTt2_2pp	0.0
R_OROTtex	0.0
R_ORPT	-3.3964000000000616
R_OSUCCL	0.0
R_OXACOAL	0.0
R_OXADC	0.001
R_OXAMTC	0.0
R_OXAt	0.0
R_OXAt_1	0.0
R_OXAtpp	-137.27758467713582
R_OXCDC	0.0
R_OXCOAHDH	160.2374529189948
R_OXDHCOAT	160.2374529189948
R_OXFOt4pp	0.0
R_OXFOtex	-137.27758467713582
R_OXGDC	0.001
R_OXGDC2	0.0
R_OXOADLR	0.0
R_OXOAEL	0.0
R_OXPTNDH	0.001
R_P3PCL	0.0
R_P52O	0.002
R_P5CD	0.001
R_P5CN	0.0
R_P5CR	0.001
R_P5CR2	0.0
R_P5CR_1	0.0
R_P5CRx	1000.0
R_P9DH	0.0
R_PA120abcpp	0.0
R_PA140abcpp	0.0
R_PA141abcpp	-4.336808689942018e-19
R_PA160abcpp	0.001
R_PA161abcpp	0.001
R_PA180abcpp	0.0
R_PA181abcpp	0.0
R_PABB	0.0
R_PACALDt	-160.2384529189948
R_PACALDt2rpp	0.0
R_PACALDtex	0.0
R_PACALtabcpp	0.0
R_PACCOAE	160.2374529189948
R_PACCOAL	160.2384529189948
R_PACL	0.0
R_PACOAT	0.0
R_PACPT_1	0.0
R_PACt1	0.0
R_PACt2r	0.0
R_PACt3	0.0
R_PAI2I	0.0
R_PAI2T	0.0
R_PALAt2	0.0
R_PALDH	0.0
R_PALDO2	0.0
R_PALDP	0.0
R_PALGSKT	0.0
R_PANO	0.001
R_PANTS	0.01052000000002895
R_PANTS_1	0.0
R_PAP	0.001
R_PAPA120	0.0
R_PAPA120pp	0.0
R_PAPA140	0.0
R_PAPA140pp	0.0
R_PAPA141	0.0
R_PAPA141pp	4.723551844942513e-20
R_PAPA160	0.0
R_PAPA160pp	0.0
R_PAPA161	0.0
R_PAPA161pp	0.0
R_PAPA180	0.0
R_PAPA180pp	0.0
R_PAPA181	0.0
R_PAPA181pp	0.0
R_PAPPT3	0.21700000000000003
R_PAPSR	0.001
R_PAPSR2	0.0
R_PAPSSH	0.0
R_PAP_BS	0.401
R_PAP_LLA	0.0
R_PBAL	0.0
R_PBUTT	-0.006
R_PC	0.001
R_PC2DHG	0.0
R_PCADYOX	0.0
R_PCMEH3pp	0.0
R_PCNO	0.0
R_PDBL_3	0.0
R_PDBL_4	0.0
R_PDC	0.0
R_PDE1	0.001
R_PDE4	0.001
R_PDH	0.001
R_PDH2	0.0
R_PDHa	0.0
R_PDHbr	0.001
R_PDHcr	0.001
R_PDIMAS	0.0
R_PDIMAT	0.0
R_PDX5PO2	0.0
R_PDX5POi	0.0
R_PDX5PS	0.0
R_PDX5PSa	0.0
R_PDX5PSb	0.0
R_PDX5PSc	0.0
R_PDXPP	0.0
R_PDYXPT_c	0.0
R_PE120abcpp	0.0
R_PE140abcpp	0.0
R_PE141abcpp	0.0
R_PE160abcpp	0.001
R_PE161abcpp	0.002
R_PE180abcpp	0.003
R_PE181abcpp	0.001
R_PEAL2tabc	0.0
R_PEALtabc	0.0
R_PEALtex	0.0
R_PEAMNO	0.0
R_PEAMNO2pp	0.0
R_PEAMNOpp	0.0
R_PEAMNtex	0.0
R_PEAOpp	0.0
R_PEAt	0.0
R_PEAtabcpp	0.0
R_PENAM	0.0
R_PENGt1	0.0
R_PENTSOtex	0.0
R_PEPA	0.003
R_PEPC	0.0
R_PEPCK_re	0.0
R_PEPt6	0.0
R_PEPt6pp	0.0
R_PEPtex	0.0
R_PERD	7.838120000002662
R_PFK	0.0019999999999527063
R_PFK_2	6.360230000500035
R_PFK_3	0.0
R_PFK_4	0.001
R_PFK_adp	0.0
R_PFK_ppi	0.0
R_PFL	0.0
R_PFOR	0.0
R_PG120abcpp	0.0
R_PG140abcpp	0.0
R_PG141abcpp	0.0
R_PG160abcpp	0.001
R_PG161abcpp	0.001
R_PG180abcpp	0.001
R_PG181abcpp	0.001
R_PGAMT	-2.956
R_PGCD	0.003000000000023647
R_PGCM	0.0
R_PGI	-7.882120000002634
R_PGI1c	0.002
R_PGK	-999.999
R_PGL	0.001
R_PGLCNDH	0.0
R_PGLYCP	0.001
R_PGLYCP_1	0.001
R_PGM	-1000.0
R_PGMT	-7.895120000002383
R_PGMT_2	0.001
R_PGMT_B	0.001
R_PGP120abcpp	0.0
R_PGP140abcpp	0.0
R_PGP141abcpp	0.0
R_PGP160abcpp	0.0
R_PGP161abcpp	0.0
R_PGP180abcpp	0.0
R_PGP181abcpp	0.002
R_PGPP120	0.0
R_PGPP120pp	0.0
R_PGPP140	0.0
R_PGPP140pp	0.0
R_PGPP141	0.0
R_PGPP141pp	0.0
R_PGPP160	0.0
R_PGPP160pp	0.0
R_PGPP161	0.0
R_PGPP161pp	0.0
R_PGPP180	0.0
R_PGPP180pp	0.0
R_PGPP181	0.0
R_PGPP181pp	0.002
R_PGSA120	0.0
R_PGSA140	0.0
R_PGSA141	0.0
R_PGSA160	0.0
R_PGSA161	0.0
R_PGSA180	0.0
R_PGSA181	0.002
R_PHACA	0.0
R_PHACOAOR	0.001
R_PHCD	0.0
R_PHCHGS	0.0
R_PHDCATA	0.0
R_PHDCAt	0.0
R_PHEDCAtexi	0.0
R_PHEHPAtexi	0.0
R_PHEHXAtexi	0.0
R_PHEME2abcpp	0.0
R_PHEMEabcpp	0.0
R_PHEMEt	0.0
R_PHEMEtiex	0.0
R_PHEMEtonex	0.0
R_PHENOLt2pp	0.0
R_PHENOLtex	0.0
R_PHENONAtexi	0.0
R_PHEOCTAtexi	0.0
R_PHEOR	0.0
R_PHEPC	0.0
R_PHEPS	0.0
R_PHEPTtexi	0.0
R_PHER	0.0
R_PHET	0.0
R_PHETA1	0.0
R_PHETHPTOX3	0.0
R_PHEabc	0.001
R_PHEt2r	3.7023
R_PHEt2rpp	0.0
R_PHEtec	0.0
R_PHEtex	0.0
R_PHEtipp	0.0
R_PHHL	0.001
R_PHHL2	0.001
R_PHNACH	0.0
R_PHNO	0.0
R_PHPYROX	0.0
R_PHPYRtex	0.0
R_PHPYRtpp	0.0
R_PHTHAT	0.0
R_PHTHDLS	0.0
R_PHTHDLS2	0.0
R_PHTHS	0.0
R_PHTHS2	0.0
R_PHYCBOXL	0.0
R_PHYTSpp	0.0
R_PIBT	0.0
R_PICH	0.0
R_PIMEtr	0.0
R_PIabc	0.001
R_PIt	0.0
R_PIt2r	0.001
R_PIt2rpp	0.007
R_PIt7	0.001
R_PIt7ipp	0.0
R_PItex	0.001
R_PItpp	0.0
R_PIuabcpp	0.0
R_PKETF	0.0
R_PKETX	0.0
R_PLCD	0.001
R_PLIPA1A120pp	0.0
R_PLIPA1A141pp	0.0
R_PLIPA1A160pp	0.0
R_PLIPA1A161pp	0.0
R_PLIPA1A180pp	0.0
R_PLIPA1A181pp	0.0
R_PLIPA1E120pp	0.0
R_PLIPA1E140pp	0.0
R_PLIPA1E141pp	0.0
R_PLIPA1E160	0.0
R_PLIPA1E160pp	0.001
R_PLIPA1E161pp	0.002
R_PLIPA1E180	0.0
R_PLIPA1E180pp	0.001
R_PLIPA1E181d11pp	0.0
R_PLIPA1E181pp	0.001
R_PLIPA1G120pp	0.0
R_PLIPA1G140pp	0.0
R_PLIPA1G141pp	0.0
R_PLIPA1G160pp	0.001
R_PLIPA1G161pp	0.001
R_PLIPA1G180pp	0.001
R_PLIPA1G181d11pp	0.0
R_PLIPA1G181pp	0.003
R_PLIPA2A120pp	0.0
R_PLIPA2A141pp	0.0
R_PLIPA2A160pp	0.001
R_PLIPA2A161pp	0.001
R_PLIPA2A180pp	0.0
R_PLIPA2A181pp	0.0
R_PLIPA2E120pp	0.0
R_PLIPA2E141pp	0.0
R_PLIPA2E160pp	0.0
R_PLIPA2E161pp	0.0
R_PLIPA2E180pp	0.002
R_PLIPA2E181d11pp	0.0
R_PLIPA2E181pp	0.0
R_PLIPA2G120pp	0.0
R_PLIPA2G141pp	0.0
R_PLIPA2G160pp	0.0
R_PLIPA2G161pp	0.0
R_PLIPA2G180pp	0.0
R_PLIPA2G181d11pp	0.0
R_PLIPA2G181pp	0.0
R_PLPS	0.0
R_PLPS_1	0.00446
R_PMANM	0.0
R_PMDPHT	0.001
R_PMEVK	0.0
R_PMPK	0.004
R_PNCDC	0.0
R_PNCDC_1	0.0
R_PNP	-0.001
R_PNP_1	0.0
R_PNTK	0.01052000000002895
R_PNTK_1	0.001
R_PNTOt2	0.0
R_PNTOt4pp	0.001
R_PNTOte	0.0
R_PNTOtex	0.001
R_POAACR	0.0
R_POR_syn	0.021
R_POX	0.0
R_POX3	0.0
R_PPA	0.001
R_PPA2	0.0
R_PPAKr	0.001
R_PPALtex	0.0
R_PPALtpp	0.0
R_PPANA	0.0
R_PPAP_Et	0.0
R_PPATabc	0.0
R_PPA_1pp	0.0
R_PPAt2pp	248.36468612118796
R_PPAt4pp	0.001
R_PPAt6	0.0
R_PPAtex	248.36568612118796
R_PPAtr	0.0
R_PPBNGS	134.44276027885198
R_PPC	0.001
R_PPCDC	0.011520000000028952
R_PPCK	0.001
R_PPCOAC	0.001
R_PPCSCT	0.0
R_PPDD	0.002
R_PPDIMAS	0.0
R_PPDIMAT	0.0
R_PPDK	0.0
R_PPDOy	0.0
R_PPGPPDP	0.0
R_PPGPPDPE	0.0
R_PPIabc	0.0
R_PPItex	0.0
R_PPItex_1	0.0
R_PPIuabcpp	0.0
R_PPK	0.0
R_PPK2	0.0
R_PPK50_B	0.0
R_PPK50r	0.0
R_PPM	-862.4371198191487
R_PPM2	0.0
R_PPM2_2	0.0
R_PPNCL	0.011520000000028952
R_PPNCL2	0.0
R_PPNCL2_1	0.0
R_PPNCL3	0.0
R_PPND	0.001999999999938855
R_PPND2	0.0
R_PPNDH	0.001
R_PPNDH2	0.0
R_PPOHt2pp	0.0
R_PPOHtex	0.0
R_PPOR	0.001
R_PPPGO	0.001
R_PPPGO2	0.0
R_PPPGO3	0.0
R_PPPGO4	0.0
R_PPPM	0.0
R_PPPNDO	0.0
R_PPPNt2rpp	0.0
R_PPPNtex	0.0
R_PPRDNDH	0.001
R_PPRGL	0.0
R_PPS	0.0
R_PPTGS_BS	0.2
R_PPTHpp	0.0
R_PPTT	0.0
R_PPTtex	0.0
R_PPYRDC	0.0
R_PQQH2tpp	0.0
R_PQQtpp	0.0
R_PRAGSr	0.002
R_PRAIS	0.0
R_PRAIS_1	0.002
R_PRAIi	0.003
R_PRAMPC	0.0
R_PRAMPC_1	0.002
R_PRASCSi	0.001
R_PRATPP	0.002
R_PRATPP_1	0.0
R_PRCOA1	0.0
R_PRDX	0.0
R_PREN	0.0
R_PREPHACPH	0.0
R_PREPPACPH	0.0
R_PREPTHS	0.0
R_PREPTHS2	0.0
R_PREPTTA	0.0
R_PRFGCL	0.0
R_PRFGS	0.001
R_PRFGS_1	0.001
R_PRMICI	0.002
R_PRO1x	996.6045999999999
R_PRO1y	0.0
R_PROAKGOX1	0.001
R_PROD2	0.0
R_PROD3	0.0
R_PROGLYabcpp	0.001
R_PROGLYtex	0.001
R_PROHISGLUtr	0.001
R_PROR	0.0
R_PROabc	0.001
R_PROabcpp	0.0
R_PROt2r	1.018700000000104
R_PROt2rpp	0.001
R_PROt3	0.0
R_PROt4	0.001
R_PROt4pp	0.001
R_PROtex	0.002
R_PRPPS	-878.1158198191539
R_PSCLYSt2pp	0.0
R_PSCLYStex	0.0
R_PSCVT	0.008999999999938856
R_PSCVT_1	0.0
R_PSD120	0.0
R_PSD141	0.0
R_PSD160	0.0
R_PSD161	0.001
R_PSD180	0.002
R_PSD181	0.0
R_PSERT	0.003000000000023647
R_PSER_Dt6	0.0
R_PSER_Lt6	0.0
R_PSERtex	0.0
R_PSP_1	0.0
R_PSP_D	0.0
R_PSP_L	0.001
R_PSP_L_1	0.0
R_PSP_Lpp	0.0
R_PSSA120	0.0
R_PSSA141	0.0
R_PSSA160	0.0
R_PSSA161	0.001
R_PSSA180	0.002
R_PSSA181	0.0
R_PSTA	0.0
R_PSUDS	0.001
R_PSURIK	0.0
R_PSURItex	0.0
R_PSURItpp	0.0
R_PTA2	0.001
R_PTAILE	0.0
R_PTALEU	0.0
R_PTAVAL	0.0
R_PTAr	-0.2569999999996453
R_PTAtex	0.0
R_PTHPS	0.001
R_PTHPS_1	-0.001
R_PTHRP	0.001
R_PTHRpp	0.0
R_PTOLDOX	0.0
R_PTPATi	0.01452000000002895
R_PTRCAT1	0.001
R_PTRCORNt7	0.0
R_PTRCORNt7pp	0.0
R_PTRCTA	0.001
R_PTRCTA2	0.001
R_PTRCabc	0.001
R_PTRCabcpp	0.001
R_PTRCt2pp	0.0
R_PTRCtex	0.0
R_PTSLAtexi	0.0
R_PUNP1	67.22438013942599
R_PUNP1_1	0.0
R_PUNP2	-0.002000000000023647
R_PUNP2_1	0.0
R_PUNP3	-929.6614999585746
R_PUNP3_1	0.0
R_PUNP4	-0.0009999999999763531
R_PUNP4_1	3.1554436208840472e-30
R_PUNP5	-0.001
R_PUNP5_1	0.0
R_PUNP6	0.002
R_PUNP6_1	0.0
R_PUNP7	0.000999999999938855
R_PUNP7_1	0.0
R_PUTA3	0.0
R_PXMO	0.0
R_PXYLt5	0.0
R_PXYLt6	0.0
R_PY5CCR	0.0
R_PY5CCR2	0.0
R_PY5CDHE	0.0
R_PYAM5PO	0.0
R_PYDAMK	0.0
R_PYDAMtex	0.0
R_PYDAMtpp	0.0
R_PYDXK	0.0
R_PYDXK_1	0.001
R_PYDXNK	0.0
R_PYDXNO	0.0
R_PYDXNtex	0.0
R_PYDXNtpp	0.0
R_PYDXNtr	0.0
R_PYDXO	0.0
R_PYDXOR	0.0
R_PYDXPP	0.001
R_PYDXS	0.0
R_PYDXtex	0.0
R_PYDXtpp	0.0
R_PYK	1000.0
R_PYK2	0.0
R_PYK3	0.0
R_PYK4	0.0
R_PYK5	0.0
R_PYK6	0.0
R_PYNP1	1000.0
R_PYNP1_1	1000.0
R_PYNP2r	-999.999
R_PYNP2r_1	1000.0
R_PYOA	0.0
R_PYOVD2tex	0.0
R_PYOVDM1	0.0
R_PYOVDM2	0.0
R_PYRDC	0.0
R_PYRDOX	0.0
R_PYROX	0.0
R_PYROX_1	0.0
R_PYRZAM	0.0
R_PYRt2	0.0
R_PYRt2rpp	0.001
R_PYRt4pp	0.001
R_PYRtex	0.002
R_P_XYLtpp	0.0
R_P_Xylt1	0.0
R_QMO2	0.004
R_QMO3	0.0
R_QSDH	0.0
R_QUIDH	0.0
R_QUIDHy	0.0
R_QUIN2tex	0.0
R_QUIN2tpp	0.0
R_QUINDH	0.0
R_QUINDHyi	0.0
R_QUIN_Et	0.0
R_QUINtpp	0.0
R_QULNS	0.001
R_R15BPK	0.0
R_R1PI	0.0
R_R1PK	0.0
R_R5PP	0.001
R_R5PPpp	0.0
R_R5Ptex	0.0
R_RAFFINt2	0.0
R_RAFFabc	0.002
R_RAFFtex	0.0
R_RAFGH	0.001
R_RAFH	0.001
R_RAFHpp	0.0
R_RBFK	0.0054600000000000004
R_RBFK_1	0.0
R_RBFSa	0.001
R_RBFSa_1	0.001
R_RBFSb	0.001
R_RBK	0.008
R_RBK2	0.0
R_RBK_Dr	0.0
R_RBK_Dr_1	0.0
R_RBK_L1	0.0
R_RBP4E	0.0
R_RBTDG	0.0
R_RECOAH10	0.0
R_RECOAH11	0.0
R_RECOAH12	0.0
R_RECOAH13	0.0
R_RECOAH14	0.0
R_RECOAH15	0.0
R_RECOAH16	0.0
R_RECOAH17	0.0
R_RECOAH19	0.0
R_RECOAH2	0.0
R_RECOAH20	0.0
R_RECOAH21	0.0
R_RECOAH22	0.0
R_RECOAH23	0.0
R_RECOAH24	0.0
R_RECOAH25	0.0
R_RECOAH26	0.0
R_RECOAH3	0.001
R_RECOAH4	0.0
R_RECOAH5	0.0
R_RECOAH6	0.0
R_RECOAH7	0.0
R_RECOAH8	0.0
R_RECOAH9	0.0
R_REPHACCOAI	160.2374529189948
R_RHA100tex	0.0
R_RHA100tpp	0.0
R_RHA101tex	0.0
R_RHA101tpp	0.0
R_RHA120tex	0.0
R_RHA120tpp	0.0
R_RHA121d6tex	0.0
R_RHA121d6tpp	0.0
R_RHA121tex	0.0
R_RHA121tpp	0.0
R_RHA140tex	0.0
R_RHA140tpp	0.0
R_RHA141d5tex	0.0
R_RHA141d5tpp	0.0
R_RHA141tex	0.0
R_RHA141tpp	0.0
R_RHA142tex	0.0
R_RHA142tpp	0.0
R_RHA160tex	0.0
R_RHA160tpp	0.0
R_RHA40tex	-0.001
R_RHA40tpp	0.0
R_RHA50tex	0.0
R_RHA50tpp	0.0
R_RHA60tex	0.0
R_RHA60tpp	0.0
R_RHA70tex	0.0
R_RHA70tpp	0.0
R_RHA80tex	0.0
R_RHA80tpp	0.0
R_RHA90tex	0.0
R_RHA90tpp	0.0
R_RHACOAE100	0.0
R_RHACOAE120	0.0
R_RHACOAE121	0.0
R_RHACOAE121d6	0.0
R_RHACOAE140	0.0
R_RHACOAE141	0.0
R_RHACOAE141d5	0.0
R_RHACOAE142	0.0
R_RHACOAE160	0.0
R_RHACOAE50	0.0
R_RHACOAE60	0.0
R_RHACOAE70	0.0
R_RHACOAE80	0.0
R_RHACOAE90	0.0
R_RHACOAEP100	0.0
R_RHACOAEP101	0.0
R_RHACOAEP40	0.0
R_RHACOAEP50	0.0
R_RHACOAEP60	0.0
R_RHACOAEP70	0.0
R_RHACOAEP80	0.0
R_RHACOAEP90	0.0
R_RHACOAET40	0.0
R_RHACOAET60	0.0
R_RHACOAR100	0.0
R_RHACOAR101	0.0
R_RHACOAR120	0.0
R_RHACOAR121d5	0.0
R_RHACOAR121d6	0.0
R_RHACOAR140	0.0
R_RHACOAR141d5	0.0
R_RHACOAR141d7	0.0
R_RHACOAR142	0.0
R_RHACOAR60	0.0
R_RHACOAR70	0.0
R_RHACOAR80	0.001
R_RHACOAR90	0.0
R_RHACOARP100	0.0
R_RHACOARP40	0.0
R_RHACOARP50	0.0
R_RHACOARP60	0.0
R_RHACOARP70	0.0
R_RHACOARP80	0.0
R_RHACOARP90	0.0
R_RHACOART60	0.0
R_RHAP100tex	0.0
R_RHAP100tpp	0.0
R_RHAP40tex	0.0
R_RHAP40tpp	0.0
R_RHAP50tex	0.0
R_RHAP50tpp	0.0
R_RHAP60tex	0.0
R_RHAP60tpp	0.0
R_RHAP70tex	0.0
R_RHAP70tpp	0.0
R_RHAP80tex	0.0
R_RHAP80tpp	0.0
R_RHAP90tex	0.0
R_RHAP90tpp	0.0
R_RHAT40tex	0.0
R_RHAT40tpp	0.0
R_RHAT60tex	0.0
R_RHAT60tpp	0.0
R_RHCCE	0.001
R_RHCYS	0.0
R_RIBFLVt2	0.00792
R_RIBabc	0.001
R_RIBabc1	0.001
R_RIBabcpp	0.001
R_RIBt	0.0
R_RIBt2	0.0
R_RIBtex	0.001
R_RMI	0.0
R_RMK	0.0
R_RMN_Et	0.0
R_RMNabc	0.0
R_RMNt	0.0
R_RMNtex	0.0
R_RMNtpp	0.0
R_RMPA	0.0
R_RNAMtex	0.0
R_RNAMtpp	0.0
R_RNDR1	0.5223199999999888
R_RNDR1b	0.0
R_RNDR2	0.5383400000000237
R_RNDR2b	0.0
R_RNDR3	0.001
R_RNDR3b	0.0
R_RNDR4	0.001
R_RNDR4b	0.0
R_RNMK	0.002
R_RNTR1	0.001
R_RNTR1c	0.0
R_RNTR2	0.001
R_RNTR2_2	0.0
R_RNTR2c	0.0
R_RNTR3	0.001
R_RNTR3_2	0.0
R_RNTR3c	0.0
R_RNTR4	0.5193199999999888
R_RNTR4_2	0.0
R_RNTR4c	0.0
R_RPE	7.842120000002648
R_RPI	7.842580000002648
R_RU5PP	0.0
R_RU5PS	-0.002
R_Rbtt2	0.0
R_S6PG	0.001
R_SADH	0.0
R_SADT	0.002
R_SADT2	0.0
R_SALADC2	0.0
R_SALCHS1H	0.0
R_SALCHS2FER1	0.0
R_SALCHS2FER2	0.0
R_SALCHS2FER3	0.0
R_SALCHS2FEabcpp	0.0
R_SALCHS2FEexs	0.001
R_SALCHS2FEtonex	0.0
R_SALCHS2H	0.0
R_SALCHS2tex	0.0
R_SALCHS4FEHpp	0.0
R_SALCHS4FER1	0.0
R_SALCHS4FER2	0.0
R_SALCHS4FER3	0.0
R_SALCHS4FEabcpp	0.0
R_SALCHS4FEexs	0.001
R_SALCHS4FEtonex	0.0
R_SALCHS4Hpp	0.0
R_SALCHS4abcpp	0.0
R_SALCHS4tex	0.0
R_SALCHSXtex	0.0
R_SALCHSXtpp	0.0
R_SALCOD	0.0
R_SALCpts	0.001
R_SALCt	0.0
R_SALSYN	0.0
R_SAMU3	0.0
R_SAOR	0.0
R_SARCOX	0.0
R_SARCOX2	0.0
R_SBP	0.0
R_SBTD_D2	0.0
R_SBTPD	0.001
R_SBTpts	0.001
R_SBTptspp	0.0
R_SBTt2	0.0
R_SBTtex	0.0
R_SCYSSL	0.002000000000023647
R_SDPDS	0.001
R_SDPTA	-0.001
R_SEAHCYSHYD	0.0
R_SEAHCYSHYD_1	0.0
R_SELADT	0.0
R_SELCYSLY3	0.0
R_SELR	0.0
R_SELTt	0.0
R_SELabcpp	0.0
R_SELt	0.0
R_SELtex	0.0
R_SELtpp	0.0
R_SEPHCHCS	0.0
R_SERASr	0.0
R_SERAT	0.006
R_SERDA	0.0
R_SERD_D	0.0
R_SERD_L	0.001
R_SERGLUGLNtr	0.001
R_SERR	0.0
R_SER_AL	0.0
R_SERabc	0.001
R_SERabcpp	0.0
R_SERt2r	0.001
R_SERt2rpp	0.0
R_SERt4pp	0.0
R_SERtex	0.0
R_SERtpp	0.0
R_SFGTHi	0.0
R_SGDS	0.0
R_SGSAD	0.0
R_SHCHCS2	0.0
R_SHCHCS3	0.0
R_SHCHD2	0.0
R_SHCHD2_1	33.609690069713
R_SHCHF	0.0
R_SHCHF_2	33.609690069713
R_SHEME2abcpp	0.0
R_SHEMEtonex	0.0
R_SHGO	0.001
R_SHK3Dr	0.008999999999938856
R_SHKK	0.008999999999938856
R_SHKK_1	0.0
R_SHSL1	0.001
R_SHSL2	-32.07560006971299
R_SHSL2r	-0.001
R_SHSL3	0.003
R_SHSL4r	32.07260006971299
R_SIRA2	0.0
R_SKDH_1	0.0
R_SKMt2	0.0
R_SKMt2pp	0.0
R_SKMtex	0.0
R_SLCYSS	0.001
R_SLGH	0.0
R_SLNTabcpp	0.0
R_SLNTtex	0.0
R_SLNTtpp	0.0
R_SMIA1	-33.742990069712995
R_SMIA1Eabc	0.001
R_SMIA1abc	0.0
R_SMIA2abc	0.002
R_SMIB1	1000.0
R_SO3R	0.0
R_SO3abcpp	0.001
R_SO3tex	0.001
R_SO4t2	0.001
R_SO4t2pp	0.0
R_SO4t4pp_1	0.0
R_SO4tex	0.001
R_SORD_D	0.0
R_SOTA	0.0
R_SPMDabc	0.001
R_SPMDabcpp	0.0
R_SPMDt2pp	0.0
R_SPMDt3i	-0.002
R_SPMDt3pp	0.0
R_SPMDtex	0.0
R_SPMS	0.001
R_SPODM	0.004
R_SPODM_1	0.0
R_SPODMpp	0.0
R_SPP	0.001
R_SPS	0.0
R_SPT_syn	0.0
R_SPTc	0.0
R_SR3	0.0
R_SR5	0.0
R_SRB_Lt	0.0
R_SSAH	0.0
R_SSALx	0.001
R_SSALy	0.001
R_SSCOARy	-0.004
R_STAS	0.0
R_STFRNAt	0.001
R_STFRNBt	0.0
R_STFRNS	0.0
R_STPT1	0.0
R_STPT2	0.0
R_SUCASPtpp	9.998512434661322e-16
R_SUCBZL	0.001
R_SUCBZL_1	0.0
R_SUCBZS	0.001
R_SUCBZT1	0.001
R_SUCBZT2	0.0
R_SUCCabc	0.0
R_SUCCt	0.0
R_SUCCt1pp	0.0
R_SUCCt2_2pp	0.001
R_SUCCt2_3pp	0.0
R_SUCCt2r	0.0
R_SUCCt3pp	0.0
R_SUCCtex	0.0
R_SUCCtpp	0.0
R_SUCD1	-0.001
R_SUCD2	685.159445857705
R_SUCD4	0.001
R_SUCD5_BS	0.001
R_SUCDi	0.0
R_SUCFUMt	0.0
R_SUCFUMtpp	0.0
R_SUCMALt	0.0
R_SUCMALtpp	0.0
R_SUCOAACTr	0.0
R_SUCOAS	-167.45022003941654
R_SUCR	0.003
R_SUCRabc	0.0
R_SUCRabcpp_syn	0.0
R_SUCRt2	0.001
R_SUCRtex	0.0
R_SUCTARTtpp	0.0
R_SUCpts	0.002
R_SUCptspp	0.0
R_SUCtpp	0.0
R_SULAabc	0.0
R_SULFACabcpp	0.001
R_SULFACtex	0.001
R_SULFDH	0.0
R_SULR	0.01400000000002365
R_SULR2pp	0.0
R_SULR_1	0.0
R_SULR_syn	0.0
R_SULabc	0.001
R_SULabcpp	0.001
R_St	0.0
R_T2ECR	0.0
R_T4HCINNMtex	0.0
R_T4HCINNMtpp	0.0
R_T6PGD	0.0
R_T6PK	0.0
R_TAG1PK	0.0
R_TAGLIPA160ex	0.0
R_TAGLIPA180ex	0.0
R_TAGLIPA181d9ex	0.0
R_TAGLIPA182d9d12	0.0
R_TAGURr	-0.0019999989999999997
R_TAGabc	0.000999999
R_TAGptspp	0.0
R_TAGtex	0.0
R_TALA	7.845120000002624
R_TARTD	0.0
R_TARTDC	0.001
R_TARTRDtex	0.0
R_TARTRDtpp	0.0
R_TARTR_D_Et	0.0
R_TARTR_L_Et	0.0
R_TARTRt7	0.001
R_TARTRt7pp	0.0009999999999990002
R_TARTRtex	0.0
R_TARTRtpp	-0.0009999999999990002
R_TARTt2_3pp	0.0
R_TAUDO	0.0
R_TAURabc	0.001
R_TAURabcpp	0.001
R_TAURtex	0.001
R_TCBO	0.0
R_TCBt2ex	0.0
R_TCBt2pp	0.0
R_TCYNTtex	0.0
R_TCYNTtpp	0.0
R_TDACPT	0.0
R_TDP	0.001
R_TECA1S45	0.02
R_TECA2S45	0.02
R_TECA3S45	0.02
R_TETDHpp1	0.0
R_TETDHpp2	0.0
R_TETDHpp3	0.0
R_TETtex	0.0
R_TGBPA	6.360230000500035
R_TGTpts	0.0
R_THD2	0.0
R_THD2pp	0.0
R_THDPS	0.001
R_THFAT	0.0
R_THFOR1	0.0
R_THFOR2	0.0
R_THIH	0.0
R_THIORDXi	0.001
R_THMDP	0.0
R_THMDt2	0.001
R_THMDt2pp	0.0
R_THMDt4	0.0
R_THMDtex	0.0
R_THMP	0.004
R_THMabc	0.0024600000000000004
R_THMabcpp	0.0
R_THMt2	0.0
R_THMt6	0.0
R_THMtex	0.0
R_THMtrbc	0.0
R_THPAT	0.199
R_THRA	0.001
R_THRA2	158.70556127499617
R_THRD	0.001
R_THRD_L	0.001
R_THRD_L_1	0.0
R_THRPDC	0.0
R_THRPtex	0.0
R_THRS	0.001
R_THRS_2	0.001
R_THRabc	0.001
R_THRabcpp	0.001
R_THRt2pp	0.001
R_THRt2r	5.07174
R_THRt2rpp	0.0
R_THRt4pp	0.0
R_THRtex	0.0
R_THYMt	0.0
R_THYMt3pp	0.0
R_THYMt4pp	0.0
R_THYMtex	0.0
R_THZPSN	0.001
R_THZPSN2	0.0
R_THZPSN_1	0.001
R_THZSN	0.0
R_THZSN_1	0.0
R_TKT1	7.8461200000026246
R_TKT2	-0.0009999999999763531
R_TMAMt	0.0
R_TMAOR1pp	0.0
R_TMAOR2pp	0.0
R_TMAOtex	0.0
R_TMAtex	0.0
R_TMDK1	0.003
R_TMDK1_1	0.0
R_TMDK2	0.0
R_TMDPK	0.0
R_TMDPK_1	0.0054600000000000004
R_TMDPP	-0.001
R_TMDS	0.5213199999999888
R_TMDS3	0.0
R_TMDSf	0.0
R_TMK	0.0
R_TMN	0.001
R_TMPK	0.0
R_TMPPP	0.003
R_TNTHAC1	0.002
R_TNTHAC2	0.002
R_TNTR1	0.001
R_TNTR1x	0.001
R_TNTR2	0.001
R_TNTR2x	0.001
R_TNTR3	0.002
R_TNTR4	0.002
R_TNTep	0.001
R_TNTtex	0.009000000000000001
R_TNTtpp	0.009000000000000001
R_TOLt2pp	0.0
R_TOLt5	0.0
R_TOLt6	0.0
R_TOLt7	0.0
R_TOLtex	0.0
R_TOLtpp	0.0
R_TPHAP	0.0
R_TPI	-6.34276999950006
R_TRDR	110.12362008284624
R_TRE6PH	0.001
R_TRE6PP	0.0
R_TRE6PS	0.0
R_TRE6P_Et	0.0
R_TREH	0.0
R_TREHpp	0.0
R_TREP	0.0
R_TREabc	0.0
R_TREpts	0.001999999999938855
R_TREptspp	0.0
R_TREt2	0.0
R_TREtex	0.0
R_TRNFE	0.0
R_TRPAS1	0.001
R_TRPAS2	0.0
R_TRPS1	0.002
R_TRPS2	0.001
R_TRPS2_1	0.0
R_TRPS3	0.001
R_TRPS3_1	0.0
R_TRPTA	0.0
R_TRPabc	0.001
R_TRPt2r	1.13186
R_TRPt2rpp	0.0
R_TRPtex	0.0
R_TRPtipp	0.0
R_TRSARr	0.0
R_TRSARyr	0.0
R_TRYPTAOX	0.0
R_TSULDHpp1	0.0
R_TSULDHpp2	0.0
R_TSULDHpp3	0.0
R_TSULP	0.002000000000023647
R_TSULR3e	0.0
R_TSULabc	0.001
R_TSULabcpp	0.001
R_TSULtex	0.001
R_TTDCAt2	0.0
R_TTDCAt2pp	0.0
R_TTDCAtexi	0.087000001
R_TTDCEAtexi	0.001
R_TTONR1pp	0.0
R_TTONR2pp	0.0
R_TTONtex	0.0
R_TTRCYCt2pp	0.0
R_TTRCYCt5	0.0
R_TTRCYCt7pp	0.0
R_TTRCYCtex	0.0
R_TTRCYCtm	0.0
R_TTRCYCtpp	0.0
R_TYMtex	0.0
R_TYRL	0.0
R_TYROXDApp	0.0
R_TYRPpp	0.0
R_TYRPtex	0.0
R_TYRTA	-0.000999999999938855
R_TYRTAi	0.0
R_TYRabc	0.001
R_TYRt	0.0
R_TYRt2r	2.7569200000000604
R_TYRt2rpp	0.0
R_TYRtex	0.0
R_TYRtipp	0.0
R_UAAGDS	0.2
R_UACCpts	0.0
R_UACGALPpp	0.0
R_UACGAMPpp	0.0
R_UACGAMtex	0.0
R_UAG2E	0.06
R_UAG2EMA	0.002
R_UAG4Ei	0.0
R_UAGCVT	0.21700000000000008
R_UAGCVT_1	0.0
R_UAGDP	2.956
R_UAGDP_1	0.0
R_UAGHD	0.0
R_UAGPT2	0.001
R_UAGPT2_1	-0.001
R_UAGPT3	0.21700000000000003
R_UAMAGS	0.2
R_UAMAS	0.2
R_UAPGR	0.21700000000000003
R_UCPP	0.0
R_UDCPDP	0.21700000000000003
R_UDCPDPex	0.001
R_UDCTPP	0.0
R_UDPACGALtex	0.0
R_UDPACGLP	0.0
R_UDPG4E	3.7941200000022954
R_UDPGALPpp	0.0
R_UDPGALtex	0.0
R_UDPGLCURtex	0.0
R_UDPGPpp	0.0
R_UDPGtex	0.0
R_UDUPP	0.0
R_UGCIAMH	0.0
R_UGLCURPpp	0.0
R_UGLT	0.0
R_UGLYCH	0.001999999999938855
R_UGMDDS	0.21700000000000003
R_UGT_BS	0.4
R_UHBZ1t_pp	0.0
R_UI45AH	0.0
R_UI45DC	0.0
R_UM3PL	0.017000000000000015
R_UM4PCP	0.0
R_UM4PL	0.0
R_UMPK	3.6843999999999886
R_UMPt6	0.0
R_UMPtex	0.0
R_UNK2	0.0
R_UNK3	0.0
R_UNK5	0.001
R_UPP3MT	0.0
R_UPP3MT_2	33.609690069713
R_UPP3MT_3	0.0
R_UPP3S	33.610690069712994
R_UPPDC1	0.001
R_UPPN	0.0
R_UPPRT	0.004999999999927173
R_URACPAH	0.0
R_URATEt_1	0.001999999999938855
R_URATEtex	0.0
R_URATEtpp	0.0
R_URAt	0.0
R_URAt2	0.001
R_URAt2pp	0.0
R_URAtex	0.0
R_URAtpp	0.0
R_URCN	0.002
R_URDGLYCD	0.0
R_UREA	0.002999999999938855
R_UREA2t2pp	0.0
R_UREASE	0.001
R_UREA_1	0.001
R_UREAabcpp	0.0
R_UREAt	0.0
R_UREAt_2	0.0
R_UREAtex	0.0
R_UREAtpp	0.0
R_URIC	0.001999999999938855
R_URIDK2r	-0.5193199999999888
R_URIH	0.001
R_URIK1	0.001
R_URIK1_1	0.0
R_URIK2	0.001
R_URIK2_1	0.0
R_URIK3	0.001
R_URIK3_1	0.0
R_URIt2	0.001
R_URIt2pp	0.001
R_URItex	0.0
R_URO_c	0.0
R_UT6PT	0.0
R_UTCY	0.0
R_UTUP	0.0
R_UUPP	0.0
R_VACCtex	0.0
R_VACOAI	0.0
R_VACOAI_2	0.0
R_VALDHr	-1000.0
R_VALTA	398.39903086803474
R_VALabc	0.001
R_VALabcpp	0.001
R_VALt2r	0.001
R_VALt2rpp	0.001
R_VALt3pp	578.7939491319644
R_VALtex	-578.7919491319644
R_VANKpp	0.0
R_VANLNtex	0.0
R_VANLTtex	0.0
R_VCACT	0.0
R_VCOAD	0.0
R_VECOAH	0.0
R_VNDH	0.0
R_VNDH_2	0.0
R_VNDH_3	0.0
R_VNLNpp	0.0
R_VNTDM	0.0
R_VOR2bE	0.0
R_VPAMTr	-14.347780000000716
R_X00002	0.0
R_X5PL3E	0.0
R_XAH	0.0
R_XAND	0.0
R_XANt2	0.001
R_XANt2pp	0.0
R_XANt3	0.0
R_XANtex	0.0
R_XANtpp	0.0
R_XMO	0.0
R_XMPtex	0.0
R_XPPT	0.002999999999938855
R_XTSNH	0.001
R_XTSNt2	0.0
R_XTSNt2rpp	0.0
R_XTSNtex	0.0
R_XYL3abc	0.0
R_XYLANabc	0.0
R_XYLBabc	0.0
R_XYLI1	0.003
R_XYLI2	0.025
R_XYLK	0.003
R_XYLK2	0.0
R_XYLOS1	0.0
R_XYLOS2	0.0
R_XYLOS3	0.0
R_XYLUt2pp	0.0
R_XYLUtex	0.0
R_XYLabc	0.001
R_XYLabcpp	0.001
R_XYLe	0.0
R_XYLt	0.0
R_XYLt2	0.001
R_XYLt2pp	0.0
R_XYLtex	0.001
R_YUMPS	-0.001
R_ZN2abcpp	0.001
R_ZN2t3pp	0.001
R_ZN2t4	0.001
R_ZN2t4pp	0.001
R_ZN2t5	0.001
R_ZN2t6	0.0029999999999887326
R_ZN2tpp	0.0
R_ZNabc	0.001
R_ZNabcpp	0.001
R_Zn2tex	0.0009999999999887326
R_araphe1	0.0
R_araphe2	0.0
R_araphe3	0.0
R_aratry1	0.0
R_aratry2	0.0
R_aratyr1	0.0
R_aratyr2	0.0
R_aratyr3	0.0
R_aratyr4	0.0
R_ilvg	0.0
R_pentso3abcpp	0.0
R_r0191	0.0
R_r0280	0.0
R_r0817	0.0
R_r0963	0.011380000000046908
R_r1143	0.0
R_r2136	0.001
R_r2465_1	-0.009819999999999999
R_r2535	0.0
R_unkFol	0.0
R_sink_2ohph_c	0.0
R_sink_4crsol_c	0.0
R_sink_4hba_c	0.0
R_sink_5drib_c	0.0
R_sink_aacald_c	0.0
R_sink_amob_c	0.0
R_sink_hemeO_c	0.001
R_sink_hmfurn_c	0.0
R_sink_lipopb_c	0.001
R_sink_mobd_c	-4.2351647362715017e-19
R_sink_mththf_c	0.0
R_sink_oxam_c	0.0
R_sink_sheme_c	33.609690069713
R_EX_12dgr160_e	0.0
R_EX_12dgr180_e	0.0
R_EX_12ppd__R_e	0.0
R_EX_12ppd__S_e	0.0
R_EX_13dampp_e	0.0
R_EX_13ppd_e	0.0
R_EX_14glucan_e	0.0
R_EX_15dap_e	0.0
R_EX_1ag160_e	0.0
R_EX_1ag180_e	0.0
R_EX_1ag181d9_e	0.0
R_EX_1ag182d9d12_e	0.0
R_EX_23camp_e	-0.001
R_EX_23ccmp_e	-0.001
R_EX_23cgmp_e	-0.001
R_EX_23cump_e	-0.001
R_EX_23dappa_e	0.0
R_EX_23dhbzs3_e	-0.001
R_EX_25dkglcn_e	0.0
R_EX_26dap__M_e	0.0
R_EX_2ameph_e	-0.001
R_EX_2ddglcn_e	-0.001
R_EX_2dhglcn_e	0.0
R_EX_2h3mb_e	0.0
R_EX_2h3mp_e	0.0
R_EX_2hxmp_e	0.001
R_EX_2m35mdntha_e	0.002
R_EX_2mba_e	0.0
R_EX_2mbald_e	0.0
R_EX_2mpa_e	0.0
R_EX_2obut_e	0.0
R_EX_2pg_e	0.0
R_EX_2pglyc_e	-0.002
R_EX_34dhbz_e	0.0
R_EX_34dhcinm_e	0.0
R_EX_34dhpac_e	0.0
R_EX_34dhphe_e	0.0
R_EX_35dnta_e	0.002
R_EX_3amp_e	-0.001
R_EX_3cmp_e	-0.001
R_EX_3gmp_e	929.6624999585746
R_EX_3h4atb_e	0.0
R_EX_3hcinnm_e	0.0
R_EX_3hoxpac_e	0.0
R_EX_3hpppn_e	0.0
R_EX_3mb_e	-0.219
R_EX_3mba_e	0.0
R_EX_3oxoadp_e	0.0
R_EX_3pg_e	0.0
R_EX_3ump_e	-0.001
R_EX_4abut_e	-0.001
R_EX_4abutn_e	0.0
R_EX_4abz_e	0.0
R_EX_4abzglu_e	0.0
R_EX_4ahmmp_e	-0.001
R_EX_4crsol_e	0.0
R_EX_4hba_e	0.002
R_EX_4hbald_e	0.0
R_EX_4hbz_e	0.0
R_EX_4hoxpac_e	0.0
R_EX_4hoxpacd_e	0.0
R_EX_4hphac_e	0.0
R_EX_4hpro_DC_e	-0.001
R_EX_4hpro_LT_e	0.002
R_EX_4hptn_e	0.0
R_EX_4hthr_e	0.0
R_EX_4oxptn_e	0.0
R_EX_5aptn_e	0.0
R_EX_5dglcn_e	0.0
R_EX_5drib_e	0.0
R_EX_5g2oxpt_e	0.0
R_EX_5mcsn_e	0.0
R_EX_5mdru1p_e	0.0
R_EX_5mtr_e	0.0
R_EX_5oxpro_e	0.0
R_EX_6apa_e	0.0
R_EX_6atha_e	0.0
R_EX_6hnac_e	0.0
R_EX_6pgc_e	0.0
R_EX_LalaDgluMdapDala_e	0.0
R_EX_LalaDgluMdap_e	0.0
R_EX_LalaDglu_e	0.0
R_EX_LalaLglu_e	-0.001
R_EX_Larab_e	0.0
R_EX_Lcyst_e	0.0
R_EX_Ncbmpts_e	0.0
R_EX_R3hdec4e_e	0.0
R_EX_R_3h4atba_e	0.0
R_EX_R_3h6atha_e	0.0
R_EX_R_3hcmrs7e_e	0.0
R_EX_R_3hdcaa_e	0.0
R_EX_R_3hdd5ea_e	0.0
R_EX_R_3hdd6e_e	0.0
R_EX_R_3hdda_e	0.0
R_EX_R_3hhdca_e	0.0
R_EX_R_3hhpa_e	0.0
R_EX_R_3hhxa_e	0.0
R_EX_R_3hnonaa_e	0.0
R_EX_R_3hocta_e	0.0
R_EX_R_3hpba_e	0.0
R_EX_R_3hpdeca_e	0.0
R_EX_R_3hphpa_e	0.0
R_EX_R_3hphxa_e	0.0
R_EX_R_3hpnona_e	0.0
R_EX_R_3hpocta_e	0.0
R_EX_R_3hppta_e	0.0
R_EX_R_3hpt_e	0.0
R_EX_R_3htd58e_e	0.0
R_EX_R_3htd5e_e	0.0
R_EX_R_3httdca_e	0.0
R_EX_T4hcinnm_e	0.0
R_EX_abg4_e	-0.0009999999999763531
R_EX_abt__D_e	0.0
R_EX_abt__L_e	0.002
R_EX_abt_e	0.0
R_EX_ac_e	-0.002
R_EX_acac_e	-0.001
R_EX_acald_e	-0.001
R_EX_acetone_e	0.0
R_EX_acgal1p_e	0.0
R_EX_acgal_e	0.0
R_EX_acgam1p_e	0.0
R_EX_acgam_e	-0.002
R_EX_acglu_e	-2.168404344971009e-19
R_EX_acmana_e	-0.001
R_EX_acmum_e	0.0
R_EX_acnam_e	0.0
R_EX_acon_C_e	-0.002
R_EX_acser_e	0.0
R_EX_actn__R_e	0.0
R_EX_acysbmn_e	0.0
R_EX_ad_e	-0.002
R_EX_ade_e	0.0
R_EX_adn_e	0.0
R_EX_agm_e	-0.001
R_EX_airs_e	0.0
R_EX_akg_e	0.0
R_EX_ala_B_e	-0.002
R_EX_ala_L_asp__L_e	-0.001
R_EX_ala_L_glu__L_e	-0.001
R_EX_ala_L_thr__L_e	-0.001
R_EX_ala__D_e	1000.0
R_EX_ala__L_e	-0.004
R_EX_ala_gln_e	-0.001
R_EX_ala_his_e	-0.001
R_EX_ala_leu_e	-0.001
R_EX_alaala_e	-500.0005
R_EX_alagly_e	-0.001
R_EX_alahis_e	-0.001
R_EX_alaleu_e	-0.001
R_EX_alathr_e	-0.001
R_EX_alatrp_e	-0.001
R_EX_algac_MG_14_e	0.0
R_EX_algac_MG_23_e	0.0
R_EX_algac_MG_32_e	0.0
R_EX_algac_MG_41_e	0.0
R_EX_algac__M_e	0.0
R_EX_all__D_e	0.0
R_EX_alltn_e	0.0
R_EX_amp_e	0.0
R_EX_anhgm_e	0.0
R_EX_arab__D_e	0.0
R_EX_arab__L_e	-0.002
R_EX_araban__L_e	0.0
R_EX_arbt6p_e	0.0
R_EX_arbt_e	-0.001
R_EX_arg__D_e	0.0
R_EX_arg__L_e	-9.31324000000006
R_EX_argp_e	0.0
R_EX_ascb__L_e	0.0
R_EX_asn__D_e	0.0
R_EX_asn__L_e	-0.002
R_EX_aso3_e	0.0
R_EX_aso4_e	0.0
R_EX_asp__D_e	0.0
R_EX_asp__L_e	-0.002
R_EX_balaala_e	-0.001
R_EX_balabala_e	-0.001
R_EX_balagly_e	-0.001
R_EX_balaleu_e	-0.001
R_EX_balamd_e	-0.001
R_EX_bhb_e	-0.001
R_EX_biliverd_e	0.0
R_EX_bmn_e	0.0
R_EX_btd_RR_e	0.0
R_EX_btn_e	0.0
R_EX_btoh_e	0.0
R_EX_but_e	-0.002
R_EX_buts_e	0.0
R_EX_butso3_e	-0.001
R_EX_bz_e	-0.001
R_EX_bzal_e	0.0
R_EX_bzalc_e	0.0
R_EX_ca2_e	-0.1041
R_EX_carn_e	-0.001
R_EX_catechol_e	0.0
R_EX_cell4_e	0.0
R_EX_cell6_e	0.0
R_EX_cellb_e	-500.0039999999999
R_EX_cgly_e	-0.001
R_EX_ch4s_e	0.0
R_EX_chol_e	-0.002
R_EX_chols_e	0.0
R_EX_chor_e	0.0
R_EX_chsterol_e	0.0
R_EX_chtbs_e	0.0
R_EX_cinnm_e	0.0
R_EX_cit_e	-1000.0
R_EX_citr__L_e	0.0
R_EX_cl_e	-0.1041
R_EX_cmcbtt_e	-0.001
R_EX_cmp_e	0.0
R_EX_co2_e	1000.0
R_EX_co_e	0.0
R_EX_coa_e	0.0
R_EX_cobalt2_e	-0.002
R_EX_confrl_e	0.0
R_EX_cpgn_e	0.001
R_EX_cpgn_un_e	-0.001
R_EX_creat_e	0.0
R_EX_cresol_e	0.0
R_EX_crn_e	0.0
R_EX_crtn_e	0.0
R_EX_csn_e	0.0
R_EX_ctbt_e	0.0
R_EX_cu2_e	-0.014179999999999998
R_EX_cu_e	0.0
R_EX_cyan_e	0.0
R_EX_cynt_e	0.0
R_EX_cys__D_e	0.0
R_EX_cys__L_e	-0.001
R_EX_cyst__L_e	0.0
R_EX_cytd_e	-2.671159999999953
R_EX_d23hb_e	0.001
R_EX_dachi_e	0.0
R_EX_dad_2_e	0.0
R_EX_dag181d9_e	0.0
R_EX_dag182d9d12_e	0.0
R_EX_damp_e	0.0
R_EX_dca_e	-0.001
R_EX_dcmp_e	0.0
R_EX_dcyt_e	-0.54134
R_EX_ddca_e	-0.0019999989999999997
R_EX_dextrin_e	0.0
R_EX_dgmp_e	0.0
R_EX_dgsn_e	0.0
R_EX_dgudbutn_e	0.0
R_EX_dha_e	0.0
R_EX_dhap_e	0.0
R_EX_dhptd_e	0.0
R_EX_diact_e	0.0
R_EX_dimp_e	0.0
R_EX_din_e	0.0
R_EX_dmanur_e	0.0
R_EX_dmgly_e	0.0
R_EX_dms_e	0.0
R_EX_dmso2_e	0.0
R_EX_dmso_e	0.0
R_EX_dopa_e	0.0
R_EX_drib_e	-0.001
R_EX_dtbt_e	0.0
R_EX_dtmp_e	0.0
R_EX_dump_e	0.0
R_EX_duri_e	0.0
R_EX_dxyl_e	0.0
R_EX_dxylnt_e	0.0
R_EX_ecto__L_e	0.0
R_EX_enter_e	-0.001
R_EX_etha_e	0.0
R_EX_eths_e	0.0
R_EX_ethso3_e	-0.001
R_EX_etoh_e	158.71156127499614
R_EX_f6p_e	0.0
R_EX_fad_e	0.0
R_EX_fald_e	0.001
R_EX_fcmcbtt_e	0.001
R_EX_fe2_e	-1000.0
R_EX_fe3_e	-500.1111099999998
R_EX_fe3dcit_e	499.94595000000004
R_EX_fe3dhbzs3_e	0.001
R_EX_fe3dhbzs_e	0.0
R_EX_fe3mcbtt_e	0.001
R_EX_fe3pyovd_kt_e	0.001
R_EX_feenter_e	0.001
R_EX_feoxam_e	0.001
R_EX_feoxam_un_e	-0.001
R_EX_fer_e	0.0
R_EX_fmn_e	0.0
R_EX_fol_e	-0.011380000000046908
R_EX_for_e	0.0
R_EX_forglu_e	-2.168404344971009e-19
R_EX_frmd_e	0.0
R_EX_fru_e	-0.002
R_EX_frulys_e	0.0
R_EX_fruur_e	0.0
R_EX_fuc__L_e	0.0
R_EX_fuc_e	0.0
R_EX_fum_e	-0.001
R_EX_g1p_e	0.0
R_EX_g3pc_e	0.0
R_EX_g3pe_e	0.0
R_EX_g3pg_e	0.0
R_EX_g3pi_e	0.0
R_EX_g3ps_e	0.0
R_EX_g6p_B_e	0.0
R_EX_g6p_e	0.0
R_EX_ga_e	0.0
R_EX_gal1p_e	0.0
R_EX_gal_bD_e	-5.7321100004976895
R_EX_gal_e	9.534230000499853
R_EX_galam_e	0.0
R_EX_galct__D_e	0.0
R_EX_galctn__D_e	0.0
R_EX_galctn__L_e	0.0
R_EX_galctr__D_e	0.0
R_EX_galman4_e	0.0
R_EX_galman6_e	0.0
R_EX_galt_e	-6.360230000500035
R_EX_galur_e	-0.001
R_EX_gam6p_e	0.0
R_EX_gam_e	-2.917
R_EX_gcald_e	0.0
R_EX_gdp_e	0.0
R_EX_glc__D_e	1000.0
R_EX_glc__aD_e	-0.002
R_EX_glcman4_e	0.0
R_EX_glcman6_e	0.0
R_EX_glcn__D_e	-0.001
R_EX_glcn_e	-0.001
R_EX_glcr_e	0.001
R_EX_glcur1p_e	0.0
R_EX_glcur_e	-0.001
R_EX_gln__L_e	-0.001
R_EX_glu__D_e	0.0
R_EX_glu__L_e	-75.2277675972901
R_EX_glucan4_e	0.0
R_EX_glucan6_e	0.0
R_EX_glutar_e	0.0
R_EX_glx_e	0.0
R_EX_gly_asn__L_e	-0.001
R_EX_gly_asp__L_e	-0.001
R_EX_gly_cys_e	-0.001
R_EX_gly_e	-0.004
R_EX_gly_gln_e	-0.001
R_EX_gly_glu__L_e	-0.001
R_EX_gly_leu_e	-0.001
R_EX_gly_met_e	-0.001
R_EX_gly_phe_e	-0.001
R_EX_gly_pro__L_e	-0.001
R_EX_gly_tyr_e	-0.001
R_EX_glyald_e	-1000.0
R_EX_glyb_e	0.002
R_EX_glyc2p_e	0.0
R_EX_glyc3p_e	0.0
R_EX_glyc__R_e	0.0
R_EX_glyc_e	0.0
R_EX_glyclt_e	0.0
R_EX_glycol_e	0.0
R_EX_glygln_e	-0.001
R_EX_glyglu_e	-0.001
R_EX_glygly_e	-0.001
R_EX_glyglygln_e	-57.262220041420306
R_EX_glymet_e	-0.001
R_EX_glyphe_e	-0.001
R_EX_glyser_e	-0.001
R_EX_gmp_e	0.0
R_EX_gsn_e	0.0
R_EX_gthox_e	499.999
R_EX_gthrd_e	-1000.0
R_EX_gtp_e	0.0
R_EX_gua_e	-929.6624999585746
R_EX_gudac_e	0.0
R_EX_gudptn_e	0.0
R_EX_guln__L_e	0.0
R_EX_h2_e	160.2384529189948
R_EX_h2co3_e	0.0
R_EX_h2o2_e	-499.999
R_EX_h2o_e	999.9999999999999
R_EX_h2s_e	30.16872006971305
R_EX_h_e	353.1046017079841
R_EX_ham_e	0.0
R_EX_hco3_e	0.0
R_EX_hcys__L_e	0.0
R_EX_hdca_e	0.0
R_EX_hdcea_e	0.0
R_EX_hexs_e	-0.001
R_EX_hgentis_e	0.0
R_EX_hia_e	0.0
R_EX_his__L_e	-1.8877599999999999
R_EX_hisgly_e	-0.001
R_EX_hishis_e	-0.001
R_EX_hom__L_e	0.0
R_EX_hpta_e	0.0
R_EX_hqn_e	0.001
R_EX_hxa_e	-0.002
R_EX_hxan_e	-8.926199999999746
R_EX_ibt_e	0.0
R_EX_ibtol_e	0.0
R_EX_icit_e	-0.002
R_EX_id3acald_e	-0.002
R_EX_idon__L_e	0.0
R_EX_ile__L_e	-5.81058
R_EX_imp_e	0.0
R_EX_ind3ac_e	0.002
R_EX_indole_e	0.0
R_EX_inost_e	-0.002
R_EX_ins_e	0.0
R_EX_isetac_e	-0.001
R_EX_isobuta_e	0.0
R_EX_isocap_e	0.0
R_EX_istfrnA_e	-33.744990069713
R_EX_istfrnB_e	1000.0
R_EX_istnt_e	0.0
R_EX_ival_e	0.0
R_EX_k_e	-3.903860000000174
R_EX_lac__D_e	0.0
R_EX_lac__L_e	0.0
R_EX_lcts_e	-0.005
R_EX_leu__D_e	0.0
R_EX_leu__L_e	-9.00262000000023
R_EX_leuleu_e	-0.001
R_EX_lipoate_e	-0.001
R_EX_lmn2_e	0.0
R_EX_lnlc_e	0.0
R_EX_lys__D_e	0.0
R_EX_lys__L_e	-6.86222
R_EX_lysglugly_e	-0.001
R_EX_lyx__L_e	0.0
R_EX_m2but_e	0.0
R_EX_m4po_e	0.0
R_EX_m_xyl_e	0.0
R_EX_madg_e	-0.001
R_EX_mal__D_e	-0.001
R_EX_mal__L_e	-0.001
R_EX_malt_e	-0.003
R_EX_malthp_e	0.0
R_EX_malthx_e	0.0
R_EX_maltpt_e	0.0
R_EX_malttr_e	-0.001
R_EX_maltttr_e	-0.001
R_EX_man1p_e	0.0
R_EX_man6p_e	0.0
R_EX_man6pglyc_e	0.0
R_EX_man_e	-0.002
R_EX_manb_e	0.0
R_EX_manglyc_e	-0.001
R_EX_mantr_e	0.0
R_EX_manttr_e	0.0
R_EX_manur_e	0.0
R_EX_mbdg_e	-0.001
R_EX_mcbtt_e	-0.001
R_EX_melib_e	-0.001
R_EX_meoh_e	0.002
R_EX_met_L_ala__L_e	-0.001
R_EX_met__D_e	0.0
R_EX_met__L_e	-0.001
R_EX_metglcur_e	0.0
R_EX_metox__R_e	-0.001
R_EX_metox_e	-0.001
R_EX_metsox_R__L_e	-0.001
R_EX_metsox_S__L_e	-0.001
R_EX_mevR_e	0.0
R_EX_mg2_e	-0.17350000000000002
R_EX_minohp_e	0.0
R_EX_mmet_e	-35.14478006971299
R_EX_mn2_e	-0.013819999999999999
R_EX_mnl1p_e	0.0
R_EX_mnl_e	-0.002
R_EX_mobd_e	4.336808689942018e-19
R_EX_mso3_e	-0.002
R_EX_mththf_e	0.001
R_EX_n2_e	0.0
R_EX_n2o_e	0.0
R_EX_nac_e	957.6847999585793
R_EX_ncam_e	0.0
R_EX_nh4_e	503.1992595094578
R_EX_nmn_e	-957.7293599585794
R_EX_no2_e	0.0
R_EX_no3_e	0.26365887098782137
R_EX_no_e	0.0
R_EX_nona_e	0.0
R_EX_o2_e	-1000.0
R_EX_o2s_e	0.0
R_EX_oaa_e	0.0
R_EX_ocdca_e	0.0
R_EX_ocdcea_e	0.0
R_EX_octa_e	-0.001
R_EX_octscoa_e	0.0
R_EX_orn__D_e	0.0
R_EX_orn__L_e	0.0
R_EX_orn_e	0.0
R_EX_orot_e	0.0
R_EX_oxa_e	137.27758467713582
R_EX_p_xyl_e	0.0
R_EX_pac_e	0.0
R_EX_pacald_e	-160.2384529189948
R_EX_pala_e	0.0
R_EX_pdima_e	0.0
R_EX_pea_e	0.0
R_EX_peamn_e	0.0
R_EX_peng_e	0.0
R_EX_pentso3_e	0.0
R_EX_pep_e	0.0
R_EX_phdca_e	0.0
R_EX_phe__D_e	0.0
R_EX_phe__L_e	-3.7033
R_EX_phedca_e	0.0
R_EX_phehpa_e	0.0
R_EX_phehxa_e	0.0
R_EX_pheme_e	0.0
R_EX_phenol_e	0.0
R_EX_phenona_e	0.0
R_EX_pheocta_e	0.0
R_EX_phept_e	0.0
R_EX_phpyr_e	0.0
R_EX_pi_e	-0.004
R_EX_pime_e	0.0
R_EX_pnto__R_e	-0.001
R_EX_ppa_e	-248.36568612118796
R_EX_ppal_e	0.0
R_EX_ppap_e	0.0
R_EX_ppat_e	0.0
R_EX_ppdima_e	0.0
R_EX_ppi_e	0.0
R_EX_ppoh_e	0.0
R_EX_pppn_e	0.0
R_EX_ppt_e	0.0
R_EX_prealg_MG_14_e	0.0
R_EX_prealg_MG_23_e	0.0
R_EX_prealg_MG_32_e	0.0
R_EX_prealg_MG_41_e	0.0
R_EX_prealginate_G_e	0.0
R_EX_pro__D_e	0.0
R_EX_pro__L_e	-1.0227000000001039
R_EX_progly_e	-0.001
R_EX_prohisglu_e	-0.001
R_EX_psclys_e	0.0
R_EX_pser__D_e	0.0
R_EX_pser__L_e	0.0
R_EX_psuri_e	0.0
R_EX_pta_e	0.0
R_EX_ptrc_e	-0.001
R_EX_ptsla_e	0.0
R_EX_pydam_e	0.0
R_EX_pydx_e	0.0
R_EX_pydxn_e	0.0
R_EX_pyovd_kt_e	-0.001
R_EX_pyr_e	-0.002
R_EX_quin_e	0.0
R_EX_r5p_e	0.0
R_EX_raffin_e	-0.002
R_EX_rbt_e	0.0
R_EX_rib__D_e	-0.001
R_EX_ribflv_e	-0.00792
R_EX_rmn_e	0.0
R_EX_rnam_e	0.0
R_EX_s_e	0.0
R_EX_salc_e	0.0
R_EX_salchs2_e	-0.001
R_EX_salchs2fe_e	0.001
R_EX_salchs4_e	-0.001
R_EX_salchs4fe_e	0.001
R_EX_salchsx_e	0.0
R_EX_salcn_e	-0.001
R_EX_sbt__D_e	-0.001
R_EX_sel_e	0.0
R_EX_ser__D_e	-0.002
R_EX_ser__L_e	-0.002
R_EX_serglugly_e	-0.001
R_EX_sheme_e	0.0
R_EX_skm_e	0.0
R_EX_slnt_e	0.0
R_EX_so3_e	-0.001
R_EX_so4_e	-0.003
R_EX_spmd_e	0.001
R_EX_srb__L_e	0.0
R_EX_starch_e	0.0
R_EX_stfrnA_e	33.74499006971299
R_EX_stfrnB_e	-1000.0
R_EX_succ_e	0.0
R_EX_sucr_e	-0.003
R_EX_sula_e	0.0
R_EX_sulfac_e	-0.001
R_EX_tag160_e	0.0
R_EX_tag180_e	0.0
R_EX_tag181d9_e	0.0
R_EX_tag182d9d12_e	0.0
R_EX_tag__D_e	0.0
R_EX_tagur_e	-0.000999999
R_EX_tartr__D_e	0.0
R_EX_tartr__L_e	-0.001
R_EX_taur_e	-0.002
R_EX_tcb_e	0.0
R_EX_tcynt_e	0.0
R_EX_tet_e	0.0
R_EX_tgt_e	0.0
R_EX_thm_e	-0.0024600000000000004
R_EX_thr__L_e	-5.0727400000000005
R_EX_thrp_e	0.0
R_EX_thym_e	0.0
R_EX_thymd_e	-0.001
R_EX_tma_e	0.0
R_EX_tmam_e	0.0
R_EX_tmanur_e	0.0
R_EX_tmao_e	0.0
R_EX_tnt_e	-0.008
R_EX_tol_e	0.0
R_EX_tre6p_e	0.0
R_EX_tre_e	-0.001999999999938855
R_EX_trp__L_e	-1.13286
R_EX_tsul_e	-0.004000000000023647
R_EX_ttdca_e	-0.087000001
R_EX_ttdcea_e	-0.001
R_EX_tton_e	0.0
R_EX_tym_e	0.0
R_EX_tyr__D_e	0.0
R_EX_tyr__L_e	-2.7579200000000603
R_EX_tyrp_e	0.0
R_EX_uaccg_e	0.0
R_EX_uacgam_e	0.0
R_EX_udcpdp_e	-0.001
R_EX_udcpp_e	0.001
R_EX_udpacgal_e	0.0
R_EX_udpg_e	0.0
R_EX_udpgal_e	0.0
R_EX_udpglcur_e	0.0
R_EX_ump_e	0.0
R_EX_ura_e	-0.001
R_EX_urate_e	-0.001999999999938855
R_EX_urea_e	0.0
R_EX_uri_e	-0.001
R_EX_vacc_e	0.0
R_EX_val__D_e	0.0
R_EX_val__L_e	578.7899491319645
R_EX_vanln_e	0.0
R_EX_vanlt_e	0.0
R_EX_xan_e	-0.001
R_EX_xmp_e	0.0
R_EX_xtsn_e	0.0
R_EX_xyl3_e	0.0
R_EX_xyl__D_e	-0.003
R_EX_xylan4_e	0.0
R_EX_xylan8_e	0.0
R_EX_xylb_e	0.0
R_EX_xylu__L_e	0.0
R_EX_zn2_e	-0.00682
Growth	20.0
R_ATPM	0.10000000000002274
yr_R_13PPDH	0.0
yf_R_13PPDH	1.0
yr_R_13PPDH2	1.0
yf_R_13PPDH2	0.0
yr_R_13PPDH2_1	1.0
yf_R_13PPDH2_1	0.0
yf_R_14GLUCANabcpp	0.0
yr_R_1P2CBXLCYCL	0.0
yf_R_1P2CBXLCYCL	0.0
yf_R_23PDE2pp	1.0
yf_R_23PDE4pp	1.0
yf_R_23PDE7pp	1.0
yf_R_23PDE9pp	1.0
yf_R_2AACLPGT160	1.0
yf_R_2AACLPGT161	1.0
yf_R_2AACLPGT180	1.0
yf_R_2AACLPGT181	1.0
yf_R_2AACLPPEAT160	1.0
yf_R_2AACLPPEAT161	1.0
yf_R_2AACLPPEAT180	1.0
yf_R_2AACLPPEAT181	1.0
yf_R_2AGPE160tipp	1.0
yf_R_2AGPE161tipp	1.0
yf_R_2AGPE180tipp	1e-06
yf_R_2AGPE181tipp	1.0
yf_R_2AGPG160tipp	1.0
yf_R_2AGPG161tipp	1.0
yf_R_2AGPG180tipp	1.0
yf_R_2AGPG181tipp	1.0
yf_R_2INSD	1.0
yf_R_2MAHMP	1.0
yr_R_2OBUTtex	0.0
yf_R_2OBUTtex	0.0
yr_R_2S6HCCi	0.0
yf_R_2S6HCCi	1.0
yf_R_34HPPOR	1.0
yf_R_3HAD100	0.0
yf_R_3HAD120	0.0
yf_R_3HAD140	0.0
yf_R_3MBt2pp	1.0
yf_R_3MBt4pp	1.0
yr_R_3MBtex	0.0
yf_R_3MBtex	1.0
yf_R_3NTD2pp	1.0
yf_R_3NTD4pp	1.0
yf_R_3NTD7pp	1.0
yf_R_3NTD9pp	1.0
yr_R_3NUCLE1	0.0
yf_R_3NUCLE1	1.0
yr_R_3NUCLE2	0.0
yf_R_3NUCLE2	1.0
yr_R_3NUCLE3	0.0
yf_R_3NUCLE3	1.0
yr_R_3NUCLE4	1.0
yf_R_3NUCLE4	0.0
yf_R_3OXCOAT	1.0
yf_R_3PEPTabcpp	1.0
yr_R_4ABUTD	0.0
yf_R_4ABUTD	1.0
yf_R_4ABUTabcpp	0.0
yr_R_4ABZGLUH	0.0
yf_R_4ABZGLUH	0.0
yr_R_4HALDD	9.99999000001e-07
yf_R_4HALDD	0.999999000001
yr_R_4HBALDtex	0.0
yf_R_4HBALDtex	0.0
yr_R_4HBAtex	0.0
yf_R_4HBAtex	0.0
yr_R_4HBZtex	0.0
yf_R_4HBZtex	0.0
yf_R_4HPRODCabcpp	1.0
yf_R_4HPROLTabcpp	1.0
yf_R_4HPTNCOAL	0.0
yr_R_4HTHRA	0.0
yf_R_4HTHRA	1.0
yf_R_4HTHRS_1	1.0
yf_R_4PCP	1.0
yf_R_4PEPTabcpp	1.0
yf_R_5APTNabcpp	0.0
yf_R_5DGLCNR	1.0
yr_R_5DKGR	0.0
yf_R_5DKGR	1.0
yr_R_6PGALSZ_1	0.0
yf_R_6PGALSZ_1	0.0
yf_R_6PHBG_2	1.0
yf_R_A6PAG	1.0
yf_R_A6PAG2	1.0
yr_R_AACLAM	0.0
yf_R_AACLAM	1.0
yf_R_AACPS1	0.0
yf_R_AACPS2	0.0
yf_R_AACPS3	1.0
yf_R_AACPS4	1.0
yf_R_AACPS5	1.0
yf_R_AACPS6	1.0
yf_R_AACPS7	0.0
yf_R_AACPS8	0.0
yf_R_AACPS9	1.0
yr_R_AADSACYCL	0.0
yf_R_AADSACYCL	0.0
yf_R_AALDCDLsi	0.0
yf_R_AB6PGH	1.0
yf_R_ABG4t2	1.0
yf_R_ABTA	1.0
yf_R_ABUTD	1.0
yf_R_ABUTt2r	1.0
yf_R_ACACCT	1.0
yr_R_ACACT1r	0.0
yf_R_ACACT1r	1.0
yr_R_ACACT2r	0.0
yf_R_ACACT2r	1.0
yr_R_ACACT3r	0.0
yf_R_ACACT3r	1.0
yr_R_ACACT4r	0.0
yf_R_ACACT4r	1.0
yr_R_ACACT5r	0.0
yf_R_ACACT5r	1.0
yr_R_ACACT5r_1	0.0
yf_R_ACACT5r_1	1.0
yr_R_ACACT6r_1	0.0
yf_R_ACACT6r_1	1.0
yr_R_ACACT7r	0.0
yf_R_ACACT7r	1.0
yf_R_ACACt2pp	1.0
yr_R_ACALDt	0.0
yf_R_ACALDt	1.0
yr_R_ACALDtpp	9.99999000001e-07
yf_R_ACALDtpp	0.9999990000010001
yf_R_ACCOAC	1.0
yf_R_ACGAMK	1.0
yf_R_ACGApts	1.0
yf_R_ACGAptspp	1.0
yf_R_ACGK	1.0
yf_R_ACGS	1.0
yf_R_ACHBS	1.0
yr_R_ACKr	0.0
yf_R_ACKr	1.0
yf_R_ACLDC	1.0
yf_R_ACLS	1.0
yf_R_ACLS_a	1.0
yr_R_ACLS_d	0.0
yf_R_ACLS_d	1.0
yf_R_ACM6PH	1.0
yf_R_ACMANApts	1.0
yf_R_ACMANAptspp	0.0
yf_R_ACMUMptspp	0.0
yf_R_ACNAMt2	0.0
yf_R_ACNAMt2pp	0.0
yf_R_ACOAD1	1.0
yf_R_ACOAD1fr	1.0
yr_R_ACOAD2	0.0
yf_R_ACOAD2	1.0
yf_R_ACOAD20	1.0
yr_R_ACOAD3	1.0
yf_R_ACOAD3	0.0
yr_R_ACOAD4_1	1.0
yf_R_ACOAD4_1	0.0
yr_R_ACOAD5_1	1.0
yf_R_ACOAD5_1	0.0
yr_R_ACOAD6	1.0
yf_R_ACOAD6	0.0
yr_R_ACOAD7	1.0
yf_R_ACOAD7	0.0
yf_R_ACOADH2	1.0
yf_R_ACOAM	1.0
yf_R_ACODA	1.0
yf_R_ACONCt4pp	1.0
yf_R_ACONCtupp	1.0
yr_R_ACONT	0.0
yf_R_ACONT	1.0
yr_R_ACONTa	1.0
yf_R_ACONTa	0.0
yr_R_ACONTb	1.0
yf_R_ACONTb	0.0
yr_R_ACOTA	1.0
yf_R_ACOTA	0.0
yr_R_ACOXT	9.99999000001e-07
yf_R_ACOXT	0.9999990000010001
yf_R_ACP1_FMN	1.0
yf_R_ACPPAT120	0.0
yf_R_ACPPAT140	0.0
yf_R_ACPPAT141	-2.168404344971009e-22
yf_R_ACPPAT160	1.0
yf_R_ACPPAT161	1.0
yf_R_ACPPAT180	1.0
yf_R_ACPPAT181	1.0
yf_R_ACPS	1.0
yf_R_ACPS1	1.0
yf_R_ACPS1_1	1.0
yf_R_ACPpds	1.0
yf_R_ACS	1.0
yf_R_ACS2	1.0
yf_R_ACSERHS	1.0
yf_R_ACSERtpp	0.0
yf_R_ACS_1	1.0
yf_R_ACTD	1.0
yf_R_ACTD2	1.0
yf_R_ACTD_1	1.0
yf_R_ACTDa	1.0
yf_R_ACTNabc	1.0
yf_R_ACTNabc1	1.0
yf_R_ACt2rpp	1.0
yf_R_ACt4pp	1.0
yr_R_ACtex	0.0
yf_R_ACtex	1.0
yf_R_ADADir	1.0
yf_R_ADCL	1.0
yf_R_ADCS	1.0
yf_R_ADD	1.0
yf_R_ADEt2rpp	0.0
yr_R_ADK1	1.0
yf_R_ADK1	0.0
yr_R_ADK2	9.99999000001e-07
yf_R_ADK2	0.999999000001
yf_R_ADMDC	1.0
yf_R_ADNCYC	1.0
yf_R_ADNK1	1.0
yf_R_ADNUC	1.0
yr_R_ADPDA	0.0
yf_R_ADPDA	1.0
yf_R_ADPRDP	1.0
yf_R_ADPRDP_1	1.0
yf_R_ADPT	1.0
yf_R_ADSELR	0.0
yf_R_ADSK	1.0
yr_R_ADSL1r	0.0
yf_R_ADSL1r	1.0
yr_R_ADSL2r	0.0
yf_R_ADSL2r	1.0
yf_R_ADSS	1.0
yf_R_AEPPYRTA	1.0
yf_R_AEPabcpp	1.0
yf_R_AGDC	1.0
yf_R_AGM3PA	0.0
yf_R_AGM3PApp	1.0
yf_R_AGM4PA	0.0
yf_R_AGM4PApp	1.0
yf_R_AGM4PCP	1.0
yr_R_AGMPTRCtpp	0.0
yf_R_AGMPTRCtpp	1.0
yf_R_AGMT	1.0
yf_R_AGPAT160	1.0
yf_R_AGPAT161	1.0
yf_R_AGPAT180	1.0
yf_R_AGPAT181	1.0
yr_R_AGPATr_BS	0.0
yf_R_AGPATr_BS	1.0
yr_R_AGPR	1.0
yf_R_AGPR	0.0
yr_R_AH6PI	1.0
yf_R_AHCYSNS	1.0
yr_R_AHCi	0.0
yf_R_AHCi	1.0
yf_R_AHMMPS_1	1.0
yf_R_AHSERL2	1.0
yf_R_AHSERL4	1.0
yf_R_AI2tpp	1.0
yr_R_AICART	0.0
yf_R_AICART	1.0
yf_R_AIRC1	1.0
yr_R_AIRCr	9.99999000001e-07
yf_R_AIRCr	0.9999990000010001
yf_R_AKGDH	1.0
yf_R_AKP1	1.0
yf_R_AL4D	0.0
yf_R_ALAALAabcpp	1.0
yr_R_ALAALAr	0.0
yf_R_ALAALAr	1.0
yf_R_ALAD_L	1.0
yf_R_ALAGLNtr	1.0
yf_R_ALAGLUabcpp	1.0
yf_R_ALAGLYtr	1.0
yf_R_ALAHISabcpp	1.0
yf_R_ALAHIStr	1.0
yf_R_ALALEUabcpp	1.0
yf_R_ALALEUt	1.0
yr_R_ALAR	1.0
yf_R_ALAR	0.0
yr_R_ALATA_D	1.0
yf_R_ALATA_D	0.0
yf_R_ALATA_D2	1.0
yr_R_ALATA_L	0.0
yf_R_ALATA_L	1.0
yf_R_ALATA_L2	1.0
yf_R_ALATHRabcpp	1.0
yf_R_ALATHRtr	1.0
yf_R_ALATRPabcpp	1.0
yf_R_ALAabc	1.0
yf_R_ALAabcpp	1.0
yf_R_ALAt2pp	1.0
yf_R_ALAt2r	1.0
yf_R_ALAt4	1.0
yr_R_ALCD19	1.0
yf_R_ALCD19	0.0
yr_R_ALCD19y	0.0
yf_R_ALCD19y	1.0
yr_R_ALCD2ir	1.0
yf_R_ALCD2ir	0.0
yr_R_ALCD2x	1.0
yf_R_ALCD2x	0.0
yr_R_ALCD2y	1.0
yf_R_ALCD2y	0.0
yf_R_ALDD1	1.0
yr_R_ALDD19xr	0.0
yf_R_ALDD19xr	1.0
yf_R_ALDD20x	1.0
yf_R_ALDD20y	1.0
yf_R_ALDD2x	1.0
yf_R_ALDD2y	1.0
yf_R_ALDD3	1.0
yf_R_ALDD31_1	1.0
yf_R_ALDD3y	1.0
yf_R_ALDD4	1.0
yf_R_ALDD4x	0.0
yf_R_ALDD5	0.0
yf_R_ALDD6	1.0
yf_R_ALKP	1.0
yf_R_ALLTAMH	1.0
yf_R_ALLTN	1.0
yr_R_ALLULPE	0.0
yf_R_ALLULPE	0.0
yf_R_ALLabcpp	0.0
yf_R_ALPHNH	1.0
yf_R_ALR2	1.0
yf_R_ALTRH	1.0
yf_R_AM3PA	1.0
yf_R_AM4PA	1.0
yf_R_AM4PCP	0.0
yf_R_AMANK	1.0
yf_R_AMANK_1	1.0
yr_R_AMAOTr	0.0
yf_R_AMAOTr	0.0
yf_R_AMID4	1.0
yf_R_AMID_1	1.0
yf_R_AMMQLT8	1.0
yf_R_AMMQT8_2	1.0
yf_R_AMPD2	1.0
yr_R_AMPEP1	0.0
yf_R_AMPEP1	1.0
yr_R_AMPEP10	0.0
yf_R_AMPEP10	1.0
yf_R_AMPEP11	1.0
yr_R_AMPEP12	0.0
yf_R_AMPEP12	1.0
yr_R_AMPEP13	0.0
yf_R_AMPEP13	1.0
yr_R_AMPEP14	0.0
yf_R_AMPEP14	1.0
yf_R_AMPEP15	1.0
yf_R_AMPEP16	1.0
yf_R_AMPEP17	1.0
yf_R_AMPEP18	1.0
yr_R_AMPEP2	0.0
yf_R_AMPEP2	1.0
yr_R_AMPEP3	0.0
yf_R_AMPEP3	1.0
yr_R_AMPEP4	0.0
yf_R_AMPEP4	1.0
yr_R_AMPEP5	0.0
yf_R_AMPEP5	1.0
yr_R_AMPEP6	0.0
yf_R_AMPEP6	1.0
yr_R_AMPEP7	0.0
yf_R_AMPEP7	1.0
yr_R_AMPEP8	0.0
yf_R_AMPEP8	1.0
yr_R_AMPEP9	0.0
yf_R_AMPEP9	1.0
yf_R_AMPTASEAH	1.0
yf_R_AMPTASEAL	1.0
yf_R_AMPTASEAT	1.0
yf_R_AMPTASEATRP	1.0
yf_R_AMPTASECG	1.0
yf_R_AMPTASEGGLN	1.0
yf_R_AMPTASEGGLU	1.0
yf_R_AMPTASEGM	1.0
yf_R_AMPTASEGS	1.0
yf_R_AMPTASEHG	1.0
yf_R_AMPTASEHH	1.0
yf_R_AMPTASEPG	1.0
yf_R_ANHMK	1.0
yf_R_ANPRT	1.0
yf_R_ANS	1.0
yf_R_ANS2	1.0
yf_R_ANSN	1.0
yf_R_AOBUTDs	0.0
yf_R_AOXHEXCYCL	0.0
yf_R_AP4AH	1.0
yf_R_AP4AS	1.0
yr_R_APATi	0.0
yf_R_APATi	1.0
yf_R_APG3PAT120	0.0
yf_R_APG3PAT141	0.0
yf_R_APG3PAT160	1.0
yf_R_APG3PAT161	1.0
yf_R_APG3PAT180	1.0
yf_R_APG3PAT181	1.0
yf_R_APRAUR	1.0
yf_R_APSR	1.0
yf_R_APTA1i	1.0
yr_R_ARABRr	0.0
yf_R_ARABRr	1.0
yf_R_ARBTpts	1.0
yf_R_ARBTptspp	0.0
yf_R_ARBabc	1.0
yf_R_ARBt2r	1.0
yf_R_ARBt3ipp	0.0
yf_R_ARGDC	1.0
yf_R_ARGDI_1	1.0
yf_R_ARGDr	1.0
yf_R_ARGN_1	1.0
yr_R_ARGSL	0.0
yf_R_ARGSL	1.0
yf_R_ARGSS	1.0
yf_R_ARGabc	1.0
yf_R_ARGabcpp	0.0
yf_R_ARGt2r	1.0
yr_R_ASAD	1.0
yf_R_ASAD	0.0
yf_R_ASCBPL	0.0
yf_R_ASCBpts	0.0
yf_R_ASCBptspp	0.0
yf_R_ASNN	1.0
yf_R_ASNS1	1.0
yf_R_ASNabc	1.0
yf_R_ASNt2rpp	0.0
yf_R_ASNt4	1.0
yf_R_ASO3t4pp	0.0
yf_R_ASO4t4pp	0.0
yr_R_ASO4tex	0.0
yf_R_ASO4tex	0.0
yf_R_ASP1DC	1.0
yf_R_ASPCT	1.0
yf_R_ASPCT_2	1.0
yr_R_ASPK	0.0
yf_R_ASPK	1.0
yf_R_ASPO1	1.0
yf_R_ASPO6	1.0
yr_R_ASPR	0.0
yf_R_ASPR	0.0
yr_R_ASPTA	0.0
yf_R_ASPTA	1.0
yr_R_ASPTA6	0.0
yf_R_ASPTA6	1.0
yf_R_ASPabc	1.0
yf_R_ASPt2_2pp	1.0
yf_R_ASPt2pp	1.0
yf_R_ASPt2r	1.0
yf_R_ASR	0.0
yf_R_ASR2	0.0
yr_R_ATAH_1	6.11451908799198e-17
yf_R_ATAH_1	1.0
yr_R_ATHRDHr	1.0
yf_R_ATHRDHr	0.0
yf_R_ATPHs	1.0
yf_R_ATPPRT	1.0
yf_R_ATPX5P	1.0
yf_R_BALAALAabcpp	1.0
yf_R_BALABALAabcpp	1.0
yf_R_BALAGLYabcpp	1.0
yf_R_BALALEUabcpp	1.0
yf_R_BALAMDAH	1.0
yf_R_BALAt2pp	1.0
yf_R_BALAt2r	1.0
yf_R_BCT1_syn	0.0
yr_R_BDH	0.0
yf_R_BDH	1.0
yf_R_BETALDHx	1.0
yf_R_BETALDHy	1.0
yr_R_BGLA	0.0
yf_R_BGLA	1.0
yf_R_BGLA1	1.0
yf_R_BGLK	1.0
yf_R_BG_CELLB	1.0
yf_R_BG_MADG	1.0
yf_R_BG_MBDG	1.0
yf_R_BHBtpp	1.0
yf_R_BLAMDabcpp	1.0
yr_R_BTDD_RR	9.99999000001e-07
yf_R_BTDD_RR	0.999999000001
yf_R_BTNt	1.0
yf_R_BTNt2i	1.0
yr_R_BTOHtex	0.0
yf_R_BTOHtex	0.0
yr_R_BTS	0.0
yf_R_BTS	0.0
yr_R_BTS3r	9.99999000001e-07
yf_R_BTS3r	0.9999990000010001
yf_R_BUP2	0.0
yf_R_BUPN	0.0
yf_R_BUTCT	1.0
yf_R_BUTCT2	1.0
yr_R_BUTKr	0.0
yf_R_BUTKr	1.0
yf_R_BUTSO3abcpp	1.0
yr_R_BUTSO3tex	0.0
yf_R_BUTSO3tex	1.0
yf_R_BUTSabc	0.0
yf_R_BUTt2rpp	1.0
yf_R_BUTt4pp	1.0
yr_R_BUTtex	0.0
yf_R_BUTtex	1.0
yr_R_BZALCtex	0.0
yf_R_BZALCtex	0.0
yr_R_BZALtex	0.0
yf_R_BZALtex	0.0
yr_R_BZDH	9.99999000001e-07
yf_R_BZDH	0.9999990000010001
yr_R_BZt	0.0
yf_R_BZt	1.0
yr_R_BZtex	0.0
yf_R_BZtex	0.0
yr_R_C4HP	9.99999000001e-07
yf_R_C4HP	0.999999000001
yf_R_CA2abc1	1.0
yr_R_CA2tex	0.999999000001
yf_R_CA2tex	9.99999000001e-07
yf_R_CARNabcpp	1.0
yf_R_CAT	1.0
yf_R_CAt4	1.0
yf_R_CBMD	0.0
yf_R_CBPS	1.0
yf_R_CBPS_1	1.0
yf_R_CD2abc1	1.0
yf_R_CD2abcpp	1.0
yf_R_CD2t3pp	1.0
yf_R_CD2t4	1.0
yf_R_CD2t4pp	1.0
yf_R_CD2t5	1.0
yf_R_CD2t6	1.0
yr_R_CD2tex	0.0
yf_R_CD2tex	1.0
yf_R_CDGUNPD	1.0
yf_R_CDPMEK	1.0
yf_R_CDPPH	1.0
yf_R_CEL6abc	0.0
yf_R_CELBpts	1.0
yf_R_CELBt2	1.0
yf_R_CELLBabc	1.0
yf_R_CELLBpts_2	1.0
yf_R_CELabc	0.0
yf_R_CGLYabcpp	1.0
yf_R_CHLabc	1.0
yf_R_CHLt3pp	0.0
yf_R_CHOLD	1.0
yf_R_CHOLSabc_1	0.0
yf_R_CHORM	1.0
yf_R_CHORS	1.0
yf_R_CHTBSptspp	0.0
yf_R_CITDAPPS	0.0
yf_R_CITt14	1.0
yf_R_CITt4pp_1	1.0
yf_R_CITtupp	1.0
yr_R_CLtex	9.99999000001e-07
yf_R_CLtex	0.9999990000010001
yf_R_CMCBTFabcpp	0.0
yf_R_CMCBTFexs	1.0
yf_R_CMLDC	0.0
yf_R_CMPDAi	1.0
yf_R_CO23OC	0.0
yr_R_CO2t	1.0
yf_R_CO2t	0.0
yr_R_CO2tex	1.0
yf_R_CO2tex	0.0
yr_R_CO2tpp	1.0
yf_R_CO2tpp	0.0
yr_R_COB1NDAAT1	0.0
yf_R_COB1NDAAT1	0.0
yf_R_COBALT2abcpp	1.0
yf_R_COBALT2t3pp	1.0
yr_R_COBALT2tex	1.0
yf_R_COBALT2tex	0.0
yf_R_COBALTt4pp	1.0
yr_R_COBALTt5	1.0
yf_R_COBALTt5	0.0
yf_R_COabc	1.0
yr_R_COt_1	9.99999000001e-07
yf_R_COt_1	0.999999000001
yf_R_CPGNexs	1.0
yf_R_CPPPGO	1.0
yf_R_CRNabc	0.0
yf_R_CRO4abcpp	1.0
yf_R_CRO4t3	1.0
yf_R_CRO4t3pp	1.0
yr_R_CRO4tex	0.0
yf_R_CRO4tex	1.0
yf_R_CS	1.0
yf_R_CTBTabc	0.0
yr_R_CTECOAI6	-5.929230630780102e-21
yf_R_CTECOAI6	1.0
yr_R_CTECOAI7	0.0
yf_R_CTECOAI7	1.0
yr_R_CTECOAI8	0.0
yf_R_CTECOAI8	1.0
yf_R_CTPS1	1.0
yf_R_CTPS2	1.0
yf_R_CU2abcpp	1.0
yr_R_CU2tex	0.0
yf_R_CU2tex	1.0
yr_R_CUtex	0.0
yf_R_CUtex	0.0
yf_R_CYANST	0.0
yf_R_CYANt2pp	0.0
yr_R_CYS	1.0
yf_R_CYS	0.0
yf_R_CYSDS	1.0
yf_R_CYSGL	1.0
yf_R_CYSItpp	0.0
yf_R_CYSK2_I	1.0
yf_R_CYSS	1.0
yf_R_CYSS_2	1.0
yf_R_CYSTGL	1.0
yf_R_CYSTL	1.0
yf_R_CYSTS	1.0
yf_R_CYST_II	1.0
yf_R_CYSabc	1.0
yf_R_CYSabc2pp	1.0
yf_R_CYSabcpp	1.0
yf_R_CYStpp	1.0
yf_R_CYTBD2pp	1.0
yf_R_CYTB_B2	1.0
yf_R_CYTB_B3	1.0
yf_R_CYTCAA3pp	0.0
yf_R_CYTD	1.0
yf_R_CYTDH	1.0
yf_R_CYTDK1	1.0
yf_R_CYTDK2	1.0
yf_R_CYTDt2	1.0
yr_R_CYTK1	0.0
yf_R_CYTK1	1.0
yr_R_CYTK2	0.0
yf_R_CYTK2	1.0
yr_R_CYTOM	0.0
yf_R_CYTOM	1.0
yf_R_Cobalt2abcppI	1.0
yr_R_Cotpp	9.99999000001e-07
yf_R_Cotpp	0.999999000001
yf_R_Cut1	1.0
yf_R_DAAOP	1.0
yr_R_DABAAT2	0.999999000001
yf_R_DABAAT2	9.99999000001e-07
yr_R_DADK	0.0
yf_R_DADK	1.0
yf_R_DADNK	1.0
yf_R_DADNK_1	1.0
yf_R_DAGK	1.0
yf_R_DAGK160	1.0
yf_R_DAGK_BS	1.0
yf_R_DALAALAD	1.0
yf_R_DALADALAD	1.0
yf_R_DALAGLYD	1.0
yf_R_DALALEUD	1.0
yf_R_DALAOX	1.0
yf_R_DALAt2pp	1.0
yf_R_DALAt2r	1.0
yr_R_DAPDA	0.0
yf_R_DAPDA	1.0
yf_R_DAPDC	1.0
yr_R_DAPE	0.0
yf_R_DAPE	1.0
yf_R_DAPabcpp	0.0
yf_R_DARBt3ipp	0.0
yf_R_DASYN120	0.0
yf_R_DASYN140	0.0
yf_R_DASYN141	-1.6960491604767576e-22
yf_R_DASYN160	1.0
yf_R_DASYN161	1.0
yf_R_DASYN180	1.0
yf_R_DASYN181	1.0
yf_R_DATPHs	1.0
yf_R_DB4PS	1.0
yf_R_DCMPDA	1.0
yf_R_DCYTD	1.0
yf_R_DCYTt2	1.0
yf_R_DDGLCNt2r	1.0
yf_R_DDGLCNt2rpp	0.0
yf_R_DDGLK	1.0
yf_R_DDPA	1.0
yr_R_DDPGA	0.0
yf_R_DDPGA	0.0
yr_R_DGK1	0.0
yf_R_DGK1	1.0
yf_R_DGNSK	1.0
yf_R_DGNSK_1	1.0
yf_R_DGUNC	1.0
yf_R_DHAD1	1.0
yf_R_DHAD2	1.0
yf_R_DHAD3	1.0
yf_R_DHAK	1.0
yf_R_DHAPT	1.0
yr_R_DHBD	0.0
yf_R_DHBD	1.0
yf_R_DHBSZ3FEexs	1.0
yf_R_DHDPRy	1.0
yf_R_DHDPS	1.0
yr_R_DHFR	0.0
yf_R_DHFR	1.0
yf_R_DHFS	1.0
yf_R_DHGLYH	0.0
yf_R_DHMPTRx	0.0
yf_R_DHNCOAS	1.0
yf_R_DHNCOAT	1.0
yf_R_DHNPA_1	1.0
yf_R_DHORDi	1.0
yr_R_DHORTS	1.0
yf_R_DHORTS	0.0
yf_R_DHPACCOAHIT	1.0
yf_R_DHPPDA	1.0
yf_R_DHPS	1.0
yf_R_DHPS2	0.0
yf_R_DHPTDCs	0.0
yf_R_DHPTDCs2	1.0
yf_R_DHQS	1.0
yf_R_DHQTi	1.0
yf_R_DINSK	1.0
yf_R_DIPEPabc1	1.0
yf_R_DIPEPabc10	1.0
yf_R_DIPEPabc12	1.0
yf_R_DIPEPabc13	1.0
yf_R_DIPEPabc14	1.0
yf_R_DIPEPabc15	1.0
yf_R_DIPEPabc3	1.0
yf_R_DIPEPabc8	1.0
yf_R_DKDID	1.0
yf_R_DKMD2K	1.0
yf_R_DLYSabcpp	0.0
yr_R_DM1PE	0.0
yf_R_DM1PE	1.0
yf_R_DMATT	1.0
yf_R_DMPPS	1.0
yf_R_DMSO2abcpp	0.0
yf_R_DNADDP	1.0
yf_R_DNMPPA	1.0
yf_R_DNTAep	1.0
yf_R_DNTPPA	1.0
yf_R_DPCOAK	1.0
yf_R_DPR	1.0
yf_R_DRBK	1.0
yf_R_DRIBabc	1.0
yf_R_DRPA	1.0
yr_R_DSERDHr	0.0
yf_R_DSERDHr	1.0
yf_R_DSERt2	1.0
yf_R_DSERt2pp	1.0
yr_R_DTMPK	0.0
yf_R_DTMPK	1.0
yf_R_DURIK1	1.0
yr_R_DURIPP	0.0
yf_R_DURIPP	1.0
yr_R_DURIPP_1	0.0
yf_R_DURIPP_1	1.0
yf_R_DUTPDP	1.0
yf_R_DXPRIi	1.0
yf_R_DXPS	1.0
yf_R_EAR100x	0.0
yf_R_EAR120x	0.0
yf_R_EAR140x	0.0
yf_R_EAR141x	0.0
yf_R_EAR80x	0.0
yr_R_ECOAH1	1.0
yf_R_ECOAH1	0.0
yf_R_ECOAH12	0.0
yr_R_ECOAH14	0.0
yf_R_ECOAH14	0.0
yr_R_ECOAH15	0.0
yf_R_ECOAH15	0.0
yr_R_ECOAH16	0.0
yf_R_ECOAH16	0.0
yr_R_ECOAH17	0.0
yf_R_ECOAH17	0.0
yr_R_ECOAH18	0.0
yf_R_ECOAH18	0.0
yr_R_ECOAH19	0.0
yf_R_ECOAH19	0.0
yr_R_ECOAH1_1	0.0
yf_R_ECOAH1_1	1.0
yr_R_ECOAH2	0.0
yf_R_ECOAH2	1.0
yr_R_ECOAH20	0.0
yf_R_ECOAH20	0.0
yr_R_ECOAH21	0.0
yf_R_ECOAH21	0.0
yr_R_ECOAH22	0.0
yf_R_ECOAH22	0.0
yr_R_ECOAH23	0.0
yf_R_ECOAH23	0.0
yr_R_ECOAH24	0.0
yf_R_ECOAH24	0.0
yr_R_ECOAH25	0.0
yf_R_ECOAH25	0.0
yr_R_ECOAH26	0.0
yf_R_ECOAH26	0.0
yr_R_ECOAH27	0.0
yf_R_ECOAH27	0.0
yr_R_ECOAH28	0.0
yf_R_ECOAH28	0.0
yr_R_ECOAH29	0.0
yf_R_ECOAH29	0.0
yr_R_ECOAH2c	0.0
yf_R_ECOAH2c	1.0
yr_R_ECOAH3	0.0
yf_R_ECOAH3	1.0
yr_R_ECOAH30	0.0
yf_R_ECOAH30	0.0
yr_R_ECOAH31	0.0
yf_R_ECOAH31	0.0
yr_R_ECOAH32	0.0
yf_R_ECOAH32	0.0
yr_R_ECOAH33	0.0
yf_R_ECOAH33	0.0
yr_R_ECOAH34	0.0
yf_R_ECOAH34	0.0
yr_R_ECOAH35	0.0
yf_R_ECOAH35	0.0
yr_R_ECOAH36	0.0
yf_R_ECOAH36	0.0
yr_R_ECOAH37	0.0
yf_R_ECOAH37	0.0
yr_R_ECOAH38	0.0
yf_R_ECOAH38	0.0
yr_R_ECOAH4	0.0
yf_R_ECOAH4	1.0
yr_R_ECOAH5	1.0
yf_R_ECOAH5	0.0
yr_R_ECOAH5_1	0.0
yf_R_ECOAH5_1	1.0
yr_R_ECOAH6	0.0
yf_R_ECOAH6	1.0
yr_R_ECOAH7	0.0
yf_R_ECOAH7	1.0
yr_R_ECOAH8	1.0
yf_R_ECOAH8	0.0
yf_R_ECOAH9ir	1.0
yf_R_EDA	1.0
yr_R_ENO	0.0
yf_R_ENO	1.0
yf_R_ETHSO3abcpp	1.0
yr_R_ETHSO3tex	0.0
yf_R_ETHSO3tex	1.0
yf_R_ETHSabc	0.0
yr_R_ETOHtex	1.0
yf_R_ETOHtex	0.0
yr_R_ETOHtrpp	1.0
yf_R_ETOHtrpp	0.0
yf_R_F1PP	1.0
yf_R_F6PP	1.0
yf_R_FA80ACPHi	1.0
yf_R_FACOAE140	1.0
yf_R_FACOAE160	1.0
yf_R_FACOAE161	1.0
yf_R_FACOAL100t2pp	1.0
yf_R_FACOAL120t2pp	1.0
yf_R_FACOAL140	1.0
yr_R_FACOAL140_ISO	0.0
yf_R_FACOAL140_ISO	1.0
yf_R_FACOAL140t2pp	1.0
yf_R_FACOAL141t2pp	1.0
yr_R_FACOAL150_ISO	0.0
yf_R_FACOAL150_ISO	1.0
yr_R_FACOAL150_anteiso	0.0
yf_R_FACOAL150_anteiso	1.0
yf_R_FACOAL160	1.0
yr_R_FACOAL160_ISO	0.0
yf_R_FACOAL160_ISO	1.0
yf_R_FACOAL160t2pp	1.0
yf_R_FACOAL161	1.0
yf_R_FACOAL161t2pp	1.0
yr_R_FACOAL170_ISO	0.0
yf_R_FACOAL170_ISO	1.0
yr_R_FACOAL170_anteiso	0.0
yf_R_FACOAL170_anteiso	1.0
yr_R_FACOAL180_2	0.0
yf_R_FACOAL180_2	1.0
yf_R_FACOAL180t2pp	1.0
yf_R_FACOAL181	1.0
yf_R_FACOAL181t2pp	1.0
yf_R_FACOAL60t2pp	1.0
yf_R_FACOAL80t2pp	1.0
yf_R_FADH2D	1.0
yf_R_FADMQOR	1.0
yf_R_FADt	0.0
yf_R_FALDep	1.0
yr_R_FALDtpp	0.0
yf_R_FALDtpp	0.0
yr_R_FALGTHLs	0.0
yf_R_FALGTHLs	0.0
yf_R_FAS140	1.0
yr_R_FBA	0.0
yf_R_FBA	1.0
yr_R_FBA2	1.0
yf_R_FBA2	0.0
yr_R_FBA3	0.0
yf_R_FBA3	1.0
yf_R_FBACS	0.0
yf_R_FBP	1.0
yf_R_FCLT_2	1.0
yf_R_FDH	1.0
yf_R_FE2Gabcpp	1.0
yf_R_FE2abc	1.0
yf_R_FE2abcpp	1.0
yf_R_FE2t	1.0
yf_R_FE2t3pp	1.0
yf_R_FE2t4pp	1.0
yr_R_FE2tex	1.0
yf_R_FE2tex	6.11451908799198e-17
yf_R_FE3DCIT2abcpp	0.0
yr_R_FE3DCITCH	0.0
yf_R_FE3DCITCH	0.0
yf_R_FE3DCITabcpp	0.0
yf_R_FE3DCITexs	1.0
yf_R_FE3Gabcpp	1.0
yr_R_FE3PYOVDL2	0.0
yf_R_FE3PYOVDL2	1.0
yf_R_FE3abc	1.0
yf_R_FE3abcpp	1.0
yr_R_FE3t	0.0
yf_R_FE3t	1.0
yr_R_FE3tex	-9.999990000009998e-07
yf_R_FE3tex	1.000000999999
yf_R_FECPP3O	0.0
yf_R_FEDCabc	1.0
yf_R_FEENTERexs	1.0
yf_R_FEOXAMabcpp	0.0
yf_R_FEOXAMexs	1.0
yf_R_FESD1s	0.0
yf_R_FESD2s	0.0
yf_R_FFSD	1.0
yr_R_FFSD1r	6.11451908799198e-17
yf_R_FFSD1r	1.0
yf_R_FGLU_1	1.0
yf_R_FLVR	0.0
yf_R_FMNAT	1.0
yf_R_FMNRx	1.0
yf_R_FMNRx2	1.0
yf_R_FMNRy	1.0
yf_R_FMNt	0.0
yf_R_FOLD3	1.0
yf_R_FOLR2	1.0
yf_R_FOMETRi	1.0
yr_R_FORtex	9.99999000001e-07
yf_R_FORtex	0.9999990000010001
yf_R_FRD2	1.0
yf_R_FRD3	1.0
yf_R_FRDx	1.0
yf_R_FRUK	1.0
yf_R_FRUpts	1.0
yf_R_FRUpts2	1.0
yf_R_FRUpts2pp	0.0
yf_R_FRUptspp	0.0
yf_R_FTHFCL	1.0
yf_R_FTHFLi	1.0
yr_R_FUM	0.0
yf_R_FUM	1.0
yf_R_FUMAC	1.0
yf_R_FUMt2_2pp	0.0
yf_R_G1PACT	1.0
yf_R_G1PP	1.0
yr_R_G1SAT	0.0
yf_R_G1SAT	1.0
yf_R_G3PAT120	0.0
yf_R_G3PAT141	0.0
yf_R_G3PAT160	1.0
yf_R_G3PAT161	1.0
yf_R_G3PAT180	1.0
yf_R_G3PAT181	1.0
yf_R_G3PCT	1.0
yf_R_G3PCabcpp	0.0
yr_R_G3PD1ir	-1.1102230246251565e-16
yf_R_G3PD1ir	0.9999999999999999
yf_R_G3PD4	1.0
yf_R_G3PEabcpp	1.0
yf_R_G3PGabcpp	0.0
yf_R_G3PIabcpp	0.0
yf_R_G3PSabcpp	0.0
yf_R_G3PT	1.0
yf_R_G5SADs	1.0
yf_R_G5SD	1.0
yf_R_G6PBDH	1.0
yf_R_G6PDA	1.0
yr_R_G6PDH2r	1.0
yf_R_G6PDH2r	0.0
yr_R_G6PI	0.0
yf_R_G6PI	1.0
yf_R_G6PP	1.0
yf_R_GALCTND	0.0
yf_R_GALK2	1.0
yr_R_GALKr	1.0
yf_R_GALKr	0.0
yr_R_GALM1	0.999999000001
yf_R_GALM1	9.99999000001e-07
yf_R_GALM2	1.0
yf_R_GALMAN4abc	0.0
yf_R_GALMAN6abc	0.0
yf_R_GALS3	1.0
yr_R_GALT	0.9999999999999999
yf_R_GALT	0.0
yf_R_GALTpts	1.0
yf_R_GALTptspp	0.0
yr_R_GALURDH	9.99999000001e-07
yf_R_GALURDH	0.9999990000010001
yf_R_GALURt2rpp	1.0
yr_R_GALURtex	0.0
yf_R_GALURtex	1.0
yf_R_GALUi	1.0
yf_R_GALabc	1.0
yf_R_GALabcpp	1.0
yr_R_GALpts	1.0
yf_R_GALpts	0.0
yf_R_GALt2_3	1.0
yf_R_GALt2pp	1.0
yf_R_GAMpts	1.0
yf_R_GAMptspp	0.0
yr_R_GAPD	0.0
yf_R_GAPD	1.0
yf_R_GAPDi_nadp	1.0
yr_R_GARFT	-9.999990000009998e-07
yf_R_GARFT	1.000000999999
yf_R_GBBTNabc	0.0
yf_R_GCALDD	1.0
yf_R_GCCa	1.0
yf_R_GCCa_1	1.0
yf_R_GCCb	1.0
yf_R_GCCb_1	1.0
yf_R_GCCc	1.0
yr_R_GCCc_1	0.0
yf_R_GCCc_1	1.0
yr_R_GDH1	1.0
yf_R_GDH1	0.0
yf_R_GF6PTA	1.0
yr_R_GHMT2r	1.0
yf_R_GHMT2r	1.1102219144032422e-22
yr_R_GK1	1.0
yf_R_GK1	0.0
yr_R_GK2	0.0
yf_R_GK2	1.0
yf_R_GLCADpts	1.0
yf_R_GLCAt2	1.0
yf_R_GLCDpp	1.0
yf_R_GLCMAN4abc	0.0
yf_R_GLCMAN6abc	0.0
yf_R_GLCNt2r	1.0
yf_R_GLCNt2rpp	1.0
yr_R_GLCURDH	0.0
yf_R_GLCURDH	1.0
yf_R_GLCURt2rpp	1.0
yr_R_GLCURtex	0.0
yf_R_GLCURtex	1.0
yf_R_GLCabc	1.0
yf_R_GLCabcpp	1.0
yf_R_GLCpts	1.0
yf_R_GLCptspp	1.0
yf_R_GLCt2pp	1.0
yf_R_GLGC	1.0
yf_R_GLNS	1.0
yf_R_GLNabc	1.0
yf_R_GLNabcpp	0.0
yf_R_GLS	0.0
yf_R_GLS2	0.0
yf_R_GLU5K	1.0
yf_R_GLUDC	1.0
yr_R_GLUDxi	1.0
yf_R_GLUDxi	0.0
yr_R_GLUDy	0.0
yf_R_GLUDy	1.0
yr_R_GLUDy_1	0.0
yf_R_GLUDy_1	1.0
yf_R_GLUKA_1	1.0
yf_R_GLUN	1.0
yf_R_GLUPRT	1.0
yr_R_GLUR	1.0
yf_R_GLUR	0.0
yf_R_GLUSfx	1.0
yf_R_GLUSx	1.0
yf_R_GLUSy	1.0
yf_R_GLUTRR	1.0
yf_R_GLUTRS	1.0
yf_R_GLUabc	1.0
yf_R_GLUt2r	1.0
yf_R_GLUt2rpp	1.0
yf_R_GLUt4	1.0
yf_R_GLUt4pp	1.0
yf_R_GLXCBL	1.0
yf_R_GLXO1	1.0
yf_R_GLYALDDr	1.0
yr_R_GLYALDt	0.0
yf_R_GLYALDt	1.0
yr_R_GLYAT	0.0
yf_R_GLYAT	1.0
yr_R_GLYBACT1r	0.0
yf_R_GLYBACT1r	0.0
yf_R_GLYBabc	1.0
yf_R_GLYBt2r	1.0
yf_R_GLYBt3pp	1.0
yf_R_GLYC3Pabcpp	1.0
yf_R_GLYCK	1.0
yf_R_GLYCL	1.0
yf_R_GLYCLTDx	1.0
yf_R_GLYCS_I	0.0
yf_R_GLYCTO1	1.0
yf_R_GLYCTO3	1.0
yr_R_GLYCYSAP	0.0
yf_R_GLYCYSAP	1.0
yf_R_GLYCYSabc	1.0
yr_R_GLYCt	1.0
yf_R_GLYCt	0.0
yr_R_GLYCtex	1.0
yf_R_GLYCtex	0.0
yr_R_GLYCtpp	0.0
yf_R_GLYCtpp	1.0
yf_R_GLYGLNabcpp	1.0
yf_R_GLYGLNtr	1.0
yf_R_GLYGLUabcpp	1.0
yf_R_GLYGLYCNc	1.0
yf_R_GLYGLYGLNtr	1.0
yf_R_GLYGLYabcpp	1.0
yf_R_GLYK	1.0
yr_R_GLYLEUAP	0.0
yf_R_GLYLEUAP	1.0
yf_R_GLYLEUtr	1.0
yf_R_GLYMETabcpp	1.0
yf_R_GLYMETtr	1.0
yf_R_GLYO1	1.0
yf_R_GLYOX	1.0
yr_R_GLYOX_1	0.0
yf_R_GLYOX_1	1.0
yr_R_GLYPHEAP	0.0
yf_R_GLYPHEAP	1.0
yf_R_GLYPHEHYc	1.0
yf_R_GLYPHEabcpp	1.0
yf_R_GLYPHEtr	1.0
yf_R_GLYSERabcpp	1.0
yr_R_GLYTYRAP	0.0
yf_R_GLYTYRAP	1.0
yf_R_GLYTYRabc	1.0
yf_R_GLYabc	1.0
yf_R_GLYt2pp	1.0
yf_R_GLYt2r	1.0
yf_R_GLYt4	1.0
yf_R_GMPR	1.0
yf_R_GMPS2	1.0
yf_R_GND	1.0
yf_R_GNK_1	1.0
yr_R_GNKr	0.0
yf_R_GNKr	1.0
yf_R_GNNUC	1.0
yf_R_GNP	1.0
yf_R_GPDDA1	0.0
yf_R_GPDDA2	1.0
yf_R_GPDDA3	0.0
yf_R_GPDDA4	1.0
yf_R_GPDDA5	0.0
yf_R_GRTT	1.0
yr_R_GTHOr	0.0
yf_R_GTHOr	1.0
yf_R_GTHPe	1.0
yf_R_GTHPi	1.0
yf_R_GTHRDH_syn	1.0
yf_R_GTHRDabc2pp	1.0
yf_R_GTHRDabcpp	1.0
yf_R_GTHRDt2_1	1.0
yf_R_GTPCI	1.0
yf_R_GTPCII	1.0
yf_R_GTPDPK	1.0
yf_R_GTPDPK_1	1.0
yf_R_GTPHs	1.0
yf_R_GUACYC	1.0
yf_R_GUAPRT	1.0
yf_R_GUAt2pp	1.0
yf_R_GUAt2r	1.0
yr_R_GUAtex	0.0
yf_R_GUAtex	1.0
yf_R_GUDBUTNAH	0.0
yr_R_GalMr	0.999999000001
yf_R_GalMr	9.99999000001e-07
yr_R_H2CO3D2	9.99999000001e-07
yf_R_H2CO3D2	0.999999000001
yf_R_H2CT	0.0
yr_R_H2O2tex	0.0
yf_R_H2O2tex	0.0
yr_R_H2Ot	1.0
yf_R_H2Ot	0.0
yr_R_H2Otex	1.0
yf_R_H2Otex	0.0
yr_R_H2Otpp	1.0
yf_R_H2Otpp	0.0
yf_R_H2SO	1.0
yr_R_H2St1	7.869603541954918e-19
yf_R_H2St1	1.0
yf_R_H2St1pp	0.0
yr_R_H2tex	1.0
yf_R_H2tex	0.0
yr_R_H2tpp	1.0
yf_R_H2tpp	0.0
yr_R_HACD1	1.0
yf_R_HACD1	0.0
yr_R_HACD1_1	0.0
yf_R_HACD1_1	1.0
yf_R_HACD1i	1.0
yr_R_HACD2	0.0
yf_R_HACD2	1.0
yr_R_HACD3	0.0
yf_R_HACD3	1.0
yr_R_HACD4	0.0
yf_R_HACD4	1.0
yr_R_HACD5	0.0
yf_R_HACD5	1.0
yr_R_HACD6	0.0
yf_R_HACD6	1.0
yr_R_HACD7	0.0
yf_R_HACD7	1.0
yr_R_HACD8	0.0
yf_R_HACD8	1.0
yf_R_HACD8i	1.0
yr_R_HACD9	0.0
yf_R_HACD9	1.0
yf_R_HACOADr	1.0
yr_R_HCO3E	0.0
yf_R_HCO3E	1.0
yf_R_HCYSMT	1.0
yf_R_HCYSMT2	1.0
yf_R_HEMEOS_1	1.0
yf_R_HETZK	1.0
yf_R_HEX1	1.0
yf_R_HEX4	1.0
yf_R_HEX7	1.0
yf_R_HEXSabc	1.0
yf_R_HEXTT	0.0
yf_R_HEXt2rpp	1.0
yf_R_HG2abcpp	1.0
yf_R_HG2t3pp	1.0
yf_R_HGNTOR	1.0
yr_R_HGt	0.0
yf_R_HGt	1.0
yr_R_HHDDI	0.0
yf_R_HHDDI	0.0
yf_R_HISDr	1.0
yf_R_HISGLYabcpp	1.0
yf_R_HISHISabcpp	1.0
yf_R_HISTD	1.0
yf_R_HISTP	1.0
yf_R_HISTP_1	1.0
yf_R_HISabc	1.0
yf_R_HISabcpp	0.0
yf_R_HISt2r	1.0
yf_R_HISt2rpp	0.0
yf_R_HKM1PP	1.0
yf_R_HKNDDH	0.0
yf_R_HKNTDH	0.0
yf_R_HMBS	1.0
yf_R_HMGL	1.0
yf_R_HMGL_2	1.0
yf_R_HMPK1	1.0
yf_R_HMPPtr	1.0
yr_R_HMPSCD	0.0
yf_R_HMPSCD	0.0
yf_R_HMR_9610	1.0
yf_R_HOMt2pp	0.0
yr_R_HOXPRx	1.0
yf_R_HOXPRx	0.0
yr_R_HPHL	0.0
yf_R_HPHL	0.0
yf_R_HPPK	1.0
yf_R_HSDxi	1.0
yr_R_HSDy	1.000000999999
yf_R_HSDy	-9.999990000010018e-07
yf_R_HSERTA	1.0
yf_R_HSK	1.0
yf_R_HSTPT	1.0
yr_R_HSTPTr	0.0
yf_R_HSTPTr	1.0
yr_R_HVCD	0.0
yf_R_HVCD	0.0
yf_R_HXANt2pp	1.0
yf_R_HXANt2r	1.0
yf_R_HXCT	1.0
yf_R_HXPRT	1.0
yr_R_HYXNtex	0.0
yf_R_HYXNtex	1.0
yr_R_Htex	0.0
yf_R_Htex	1.0
yr_R_IBTMr	0.0
yf_R_IBTMr	1.0
yr_R_IBTtex	0.0
yf_R_IBTtex	0.0
yf_R_ICCT	0.0
yr_R_ICDHyr	6.2987592572282e-19
yf_R_ICDHyr	1.0
yr_R_ICHORS	0.0
yf_R_ICHORS	1.0
yf_R_ICHORT	1.0
yf_R_ICITt4pp	1.0
yf_R_ICITtupp	1.0
yf_R_ICL	1.0
yf_R_IG3PS_1	1.0
yf_R_IGPDH_1	1.0
yf_R_IGPS	1.0
yr_R_ILEDHr	1.0
yf_R_ILEDHr	0.0
yr_R_ILETA	0.0
yf_R_ILETA	1.0
yf_R_ILEabc	1.0
yf_R_ILEabcpp	1.0
yf_R_ILEt2r	1.0
yr_R_ILEtex	0.0
yf_R_ILEtex	1.0
yr_R_IMPC	1.0
yf_R_IMPC	0.0
yf_R_IMPD	1.0
yr_R_INOSR	1.0
yf_R_INS2D	1.0
yf_R_INSCR	1.0
yf_R_INSH	1.0
yf_R_INSTabc	1.0
yf_R_INSTt2	1.0
yr_R_IPDDI	1.0
yf_R_IPDDI	0.0
yf_R_IPDPS	1.0
yf_R_IPMD	1.0
yr_R_IPPMIa	1.0
yf_R_IPPMIa	0.0
yr_R_IPPMIb	1.0
yf_R_IPPMIb	0.0
yf_R_IPPS	1.0
yf_R_ISETACabcpp	1.0
yr_R_ISETACtex	0.0
yf_R_ISETACtex	1.0
yf_R_ISTNTabc	0.0
yf_R_ITCY	1.0
yf_R_IZPN	1.0
yf_R_IZPN_1	1.0
yr_R_KARA1	1.0
yf_R_KARA1	0.0
yr_R_KARA2	0.0
yf_R_KARA2	1.0
yf_R_KAS1	1.0
yf_R_KAS11	1.0
yf_R_KAS12	1.0
yf_R_KAS13	1.0
yf_R_KAS17	1.0
yf_R_KAS2	1.0
yf_R_KAS3	1.0
yf_R_KAS4	1.0
yf_R_KAS6	1.0
yf_R_KAS7	1.0
yf_R_KAS8	1.0
yf_R_KSTD	0.0
yf_R_Kabc	1.0
yf_R_Kabcpp	1.0
yr_R_Kt1	0.0
yf_R_Kt1	1.0
yf_R_Kt2r	1.0
yf_R_Kt3r	1.0
yr_R_Ktex	0.0
yf_R_Ktex	1.0
yf_R_LACZ	1.0
yf_R_LALGP	1.0
yf_R_LCADi	1.0
yf_R_LCTSabc	1.0
yf_R_LCTSt3ipp	1.0
yf_R_LCYSTabc	0.0
yf_R_LCYSTabcpp	0.0
yr_R_LCYSTtex	0.0
yf_R_LCYSTtex	0.0
yr_R_LDH_D	0.0
yf_R_LDH_D	1.0
yr_R_LDH_L	0.0
yf_R_LDH_L	1.0
yf_R_LDPCDES	0.0
yr_R_LEULEULAPc	0.0
yf_R_LEULEULAPc	1.0
yf_R_LEULEUabcpp	1.0
yr_R_LEUTA	1.0
yf_R_LEUTA	0.0
yf_R_LEUabc	1.0
yf_R_LEUabcpp	1.0
yf_R_LEUt2r	1.0
yf_R_LEUt3pp	1.0
yr_R_LEUtex	1.0
yf_R_LEUtex	0.0
yf_R_LEVUACOAL	0.0
yf_R_LGTHL	1.0
yf_R_LIPAMPL	1.0
yf_R_LIPATPT_2	1.0
yf_R_LIPO3S24_BS	1.0
yf_R_LIPOPBt	1.0
yr_R_LLEUDr	0.0
yf_R_LLEUDr	1.0
yf_R_LMN2abc	0.0
yr_R_LSERDHr	1.0
yf_R_LSERDHr	0.0
yf_R_LTHRK	1.0
yr_R_LYSAM	0.0
yf_R_LYSAM	0.0
yf_R_LYSDC	1.0
yf_R_LYSGLUGLYtr	1.0
yf_R_LYSabc	1.0
yf_R_LYSabcpp	1.0
yf_R_LYSt3pp	1.0
yf_R_LYSt3r	1.0
yr_R_LYStex	0.0
yf_R_LYStex	1.0
yr_R_M1PD	0.0
yf_R_M1PD	1.0
yf_R_MACCOAT	1.0
yr_R_MAL6PG	0.0
yf_R_MAL6PG	1.0
yf_R_MALDDH	1.0
yf_R_MALDt2_2pp	1.0
yf_R_MALS	1.0
yf_R_MALT	1.0
yf_R_MALTHXabc	0.0
yf_R_MALTHXabcpp	0.0
yf_R_MALTPTabcpp	0.0
yf_R_MALTTRabc	1.0
yf_R_MALTTRabcpp	0.0
yf_R_MALTTTRabc	1.0
yf_R_MALTTTRabcpp	0.0
yf_R_MALTabc	1.0
yf_R_MALTabcpp	0.0
yf_R_MALTpts	1.0
yf_R_MALTptspp	0.0
yf_R_MALTt2	1.0
yf_R_MALt2_2pp	0.0
yf_R_MALt4	1.0
yf_R_MAN1PT	0.0
yr_R_MAN6PI	0.0
yf_R_MAN6PI	1.0
yf_R_MANBabc	0.0
yr_R_MANE	0.0
yf_R_MANE	0.0
yf_R_MANGLYCptspp	1.0
yf_R_MANPGH	1.0
yf_R_MANTRabc	0.0
yf_R_MANTTRabc	0.0
yf_R_MANpts	1.0
yf_R_MANptspp	0.0
yf_R_MANt2	1.0
yf_R_MCBTFUexs	1.0
yf_R_MCBTFabcpp	0.0
yf_R_MCCC	1.0
yr_R_MCITL2	0.0
yf_R_MCITL2	1.0
yf_R_MCSNAH	1.0
yf_R_MCTC_1	1.0
yf_R_MCTP1App	1.0
yf_R_MCTP1Bpp	1.0
yf_R_MCTP2App	1.0
yf_R_MDDCP1pp	1.0
yf_R_MDDCP2pp	1.0
yf_R_MDDCP3pp	1.0
yf_R_MDDCP4pp	1.0
yf_R_MDDCP5pp	1.0
yf_R_MDDEP1pp	1.0
yf_R_MDDEP2pp	1.0
yf_R_MDDEP3pp	1.0
yf_R_MDDEP4pp	1.0
yr_R_MDH	0.0
yf_R_MDH	1.0
yf_R_MDNTHAep	1.0
yf_R_MDRPD	1.0
yf_R_ME2	1.0
yf_R_MECDPDH2	1.0
yf_R_MECDPS	1.0
yf_R_MELIBabc	1.0
yf_R_MELIBt3ipp	0.0
yr_R_MEOHtex	9.99999000001e-07
yf_R_MEOHtex	0.9999990000010001
yr_R_MEOHtrpp	9.99999000001e-07
yf_R_MEOHtrpp	0.9999990000010001
yf_R_MEPCT	1.0
yf_R_METAT	1.0
yr_R_METB1	1.0
yf_R_METB1	0.0
yf_R_METDabc	1.0
yf_R_METDabcpp	0.0
yf_R_METGL	1.0
yf_R_METOX1s	1.0
yf_R_METOX2s	1.0
yf_R_METS	1.0
yf_R_METSOX1abc	1.0
yf_R_METSOX2abc	1.0
yf_R_METSOXR1	1.0
yf_R_METSOXR2	1.0
yf_R_METSR_R1	1.0
yf_R_METSR_R2	1.0
yf_R_METSR_S1	1.0
yf_R_METSR_S2	1.0
yf_R_METSRabc	1.0
yf_R_METSabc	1.0
yf_R_METabc	1.0
yf_R_METabcpp	1.0
yf_R_METt3pp	1.0
yr_R_METte	1.0
yf_R_MFUMt8	1.0
yr_R_MG2tex	9.99999000001e-07
yf_R_MG2tex	0.9999990000010001
yf_R_MGSA	1.0
yr_R_MGt5	1.0
yf_R_MGt5	0.0
yf_R_MHPGLUT	1.0
yr_R_MHPGLUT2	1.0
yf_R_MHPGLUT2	0.0
yf_R_MI1PP	1.0
yf_R_MLDCP1App	1.0
yf_R_MLDCP1Bpp	1.0
yf_R_MLDCP2App	1.0
yf_R_MLDCP2Bpp	1.0
yf_R_MLDCP3App	1.0
yf_R_MLDEP1pp	1.0
yf_R_MLDEP2pp	1.0
yf_R_MLTG1	1.0
yf_R_MLTG2	1.0
yf_R_MLTGY1pp	1.0
yf_R_MLTGY2pp	1.0
yf_R_MLTGY3pp	1.0
yf_R_MLTGY4pp	1.0
yr_R_MME	0.0
yf_R_MME	1.0
yf_R_MMETt2pp	1.0
yf_R_MMM	1.0
yf_R_MMM2	1.0
yf_R_MMSAD1	1.0
yf_R_MMSAD2	1.0
yf_R_MMSAD3	1.0
yf_R_MMSDHir	1.0
yf_R_MN2t3pp	1.0
yf_R_MN6PP	1.0
yf_R_MNLpts	1.0
yf_R_MNLptspp	1.0
yf_R_MNabc	1.0
yf_R_MNt2	1.0
yr_R_MNtex	1.0
yf_R_MNtex	0.0
yf_R_MOBDabc	1.0
yf_R_MOBDabcpp	1.0
yr_R_MOBDtex	0.0
yf_R_MOBDtex	1.0
yf_R_MOHMT	1.0
yf_R_MPTG	1.0
yf_R_MPTG2	1.0
yf_R_MSHAMID	0.0
yf_R_MSO3abc	1.0
yf_R_MSO3abcpp	1.0
yr_R_MSO3tex	0.0
yf_R_MSO3tex	1.0
yf_R_MTAN	1.0
yr_R_MTHFC	0.0
yf_R_MTHFC	1.0
yf_R_MTHFC_1	1.0
yr_R_MTHFD	0.0
yf_R_MTHFD	1.0
yf_R_MTHFD2i	1.0
yf_R_MTHFR3	1.0
yf_R_MTHTHFSs	1.0
yr_R_MTRI	0.0
yf_R_MTRI	1.0
yf_R_MTRK	1.0
yr_R_MUCCYCI	0.0
yf_R_MUCCYCI	0.0
yr_R_MYCTR	1.0
yf_R_MYCTR	0.0
yf_R_MYCTR2	1.0
yr_R_N2Otpp	0.0
yf_R_N2Otpp	0.0
yr_R_N2tex	0.0
yf_R_N2tex	0.0
yf_R_NABTNO	1.0
yr_R_NACt	1.0
yf_R_NACt	0.0
yf_R_NADDP	1.0
yr_R_NADDPp_1	3.11708124577453e-22
yf_R_NADDPp_1	0.9999999999999997
yf_R_NADH10	1.0
yf_R_NADH4	1.0
yf_R_NADH5	1.0
yf_R_NADH9	1.0
yf_R_NADHHR	0.0
yf_R_NADHHS	0.0
yf_R_NADHPO	1.0
yf_R_NADK	1.0
yf_R_NADK1	1.0
yf_R_NADK2	1.0
yf_R_NADK3	1.0
yf_R_NADK4	1.0
yf_R_NADK5	1.0
yf_R_NADK_1	1.0
yr_R_NADKd	1.0
yf_R_NADKd	0.0
yf_R_NADPHHR	0.0
yf_R_NADPHHS	0.0
yf_R_NADPHQR2	1.0
yf_R_NADPHQR3	1.0
yf_R_NADS1	1.0
yf_R_NADS2	1.0
yf_R_NADTRHD	1.0
yr_R_NAPRT	1.0
yf_R_NAPRT	0.0
yf_R_NAabc	1.0
yf_R_NAabcO	1.0
yf_R_NAt3_1	1.0
yf_R_NAt3_2	1.0
yf_R_NAt3pp	1.0
yr_R_NAtex	0.0
yf_R_NAtex	1.0
yf_R_NBAHH_ir	1.0
yf_R_NDP3	1.0
yf_R_NDP7	1.0
yr_R_NDPK1	0.0
yf_R_NDPK1	1.0
yr_R_NDPK2	0.0
yf_R_NDPK2	1.0
yr_R_NDPK3	0.0
yf_R_NDPK3	1.0
yr_R_NDPK4	1.0
yf_R_NDPK4	0.0
yr_R_NDPK5	0.0
yf_R_NDPK5	1.0
yr_R_NDPK6	1.0
yf_R_NDPK6	0.0
yr_R_NDPK7	0.0
yf_R_NDPK7	1.0
yr_R_NDPK8	0.0
yf_R_NDPK8	1.0
yr_R_NDPK9	0.0
yf_R_NDPK9	1.0
yr_R_NH3c	1.0
yf_R_NH3c	8.374390428073754e-17
yr_R_NH4t	0.0
yf_R_NH4t	1.0
yr_R_NH4tex	1.0
yf_R_NH4tex	0.0
yr_R_NH4tpp	1.0
yf_R_NH4tpp	0.0
yf_R_NH4tpp_1	1.0
yf_R_NI2abcpp	1.0
yf_R_NI2t3pp	1.0
yf_R_NI2t4pp	1.0
yr_R_NI2tex	1.0
yf_R_NI2tex	0.0
yf_R_NI2uabcpp	1.0
yf_R_NIabc	1.0
yf_R_NMNAT	1.0
yf_R_NMNDA	1.0
yf_R_NMNHYD_1	1.0
yf_R_NMNN	1.0
yf_R_NMNP	1.0
yf_R_NMO	1.0
yf_R_NNAM	1.0
yr_R_NNATr	0.0
yf_R_NNATr	1.0
yf_R_NNDPR	1.0
yr_R_NO2tex	9.99999000001e-07
yf_R_NO2tex	0.9999990000010001
yf_R_NO3abc	1.0
yf_R_NO3abcpp	1.0
yr_R_NO3tex	0.0
yf_R_NO3tex	1.0
yf_R_NODOx	1.0
yf_R_NODOy	1.0
yf_R_NOR_syn_1	1.0
yf_R_NOS1_1	1.0
yr_R_NOS3	0.0
yf_R_NOS3	1.0
yr_R_NOVBCNtex	0.0
yf_R_NOVBCNtex	0.0
yf_R_NOX	1.0
yr_R_NOtpp	0.0
yf_R_NOtpp	0.0
yf_R_NPHS	1.0
yf_R_NTD1	1.0
yf_R_NTD10	1.0
yf_R_NTD12	1.0
yf_R_NTD2	1.0
yf_R_NTD3	1.0
yf_R_NTD4	1.0
yf_R_NTD5	1.0
yf_R_NTD6	1.0
yf_R_NTD7	1.0
yf_R_NTD8	1.0
yf_R_NTD9	1.0
yf_R_NTP1	1.0
yf_R_NTP10	1.0
yf_R_NTP11	0.0
yf_R_NTP3	1.0
yf_R_NTP5	1.0
yf_R_NTPP1	1.0
yf_R_NTPP10	1.0
yf_R_NTPP10_1	1.0
yf_R_NTPP11	1.0
yf_R_NTPP11_1	1.0
yf_R_NTPP1_1	1.0
yf_R_NTPP2	1.0
yf_R_NTPP2_1	1.0
yf_R_NTPP3	1.0
yf_R_NTPP4	1.0
yf_R_NTPP5	1.0
yf_R_NTPP6	1.0
yf_R_NTPP7	1.0
yf_R_NTPP8	1.0
yf_R_NTPP8_1	1.0
yf_R_NTPP9	1.0
yf_R_NTPP9_1	1.0
yr_R_O2XOADOX	0.0
yf_R_O2XOADOX	0.0
yr_R_O2tex	0.0
yf_R_O2tex	1.0
yr_R_O2tpp	0.0
yf_R_O2tpp	1.0
yf_R_O45AM	0.0
yf_R_OAADCS	1.0
yf_R_OAAt2_2pp	0.0
yf_R_OBDHc	1.0
yr_R_OCBT	0.0
yf_R_OCBT	1.0
yr_R_OCBT_1	1.0
yf_R_OCBT_1	0.0
yr_R_OCOAT1	0.0
yf_R_OCOAT1	1.0
yf_R_OHCUDC2	0.0
yr_R_OHPBAT	0.0
yf_R_OHPBAT	1.0
yr_R_OIVD1r	1.0
yf_R_OIVD1r	0.0
yf_R_OIVD2	1.0
yf_R_OIVD3	1.0
yf_R_OMAHY	0.0
yf_R_OMCDC	1.0
yf_R_OMPDC	1.0
yf_R_OPETDC	0.0
yf_R_OPTCCL	0.0
yr_R_ORNTA	0.0
yf_R_ORNTA	1.0
yr_R_ORNTAC_1	1.0
yf_R_ORNTAC_1	0.0
yf_R_ORNTA_1	1.0
yf_R_ORNabcpp	0.0
yf_R_OROTt2_2pp	0.0
yr_R_ORPT	1.0
yf_R_ORPT	0.0
yf_R_OXADC	1.0
yf_R_OXDHCOAT	1.0
yr_R_OXFOtex	1.0
yf_R_OXFOtex	0.0
yf_R_OXGDC	1.0
yf_R_OXOAEL	0.0
yr_R_OXPTNDH	0.0
yf_R_OXPTNDH	1.0
yf_R_P5CD	1.0
yf_R_P5CR	1.0
yf_R_P5CRx	1.0
yf_R_PA120abcpp	0.0
yf_R_PA140abcpp	0.0
yf_R_PA141abcpp	-4.336808689942018e-22
yf_R_PA160abcpp	1.0
yf_R_PA161abcpp	1.0
yf_R_PA180abcpp	0.0
yf_R_PA181abcpp	0.0
yf_R_PACCOAE	1.0
yf_R_PACCOAL	1.0
yf_R_PANO	1.0
yf_R_PANTS	1.0
yf_R_PAPPT3	1.0
yf_R_PAPSR	1.0
yr_R_PBUTT	1.0
yf_R_PBUTT	0.0
yf_R_PC	1.0
yf_R_PDE1	1.0
yf_R_PDE4	1.0
yf_R_PDH	1.0
yr_R_PDHbr	0.0
yf_R_PDHbr	1.0
yf_R_PDHcr	1.0
yf_R_PDIMAT	0.0
yf_R_PDX5PS	0.0
yf_R_PDXPP	0.0
yf_R_PE120abcpp	0.0
yf_R_PE140abcpp	0.0
yf_R_PE141abcpp	0.0
yf_R_PE160abcpp	1.0
yf_R_PE161abcpp	1.0
yf_R_PE180abcpp	1.0
yf_R_PE181abcpp	1.0
yr_R_PENAM	0.0
yf_R_PENAM	0.0
yf_R_PEPA	1.0
yf_R_PFK	1.0
yf_R_PFK_2	1.0
yf_R_PG120abcpp	0.0
yf_R_PG140abcpp	0.0
yf_R_PG141abcpp	0.0
yf_R_PG160abcpp	1.0
yf_R_PG161abcpp	1.0
yf_R_PG180abcpp	1.0
yf_R_PG181abcpp	1.0
yr_R_PGAMT	1.0
yf_R_PGAMT	0.0
yf_R_PGCD	1.0
yr_R_PGI	1.0
yf_R_PGI	0.0
yr_R_PGK	1.0
yf_R_PGK	0.0
yf_R_PGL	1.0
yf_R_PGLYCP	1.0
yf_R_PGLYCP_1	1.0
yr_R_PGM	1.0
yf_R_PGM	0.0
yr_R_PGMT	1.0
yf_R_PGMT	0.0
yf_R_PGMT_2	1.0
yr_R_PGMT_B	0.0
yf_R_PGMT_B	1.0
yf_R_PGP120abcpp	0.0
yf_R_PGP140abcpp	0.0
yf_R_PGP141abcpp	0.0
yf_R_PGP160abcpp	0.0
yf_R_PGP161abcpp	0.0
yf_R_PGP180abcpp	0.0
yf_R_PGP181abcpp	1.0
yf_R_PHACOAOR	1.0
yr_R_PHEMEt	9.99999000001e-07
yf_R_PHEMEt	0.9999990000010001
yr_R_PHENOLtex	0.0
yf_R_PHENOLtex	0.0
yr_R_PHETA1	9.99999000001e-07
yf_R_PHETA1	0.999999000001
yf_R_PHEabc	1.0
yf_R_PHEt2r	1.0
yf_R_PHEt2rpp	0.0
yf_R_PHHL2	1.0
yf_R_PIabc	1.0
yf_R_PIt2r	1.0
yf_R_PIt7	1.0
yr_R_PItex	0.0
yf_R_PItex	1.0
yf_R_PLPS_1	1.0
yr_R_PMANM	9.99999000001e-07
yf_R_PMANM	0.999999000001
yf_R_PMDPHT	1.0
yf_R_PMPK	1.0
yr_R_PNP	1.0
yf_R_PNP	0.0
yf_R_PNTK	1.0
yf_R_PNTK_1	1.0
yf_R_PNTOt4pp	1.0
yf_R_POAACR	0.0
yf_R_PPA	1.0
yr_R_PPAKr	0.0
yf_R_PPAKr	1.0
yf_R_PPAt2pp	1.0
yf_R_PPAt4pp	1.0
yr_R_PPAtex	0.0
yf_R_PPAtex	1.0
yf_R_PPBNGS	1.0
yf_R_PPC	1.0
yf_R_PPCDC	1.0
yf_R_PPCK	1.0
yf_R_PPCOAC	1.0
yf_R_PPDIMAT	0.0
yr_R_PPM	1.0
yf_R_PPM	0.0
yr_R_PPM2	9.99999000001e-07
yf_R_PPM2	0.999999000001
yf_R_PPNCL	1.0
yf_R_PPND	1.0
yf_R_PPNDH	1.0
yr_R_PPOHtex	0.0
yf_R_PPOHtex	0.0
yf_R_PPOR	1.0
yf_R_PPPGO	1.0
yf_R_PPPNt2rpp	0.0
yr_R_PRAGSr	0.0
yf_R_PRAGSr	1.0
yf_R_PRAIS_1	1.0
yf_R_PRAIi	1.0
yf_R_PRAMPC_1	1.0
yf_R_PRASCSi	1.0
yf_R_PRATPP	1.0
yf_R_PREPTHS	0.0
yf_R_PREPTHS2	0.0
yf_R_PRFGS	1.0
yf_R_PRFGS_1	1.0
yr_R_PRMICI	0.0
yf_R_PRMICI	1.0
yf_R_PRO1x	1.0
yf_R_PROAKGOX1	1.0
yf_R_PROGLYabcpp	1.0
yf_R_PROHISGLUtr	1.0
yf_R_PROabc	1.0
yf_R_PROt2r	1.0
yf_R_PROt2rpp	1.0
yf_R_PROt4	1.0
yf_R_PROt4pp	1.0
yr_R_PRPPS	1.0
yf_R_PRPPS	0.0
yr_R_PSCVT	0.0
yf_R_PSCVT	1.0
yf_R_PSERT	1.0
yf_R_PSP_D	0.0
yf_R_PSP_L	1.0
yf_R_PSSA120	0.0
yf_R_PSSA141	0.0
yf_R_PSSA160	0.0
yf_R_PSSA161	1.0
yf_R_PSSA180	1.0
yf_R_PSSA181	0.0
yf_R_PSURIK	0.0
yf_R_PTA2	1.0
yr_R_PTAr	1.0
yf_R_PTAr	0.0
yr_R_PTAtex	0.0
yf_R_PTAtex	0.0
yf_R_PTHPS	1.0
yr_R_PTHPS_1	1.0
yf_R_PTHPS_1	0.0
yr_R_PTHRP	0.0
yf_R_PTHRP	1.0
yf_R_PTPATi	1.0
yf_R_PTRCAT1	1.0
yf_R_PTRCTA	1.0
yf_R_PTRCTA2	1.0
yf_R_PTRCabc	1.0
yf_R_PTRCabcpp	1.0
yr_R_PUNP1	0.0
yf_R_PUNP1	1.0
yr_R_PUNP2	1.0
yf_R_PUNP2	0.0
yr_R_PUNP3	1.0
yf_R_PUNP3	0.0
yr_R_PUNP4	1.0
yf_R_PUNP4	0.0
yr_R_PUNP5	1.0
yf_R_PUNP5	0.0
yr_R_PUNP6	-9.999990000009998e-07
yf_R_PUNP6	1.000000999999
yr_R_PUNP7	6.11451908799198e-17
yf_R_PUNP7	1.0
yf_R_PYDXK_1	1.0
yf_R_PYDXPP	1.0
yf_R_PYK	1.0
yr_R_PYNP1	0.0
yf_R_PYNP1	1.0
yr_R_PYNP1_1	0.0
yf_R_PYNP1_1	1.0
yr_R_PYNP2r	1.0
yf_R_PYNP2r	0.0
yf_R_PYNP2r_1	1.0
yf_R_PYOVD2tex	0.0
yf_R_PYRt2rpp	1.0
yf_R_PYRt4pp	1.0
yr_R_PYRtex	0.0
yf_R_PYRtex	1.0
yf_R_QULNS	1.0
yf_R_R5PP	1.0
yf_R_RAFFabc	1.0
yf_R_RAFGH	1.0
yf_R_RAFH	1.0
yf_R_RBFK	1.0
yf_R_RBFSa	1.0
yf_R_RBFSa_1	1.0
yf_R_RBFSb	1.0
yf_R_RBK	1.0
yr_R_RECOAH10	0.0
yf_R_RECOAH10	0.0
yr_R_RECOAH12	0.0
yf_R_RECOAH12	0.0
yr_R_RECOAH13	0.0
yf_R_RECOAH13	0.0
yr_R_RECOAH14	0.0
yf_R_RECOAH14	0.0
yr_R_RECOAH15	0.0
yf_R_RECOAH15	0.0
yr_R_RECOAH16	0.0
yf_R_RECOAH16	0.0
yr_R_RECOAH19	0.0
yf_R_RECOAH19	0.0
yr_R_RECOAH2	9.99999000001e-07
yf_R_RECOAH2	0.9999990000010001
yr_R_RECOAH3	0.0
yf_R_RECOAH3	1.0
yr_R_RECOAH8	0.0
yf_R_RECOAH8	0.0
yr_R_RECOAH9	0.0
yf_R_RECOAH9	0.0
yr_R_REPHACCOAI	0.0
yf_R_REPHACCOAI	1.0
yf_R_RHCCE	1.0
yf_R_RIBFLVt2	1.0
yf_R_RIBabc	1.0
yf_R_RIBabc1	1.0
yf_R_RIBabcpp	1.0
yf_R_RMNabc	0.0
yf_R_RNDR1	1.0
yf_R_RNDR2	1.0
yf_R_RNDR3	1.0
yf_R_RNDR4	1.0
yf_R_RNMK	1.0
yf_R_RNTR1	1.0
yf_R_RNTR2	1.0
yf_R_RNTR3	1.0
yf_R_RNTR4	1.0
yr_R_RPE	0.0
yf_R_RPE	1.0
yr_R_RPI	0.0
yf_R_RPI	1.0
yr_R_RU5PS	1.0
yf_R_S6PG	1.0
yf_R_SADT	1.0
yf_R_SALCHS2FEexs	1.0
yf_R_SALCHS4FEexs	1.0
yf_R_SALCpts	1.0
yf_R_SAOR	0.0
yf_R_SARCOX	0.0
yf_R_SARCOX2	0.0
yf_R_SBTpts	1.0
yf_R_SBTptspp	0.0
yf_R_SBTt2	0.0
yf_R_SDPDS	1.0
yr_R_SDPTA	1.0
yf_R_SDPTA	0.0
yf_R_SELabcpp	0.0
yf_R_SELtpp	0.0
yr_R_SERAT	0.0
yf_R_SERAT	1.0
yf_R_SERD_L	1.0
yf_R_SERGLUGLNtr	1.0
yf_R_SERabc	1.0
yf_R_SERt2r	1.0
yf_R_SERtpp	0.0
yf_R_SHCHCS3	0.0
yf_R_SHCHD2_1	1.0
yf_R_SHCHF_2	1.0
yf_R_SHGO	1.0
yr_R_SHK3Dr	0.0
yf_R_SHK3Dr	1.0
yf_R_SHKK	1.0
yf_R_SHSL1	1.0
yr_R_SHSL2	1.0
yf_R_SHSL2	0.0
yr_R_SHSL2r	1.0
yf_R_SHSL2r	0.0
yf_R_SHSL3	1.0
yf_R_SHSL4r	1.0
yf_R_SLCYSS	1.0
yf_R_SLGH	0.0
yf_R_SLNTabcpp	0.0
yf_R_SLNTtpp	0.0
yr_R_SMIA1	1.0
yf_R_SMIA1	0.0
yf_R_SMIA1Eabc	1.0
yf_R_SMIA1abc	0.0
yf_R_SMIA2abc	1.0
yr_R_SMIB1	0.0
yf_R_SMIB1	1.0
yf_R_SO3abcpp	1.0
yr_R_SO3tex	0.0
yf_R_SO3tex	1.0
yf_R_SO4t2	1.0
yr_R_SO4tex	0.0
yf_R_SO4tex	1.0
yf_R_SPMDabc	1.0
yf_R_SPMDabcpp	0.0
yr_R_SPMDt3i	1.0
yf_R_SPMS	1.0
yf_R_SPODM	1.0
yf_R_SPP	1.0
yf_R_SPTc	0.0
yf_R_SSALx	1.0
yf_R_SSALy	1.0
yr_R_SSCOARy	1.0
yf_R_SSCOARy	0.0
yf_R_STFRNAt	1.0
yf_R_SUCBZL	1.0
yf_R_SUCBZS	1.0
yr_R_SUCBZT1	0.0
yf_R_SUCBZT1	1.0
yr_R_SUCBZT2	0.0
yf_R_SUCBZT2	0.0
yf_R_SUCCt2_2pp	1.0
yr_R_SUCD1	1.0
yf_R_SUCD2	1.0
yf_R_SUCD4	1.0
yf_R_SUCD5_BS	1.0
yr_R_SUCOAS	1.0
yf_R_SUCOAS	0.0
yf_R_SUCR	1.0
yf_R_SUCRt2	1.0
yf_R_SUCpts	1.0
yf_R_SUCptspp	0.0
yf_R_SULAabc	0.0
yf_R_SULFACabcpp	1.0
yr_R_SULFACtex	0.0
yf_R_SULFACtex	1.0
yf_R_SULR	1.0
yf_R_SULabc	1.0
yf_R_SULabcpp	1.0
yr_R_St	0.999999000001
yf_R_St	9.99999000001e-07
yr_R_TAGURr	1.0
yf_R_TAGURr	0.0
yr_R_TALA	0.0
yf_R_TALA	1.0
yf_R_TARTDC	1.0
yf_R_TAURabc	1.0
yf_R_TAURabcpp	1.0
yr_R_TAURtex	0.0
yf_R_TAURtex	1.0
yr_R_TCYNTtpp	0.0
yf_R_TCYNTtpp	0.0
yf_R_TDP	1.0
yf_R_TECA1S45	1.0
yf_R_TECA2S45	1.0
yf_R_TECA3S45	1.0
yf_R_THDPS	1.0
yf_R_THIORDXi	1.0
yf_R_THMDt2	1.0
yf_R_THMabc	1.0
yf_R_THMabcpp	0.0
yr_R_THPAT	0.0
yf_R_THPAT	1.0
yf_R_THRA	1.0
yf_R_THRA2	1.0
yf_R_THRD	1.0
yf_R_THRD_L	1.0
yf_R_THRS	1.0
yf_R_THRS_2	1.0
yf_R_THRabc	1.0
yf_R_THRabcpp	1.0
yf_R_THRt2pp	1.0
yf_R_THRt2r	1.0
yf_R_THZPSN	1.0
yf_R_THZPSN_1	1.0
yr_R_TKT1	0.0
yf_R_TKT1	1.0
yr_R_TKT2	1.0
yf_R_TKT2	0.0
yf_R_TMDK1	1.0
yf_R_TMDPK_1	1.0
yr_R_TMDPP	1.0
yf_R_TMDPP	0.0
yf_R_TMDS	1.0
yf_R_TMN	1.0
yf_R_TMPPP	1.0
yf_R_TNTHAC1	1.0
yf_R_TNTHAC2	1.0
yf_R_TNTR1	1.0
yf_R_TNTR1x	1.0
yf_R_TNTR2	1.0
yf_R_TNTR2x	1.0
yf_R_TNTR3	1.0
yf_R_TNTR4	1.0
yf_R_TNTep	1.0
yf_R_TOLt7	0.0
yr_R_TOLtex	0.0
yf_R_TOLtex	0.0
yr_R_TPI	1.0
yf_R_TPI	0.0
yf_R_TRDR	1.0
yf_R_TRE6PH	1.0
yf_R_TREabc	0.0
yf_R_TREpts	1.0
yf_R_TREptspp	0.0
yf_R_TRPAS1	1.0
yf_R_TRPS1	1.0
yf_R_TRPS2	1.0
yf_R_TRPS3	1.0
yf_R_TRPabc	1.0
yf_R_TRPt2r	1.0
yf_R_TRPt2rpp	0.0
yr_R_TRSARr	9.99999000001e-07
yf_R_TRSARr	0.999999000001
yf_R_TSULP	1.0
yf_R_TSULabc	1.0
yf_R_TSULabcpp	1.0
yr_R_TSULtex	0.0
yf_R_TSULtex	1.0
yf_R_TTRCYCt7pp	0.0
yf_R_TTRCYCtm	0.0
yf_R_TYRL	0.0
yr_R_TYRTA	1.0
yf_R_TYRTA	6.11451908799198e-17
yf_R_TYRabc	1.0
yf_R_TYRt2r	1.0
yf_R_TYRt2rpp	0.0
yf_R_UAAGDS	1.0
yr_R_UAG2E	0.0
yf_R_UAG2E	1.0
yr_R_UAG2EMA	-9.999990000009998e-07
yf_R_UAG2EMA	1.000000999999
yf_R_UAGCVT	1.0
yf_R_UAGDP	1.0
yr_R_UAGPT2_1	1.0
yf_R_UAGPT2_1	0.0
yf_R_UAGPT3	1.0
yf_R_UAMAGS	1.0
yf_R_UAMAS	1.0
yf_R_UAPGR	1.0
yf_R_UDCPDP	1.0
yf_R_UDCPDPex	1.0
yr_R_UDPG4E	3.292502298444905e-21
yf_R_UDPG4E	0.9999999999999998
yf_R_UGMDDS	1.0
yf_R_UGT_BS	1.0
yf_R_UM4PCP	0.0
yr_R_UMPK	0.0
yf_R_UMPK	1.0
yf_R_UNK5	1.0
yf_R_UPP3MT	0.0
yf_R_UPP3MT_2	1.0
yf_R_UPP3S	1.0
yf_R_UPPDC1	1.0
yf_R_UPPRT	1.0
yf_R_URATEt_1	1.0
yf_R_URAt2	1.0
yf_R_URAt2pp	0.0
yf_R_URCN	1.0
yf_R_UREA	1.0
yr_R_UREASE	0.0
yf_R_UREASE	1.0
yf_R_UREA_1	1.0
yf_R_UREAabcpp	0.0
yr_R_URIDK2r	1.0
yf_R_URIDK2r	0.0
yf_R_URIH	1.0
yf_R_URIK1	1.0
yf_R_URIK2	1.0
yf_R_URIK3	1.0
yf_R_URIt2	1.0
yr_R_VALDHr	1.0
yf_R_VALDHr	0.0
yr_R_VALTA	0.0
yf_R_VALTA	1.0
yf_R_VALabc	1.0
yf_R_VALabcpp	1.0
yf_R_VALt2r	1.0
yf_R_VALt2rpp	1.0
yf_R_VALt3pp	1.0
yr_R_VALtex	1.0
yf_R_VALtex	0.0
yr_R_VECOAH	9.99999000001e-07
yf_R_VECOAH	0.999999000001
yr_R_VNDH_2	9.99999000001e-07
yf_R_VNDH_2	0.9999990000010001
yr_R_VPAMTr	1.0
yf_R_VPAMTr	0.0
yf_R_XANt2	1.0
yf_R_XANt2pp	0.0
yf_R_XPPT	1.0
yf_R_XTSNH	1.0
yf_R_XYLANabc	0.0
yr_R_XYLI1	0.0
yf_R_XYLI1	1.0
yr_R_XYLI2	0.0
yf_R_XYLI2	1.0
yf_R_XYLK	1.0
yf_R_XYLabc	1.0
yf_R_XYLabcpp	1.0
yf_R_XYLt2	1.0
yr_R_YUMPS	1.0
yf_R_YUMPS	0.0
yf_R_ZN2abcpp	1.0
yf_R_ZN2t3pp	1.0
yf_R_ZN2t4	1.0
yf_R_ZN2t4pp	1.0
yf_R_ZN2t5	1.0
yf_R_ZN2t6	1.0
yf_R_ZNabc	1.0
yf_R_ZNabcpp	1.0
yr_R_Zn2tex	1.126765578085033e-17
yf_R_Zn2tex	1.0
yf_R_pentso3abcpp	0.0
yf_R_r0963	1.0
yf_R_r2136	1.0
yr_R_r2465_1	1.0
yf_R_12DGR120tipp	0.0
yf_R_12DGR140tipp	0.0
yf_R_12DGR141tipp	4.7235518449425135e-23
yf_R_12DGR160tipp	0.0
yf_R_12DGR161tipp	0.0
yf_R_12DGR180tipp	0.0
yf_R_12DGR181tipp	0.0
yf_R_12PPDRDH	1e-06
yr_R_12PPDRte	0.0
yf_R_12PPDRte	0.0
yr_R_12PPDRtex	0.0
yf_R_12PPDRtex	0.0
yr_R_12PPDRtpp	0.0
yf_R_12PPDRtpp	0.0
yr_R_12PPDStex	0.0
yf_R_12PPDStex	0.0
yr_R_12PPDStpp	0.0
yf_R_12PPDStpp	0.0
yr_R_12PPDt	0.0
yf_R_12PPDt	0.0
yf_R_13DAMPPabcpp	0.0
yr_R_13DAMPPtex	0.0
yf_R_13DAMPPtex	0.0
yr_R_13PPDtex	0.0
yf_R_13PPDtex	0.0
yr_R_13PPDtpp	0.0
yf_R_13PPDtpp	0.0
yf_R_14GLUCANtexi	0.0
yf_R_15DAPabcpp	0.0
yf_R_1P2CBXLR	0.0
yf_R_1PPDCRc	0.0
yf_R_1PY4h3cAH	0.0
yr_R_23CAMPtex	0.0
yf_R_23CAMPtex	1.0
yr_R_23CCMPtex	0.0
yf_R_23CCMPtex	1.0
yr_R_23CGMPtex	0.0
yf_R_23CGMPtex	1.0
yf_R_23CTI1	0.0
yf_R_23CTI2	0.0
yf_R_23CTI3	0.0
yr_R_23CUMPtex	0.0
yf_R_23CUMPtex	1.0
yf_R_23DAPPAt2pp	0.0
yr_R_23DAPPAtex	0.0
yf_R_23DAPPAtex	0.0
yr_R_23DK5MPPISO	0.0
yf_R_23DK5MPPISO	0.0
yf_R_24DECOAR	0.0
yf_R_25DKGLCNt2rpp	0.0
yr_R_25DKGLCNtex	0.0
yf_R_25DKGLCNtex	0.0
yr_R_26DAHtex	0.0
yf_R_26DAHtex	0.0
yf_R_2ACLMM	0.0
yf_R_2AGPA120tipp	0.0
yf_R_2AGPA141tipp	0.0
yf_R_2AGPA160tipp	0.0
yf_R_2AGPA161tipp	0.0
yf_R_2AGPA180tipp	0.0
yf_R_2AGPA181tipp	0.0
yf_R_2AGPE120tipp	0.0
yf_R_2AGPE140tipp	0.0
yf_R_2AGPE141tipp	0.0
yf_R_2AGPEAT120	0.0
yf_R_2AGPEAT140	0.0
yf_R_2AGPEAT141	0.0
yf_R_2AGPEAT160	0.0
yf_R_2AGPEAT161	0.0
yf_R_2AGPEAT180	0.0
yf_R_2AGPEAT181	0.0
yf_R_2AGPG120tipp	0.0
yf_R_2AGPG140tipp	0.0
yf_R_2AGPG141tipp	0.0
yf_R_2AGPGAT120	0.0
yf_R_2AGPGAT140	0.0
yf_R_2AGPGAT141	0.0
yf_R_2AGPGAT160	0.0
yf_R_2AGPGAT161	0.0
yf_R_2AGPGAT180	0.0
yf_R_2AGPGAT181	0.0
yr_R_2DDARAA	0.0
yf_R_2DDARAA	0.0
yf_R_2DGLCNRx	0.0
yf_R_2DGLCNRy	0.0
yf_R_2DGULRGx	0.0
yf_R_2DGULRGy	0.0
yf_R_2DGULRx	0.0
yf_R_2DGULRy	0.0
yf_R_2DHGLCK	0.0
yf_R_2DHGLCNkt_tpp	0.0
yr_R_2DHGLCNtex	0.0
yf_R_2DHGLCNtex	0.0
yr_R_2DHPFALDL	0.0
yf_R_2DHPFALDL	0.0
yr_R_2H3MBDH	0.0
yf_R_2H3MBDH	0.0
yf_R_2H3MBt	0.0
yr_R_2H3MPDH	0.0
yf_R_2H3MPDH	0.0
yf_R_2H3MPt	0.0
yf_R_2HH24DDH	0.0
yf_R_2HH24DDH1	0.0
yr_R_2HXMPt6	1.0
yf_R_2HXMPt6	0.0
yr_R_2MBALDH	0.0
yf_R_2MBALDH	0.0
yr_R_2MBALDt	0.0
yf_R_2MBALDt	0.0
yr_R_2MBAt6	0.0
yf_R_2MBAt6	0.0
yr_R_2MPAt6	0.0
yf_R_2MPAt6	0.0
yr_R_2OBUT_Et	0.0
yf_R_2OBUT_Et	0.0
yr_R_2OBUTt2ipp	0.0
yr_R_2OH3K5MPPISO	0.0
yf_R_2OH3K5MPPISO	0.0
yr_R_2PGLYCt6	0.0
yf_R_2PGLYCt6	1.0
yf_R_2PGt6	0.0
yf_R_2PGt6pp	0.0
yr_R_2PGtex	0.0
yf_R_2PGtex	0.0
yr_R_34DHCINMtex	0.0
yf_R_34DHCINMtex	0.0
yr_R_34DHCINMtpp	0.0
yf_R_34DHCINMtpp	0.0
yf_R_34DHPACDO	0.0
yr_R_34DHPHEtex	0.0
yf_R_34DHPHEtex	0.0
yf_R_34DHPHEtpp	0.0
yr_R_34dhpactex	0.0
yf_R_34dhpactex	0.0
yr_R_3A2OA	0.0
yf_R_3A2OA	0.0
yr_R_3AIBT2	0.0
yf_R_3AIBT2	0.0
yf_R_3AMACHYD	0.0
yf_R_3AMPt6	1.0
yr_R_3AMPtex	0.0
yf_R_3AMPtex	0.0
yf_R_3CMPt6	1.0
yr_R_3CMPtex	0.0
yf_R_3CMPtex	0.0
yf_R_3GMPt6	0.0
yr_R_3GMPtex	0.0
yf_R_3GMPtex	0.0
yr_R_3GMPtex_1	1.0
yf_R_3GMPtex_1	0.0
yr_R_3HAACOAT100	0.0
yf_R_3HAACOAT100	0.0
yr_R_3HAACOAT120	0.0
yf_R_3HAACOAT120	0.0
yr_R_3HAACOAT140	0.0
yf_R_3HAACOAT140	0.0
yr_R_3HAACOAT141	0.0
yf_R_3HAACOAT141	0.0
yr_R_3HAACOAT80	0.0
yf_R_3HAACOAT80	0.0
yf_R_3HAD141	0.0
yf_R_3HAD80	0.0
yf_R_3HBCOAHL	0.0
yf_R_3HCINNMH	0.0
yf_R_3HLYTCL	0.0
yf_R_3HOXPACt2pp	0.0
yf_R_3HPAOX	0.0
yf_R_3HPPPNH	0.0
yf_R_3HPTNCOAR	0.0
yf_R_3HSA	0.0
yf_R_3M2OPLOXRD	0.0
yr_R_3MBAt6	0.0
yf_R_3MBAt6	0.0
yf_R_3MBZALDH	0.0
yf_R_3MBZDH	0.0
yf_R_3MCAT23DOX	0.0
yf_R_3MOPDC	0.0
yf_R_3OADPCOAT	0.0
yr_R_3OXOADPt_ex	0.0
yf_R_3OXOADPt_ex	0.0
yf_R_3OXOADPt_pp	0.0
yr_R_3PEPTtex	0.0
yf_R_3PEPTtex	0.0
yf_R_3PGt6	0.0
yf_R_3PGt6pp	0.0
yr_R_3PGtex	0.0
yf_R_3PGtex	0.0
yr_R_3SALATAi	0.0
yf_R_3SALATAi	0.0
yf_R_3UMPt6	1.0
yr_R_3UMPtex	0.0
yf_R_3UMPtex	0.0
yf_R_3_4DHBZ1t_pp	0.0
yr_R_3_4DHBZt2	0.0
yf_R_3_4DHBZt2	0.0
yr_R_3hoxpactex	0.0
yf_R_3hoxpactex	0.0
yf_R_42A12BOOXpp	0.0
yr_R_4ABZGLUtex	0.0
yf_R_4ABZGLUtex	0.0
yf_R_4ABZGLUtr	0.0
yr_R_4ABZt	0.0
yf_R_4ABZt	0.0
yf_R_4CMCOAS	0.0
yf_R_4CMLCL_kt	0.0
yf_R_4H2KPILY	0.0
yr_R_4HBADH	0.0
yf_R_4HBADH	0.0
yf_R_4HBALDt2pp	0.0
yr_R_4HBAt	1.0
yf_R_4HBAt	0.0
yf_R_4HBCOAH	0.0
yf_R_4HBHYOX	0.0
yf_R_4HBZt3pp	0.0
yf_R_4HDPROO	0.0
yr_R_4HGLSD	0.0
yf_R_4HGLSD	0.0
yr_R_4HOXPACDtex	0.0
yf_R_4HOXPACDtex	0.0
yf_R_4HOXPACMOF	0.0
yf_R_4HOXPACMOF_1	0.0
yf_R_4HOXPACMON	0.0
yf_R_4HOXPACt2pp	0.0
yf_R_4HOXPACt2pp_1	0.0
yr_R_4HPRODCtex	0.0
yf_R_4HPRODCtex	1.0
yr_R_4HPROE	1.0
yf_R_4HPROE	0.0
yr_R_4HPROLTtex	0.0
yf_R_4HPROLTtex	1.0
yr_R_4HPRO_LT_Et	1.0
yf_R_4HPRO_LT_Et	0.0
yf_R_4HPTNCOAK	0.0
yr_R_4HPTNtex	0.0
yf_R_4HPTNtex	0.0
yf_R_4HPTNtpp	0.0
yf_R_4HTHRK	0.0
yf_R_4HTHRS	0.0
yr_R_4HTHRtex	0.0
yf_R_4HTHRtex	0.0
yf_R_4HTHRtrpp	0.0
yf_R_4IZ5PPH	0.0
yf_R_4MBZALDH	0.0
yf_R_4MBZDH	0.0
yf_R_4MCAT23DOX	0.0
yf_R_4OD	0.0
yf_R_4OD2	0.0
yr_R_4OT	0.0
yf_R_4OT	0.0
yr_R_4OT2	0.0
yf_R_4OT2	0.0
yf_R_4OXPTCOADHx	0.0
yf_R_4OXPTCOADHy	0.0
yr_R_4OXPTNtex	0.0
yf_R_4OXPTNtex	0.0
yf_R_4OXPTNtpp	0.0
yf_R_4PCPpp	0.0
yf_R_4PEOR	0.0
yr_R_4PEPTtex	0.0
yf_R_4PEPTtex	0.0
yf_R_4POPCOAM	0.0
yr_R_4POPCOAM2	0.0
yf_R_4POPCOAM2	0.0
yf_R_4POPCOAM3	0.0
yr_R_4hoxpactex	0.0
yf_R_4hoxpactex	0.0
yr_R_5APTNtex	0.0
yf_R_5APTNtex	0.0
yr_R_5DGLCN_Et	0.0
yf_R_5DGLCN_Et	0.0
yf_R_5DGLCNt2rpp	0.0
yr_R_5DGLCNtex	0.0
yf_R_5DGLCNtex	0.0
yf_R_5DH4DGLCD	0.0
yf_R_5DOAN	0.0
yf_R_5HBZIDMT	0.0
yf_R_5HBZIDS2	0.0
yf_R_5HPUDICDC_c	0.0
yf_R_5MTRt2	0.0
yr_R_5MTRtex	0.0
yf_R_5MTRtex	0.0
yr_R_5MTRtpp	0.0
yf_R_5OXPROabcpp	0.0
yr_R_5OXPROtex	0.0
yf_R_5OXPROtex	0.0
yr_R_6APAt1	0.0
yf_R_6APAt1	0.0
yf_R_6ATHAtexi	0.0
yf_R_6HNACMO	0.0
yf_R_6HNACt1pp	0.0
yr_R_6HNACtex	0.0
yf_R_6HNACtex	0.0
yr_R_6PGCt6	0.0
yf_R_6PGCt6	0.0
yr_R_6PHBG	0.0
yf_R_6PHBG	0.0
yr_R_6PHBG2	0.0
yf_R_6PHBG2	0.0
yf_R_A24T	0.0
yf_R_A4GA	0.0
yf_R_A4HBCT	0.0
yf_R_A4PA	0.0
yf_R_A53C	0.0
yr_R_AAAN	0.0
yf_R_AAAN	0.0
yf_R_AABTN	1.0
yf_R_AAC24DABA	0.0
yr_R_AACOAR_syn	0.0
yf_R_AACOAR_syn	0.0
yf_R_AACOAT	0.0
yr_R_AACT	0.0
yf_R_AACT	0.0
yf_R_AACTOOR	0.0
yr_R_AADa	0.0
yf_R_AADa	0.0
yr_R_AADb	0.0
yf_R_AADb	0.0
yr_R_AALDH	0.0
yf_R_AALDH	0.0
yf_R_AAMYL	0.0
yf_R_AAMYL_1	0.0
yf_R_AAMYLpp	0.0
yf_R_AASAD3	0.0
yr_R_AATA	0.0
yf_R_AATA	0.0
yf_R_AB3CL	0.0
yf_R_AB6PGH_1	0.0
yf_R_ABFA	0.0
yf_R_ABFPT2	0.0
yr_R_ABTDG	0.0
yf_R_ABTDG	0.0
yf_R_ABTpp2	0.0
yr_R_ABTt	0.0
yf_R_ABTt	0.0
yr_R_ABTt_1	1.0
yf_R_ABTt_1	0.0
yf_R_ABUTt2pp	0.0
yr_R_ABUTtex	0.0
yf_R_ABUTtex	0.0
yf_R_ACACT10	0.0
yf_R_ACACT11	0.0
yf_R_ACACT12	0.0
yf_R_ACACT13	0.0
yr_R_ACACT6r	0.0
yf_R_ACACT6r	0.0
yf_R_ACACT8	0.0
yr_R_ACACT8r	0.0
yf_R_ACACT8r	1.0
yf_R_ACACT9	0.0
yr_R_ACAC_Et	0.0
yf_R_ACAC_Et	0.0
yf_R_ACACt2	0.0
yr_R_ACACtex	0.0
yf_R_ACACtex	1.0
yr_R_ACALD	0.0
yf_R_ACALD	0.0
yr_R_ACALDtex	0.0
yf_R_ACALDtex	0.0
yf_R_ACCOAL	0.0
yf_R_ACEt	0.0
yf_R_ACGAL1PPpp	0.0
yr_R_ACGAL1Ptex	0.0
yf_R_ACGAL1Ptex	0.0
yr_R_ACGALtex	0.0
yf_R_ACGALtex	0.0
yf_R_ACGAM1PPpp	0.0
yr_R_ACGAM1P_Et	0.0
yf_R_ACGAM1P_Et	0.0
yr_R_ACGAM1Ptex	0.0
yf_R_ACGAM1Ptex	0.0
yr_R_ACGAMPM	0.0
yf_R_ACGAMPM	0.0
yr_R_ACGAtex	0.0
yf_R_ACGAtex	1.0
yf_R_ACGK_1	0.0
yr_R_ACGLUtd	0.0
yf_R_ACGLUtd	-4.235164736271502e-22
yf_R_ACHBS2	0.0
yf_R_ACITL	0.0
yf_R_ACKILE	0.0
yf_R_ACKLEU	0.0
yf_R_ACKVAL	0.0
yr_R_ACLS_b	0.0
yf_R_ACLS_b	0.0
yf_R_ACLSa	0.0
yf_R_ACLSa_1	0.0
yf_R_ACLSb	0.0
yf_R_ACLSb_1	0.0
yf_R_ACMANAt2	0.0
yr_R_ACMANAtex	0.0
yf_R_ACMANAtex	0.0
yf_R_ACMUMtex	0.0
yr_R_ACNAMtex	0.0
yf_R_ACNAMtex	0.0
yf_R_ACNML	0.0
yr_R_ACNPLYS	0.0
yf_R_ACNPLYS	0.0
yr_R_ACOAD10f	0.0
yf_R_ACOAD10f	0.0
yr_R_ACOAD11f	0.0
yf_R_ACOAD11f	0.0
yr_R_ACOAD12f	0.0
yf_R_ACOAD12f	0.0
yr_R_ACOAD13f	0.0
yf_R_ACOAD13f	0.0
yr_R_ACOAD14f	0.0
yf_R_ACOAD14f	0.0
yr_R_ACOAD15f	0.0
yf_R_ACOAD15f	0.0
yr_R_ACOAD16f	0.0
yf_R_ACOAD16f	0.0
yr_R_ACOAD17f	0.0
yf_R_ACOAD17f	0.0
yr_R_ACOAD18f	0.0
yf_R_ACOAD18f	0.0
yr_R_ACOAD19f	0.0
yf_R_ACOAD19f	0.0
yf_R_ACOAD1f	0.0
yr_R_ACOAD20f	0.0
yf_R_ACOAD20f	0.0
yr_R_ACOAD21f	0.0
yf_R_ACOAD21f	0.0
yr_R_ACOAD22f	0.0
yf_R_ACOAD22f	0.0
yr_R_ACOAD23f	0.0
yf_R_ACOAD23f	0.0
yr_R_ACOAD24f	0.0
yf_R_ACOAD24f	0.0
yr_R_ACOAD25f	0.0
yf_R_ACOAD25f	0.0
yr_R_ACOAD26f	0.0
yf_R_ACOAD26f	0.0
yr_R_ACOAD27f	0.0
yf_R_ACOAD27f	0.0
yr_R_ACOAD28f	0.0
yf_R_ACOAD28f	0.0
yr_R_ACOAD29f	0.0
yf_R_ACOAD29f	0.0
yr_R_ACOAD2f	0.0
yf_R_ACOAD2f	0.0
yr_R_ACOAD30f	0.0
yf_R_ACOAD30f	0.0
yr_R_ACOAD31f	0.0
yf_R_ACOAD31f	0.0
yr_R_ACOAD32f	0.0
yf_R_ACOAD32f	0.0
yr_R_ACOAD33f	0.0
yf_R_ACOAD33f	0.0
yr_R_ACOAD34f	0.0
yf_R_ACOAD34f	0.0
yr_R_ACOAD3f	0.0
yf_R_ACOAD3f	0.0
yf_R_ACOAD4	0.0
yr_R_ACOAD4f	0.0
yf_R_ACOAD4f	0.0
yf_R_ACOAD5	1e-06
yr_R_ACOAD5f	0.0
yf_R_ACOAD5f	0.0
yr_R_ACOAD6f	0.0
yf_R_ACOAD6f	0.0
yr_R_ACOAD7f	0.0
yf_R_ACOAD7f	0.0
yr_R_ACOAD8f	0.0
yf_R_ACOAD8f	0.0
yf_R_ACOADH1	0.0
yf_R_ACODA_1	0.0
yr_R_ACONCtex	0.0
yf_R_ACONCtex	1.0
yr_R_ACONTa_1	0.0
yf_R_ACONTa_1	0.0
yr_R_ACONTb_1	0.0
yf_R_ACONTb_1	0.0
yf_R_ACPPD	0.0
yf_R_ACSERL	0.0
yr_R_ACSERtex	0.0
yf_R_ACSERtex	0.0
yf_R_ACSPHAC100	0.0
yf_R_ACSPHAC101	0.0
yf_R_ACSPHAC120	0.0
yf_R_ACSPHAC121	0.0
yf_R_ACSPHAC121d6	0.0
yf_R_ACSPHAC140	0.0
yf_R_ACSPHAC141	0.0
yf_R_ACSPHAC141d5	0.0
yf_R_ACSPHAC142	0.0
yf_R_ACSPHAC160	0.0
yf_R_ACSPHAC40	0.0
yf_R_ACSPHAC50	0.0
yf_R_ACSPHAC60	0.0
yf_R_ACSPHAC70	0.0
yf_R_ACSPHAC80	0.0
yf_R_ACSPHAC90	0.0
yf_R_ACSPHACP100	0.0
yf_R_ACSPHACP40	0.0
yf_R_ACSPHACP50	0.0
yf_R_ACSPHACP60	0.0
yf_R_ACSPHACP70	0.0
yf_R_ACSPHACP80	0.0
yf_R_ACSPHACP90	0.0
yf_R_ACSPHACT40	0.0
yf_R_ACSPHACT60	0.0
yr_R_ACTNdiff	0.0
yf_R_ACTNdiff	0.0
yr_R_ACTNtex	0.0
yf_R_ACTNtex	0.0
yf_R_ACTNtpp	0.0
yf_R_ACYP_2	0.0
yf_R_ACYP_3	0.0
yr_R_ACYSBMNt	0.0
yf_R_ACYSBMNt	0.0
yr_R_ACt2ipp	0.0
yf_R_ACt2r	0.0
yr_R_ACt2r_1	0.0
yf_R_ACt5pp	0.0
yf_R_ACtr	0.0
yf_R_ADA	0.0
yr_R_ADAPAT	0.0
yf_R_ADAPAT	1.0
yf_R_ADCPS1	0.0
yf_R_ADCPS2	0.0
yf_R_ADCi	0.0
yf_R_ADEt2	0.0
yr_R_ADEtex	0.0
yf_R_ADEtex	0.0
yr_R_ADK2_1	0.0
yf_R_ADK2_1	0.0
yr_R_ADK3	0.0
yf_R_ADK3	0.0
yr_R_ADK4	0.0
yf_R_ADK4	0.0
yr_R_ADKd	0.0
yf_R_ADKd	0.0
yf_R_ADNK3	0.0
yf_R_ADNK4	0.0
yf_R_ADNt2	0.0
yf_R_ADNt2pp	1.0
yr_R_ADNtex	0.0
yf_R_ADNtex	0.0
yr_R_ADOCBIAH	0.0
yf_R_ADOCBIAH	0.0
yf_R_ADOCBIK	0.0
yf_R_ADPDS	0.0
yf_R_ADPGLC	1.0
yr_R_ADPTA	0.0
yf_R_ADPTA	0.0
yf_R_ADSELK	0.0
yf_R_ADSELR2	0.0
yf_R_ADtr	1.0
yr_R_AEPTA	0.0
yf_R_AEPTA	0.0
yr_R_AEPtex	0.0
yf_R_AEPtex	1.0
yf_R_AGM3PH	1.0
yf_R_AGM3Pt2pp	0.0
yf_R_AGM4PCPpp	0.0
yf_R_AGM4PH	1.0
yf_R_AGM4Pt2pp	1.0
yf_R_AGMDA	0.0
yf_R_AGMH	1.0
yf_R_AGMabcpp	0.0
yf_R_AGMt2pp	1.0
yr_R_AGMtex	0.0
yf_R_AGMtex	1e-06
yf_R_AGPAT120	0.0
yf_R_AGPAT141	-2.168404344971009e-22
yf_R_AGPOP	0.0
yr_R_AGTi	0.0
yf_R_AGTi	0.0
yf_R_AGt3	0.0
yr_R_AGtex	0.0
yf_R_AGtex	0.0
yf_R_AGtpp	0.0
yr_R_AHGDx	0.0
yf_R_AHGDx	0.0
yf_R_AHMMPDPT	0.0
yf_R_AHMMPS	0.0
yf_R_AHMMPS2	0.0
yf_R_AHSERL	0.0
yf_R_AHSERL2_1	0.0
yf_R_AI2K	0.0
yf_R_AI2abcpp	0.0
yr_R_AI2tex	1.0
yf_R_AI2tex	0.0
yf_R_AI4AH	0.0
yf_R_AIRC2	0.0
yr_R_AIRC3	0.0
yf_R_AIRC3	0.0
yf_R_AIRC4	0.0
yf_R_AIRCra	0.0
yf_R_AIRCrb	0.0
yf_R_AIRSK	0.0
yr_R_AIRStex	0.0
yf_R_AIRStex	0.0
yr_R_AIRStpp	0.0
yf_R_AIRStpp	0.0
yr_R_AKGDa	0.0
yf_R_AKGDa	0.0
yf_R_AKGDb	0.0
yr_R_AKGt	0.0
yf_R_AKGt	0.0
yf_R_AKGt2r	0.0
yr_R_AKGt2r_1	0.0
yf_R_AKGt2rpp	0.0
yr_R_AKGtex	0.0
yf_R_AKGtex	0.0
yf_R_AKO	0.0
yf_R_AKP1_2	0.0
yf_R_ALAALAD	0.0
yf_R_ALAALAD_1	0.0
yr_R_ALAALAtex	0.0
yf_R_ALAALAtex	0.0
yf_R_ALAD_L2	0.0
yr_R_ALAGLUE	0.0
yf_R_ALAGLUE	0.0
yr_R_ALAHIStex	0.0
yf_R_ALAHIStex	1.0
yr_R_ALALEUtex	0.0
yf_R_ALALEUtex	1.0
yr_R_ALAS	0.0
yf_R_ALAS	0.0
yr_R_ALATHRtex	0.0
yf_R_ALATHRtex	1.0
yr_R_ALATRPtex	0.0
yf_R_ALATRPtex	1.0
yf_R_ALAt4pp	0.0
yr_R_ALAtex	-9.999990000009998e-07
yf_R_ALAtex	9.999990000010003e-07
yf_R_ALAtpp	1.0
yr_R_ALCD1	0.0
yf_R_ALCD1	0.0
yr_R_ALCD22_L	0.0
yf_R_ALCD22_L	0.0
yr_R_ALCD3ir	0.0
yf_R_ALCD3ir	0.0
yr_R_ALCD4	0.0
yf_R_ALCD4	0.0
yf_R_ALCD4y	0.0
yf_R_ALCDpp	0.0
yr_R_ALDD31	0.0
yf_R_ALDD31	0.0
yr_R_ALDH_1	0.0
yf_R_ALDH_1	0.0
yf_R_ALDR	0.0
yf_R_ALGAC1	0.0
yf_R_ALGAC2	0.0
yf_R_ALGAC3	0.0
yf_R_ALGAC4	0.0
yf_R_ALGAC5	0.0
yr_R_ALGE1	0.0
yf_R_ALGE1	0.0
yr_R_ALGE2	0.0
yf_R_ALGE2	0.0
yr_R_ALGE3	0.0
yf_R_ALGE3	0.0
yr_R_ALGE4	0.0
yf_R_ALGE4	0.0
yr_R_ALGE5	0.0
yf_R_ALGE5	0.0
yr_R_ALGE6	0.0
yf_R_ALGE6	0.0
yr_R_ALGE7	0.0
yf_R_ALGE7	0.0
yr_R_ALGE8	0.0
yf_R_ALGE8	0.0
yr_R_ALGE9	0.0
yf_R_ALGE9	0.0
yf_R_ALGL	0.0
yf_R_ALGL2	0.0
yf_R_ALGSex1	0.0
yf_R_ALGSex10	0.0
yf_R_ALGSex11	0.0
yf_R_ALGSex12	0.0
yf_R_ALGSex13	0.0
yf_R_ALGSex2	0.0
yf_R_ALGSex3	0.0
yf_R_ALGSex4	0.0
yf_R_ALGSex5	0.0
yf_R_ALGSex6	0.0
yf_R_ALGSex7	0.0
yf_R_ALGSex8	0.0
yf_R_ALGSex9	0.0
yf_R_ALKP_1	0.0
yf_R_ALLK	0.0
yr_R_ALLPI	0.0
yf_R_ALLPI	0.0
yr_R_ALLTAHr	0.0
yf_R_ALLTAHr	0.0
yf_R_ALLTAMH2	0.0
yr_R_ALLTNRA	0.0
yf_R_ALLTNRA	0.0
yf_R_ALLTNt2r	0.0
yf_R_ALLTNt2rpp	0.0
yr_R_ALLTNtex	0.0
yf_R_ALLTNtex	0.0
yr_R_ALL_D_Et	0.0
yf_R_ALL_D_Et	0.0
yr_R_ALLtex	0.0
yf_R_ALLtex	0.0
yf_R_ALMPC	0.0
yf_R_ALOX	0.0
yf_R_ALR3	1.0
yf_R_ALR4x	1.0
yf_R_AM2Et	0.0
yf_R_AMALT1	0.0
yf_R_AMALT2	0.0
yf_R_AMALT3	0.0
yf_R_AMALT4	0.0
yr_R_AMANAPEr	0.0
yf_R_AMANAPEr	1.0
yf_R_AMID2	0.0
yf_R_AMID2_1	0.0
yf_R_AMMQLT8_2	0.0
yf_R_AMMQT8	0.0
yf_R_AMPAH	0.0
yf_R_AMPMS2	0.0
yf_R_AMPN	0.0
yf_R_AMPt6	0.0
yr_R_AMPtex	0.0
yf_R_AMPtex	0.0
yf_R_ANDO1	0.0
yf_R_ANDO2	0.0
yr_R_ANHGMtex	0.0
yf_R_ANHGMtex	0.0
yf_R_ANTDR	0.0
yr_R_AOXSr	0.0
yf_R_AOXSr	0.0
yf_R_AP3S	0.0
yr_R_APAT_1	0.0
yf_R_APAT_1	0.0
yr_R_APATr	0.0
yf_R_APATr	-2.117582368135751e-22
yf_R_APCt5	0.0
yf_R_APCt6	0.0
yr_R_APCtex	0.0
yf_R_APCtex	0.0
yf_R_APCtpp	0.0
yf_R_APDH	0.0
yf_R_APENTAMAH2	0.0
yf_R_APH120	0.0
yf_R_APH140	0.0
yf_R_APH141	0.0
yf_R_APH160	0.0
yf_R_APH161	0.0
yf_R_APH180	0.0
yf_R_APH181	0.0
yf_R_APPAT	0.0
yr_R_APPLDHr	0.0
yf_R_APPLDHr	0.0
yf_R_APRTO2	1.0
yf_R_APSR2	0.0
yr_R_APTNAT	0.0
yf_R_APTNAT	1.0
yr_R_ARABDI	0.0
yf_R_ARABDI	0.0
yf_R_ARABR	0.0
yr_R_ARAB_Dt	0.0
yf_R_ARAB_Dt	0.0
yr_R_ARAB_Lt	0.0
yf_R_ARAB_Lt	0.0
yr_R_ARACHTA	0.0
yf_R_ARACHTA	0.0
yr_R_ARAI	0.0
yf_R_ARAI	0.0
yr_R_ARAT	0.0
yf_R_ARAT	0.0
yf_R_ARApts	0.0
yr_R_ARBT6Pt	0.0
yf_R_ARBT6Pt	0.0
yf_R_ARBTtex	0.0
yf_R_ARB_Dabc	0.0
yf_R_ARBabcpp	0.0
yf_R_ARBt2rpp	0.0
yr_R_ARBtex	0.0
yf_R_ARBtex	0.0
yf_R_ARD	0.0
yf_R_ARD_1	0.0
yr_R_ARGAGMt7pp	0.0
yf_R_ARGAGMt7pp	0.0
yf_R_ARGDCpp	0.0
yf_R_ARGDI	0.0
yr_R_ARGKr	0.0
yf_R_ARGKr	0.0
yf_R_ARGN	0.0
yr_R_ARGORNt3	0.0
yf_R_ARGORNt3	0.0
yr_R_ARGORNt7	0.0
yf_R_ARGORNt7	0.0
yr_R_ARGORNt7pp	0.0
yf_R_ARGORNt7pp	0.0
yr_R_ARGPt6	0.0
yf_R_ARGPt6	0.0
yr_R_ARGR	0.0
yf_R_ARGR	0.0
yf_R_ARGSS2	0.0
yf_R_ARGt2pp	0.0
yf_R_ARGt3pp	0.0
yr_R_ARGt5r	0.0
yf_R_ARGt5r	0.0
yr_R_ARGtex	0.0
yf_R_ARGtex	0.0
yf_R_ARNO	0.0
yr_R_AROAT	0.0
yf_R_AROAT	0.0
yf_R_AROH	0.0
yr_R_ARSR	0.0
yf_R_ARSR	0.0
yr_R_ARUH	0.0
yf_R_ARUH	0.0
yr_R_ASAD_1	0.0
yf_R_ASAD_1	0.0
yr_R_ASCBtex	0.0
yf_R_ASCBtex	0.0
yr_R_ASLP	0.0
yf_R_ASLP	0.0
yf_R_ASNN_1	0.0
yf_R_ASNNpp	0.0
yf_R_ASNS2	0.0
yf_R_ASNabcpp	0.0
yf_R_ASNt2r	0.0
yr_R_ASNtex	0.0
yf_R_ASNtex	0.0
yf_R_ASO3t2pp	0.0
yf_R_ASO3t8pp	0.0
yr_R_ASO3tex	0.0
yf_R_ASO3tex	0.0
yr_R_ASO3tex_1	0.0
yf_R_ASO3tex_1	0.0
yf_R_ASO4rt2rpp	0.0
yf_R_ASO4t	0.0
yf_R_ASP3H	0.0
yf_R_ASP4DC	0.0
yf_R_ASPA2	0.0
yr_R_ASPDTDe	0.0
yf_R_ASPDTDe	0.0
yf_R_ASPO2	0.0
yf_R_ASPO2y	0.0
yf_R_ASPO3	0.0
yf_R_ASPO4	0.0
yf_R_ASPO5	0.0
yf_R_ASPO5_2	0.0
yf_R_ASPSALy	0.0
yf_R_ASPT	0.0
yf_R_ASPTA4	0.0
yf_R_ASPabcpp	0.0
yf_R_ASPt2_3pp	0.0
yr_R_ASPte	0.0
yf_R_ASPte	0.0
yr_R_ASPtex	0.0
yf_R_ASPtex	0.0
yr_R_ASPtpp	1.0
yf_R_ASPtpp	0.0
yf_R_AST	0.0
yr_R_ATPS4rpp	0.0
yf_R_ATPS4rpp	0.0
yr_R_AT_MBD2	0.0
yf_R_AT_MBD2	0.0
yr_R_BALAALAtex	0.0
yf_R_BALAALAtex	1.0
yr_R_BALABALAtex	0.0
yf_R_BALABALAtex	1.0
yr_R_BALAGLYtex	0.0
yf_R_BALAGLYtex	1.0
yr_R_BALALEUtex	0.0
yf_R_BALALEUtex	1.0
yr_R_BALAtex	0.0
yf_R_BALAtex	1.0
yr_R_BARB	0.0
yf_R_BARB	0.0
yf_R_BCOALIG	0.0
yf_R_BCOALIG2	0.0
yf_R_BEF	0.0
yf_R_BGLApp	0.0
yr_R_BILIVERDtex	0.0
yf_R_BILIVERDtex	0.0
yr_R_BILIVERDtpp	0.0
yf_R_BILIVERDtpp	0.0
yf_R_BKDA2	0.0
yr_R_BKDC	0.0
yf_R_BKDC	0.0
yr_R_BKDC1	0.0
yf_R_BKDC1	0.0
yr_R_BLAMDtex	0.0
yf_R_BLAMDtex	1.0
yf_R_BMNMSHS	0.0
yr_R_BMNt	0.0
yf_R_BMNt	0.0
yf_R_BNOCA	0.0
yf_R_BPNT	0.0
yf_R_BPNT2	0.0
yf_R_BPNT_1	1.0
yr_R_BSCT	1e-06
yf_R_BSCT	0.0
yf_R_BTCOARx	0.0
yf_R_BTCR	0.0
yr_R_BTDDtex	0.0
yf_R_BTDDtex	0.0
yr_R_BTDDtpp	0.0
yf_R_BTDDtpp	0.0
yf_R_BTDt6_RR	0.0
yr_R_BTDt_RR	0.0
yf_R_BTDt_RR	0.0
yr_R_BTNTe	0.0
yf_R_BTNTe	1.0
yf_R_BTNt2ipp	0.0
yr_R_BTNtex	0.0
yf_R_BTNtex	0.0
yf_R_BTOHt2rpp	0.0
yr_R_BTS2	0.0
yf_R_BTS2	0.0
yf_R_BTS4	0.0
yf_R_BTS_1	0.0
yf_R_BTS_nadph	0.0
yf_R_BUP	0.0
yr_R_BUTH	0.0
yf_R_BUTH	0.0
yf_R_BZ12DOX	0.0
yf_R_BZALCt2pp	0.0
yr_R_BZALDH	0.0
yf_R_BZALDH	0.0
yr_R_BZALt	0.0
yf_R_BZALt	0.0
yf_R_BZALt2pp	0.0
yf_R_BZDIOLDH	0.0
yr_R_BZSCD	0.0
yf_R_BZSCD	0.0
yr_R_BZSCT	0.0
yf_R_BZSCT	0.0
yr_R_BZSS	0.0
yf_R_BZSS	0.0
yf_R_BZt1pp	0.0
yf_R_BZt2_pp	0.0
yf_R_CA2abc	0.0
yf_R_CA2abc1pp	0.0
yf_R_CA2abcpp	0.0
yf_R_CA2t3pp	0.0
yf_R_CAATPS	0.0
yf_R_CACOAHA	0.0
yf_R_CADVtpp	0.0
yf_R_CAFFCOA	0.0
yf_R_CAMPP	0.0
yf_R_CARBSARAH	0.0
yr_R_CARNtex	0.0
yf_R_CARNtex	1.0
yf_R_CAT23DOX	0.0
yf_R_CATDOX	0.0
yr_R_CATECHOLtex	0.0
yf_R_CATECHOLtex	0.0
yr_R_CATECHOLtpp	0.0
yf_R_CATECHOLtpp	0.0
yf_R_CATpp	0.0
yr_R_CAt6	0.0
yf_R_CAt6	0.0
yr_R_CAt6pp	0.0
yf_R_CAt6pp	0.0
yf_R_CBMK4	0.0
yr_R_CBMKr	0.0
yf_R_CBMKr	0.0
yf_R_CBMKr2	0.0
yf_R_CBPAH	0.0
yf_R_CCPpp	0.0
yf_R_CD2tpp	1.0
yf_R_CD6P	0.0
yf_R_CDAPPA120	0.0
yf_R_CDAPPA140	0.0
yf_R_CDAPPA141	0.0
yf_R_CDAPPA160	0.0
yf_R_CDAPPA160190	0.0
yf_R_CDAPPA161	0.0
yf_R_CDAPPA180	0.0
yf_R_CDAPPA181	0.0
yf_R_CDAPPA190	0.0
yf_R_CDAPPA_HP	0.0
yr_R_CDDTPP	0.0
yf_R_CDDTPP	0.0
yr_R_CDHG	0.0
yf_R_CDHG	0.0
yf_R_CDPMEK_1	0.0
yf_R_CDPPT160	1.0
yf_R_CELASE1	0.0
yf_R_CELASE2	0.0
yf_R_CELASEpp	0.0
yr_R_CELLB_Et	0.0
yf_R_CELLB_Et	0.0
yf_R_CELLS	0.0
yf_R_CELLex	0.0
yr_R_CEPA	0.0
yf_R_CEPA	0.0
yr_R_CGLYtex	0.0
yf_R_CGLYtex	0.0
yr_R_CH4St	0.0
yf_R_CH4St	0.0
yf_R_CHCD	0.0
yf_R_CHCOAL	0.0
yf_R_CHLD	0.0
yf_R_CHLP	0.0
yf_R_CHLabc_rev	0.0
yf_R_CHLabcpp	0.0
yf_R_CHLt2	0.0
yf_R_CHLt2pp	0.0
yr_R_CHLtex	0.0
yf_R_CHLtex	0.0
yf_R_CHOD	0.0
yf_R_CHOL1	0.0
yf_R_CHOLCOA	0.0
yf_R_CHOLD2	0.0
yf_R_CHOLD3	0.0
yf_R_CHOLK	0.0
yf_R_CHOLSH	0.0
yr_R_CHOLS_ex	0.0
yf_R_CHOLS_ex	0.0
yf_R_CHOLSabc	0.0
yf_R_CHOLt4ipp	0.0
yf_R_CHORS_1	0.0
yf_R_CHORt2	0.0
yf_R_CHORt2rpp	0.0
yr_R_CHORtex	0.0
yf_R_CHORtex	0.0
yf_R_CHRPL	0.0
yf_R_CHSTEROLt_1	0.0
yr_R_CHTBStex	0.0
yf_R_CHTBStex	0.0
yf_R_CIGAMS	0.0
yf_R_CINNDO	0.0
yf_R_CINNMCOAH	0.0
yr_R_CINNMtex	0.0
yf_R_CINNMtex	0.0
yr_R_CINNMtpp	0.0
yf_R_CINNMtpp	0.0
yr_R_CITACt	0.0
yf_R_CITDAPPD	0.0
yf_R_CITL	0.0
yf_R_CITRt2r	0.0
yf_R_CITabc	0.0
yf_R_CITt10	0.0
yf_R_CITt11	0.0
yf_R_CITt12	0.0
yf_R_CITt13	0.0
yf_R_CITt15	0.0
yf_R_CITt2r	0.0
yf_R_CITt3	0.0
yf_R_CITt3pp	1.0
yf_R_CITt4_1	0.0
yf_R_CITt4pp	0.0
yf_R_CITt7pp	0.0
yf_R_CITt_kt	0.0
yr_R_CITtex	0.0
yf_R_CITtex	0.0
yr_R_CLBtex	0.0
yf_R_CLBtex	0.0
yf_R_CLPNH120pp	0.0
yf_R_CLPNH140pp	0.0
yf_R_CLPNH141pp	0.0
yf_R_CLPNH160pp	0.0
yf_R_CLPNH161pp	0.0
yf_R_CLPNH180pp	0.0
yf_R_CLPNH181pp	0.0
yr_R_CLPNS120pp	0.0
yf_R_CLPNS120pp	0.0
yr_R_CLPNS140pp	0.0
yf_R_CLPNS140pp	0.0
yr_R_CLPNS141pp	0.0
yf_R_CLPNS141pp	0.0
yr_R_CLPNS160	0.0
yf_R_CLPNS160	0.0
yr_R_CLPNS160pp	0.0
yf_R_CLPNS160pp	0.0
yr_R_CLPNS161pp	0.0
yf_R_CLPNS161pp	0.0
yr_R_CLPNS180pp	0.0
yf_R_CLPNS180pp	0.0
yr_R_CLPNS181pp	0.0
yf_R_CLPNS181pp	0.0
yr_R_CLS	0.0
yf_R_CLS	0.0
yr_R_CLt3_2pp	0.0
yr_R_CLt3r_2	0.0
yf_R_CLtipp	0.0
yf_R_CMCBTFL	0.0
yf_R_CMCBTFR1	0.0
yf_R_CMCBTFR2	0.0
yf_R_CMCBTFU	0.0
yf_R_CMCBTFtex	0.0
yf_R_CMCBTFtonex	0.0
yf_R_CMCBTFtpp	0.0
yf_R_CMCMSAD	0.0
yf_R_CMHMI	0.0
yf_R_CMPN	0.0
yf_R_CMPt6	0.0
yr_R_CMPtex	0.0
yf_R_CMPtex	0.0
yf_R_CMt2ex	0.0
yf_R_CMt2ppi	0.0
yr_R_CMtex	0.0
yf_R_CMtex	0.0
yf_R_CMtexabc	0.0
yf_R_CMtpp	0.0
yr_R_CO2FO	0.0
yf_R_COALCDH	0.0
yf_R_COALDDH	0.0
yr_R_COAt	0.0
yf_R_COAt	0.0
yf_R_COB1NDAAT2	0.0
yf_R_COBALT2tpp	0.0
yr_R_COCO2	0.0
yf_R_COCO2	0.0
yf_R_COCOAHA	0.0
yr_R_COHG	0.0
yf_R_COHG	0.0
yf_R_COLD	0.0
yr_R_CONFRLtex	0.0
yf_R_CONFRLtex	0.0
yr_R_CONFRLtpp	0.0
yf_R_CONFRLtpp	0.0
yr_R_COt	0.0
yf_R_COt	0.0
yf_R_CPGNR1	0.0
yf_R_CPGNR2	0.0
yf_R_CPGNR3	0.0
yf_R_CPGNUtex	0.0
yf_R_CPGNUtpp	0.0
yf_R_CPGNabcpp	0.0
yf_R_CPGNtonex	0.0
yr_R_CPK1	0.0
yf_R_CPK1	0.0
yf_R_CPP3FC	0.0
yf_R_CPP3O1	0.0
yf_R_CPPPGO2	0.0
yf_R_CREAT	0.0
yr_R_CREATtex	0.0
yf_R_CREATtex	0.0
yf_R_CREATtpp	0.0
yf_R_CRESOLtex	0.0
yf_R_CRESt2ipp	0.0
yr_R_CREStex	0.0
yf_R_CREStex	0.0
yr_R_CRNCBCT	0.0
yf_R_CRNCBCT	0.0
yr_R_CRNCDH	0.0
yf_R_CRNCDH	0.0
yf_R_CRNDH	0.0
yf_R_CRNDabcpp	0.0
yf_R_CRNDt2rpp	0.0
yf_R_CRNabcpp	0.0
yf_R_CRNt2rpp	0.0
yf_R_CRNt7pp	0.0
yf_R_CRNt8pp	0.0
yr_R_CRNtex	0.0
yf_R_CRNtex	0.0
yf_R_CRTNIH	0.0
yf_R_CRTNh	0.0
yr_R_CRTNtex	0.0
yf_R_CRTNtex	0.0
yf_R_CRTNtpp	0.0
yf_R_CSND	0.0
yf_R_CSND_1	0.0
yf_R_CSNt2	0.0
yf_R_CSNt2pp	0.0
yr_R_CSNtex	0.0
yf_R_CSNtex	0.0
yf_R_CSPMDDC	0.0
yf_R_CSPMDDH	0.0
yf_R_CT6PT	0.0
yf_R_CTBTabcpp	0.0
yr_R_CTBTt2rpp	0.0
yf_R_CTBTt2rpp	0.0
yr_R_CTHG	0.0
yf_R_CTHG	0.0
yr_R_CTI1	0.0
yf_R_CTI1	0.0
yf_R_CTLD	0.0
yf_R_CTPS1_2	0.0
yf_R_CU1Opp	0.0
yf_R_CU2t4pp	0.0
yf_R_CU2tonex	0.0
yf_R_CU2tpp	1.0
yf_R_CUabcpp	0.0
yf_R_CYANSTpp	0.0
yr_R_CYANtex	0.0
yf_R_CYANtex	0.0
yf_R_CYNTAH	0.0
yf_R_CYNTAH_1	0.0
yf_R_CYNTt2pp	0.0
yr_R_CYNTtex	0.0
yf_R_CYNTtex	0.0
yf_R_CYO1_KT	0.0
yf_R_CYO1b	0.0
yf_R_CYO4pp	0.0
yf_R_CYOO2pp	0.0
yf_R_CYP1	0.0
yf_R_CYP2	0.0
yf_R_CYP3	0.0
yf_R_CYSDDS	0.0
yr_R_CYSDSF	0.0
yf_R_CYSDSF	0.0
yf_R_CYSDabcpp	0.0
yr_R_CYSDtex	0.0
yf_R_CYSDtex	0.0
yf_R_CYSGLYt2ir	0.0
yf_R_CYSIabcpp	0.0
yf_R_CYSLY3	0.0
yf_R_CYSTA	0.0
yf_R_CYSTabc	0.0
yf_R_CYSt2r	0.0
yr_R_CYStec	0.0
yf_R_CYStec	0.0
yr_R_CYStex	0.0
yf_R_CYStex	0.0
yr_R_CYTBCYTC	0.0
yf_R_CYTBCYTC	0.0
yf_R_CYTBD	0.0
yf_R_CYTBD2	0.0
yf_R_CYTBDpp	0.0
yf_R_CYTBMQOR2pp	0.0
yf_R_CYTBO3_4pp	0.0
yf_R_CYTCBB3pp	0.0
yf_R_CYTDK1_1	0.0
yf_R_CYTDK2_1	0.0
yf_R_CYTDt2pp	0.0
yf_R_CYTDt4	0.0
yr_R_CYTDtex	1.0
yf_R_CYTDtex	0.0
yr_R_CYTK11_1	0.0
yf_R_CYTK11_1	0.0
yr_R_CYTK2_1	0.0
yf_R_CYTK2_1	0.0
yf_R_CYTMQOR3pp	0.0
yr_R_Clt	0.0
yf_R_Clt	1.0
yf_R_Cuabc	0.0
yf_R_D23APt	0.0
yr_R_D3AIBT	0.0
yf_R_D3AIBT	0.0
yf_R_D4DGCD	0.0
yf_R_D5KGK	1.0
yf_R_D5KGPA	1.0
yf_R_DAAD	0.0
yf_R_DAAD11	0.0
yf_R_DAAD12	0.0
yf_R_DAAD2	0.0
yf_R_DAAD3	0.0
yf_R_DAAD4	0.0
yf_R_DAAD5	0.0
yf_R_DAAD7	0.0
yf_R_DAAD8	0.0
yf_R_DABAAT	0.0
yf_R_DACHpts	0.0
yr_R_DACL	0.0
yf_R_DACL	1.0
yf_R_DACTPP	0.0
yf_R_DACTt3	0.0
yf_R_DADA	0.0
yf_R_DADNt2	0.0
yf_R_DADNt2pp	0.0
yr_R_DADNtex	0.0
yf_R_DADNtex	0.0
yf_R_DAGK120	0.0
yf_R_DAGK140	0.0
yf_R_DAGK141	4.7235518449425135e-23
yf_R_DAGK161	0.0
yf_R_DAGK180	0.0
yf_R_DAGK181	0.0
yf_R_DAGK_LLA	0.0
yf_R_DAGLIPA160ex	0.0
yf_R_DAGLIPA180ex	0.0
yf_R_DAGLIPA181d9ex	0.0
yf_R_DAGLIPA182d9d12ex	0.0
yf_R_DALAabcpp	0.0
yr_R_DALAtex	0.0
yf_R_DALAtex	0.0
yr_R_DAMPtex	0.0
yf_R_DAMPtex	0.0
yf_R_DAPADHL	0.0
yf_R_DAPAL	0.0
yf_R_DAPAT	1.0
yr_R_DAPtex	0.0
yf_R_DAPtex	0.0
yf_R_DARBabcpp	0.0
yf_R_DARBt2rpp	0.0
yr_R_DARBtex	0.0
yf_R_DARBtex	0.0
yf_R_DARGabcpp	0.0
yr_R_DARGtex	0.0
yf_R_DARGtex	0.0
yf_R_DASNabcpp	0.0
yr_R_DASNtex	0.0
yf_R_DASNtex	0.0
yf_R_DASYN160190	0.0
yf_R_DASYN190190	0.0
yr_R_DASYN_HP	0.0
yf_R_DASYN_HP	0.0
yf_R_DATCY	0.0
yf_R_DATUP	0.0
yf_R_DAUPP	0.0
yf_R_DBTS	0.0
yf_R_DC6PH	0.0
yr_R_DCAtex	0.0
yf_R_DCAtex	1.0
yf_R_DCMPDA_1	0.0
yr_R_DCMPtex	0.0
yf_R_DCMPtex	0.0
yf_R_DCPP	0.0
yf_R_DCTCP	0.0
yf_R_DCTPD	0.0
yf_R_DCTPD2	0.0
yf_R_DCTPD2_1	0.0
yf_R_DCTPD_1	0.0
yf_R_DCTUP	0.0
yf_R_DCYTt2pp	0.0
yr_R_DCYTtex	0.0
yf_R_DCYTtex	0.0
yf_R_DDCAt2pp	0.0
yf_R_DDCAtexi	1.0
yf_R_DDGALK	0.0
yr_R_DDGLCNtex	0.0
yf_R_DDGLCNtex	0.0
yf_R_DDPA_1	0.0
yr_R_DDPGALA	0.0
yf_R_DDPGALA	0.0
yf_R_DESAT16	0.0
yf_R_DESAT18	0.0
yf_R_DESATPE160	0.0
yf_R_DESATPG160	0.0
yf_R_DEXTRINt2	0.0
yf_R_DGAK	0.0
yf_R_DGBUTNH	0.0
yf_R_DGLACH	0.0
yr_R_DGMPtex	0.0
yf_R_DGMPtex	0.0
yf_R_DGSNt2	0.0
yf_R_DGSNt2pp	0.0
yr_R_DGSNtex	0.0
yf_R_DGSNtex	0.0
yf_R_DGTCY	0.0
yf_R_DGTUP	0.0
yf_R_DGUDBUTNabcpp	0.0
yr_R_DGUDBUTNtex	0.0
yf_R_DGUDBUTNtex	0.0
yf_R_DGUO	0.0
yf_R_DGUPP	0.0
yf_R_DH23t	1.0
yf_R_DH35O	0.0
yf_R_DH36M	0.0
yf_R_DH3MCHCDH	0.0
yf_R_DH4MCHCDH	0.0
yr_R_DHACOAH	0.0
yf_R_DHACOAH	1.0
yr_R_DHAPtr	0.0
yf_R_DHAPtr	0.0
yr_R_DHAt	0.0
yf_R_DHAt	0.0
yr_R_DHAtex	0.0
yf_R_DHAtex	0.0
yr_R_DHAtpp	0.0
yf_R_DHAtpp	0.0
yf_R_DHBS	0.0
yf_R_DHBSH	0.0
yf_R_DHBSH_1	0.0
yf_R_DHBSZ3FEabcpp	0.0
yf_R_DHBSZ3FEtonex	0.0
yf_R_DHBSZ3tex	0.0
yf_R_DHBZS2H	0.0
yf_R_DHBZS3H	0.0
yf_R_DHCIND	0.0
yf_R_DHCINDO	0.0
yf_R_DHDPRx_r	0.0
yf_R_DHEDAA	0.0
yf_R_DHFOR	0.0
yf_R_DHFR2i	0.0
yf_R_DHMPTR	0.0
yf_R_DHNAOT	0.0
yf_R_DHNAOT4	0.0
yf_R_DHNAOT_1	1.0
yf_R_DHNPA	0.0
yr_R_DHNPA2r	0.0
yf_R_DHNPA2r	0.0
yf_R_DHORD2	0.0
yf_R_DHORD3	0.0
yf_R_DHORD5	0.0
yf_R_DHORD6	0.0
yr_R_DHORD_NAD	0.0
yf_R_DHORDfum	0.0
yf_R_DHPD	0.0
yf_R_DHPDO	0.0
yf_R_DHPM1	0.0
yf_R_DHPM2	0.0
yf_R_DHPPD	0.0
yf_R_DHPPDA2	0.0
yf_R_DHPPDA_2	0.0
yf_R_DHPt	0.0
yf_R_DHQS_2	0.0
yr_R_DHR_1	0.0
yf_R_DHR_1	0.0
yf_R_DHSKDH	0.0
yr_R_DIACTt	0.0
yf_R_DIACTt	0.0
yr_R_DIMPtex	0.0
yf_R_DIMPtex	0.0
yf_R_DINSt2	0.0
yf_R_DINSt2pp	0.0
yr_R_DINStex	0.0
yf_R_DINStex	0.0
yf_R_DKGLCNR1	0.0
yf_R_DKGLCNR2x	0.0
yf_R_DKGLCNR2y	0.0
yf_R_DKGLCNR3	0.0
yf_R_DKMPPD	0.0
yf_R_DKMPPD3	0.0
yr_R_DLASNR	0.0
yf_R_DLASNR	0.0
yr_R_DLCYSR	0.0
yf_R_DLCYSR	0.0
yf_R_DLEUabcpp	0.0
yr_R_DLEUtex	0.0
yf_R_DLEUtex	0.0
yr_R_DLMETR	0.0
yf_R_DLMETR	0.0
yf_R_DLYSAD	0.0
yr_R_DLYSOXGAT	0.0
yf_R_DLYSOXGAT	0.0
yr_R_DLYSPYRAT	0.0
yf_R_DLYSPYRAT	0.0
yr_R_DLYStex	0.0
yf_R_DLYStex	0.0
yf_R_DMALRED	0.0
yr_R_DMBI	0.0
yf_R_DMBI	0.0
yr_R_DMGDH2	0.0
yf_R_DMGDH2	0.0
yf_R_DMGLYBabcpp	0.0
yr_R_DMGLYtex	0.0
yf_R_DMGLYtex	0.0
yf_R_DMPPS_syn	0.0
yr_R_DMSO2tex	0.0
yf_R_DMSO2tex	0.0
yf_R_DMSOR1pp	0.0
yf_R_DMSOR2pp	0.0
yr_R_DMSOtex	0.0
yf_R_DMSOtex	0.0
yr_R_DMStex	0.0
yf_R_DMStex	0.0
yf_R_DOP1	0.0
yf_R_DOP2	0.0
yr_R_DOPAtex	0.0
yf_R_DOPAtex	0.0
yr_R_DOPAtpp	0.0
yf_R_DOPAtpp	0.0
yr_R_DOPDH	0.0
yf_R_DOPDH	0.0
yf_R_DORNabcpp	0.0
yr_R_DORNtex	0.0
yf_R_DORNtex	0.0
yr_R_DOXRBCNtex	0.0
yf_R_DOXRBCNtex	0.0
yf_R_DOXRBCNtpp	0.0
yf_R_DPCOAK_1	0.0
yf_R_DPHEt2rpp	0.0
yr_R_DPHEtex	0.0
yf_R_DPHEtex	0.0
yf_R_DPMVD	0.0
yf_R_DPROabcpp	0.0
yr_R_DPROtex	0.0
yf_R_DPROtex	0.0
yr_R_DR1ORx	0.0
yf_R_DR1ORx	0.0
yf_R_DR1ORy	0.0
yf_R_DRBK_1	0.0
yf_R_DRIBt2	0.0
yr_R_DRIBtex	0.0
yf_R_DRIBtex	0.0
yf_R_DRIBtex_1	0.0
yf_R_DRIBtpp	0.0
yf_R_DRU1Ptex	0.0
yr_R_DSERtex	0.0
yf_R_DSERtex	1.0
yf_R_DTARTD	0.0
yf_R_DTBTST	0.0
yf_R_DTBTt	0.0
yf_R_DTMPt6	0.0
yr_R_DTMPtex	0.0
yf_R_DTMPtex	0.0
yf_R_DTTGY	0.0
yf_R_DTTUP	0.0
yf_R_DTUPP	0.0
yf_R_DTYRt2rpp	0.0
yr_R_DTYRtex	0.0
yf_R_DTYRtex	0.0
yf_R_DUCYTP	0.0
yr_R_DUMPtex	0.0
yf_R_DUMPtex	0.0
yr_R_DURAD	0.0
yf_R_DURAD	0.0
yr_R_DURAD2	0.0
yf_R_DURAD2	0.0
yr_R_DURADx	0.0
yf_R_DURADx	0.0
yf_R_DURIK1_1	0.0
yf_R_DURIt2	0.0
yf_R_DURIt2pp	0.0
yr_R_DURItex	0.0
yf_R_DURItex	0.0
yr_R_DUTCP	0.0
yf_R_DUTCP	0.0
yf_R_DUTPDP_1	0.0
yf_R_DUTUP	0.0
yf_R_DUUPP	0.0
yf_R_DVALabcpp	0.0
yr_R_DVALtex	0.0
yf_R_DVALtex	0.0
yf_R_DXYLK	0.0
yr_R_DXYLONtex	0.0
yf_R_DXYLONtex	0.0
yr_R_DXYLONtpp	0.0
yf_R_DXYLONtpp	0.0
yr_R_DXYLTD	0.0
yf_R_DXYLTD	0.0
yr_R_DXYLUDtex	0.0
yf_R_DXYLUDtex	0.0
yf_R_DXYLUDtpp	0.0
yf_R_D_LACt2	0.0
yf_R_D_LACt2pp	0.0
yr_R_D_LACtex	0.0
yf_R_D_LACtex	0.0
yr_R_E4PD	0.0
yf_R_E4PD	1.0
yf_R_E4POR1	0.0
yf_R_EAR100y	0.0
yf_R_EAR120y	0.0
yf_R_EAR140y	0.0
yf_R_EAR141y	0.0
yf_R_EAR80y	0.0
yr_R_ECHA191	0.0
yf_R_ECHA191	0.0
yr_R_ECHA192	0.0
yf_R_ECHA192	0.0
yr_R_ECHA193	0.0
yf_R_ECHA193	0.0
yf_R_ECHA20	0.0
yf_R_ECTOH	0.0
yf_R_ECTOabcpp	0.0
yr_R_ECTOtex	0.0
yf_R_ECTOtex	0.0
yf_R_EDD	0.0
yf_R_EHGLAT	0.0
yf_R_ENOPH	0.0
yf_R_ENTCS	0.0
yf_R_ENTERES	0.0
yf_R_ENTERES2	0.0
yf_R_ENTERGLCT1	0.0
yf_R_ENTERGLCT2	0.0
yf_R_ENTERH	0.0
yf_R_ENTERHpp	0.0
yf_R_ETHAAL	0.0
yr_R_ETHAt	0.0
yf_R_ETHAt	0.0
yf_R_ETHAt2pp	0.0
yf_R_ETHAt6	0.0
yr_R_ETHAtex	0.0
yf_R_ETHAtex	0.0
yr_R_ETOHt	0.0
yf_R_ETOHt	0.0
yf_R_ETOHt2r	0.0
yf_R_ETOHt2rpp	0.0
yf_R_ETOHt3	0.0
yr_R_F6PA	0.0
yf_R_F6PA	0.0
yf_R_F6Pt6_2	0.0
yf_R_F6Pt6_2pp	0.0
yr_R_F6Ptex	0.0
yf_R_F6Ptex	0.0
yr_R_F6Ptex_1	0.0
yf_R_F6Ptex_1	0.0
yf_R_FA100ACPHi	0.0
yf_R_FA120ACPHi	0.0
yf_R_FA140ACPHi	0.0
yf_R_FA141ACPHi	0.0
yf_R_FA160ACPHi	0.0
yf_R_FA161ACPHi	0.0
yf_R_FACOAE100	0.0
yf_R_FACOAE120	0.999999
yf_R_FACOAE141	0.0
yf_R_FACOAE180	1.0
yf_R_FACOAE181	0.0
yf_R_FACOAE1829Z12Z	0.0
yf_R_FACOAE50	0.0
yf_R_FACOAE60	0.0
yf_R_FACOAE70	0.0
yf_R_FACOAE80	0.0
yf_R_FACOAE90	0.0
yf_R_FACOAL141	0.0
yf_R_FACOAL180	0.0
yf_R_FACOAL1812	0.0
yf_R_FACOAL181d11tpp	0.0
yf_R_FACOAL181d6t2pp	0.0
yf_R_FACOAL1821	0.0
yf_R_FACOAL182t2pp	0.0
yr_R_FACOAL200	0.0
yf_R_FACOAL200	0.0
yf_R_FACOAL40It2pp	0.0
yf_R_FACOAL40t2pp	0.0
yf_R_FACOAL50It2pp	0.0
yf_R_FACOAL50i	0.0
yf_R_FACOAL50t2pp	0.0
yf_R_FACOAL60i	0.0
yf_R_FACOAL70t2pp	0.0
yf_R_FACOAL80	0.0
yf_R_FACOAL90i	0.0
yf_R_FACOAL90t2pp	0.0
yf_R_FACOALP100t2pp	0.0
yf_R_FACOALP50t2pp	0.0
yf_R_FACOALP60t2pp	0.0
yf_R_FACOALP70t2pp	0.0
yf_R_FACOALP80t2pp	0.0
yf_R_FACOALP90t2pp	0.0
yr_R_FACOALPHDCA	0.0
yf_R_FACOALPHDCA	0.0
yr_R_FACOALPREPH	0.0
yf_R_FACOALPREPH	0.0
yf_R_FACOALT60t2pp	0.0
yf_R_FACOAL_70_c	0.0
yf_R_FADB2	0.0
yf_R_FADB3	0.0
yf_R_FADD17	0.0
yf_R_FADD3	0.0
yr_R_FADE233	0.0
yf_R_FADE233	0.0
yf_R_FADE281	0.0
yf_R_FADE282	0.0
yf_R_FADE30	0.0
yf_R_FADE51	0.0
yf_R_FADE52	0.0
yf_R_FADOX	0.0
yf_R_FADRx	0.0
yf_R_FADRx2	0.0
yf_R_FAD_1	0.0
yf_R_FAD_11	0.0
yf_R_FAD_12	0.0
yf_R_FAD_13	0.0
yf_R_FAD_14	0.0
yf_R_FAD_2	0.0
yf_R_FAD_3	0.0
yf_R_FAD_4	0.0
yf_R_FAD_5	0.0
yf_R_FAD_6	0.0
yf_R_FAD_7	0.0
yr_R_FADtex	0.0
yf_R_FADtex	0.0
yr_R_FALDH2	0.0
yf_R_FALDH2	0.0
yf_R_FALDM	0.0
yr_R_FALDtex	0.0
yf_R_FALDtex	0.0
yf_R_FALDtpp2	0.0
yf_R_FAO1	0.0
yf_R_FAO10	0.0
yf_R_FAO11	0.0
yf_R_FAO2	0.0
yf_R_FAO3	0.0
yf_R_FAS100	0.0
yf_R_FAS120	0.0
yf_R_FAS160	0.0
yf_R_FAS161	0.0
yf_R_FAS180	0.0
yf_R_FAS181	0.0
yf_R_FAS200	0.0
yf_R_FAS80_L	0.0
yf_R_FASm220	0.0
yf_R_FASm240	0.0
yf_R_FASm260	0.0
yf_R_FASm280	0.0
yf_R_FBACabcpp	0.0
yr_R_FCI	0.0
yf_R_FCI	0.0
yf_R_FCLK	0.0
yr_R_FCLPA	0.0
yf_R_FCLPA	0.0
yf_R_FCLT	0.0
yf_R_FCLT2	0.0
yf_R_FCOAH2	0.0
yf_R_FCOAHA	0.0
yf_R_FDH4pp	0.0
yf_R_FDH4pp_1	0.0
yf_R_FDH5pp	0.0
yf_R_FDH5pp_1	0.0
yf_R_FDH5r2pp	0.0
yf_R_FDH6r	0.0
yf_R_FDMO	1.0
yf_R_FDMO1	0.0
yf_R_FDMO2	0.0
yf_R_FDMO2_1	0.0
yf_R_FDMO3	1.0
yf_R_FDMO3_1	1.0
yf_R_FDMO4	1.0
yf_R_FDMO4_1	1.0
yf_R_FDMO5	0.0
yf_R_FDMO5_1	0.0
yf_R_FDMO6	1.0
yf_R_FDMO6_1	0.0
yf_R_FDMO7	0.0
yf_R_FDMO_1	0.0
yf_R_FDMOtau	0.0
yf_R_FE2t2pp	0.0
yf_R_FE2tpp	0.0
yf_R_FE3DCITR3	0.0
yf_R_FE3DCITR5	0.0
yf_R_FE3DCITabc	0.0
yf_R_FE3DCITtonex	0.0
yf_R_FE3DHBZR	0.0
yf_R_FE3DHBZS3R	0.0
yf_R_FE3DHBZSabcpp	0.0
yf_R_FE3DHBZStonex	0.0
yf_R_FE3PYOVD2tonex	0.0
yr_R_FE3PYOVDDR2	0.0
yf_R_FE3PYOVDDR2	0.0
yf_R_FE3Ri	0.0
yf_R_FEDHBZS3R1	0.0
yf_R_FEDHBZS3R2	0.0
yf_R_FEDHBZS3R3	0.0
yf_R_FEENTER2tpp	0.0
yf_R_FEENTERES	0.0
yf_R_FEENTERR1	0.0
yf_R_FEENTERR2	0.0
yf_R_FEENTERR3	0.0
yf_R_FEENTERR4	0.0
yf_R_FEENTERabcpp	0.0
yf_R_FEENTERtex	0.0
yf_R_FEENTERtonex	0.0
yf_R_FEENTERtpp	0.0
yf_R_FEOXAMR1	0.0
yf_R_FEOXAMR2	0.0
yf_R_FEOXAMR3	0.0
yf_R_FEOXAMUtex	0.0
yf_R_FEOXAMUtpp	0.0
yf_R_FEOXAMtonex	0.0
yf_R_FEROc	0.0
yf_R_FEROpp	0.0
yf_R_FERULCOAS	0.0
yr_R_FERtex	0.0
yf_R_FERtex	0.0
yr_R_FERtpp	0.0
yf_R_FERtpp	0.0
yf_R_FESR	0.0
yr_R_FETRANS	0.0
yf_R_FETRANS	0.0
yf_R_FFSD_2	0.0
yf_R_FF_11	0.0
yf_R_FGFT	0.0
yf_R_FGFT_1	0.0
yf_R_FGLU	0.0
yf_R_FLDR	0.0
yf_R_FLVRx	0.0
yf_R_FMNAT_1	0.0
yr_R_FMNtex	0.0
yf_R_FMNtex	0.0
yr_R_FNOR	0.0
yf_R_FNOR	0.0
yr_R_FNRR	0.0
yf_R_FNRR3	0.0
yr_R_FOAMtex	0.0
yf_R_FOAMtex	0.0
yr_R_FOAMtrpp	0.0
yf_R_FOAMtrpp	0.0
yf_R_FOLt	0.0
yf_R_FORAMD	1.0
yr_R_FORCT	0.0
yf_R_FORCT	0.0
yf_R_FORGLUIH2	0.0
yr_R_FORGLUt	4.235164736271502e-22
yf_R_FORGLUt	0.0
yr_R_FORMCOAL	0.0
yf_R_FORMCOAL	0.0
yr_R_FORt	0.0
yf_R_FORt2	0.0
yf_R_FORt2pp	0.0
yf_R_FORtppi	0.0
yf_R_FPRA	0.0
yf_R_FRD	0.0
yf_R_FRD2rpp	0.0
yf_R_FRD5	0.0
yr_R_FRDO	1.0
yf_R_FRTT	0.0
yr_R_FRULYSDG	0.0
yf_R_FRULYSDG	0.0
yr_R_FRULYSE	0.0
yf_R_FRULYSE	0.0
yf_R_FRULYSK	0.0
yf_R_FRULYSt2pp	0.0
yr_R_FRULYStex	0.0
yf_R_FRULYStex	0.0
yf_R_FRUURt2rpp	0.0
yr_R_FRUURtex	0.0
yf_R_FRUURtex	0.0
yf_R_FRUabc	0.0
yf_R_FRUt3	0.0
yr_R_FRUtex	0.0
yf_R_FRUtex	0.0
yf_R_FTCD	0.0
yf_R_FTHFD	0.0
yf_R_FTHFGFT	0.0
yf_R_FTR	0.0
yr_R_FUC_L_Et	0.0
yf_R_FUC_L_Et	0.0
yf_R_FUCpts	0.0
yr_R_FUCtex	0.0
yf_R_FUCtex	0.0
yf_R_FUCtpp	0.0
yr_R_FUMt1pp	0.0
yf_R_FUMt1pp	0.0
yf_R_FUMt2_2	0.0
yf_R_FUMt2_3pp	0.0
yf_R_FUMt2r	0.0
yf_R_FUMt3	0.0
yr_R_FUMtex	0.0
yf_R_FUMtex	0.0
yf_R_FUMtpp	0.0
yr_R_FUMtr	0.0
yf_R_FUMtr	0.0
yr_R_FUSAtex	0.0
yf_R_FUSAtex	0.0
yf_R_FUSAtpp	0.0
yf_R_G1PPpp	0.0
yf_R_G1Pt6_2	0.0
yr_R_G1Ptex	0.0
yf_R_G1Ptex	0.0
yf_R_G2PP	0.0
yf_R_G2PPpp	0.0
yf_R_G3PCT_1	0.0
yr_R_G3PCtex	0.0
yf_R_G3PCtex	0.0
yr_R_G3PD	0.0
yf_R_G3PD	0.0
yr_R_G3PD2	0.0
yf_R_G3PD2	0.0
yf_R_G3PD5	0.0
yf_R_G3PD6	0.0
yf_R_G3PD7	0.0
yr_R_G3PEtex	0.0
yf_R_G3PEtex	0.0
yr_R_G3PGtex	0.0
yf_R_G3PGtex	0.0
yr_R_G3PItex	0.0
yf_R_G3PItex	0.0
yf_R_G3POA_BS	1.0
yr_R_G3PStex	0.0
yf_R_G3PStex	0.0
yf_R_G5SD2	0.0
yf_R_G6PDH1	0.0
yr_R_G6PI2_2	0.0
yf_R_G6PI2_2	0.0
yr_R_G6PI3	0.0
yf_R_G6PI3	0.0
yr_R_G6P_Bt	0.0
yf_R_G6P_Bt	0.0
yf_R_G6Pt6_2	0.0
yf_R_G6Pt6_2pp	0.0
yr_R_G6Ptex	0.0
yf_R_G6Ptex	0.0
yf_R_GACH	0.0
yr_R_GAD2ktpp	0.0
yf_R_GAD2ktpp	0.0
yf_R_GADOX	0.0
yf_R_GAL1PPpp	0.0
yr_R_GAL1Ptex	0.0
yf_R_GAL1Ptex	0.0
yr_R_GAL6PI	0.0
yf_R_GAL6PI	0.0
yf_R_GALAM6PISO	0.0
yf_R_GALAMPTSpp	0.0
yr_R_GALAMtex	0.0
yf_R_GALAMtex	0.0
yr_R_GALBDtex	0.0
yf_R_GALBDtex	0.0
yf_R_GALCTD	0.0
yf_R_GALCTD_1	0.0
yf_R_GALCTLO	0.0
yf_R_GALCTNLt2pp	0.0
yr_R_GALCTNLtex	0.0
yf_R_GALCTNLtex	0.0
yf_R_GALCTNt2pp	0.0
yf_R_GALCTNt2r	0.0
yr_R_GALCTNtex	0.0
yf_R_GALCTNtex	0.0
yf_R_GALCTRt2	0.0
yr_R_GALCT_D_Et	0.0
yf_R_GALCT_D_Et	0.0
yf_R_GALCTt2rpp	0.0
yr_R_GALCTtex	0.0
yf_R_GALCTtex	0.0
yr_R_GALM	0.0
yf_R_GALM	1.0
yf_R_GALM2pp	0.0
yf_R_GALMAN4	0.0
yf_R_GALMAN6	0.0
yr_R_GALTtex	0.0
yf_R_GALTtex	0.0
yr_R_GALUR_Et	0.0
yf_R_GALUR_Et	0.0
yf_R_GALURt2r	0.0
yf_R_GALt2	0.0
yr_R_GALtex	0.0
yf_R_GALtex	0.0
yr_R_GAM6Pt	0.0
yf_R_GAM6Pt	0.0
yf_R_GAM6Pt6_2pp	0.0
yr_R_GAMAN6Ptex	0.0
yf_R_GAMAN6Ptex	0.0
yr_R_GAMtex	0.0
yf_R_GAMtex	0.0
yf_R_GAPD_1	0.0
yf_R_GAPDy	0.0
yf_R_GAPP	0.0
yf_R_GART	0.0
yr_R_GAt1	0.0
yf_R_GAt1	0.0
yf_R_GAt2pp	0.0
yr_R_GBBTNtex	0.0
yf_R_GBBTNtex	0.0
yf_R_GBDM	0.0
yr_R_GCALDt	0.0
yf_R_GCALDt	0.0
yf_R_GCALDtabcpp	0.0
yf_R_GCCL	0.0
yr_R_GCDH	0.0
yf_R_GCDH	0.0
yf_R_GCOADH	0.0
yf_R_GCVHADPr	0.0
yf_R_GCVHRADPr	0.0
yf_R_GD3P2	0.0
yf_R_GDBTALDH	0.0
yr_R_GDOCBIK	0.0
yf_R_GDOCBIK	0.0
yf_R_GDPDPK	0.0
yf_R_GDPDPKE	0.0
yf_R_GDPMANNDH	0.0
yf_R_GDPMNH	0.0
yf_R_GDPMNP	0.0
yf_R_GDPTPDP	1.0
yr_R_GDPtex	0.0
yf_R_GDPtex	0.0
yf_R_GDTPR	0.0
yf_R_GG15DAPAH	0.0
yr_R_GG15DAPDxr	0.0
yf_R_GG15DAPDxr	0.0
yf_R_GG15DAPO	0.0
yf_R_GG15DAPS	0.0
yf_R_GGDAPAH	0.0
yr_R_GGDAPDxr	0.0
yf_R_GGDAPDxr	0.0
yf_R_GGDAPO	0.0
yf_R_GGDAPS	0.0
yr_R_GGGABADr	0.0
yf_R_GGGABADr	0.0
yr_R_GGGABADxr	0.0
yf_R_GGGABADxr	0.0
yf_R_GGGABAH	0.0
yf_R_GGLUCT2	0.0
yf_R_GGPTRCO	0.0
yf_R_GGPTRCS	0.0
yf_R_GGSPMDO	0.0
yf_R_GGSPMDS	0.0
yr_R_GGTAe2	0.0
yf_R_GGTAe2	0.0
yf_R_GGTT	0.0
yf_R_GLBRAN2	0.0
yf_R_GLBRAN3	0.0
yf_R_GLCBPP	0.0
yr_R_GLCE	0.0
yf_R_GLCE	0.0
yf_R_GLCMAN4	0.0
yf_R_GLCMAN6	0.0
yf_R_GLCNt2ir	1.0
yr_R_GLCNtex	0.0
yf_R_GLCNtex	0.0
yf_R_GLCOAS	0.0
yr_R_GLCOASYNT	0.0
yf_R_GLCOASYNT	0.0
yf_R_GLCP3	0.0
yf_R_GLCP4	0.0
yf_R_GLCRAL	0.0
yf_R_GLCRAL_1	0.0
yf_R_GLCRD	0.0
yf_R_GLCRD_1	0.0
yr_R_GLCRt1	1e-06
yf_R_GLCRt1	0.0
yf_R_GLCRt2r	0.0
yf_R_GLCRt2rpp	0.0
yr_R_GLCRtex	0.0
yf_R_GLCRtex	0.0
yf_R_GLCS3_1	0.0
yr_R_GLCUR1Ptex	0.0
yf_R_GLCUR1Ptex	0.0
yr_R_GLCURS1	0.0
yf_R_GLCURS1	0.0
yf_R_GLCURt2r	0.0
yf_R_GLCt2	0.0
yr_R_GLCtex	0.0
yf_R_GLCtex	0.0
yf_R_GLDBRAN2	0.0
yf_R_GLDBRAN3	0.0
yf_R_GLMS_syn	0.0
yf_R_GLNS_1	0.0
yf_R_GLN_NAct	0.0
yr_R_GLNt	0.0
yf_R_GLNt	0.0
yf_R_GLNt2r	0.0
yr_R_GLNtex	0.0
yf_R_GLNtex	0.0
yf_R_GLP5H	0.0
yr_R_GLTPD	0.0
yf_R_GLTPD	1.0
yr_R_GLUABUTt7	0.0
yf_R_GLUABUTt7	0.0
yr_R_GLUABUTt7pp	0.0
yf_R_GLUABUTt7pp	0.0
yf_R_GLUCAN2abc	0.0
yf_R_GLUCANabc	0.0
yf_R_GLUCYS	0.0
yf_R_GLUFT	0.0
yf_R_GLUK_syn	0.0
yf_R_GLUN_1	0.0
yf_R_GLUNpp	0.0
yf_R_GLUTARH	1.0
yf_R_GLUTARt2rpp	0.0
yr_R_GLUTARtex	0.0
yf_R_GLUTARtex	0.0
yf_R_GLUTCOADHc	0.0
yf_R_GLUTRS_2	0.0
yf_R_GLUTRS_3	0.0
yf_R_GLU_Dt2	0.0
yf_R_GLUabcpp	0.0
yr_R_GLUt3	0.0
yf_R_GLUt3	0.0
yr_R_GLUtex	-9.999990000009998e-07
yf_R_GLUtex	9.99999000001e-07
yf_R_GLXCL	0.0
yf_R_GLXO3r	0.0
yr_R_GLXt	0.0
yf_R_GLXt	0.0
yf_R_GLXt2	0.0
yf_R_GLY3Pt2	0.0
yr_R_GLYALDtex	0.0
yf_R_GLYALDtex	0.0
yr_R_GLYALDtpp	0.0
yf_R_GLYALDtpp	0.0
yf_R_GLYBCOAT	0.0
yf_R_GLYBabcpp	0.0
yf_R_GLYBt2pp	0.0
yr_R_GLYBtex	1.0
yf_R_GLYBtex	0.0
yf_R_GLYBti4pp	0.0
yf_R_GLYC2Pabcpp	0.0
yr_R_GLYC2Ptex	0.0
yf_R_GLYC2Ptex	0.0
yf_R_GLYC3Pabc	0.0
yf_R_GLYC3Pt6	0.0
yf_R_GLYC3Pt6pp	0.0
yr_R_GLYC3Ptex	0.0
yf_R_GLYC3Ptex	0.0
yf_R_GLYCAt2rpp	0.0
yr_R_GLYCAtex	0.0
yf_R_GLYCAtex	0.0
yf_R_GLYCDH	9.999999999763531e-07
yf_R_GLYCDx	0.0
yf_R_GLYCK2	0.0
yf_R_GLYCK_1	0.0
yf_R_GLYCLTDy	0.0
yr_R_GLYCLTt	0.0
yf_R_GLYCLTt	0.0
yf_R_GLYCLTt2r	0.0
yf_R_GLYCLTt2rpp	0.0
yf_R_GLYCLTt4pp	0.0
yr_R_GLYCLTtex	0.0
yf_R_GLYCLTtex	0.0
yf_R_GLYCL_2	0.0
yf_R_GLYCOLDHpp	0.0
yr_R_GLYCOLtex	0.0
yf_R_GLYCOLtex	0.0
yf_R_GLYCS_II	0.0
yf_R_GLYCTO2	0.0
yf_R_GLYCTO4	0.0
yr_R_GLYDHDA	0.0
yr_R_GLYGLNtex	0.0
yf_R_GLYGLNtex	1.0
yr_R_GLYGLUtex	0.0
yf_R_GLYGLUtex	1.0
yr_R_GLYGLYtex	0.0
yf_R_GLYGLYtex	1.0
yf_R_GLYK1	0.0
yr_R_GLYMETtex	0.0
yf_R_GLYMETtex	1.0
yf_R_GLYOX3	0.0
yr_R_GLYPHEtex	0.0
yf_R_GLYPHEtex	1.0
yr_R_GLYSERtex	0.0
yf_R_GLYSERtex	1.0
yf_R_GLYTA	0.0
yf_R_GLYabcpp	0.0
yf_R_GLYt4pp	0.0
yr_R_GLYtex	0.0
yf_R_GLYtex	1.0
yr_R_GLYtpp	0.0
yf_R_GLYtpp	0.0
yf_R_GMPS	0.0
yf_R_GMPt6	0.0
yr_R_GMPtex	0.0
yf_R_GMPtex	0.0
yf_R_GNK	0.0
yf_R_GOR1	0.0
yf_R_GOX	0.0
yf_R_GPDDA1_1	0.0
yf_R_GPDDA1pp	0.0
yf_R_GPDDA2_1	0.0
yf_R_GPDDA2pp	0.0
yf_R_GPDDA3_1	0.0
yf_R_GPDDA3pp	0.0
yf_R_GPDDA4_1	0.0
yf_R_GPDDA4pp	0.0
yf_R_GPDDA5pp	0.0
yf_R_GPTNH	0.0
yf_R_GRXR	0.0
yr_R_GSEALD	0.0
yf_R_GSNK	0.0
yf_R_GSNt2	0.0
yf_R_GSNt2pp	1.0
yf_R_GSNt3pp	0.0
yr_R_GSNtex	0.0
yf_R_GSNtex	0.0
yf_R_GSPMDA	0.0
yf_R_GSPMDS	0.0
yf_R_GTHOXti	0.0
yf_R_GTHRDHpp	1.0
yr_R_GTHRDt2	0.0
yr_R_GTHRDtex	0.0
yf_R_GTHRDtex	0.0
yf_R_GTHS	0.0
yf_R_GTMLT	0.0
yf_R_GTPCII2	0.0
yf_R_GTPCII_1	0.0
yf_R_GTPDPDP	0.0
yf_R_GTPH1	0.0
yr_R_GTPtex	0.0
yf_R_GTPtex	0.0
yf_R_GUAD	0.0
yr_R_GUAt	0.0
yf_R_GUAt	0.0
yr_R_GUAtpp	0.0
yf_R_GUAtpp	0.0
yf_R_GUDACabcpp	0.0
yr_R_GUDACtex	0.0
yf_R_GUDACtex	0.0
yf_R_GUDPTNabcpp	0.0
yr_R_GUDPTNtex	0.0
yf_R_GUDPTNtex	0.0
yr_R_GUI1	0.0
yf_R_GUI1	0.0
yr_R_GUI2	0.0
yf_R_GUI2	1e-06
yf_R_GULNLR	0.0
yr_R_GULNLtex	0.0
yf_R_GULNLtex	0.0
yf_R_GULNLtpp	0.0
yf_R_GUR1PPpp	0.0
yr_R_GalMr_2	0.0
yf_R_GalMr_2	0.0
yf_R_GluForTx	0.0
yr_R_H2ASE_syn	0.0
yf_R_H2ASE_syn	0.0
yf_R_H2CD	0.0
yr_R_H2CO3D	0.0
yf_R_H2CO3D	0.0
yr_R_H2CO3TP	0.0
yf_R_H2CO3TP	0.0
yf_R_H2CO3_NAt_syn	0.0
yf_R_H2CPD	0.0
yr_R_H2Stex	0.0
yf_R_H2Stex	0.0
yr_R_H2td	0.0
yf_R_H2td	0.0
yf_R_HACD10i	0.0
yf_R_HACD11i	0.0
yf_R_HACD12i	0.0
yf_R_HACD13i	0.0
yf_R_HACD14i	0.0
yf_R_HACD15i	0.0
yf_R_HACD16i	0.0
yf_R_HACD17i	0.0
yf_R_HACD18i	0.0
yf_R_HACD19i	0.0
yf_R_HACD20i	0.0
yf_R_HACD21i	0.0
yf_R_HACD22i	0.0
yf_R_HACD23i	0.0
yf_R_HACD24i	0.0
yf_R_HACD25i	0.0
yf_R_HACD26i	0.0
yf_R_HACD27i	0.0
yf_R_HACD28i	0.0
yf_R_HACD29i	0.0
yf_R_HACD2i	0.0
yf_R_HACD30i	0.0
yf_R_HACD31i	0.0
yf_R_HACD32i	0.0
yf_R_HACD33i	0.0
yf_R_HACD3i	0.0
yf_R_HACD4i	0.0
yf_R_HACD5i	0.0
yf_R_HACD6i	0.0
yf_R_HACD7i	0.0
yf_R_HACPS	0.0
yf_R_HADPCOADH	1.0
yr_R_HADPCOADH3	0.0
yf_R_HADPCOADH3	0.0
yr_R_HAMR	0.0
yf_R_HAMR	0.0
yf_R_HAMt	0.0
yr_R_HAT40tex	0.0
yf_R_HAT40tex	0.0
yr_R_HAT40tpp	0.0
yf_R_HAT40tpp	0.0
yf_R_HATBH	0.0
yr_R_HBCE	0.0
yf_R_HBCE	0.0
yf_R_HBCH	0.0
yr_R_HBCHLR	0.0
yf_R_HBCHLR	0.0
yr_R_HBCO_nadp	0.0
yf_R_HBCO_nadp	0.0
yf_R_HBRCH	0.0
yf_R_HBZOPT	0.0
yf_R_HCINNMt2rpp	0.0
yr_R_HCINNMtex	0.0
yf_R_HCINNMtex	0.0
yr_R_HCITI	0.0
yf_R_HCITI	0.0
yf_R_HCITS	0.0
yf_R_HCO3abc	0.0
yr_R_HCO3t	0.0
yf_R_HCO3t	0.0
yr_R_HCO3tex	0.0
yf_R_HCO3tex	0.0
yr_R_HCYSS2	0.0
yf_R_HCYStabcpp	0.0
yr_R_HCYStex	0.0
yf_R_HCYStex	0.0
yf_R_HDAD	0.0
yf_R_HDCAt2	0.0
yf_R_HDCAt2pp	0.0
yf_R_HDCAtexi	0.0
yf_R_HDCEAtexi	0.0
yr_R_HDECH	-9.999990000010003e-07
yf_R_HDECH	9.999990000009998e-07
yf_R_HDH	0.0
yf_R_HEMEOS	0.0
yf_R_HEMEti	0.0
yf_R_HETZK_1	0.0
yf_R_HEX1_1	0.0
yf_R_HEX7_1	0.0
yr_R_HG2tex	1.0
yf_R_HG2tex	0.0
yf_R_HG2tppi	0.0
yf_R_HGENTISt2pp	0.0
yr_R_HGENTIStex	0.0
yf_R_HGENTIStex	0.0
yf_R_HIAA	0.0
yr_R_HIAt	0.0
yf_R_HIAt	0.0
yf_R_HIBD	1.0
yf_R_HIBDkt	0.0
yf_R_HIBHr	1.0
yr_R_HICITD	0.0
yf_R_HICITD	0.0
yf_R_HIPA	0.0
yf_R_HIPB	0.0
yr_R_HISGLYtex	0.0
yf_R_HISGLYtex	1.0
yr_R_HISHIStex	0.0
yf_R_HISHIStex	1.0
yr_R_HISTDa	0.0
yf_R_HISTDa	0.0
yf_R_HISTDa_1	0.0
yf_R_HISTDb	0.0
yf_R_HISTDb_1	0.0
yf_R_HISt2r1	0.0
yr_R_HIStex	0.0
yf_R_HIStex	0.0
yr_R_HIUH_c	0.0
yf_R_HIUH_c	0.0
yf_R_HKtpp	0.0
yf_R_HMBS_1	0.0
yf_R_HMEDR	0.0
yf_R_HMEDS	0.0
yr_R_HMGCOAR	0.0
yf_R_HMGCOAR	0.0
yr_R_HMGCOAS	0.0
yf_R_HMPK1_1	0.0
yf_R_HMPK2	0.0
yf_R_HMPK3	0.0
yf_R_HMPK4	0.0
yf_R_HMR_0188	0.0
yf_R_HMR_0260	0.0
yr_R_HMR_3951	0.0
yf_R_HMR_6515	0.0
yr_R_HMR_9638	0.0
yf_R_HMR_9638	0.0
yf_R_HMSD	0.0
yf_R_HMSD2	0.0
yf_R_HMSH	0.0
yf_R_HMSH2	0.0
yf_R_HMSH3	0.0
yr_R_HOMtex	0.0
yf_R_HOMtex	0.0
yf_R_HOMtpp	0.0
yf_R_HOPNTAL	0.0
yf_R_HOPNTAL2	0.0
yf_R_HOXG	0.0
yf_R_HPA3MO	0.0
yf_R_HPACt2r	0.0
yr_R_HPAtex	0.0
yf_R_HPAtex	0.0
yf_R_HPAtexi	0.0
yf_R_HPCOR	0.0
yf_R_HPH4CL	0.0
yf_R_HPHACA	1.0
yf_R_HPPK2	0.0
yf_R_HPPK2_1	0.0
yf_R_HPPPNDO	0.0
yf_R_HPPPNt2rpp	0.0
yr_R_HPPPNtex	0.0
yf_R_HPPPNtex	0.0
yf_R_HPROa	0.0
yr_R_HPROb	0.0
yf_R_HPROb	0.0
yr_R_HPROx	0.0
yf_R_HPROx	0.0
yr_R_HPYRI	0.0
yf_R_HPYRI	0.0
yf_R_HPYRP	0.0
yf_R_HPYRRx	0.0
yf_R_HPYRRy	0.0
yr_R_HQNt6	1.0
yf_R_HQNt6	0.0
yf_R_HSA	0.0
yf_R_HSAC	0.0
yf_R_HSAE	0.0
yf_R_HSK_2	0.0
yf_R_HSST	0.0
yf_R_HXAND	0.0
yr_R_HXAtex	0.0
yf_R_HXAtex	1.0
yf_R_HYD1pp	0.0
yf_R_HYD2	0.0
yf_R_HYD2pp	0.0
yf_R_HYD3pp	0.0
yf_R_HYDA1	0.0
yf_R_HYPOE	1.0
yr_R_HYXNt	0.0
yf_R_HYXNt	0.0
yr_R_HYXNtpp	0.0
yf_R_HYXNtpp	0.0
yf_R_Ht	0.0
yr_R_IBHH	0.0
yf_R_IBHH	0.0
yf_R_IBTOLt	0.0
yf_R_IBUTt	0.0
yf_R_ICAPt	0.0
yr_R_ICDHx	0.0
yf_R_ICDHx	0.0
yr_R_ICITRED	0.0
yf_R_ICITRED	0.0
yf_R_ICITt10	0.0
yf_R_ICITt2	0.0
yf_R_ICITt_kt	0.0
yr_R_ICITtex	0.0
yf_R_ICITtex	1.0
yr_R_ICN	0.0
yf_R_ICN	0.0
yr_R_ID3ACALDt	1.0
yf_R_ID3ACALDt	0.0
yf_R_ID6P	0.0
yr_R_IDOND	0.0
yf_R_IDOND	0.0
yf_R_IDOND2	0.0
yf_R_IDONt2rpp	0.0
yr_R_IDONtex	0.0
yf_R_IDONtex	0.0
yf_R_IDPh_1	0.0
yf_R_IG3PS	0.0
yf_R_IGPDH	0.0
yr_R_ILEDHr_1	0.0
yf_R_ILEDHr_1	0.0
yr_R_ILETA2	0.0
yf_R_ILETA2	0.0
yf_R_ILEt2rpp	0.0
yf_R_ILEt3pp	0.0
yf_R_IM4A	0.0
yr_R_IMPtex	0.0
yf_R_IMPtex	0.0
yr_R_IND3ACtex	0.0
yf_R_IND3ACtex	1.0
yf_R_IND3ACtpp	1.0
yr_R_INDOLEt2pp	0.0
yf_R_INDOLEt2rpp	0.0
yf_R_INDOLEt5	0.0
yf_R_INDOLEt6	0.0
yr_R_INDOLEtex	0.0
yf_R_INDOLEtex	0.0
yf_R_INDOLEtpp	0.0
yr_R_INDPYRD	0.0
yf_R_INDPYRD	0.0
yr_R_INOSTO	0.0
yf_R_INOSTO	0.0
yr_R_INOST_Et	0.0
yf_R_INOST_Et	0.0
yf_R_INOSTt4pp	0.0
yf_R_INOSTtpp	0.0
yf_R_INSK	0.0
yr_R_INSTtex	0.0
yf_R_INSTtex	0.0
yf_R_INSt2	0.0
yf_R_INSt2pp	0.0
yf_R_INSt3pp	0.0
yr_R_INStex	0.0
yf_R_INStex	0.0
yf_R_IPDAB	0.0
yf_R_IPDPS_syn	0.0
yf_R_IPMD2	0.0
yf_R_IPMD_1	0.0
yr_R_IPPT	0.0
yf_R_IPPT	0.0
yf_R_ISOAML	0.0
yr_R_ISOMS	0.0
yf_R_ISOMS	0.0
yf_R_IT6PT	0.0
yr_R_ITPOXAL	0.0
yf_R_IVALt	0.0
yf_R_IVCS	0.0
yr_R_KARA4	0.0
yf_R_KARA4	0.0
yf_R_KARI_1	0.0
yf_R_KARI_23dhmp_1	0.0
yf_R_KAT1	0.0
yf_R_KAT10	0.0
yf_R_KAT11	0.0
yf_R_KAT12	0.0
yf_R_KAT13	0.0
yf_R_KAT14	0.0
yf_R_KAT15	0.0
yf_R_KAT16	0.0
yf_R_KAT17	0.0
yf_R_KAT18	0.0
yf_R_KAT19	0.0
yf_R_KAT20	0.0
yf_R_KAT21	0.0
yf_R_KAT22	0.0
yf_R_KAT23	0.0
yf_R_KAT24	0.0
yf_R_KAT25	0.0
yf_R_KAT26	0.0
yf_R_KAT27	0.0
yf_R_KAT28	0.0
yf_R_KAT29	0.0
yf_R_KAT30	0.0
yf_R_KAT31	0.0
yf_R_KAT32	0.0
yf_R_KAT33	0.0
yf_R_KG6PDC	0.0
yr_R_KGD2	0.0
yf_R_KSH	0.0
yf_R_Kt2pp	0.0
yf_R_Kt3pp	0.0
yf_R_L2OA	0.0
yf_R_LAAF	0.0
yf_R_LAAL1	0.0
yr_R_LACLt2	0.0
yf_R_LACLt2	0.0
yf_R_LACZpp	1.0
yr_R_LACpts	0.0
yf_R_LACpts	0.0
yf_R_LADGMDH	0.0
yr_R_LALADGLUtex	0.0
yf_R_LALADGLUtex	0.0
yf_R_LALADGLUtpp	0.0
yr_R_LALALGLUtex	0.0
yf_R_LALALGLUtex	1.0
yf_R_LALALGLUtpp	0.0
yr_R_LALDO	0.0
yf_R_LALDO	0.0
yf_R_LALDO2x	0.0
yf_R_LALDO3	0.0
yr_R_LASP2OA	0.0
yf_R_LASP2OA	0.0
yr_R_LAT	0.0
yf_R_LAT	0.0
yr_R_LCARR	0.0
yf_R_LCARR	0.0
yr_R_LCARS	0.0
yf_R_LCARS	0.0
yf_R_LCARSyi	0.0
yf_R_LCTSt	0.0
yr_R_LCTStex	0.0
yf_R_LCTStex	0.0
yf_R_LCTStpp	0.0
yf_R_LDAPAT	0.0
yf_R_LDGUNPD	1.0
yf_R_LDH_D1	0.0
yf_R_LDH_D2	0.0
yr_R_LEULEUtex	0.0
yf_R_LEULEUtex	1.0
yf_R_LEUTAi	0.0
yf_R_LEUt2rpp	0.0
yr_R_LEUt4rpp	0.0
yf_R_LEUt4rpp	0.0
yf_R_LHISO	0.0
yf_R_LHIST	0.0
yf_R_LIPATPT	0.0
yf_R_LIPO1S24_BS	1.0
yf_R_LIPO2S24_BS	1.0
yf_R_LIPO4S24_BS	1.0
yf_R_LIPOt2pp	0.0
yr_R_LIPOtex	0.0
yf_R_LIPOtex	0.0
yf_R_LMN2	0.0
yf_R_LNLCtexi	0.0
yf_R_LO	0.0
yf_R_LPCOXc	0.0
yf_R_LPLIPAL1A120pp	0.0
yf_R_LPLIPAL1A141pp	-4.809163809812784e-22
yf_R_LPLIPAL1A160pp	1.0
yf_R_LPLIPAL1A161pp	1.0
yf_R_LPLIPAL1A180pp	0.0
yf_R_LPLIPAL1A181pp	0.0
yf_R_LPLIPAL1E120pp	0.0
yf_R_LPLIPAL1E141pp	0.0
yf_R_LPLIPAL1E160pp	0.0
yf_R_LPLIPAL1E161pp	0.0
yf_R_LPLIPAL1E180pp	1.0
yf_R_LPLIPAL1E181d11pp	0.0
yf_R_LPLIPAL1E181pp	0.0
yf_R_LPLIPAL1G120pp	0.0
yf_R_LPLIPAL1G141pp	0.0
yf_R_LPLIPAL1G160pp	0.0
yf_R_LPLIPAL1G161pp	0.0
yf_R_LPLIPAL1G180pp	0.0
yf_R_LPLIPAL1G181d11pp	0.0
yf_R_LPLIPAL1G181pp	0.0
yf_R_LPLIPAL2A120	0.0
yf_R_LPLIPAL2A141	0.0
yf_R_LPLIPAL2A160	0.0
yf_R_LPLIPAL2A161	0.0
yf_R_LPLIPAL2A180	0.0
yf_R_LPLIPAL2A181	0.0
yf_R_LPLIPAL2E120	0.0
yf_R_LPLIPAL2E141	0.0
yf_R_LPLIPAL2E160	0.0
yf_R_LPLIPAL2E161	1e-06
yf_R_LPLIPAL2E180	0.0
yf_R_LPLIPAL2E181	0.0
yf_R_LPLIPAL2G120	0.0
yf_R_LPLIPAL2G141	0.0
yf_R_LPLIPAL2G160	0.0
yf_R_LPLIPAL2G161	0.0
yf_R_LPLIPAL2G180	0.0
yf_R_LPLIPAL2G181	1.0
yf_R_LTDCL	0.0
yf_R_LYSMO	0.0
yr_R_LYSRC	0.0
yf_R_LYSRC	0.0
yf_R_LYSt2pp	0.0
yf_R_LYSt2r	0.0
yr_R_LYSt5r	0.0
yf_R_LYSt5r	0.0
yf_R_LYXI	0.0
yr_R_LYX_L_Et	0.0
yf_R_LYX_L_Et	0.0
yf_R_LYXt2pp	0.0
yr_R_LYXtex	0.0
yf_R_LYXtex	0.0
yf_R_L_LACD	0.0
yf_R_L_LACD2	0.0
yf_R_L_LACD3	0.0
yf_R_L_LACD3_1	0.0
yf_R_L_LACt2r	0.0
yf_R_L_LACt2rpp	0.0
yf_R_L_LACt3	0.0
yr_R_L_LACtex	0.0
yf_R_L_LACtex	0.0
yr_R_LacR	0.0
yf_R_LacR	0.0
yf_R_M2BCT	0.0
yf_R_M2Bt	0.0
yf_R_M4POt	0.0
yf_R_MACACI	1.0
yf_R_MAGLIPA160ex	0.0
yf_R_MAGLIPA180ex	0.0
yf_R_MAGLIPA181d9ex	0.0
yf_R_MAGLIPA182d9d12ex	0.0
yr_R_MAK	0.0
yf_R_MAK	0.0
yr_R_MALDtex	0.0
yf_R_MALDtex	1.0
yr_R_MALEI	0.0
yf_R_MALEI	0.0
yf_R_MALLAC	0.0
yf_R_MALTHPabc	0.0
yf_R_MALTHXtexi	0.0
yf_R_MALTPTtexi	0.0
yf_R_MALTT	0.0
yf_R_MALTTRtexi	0.0
yf_R_MALTTTRtexi	0.0
yf_R_MALTtexi	0.0
yr_R_MAL_D_Et	0.0
yf_R_MAL_D_Et	0.0
yf_R_MAL_Dt2	0.0
yf_R_MALt10	0.0
yf_R_MALt2_2	0.0
yf_R_MALt2_3pp	0.0
yf_R_MALt2r	0.0
yf_R_MALt3pp	0.0
yr_R_MALt3r	0.0
yf_R_MALt5	0.0
yr_R_MALtex	0.0
yf_R_MALtex	0.0
yf_R_MALtpp	0.0
yf_R_MAN1PT2	0.0
yr_R_MAN1Pt6	0.0
yf_R_MAN1Pt6	0.0
yf_R_MAN6Gpts	0.0
yf_R_MAN6Pt6	0.0
yf_R_MAN6Pt6_2	0.0
yf_R_MAN6Pt6_2pp	0.0
yr_R_MAN6Ptex	0.0
yf_R_MAN6Ptex	0.0
yf_R_MANA1	0.0
yf_R_MANA2	0.0
yf_R_MANA3	0.0
yr_R_MANAO	0.0
yf_R_MANAO	0.0
yr_R_MANGLYCtex	0.0
yf_R_MANGLYCtex	1.0
yf_R_MANabc	0.0
yf_R_MANabcpp	0.0
yr_R_MANtex	0.0
yf_R_MANtex	0.0
yf_R_MB2CFO	0.0
yr_R_MBCOAi	0.0
yf_R_MBCOAi	1.0
yr_R_MCA	0.0
yf_R_MCA	1.0
yf_R_MCBTFR1	0.0
yf_R_MCBTFR2	0.0
yf_R_MCBTFtex	0.0
yf_R_MCBTFtonex	0.0
yf_R_MCBTFtpp	0.0
yf_R_MCBTS3	0.0
yf_R_MCD	0.0
yf_R_MCITD	0.0
yf_R_MCITS	1.0
yf_R_MCPST	0.0
yr_R_MCSNtex	0.0
yf_R_MCSNtex	0.0
yf_R_MCSNtpp	0.0
yf_R_MDH2	0.0
yf_R_MDH3	0.0
yf_R_MDH3_1	0.0
yf_R_MDH4	0.0
yf_R_ME1	0.0
yf_R_MECDPDH	0.0
yf_R_MECDPDH3_syn	0.0
yr_R_MECDPDH4E	0.0
yf_R_MECDPDH4E	0.0
yf_R_MECDPDH_syn	0.0
yf_R_MEHLER	0.0
yr_R_MELIB_Et	0.0
yf_R_MELIB_Et	0.0
yf_R_MELIBt2	0.0
yf_R_MELIBt2pp	0.0
yr_R_MELIBtex	0.0
yf_R_MELIBtex	0.0
yr_R_MEOHt2	0.0
yf_R_MEOHt2	0.0
yf_R_MEPCT_1	0.0
yr_R_METB2	0.0
yf_R_METB2	0.0
yr_R_METDtex	0.0
yf_R_METDtex	0.0
yf_R_METGLCUR	0.0
yf_R_METGLCURt2pp	0.0
yr_R_METGLCURtex	0.0
yf_R_METGLCURtex	0.0
yr_R_METRR	0.0
yf_R_METRR	0.0
yf_R_METSOX1abcpp	0.0
yr_R_METSOX1tex	0.0
yf_R_METSOX1tex	0.0
yf_R_METSOX2abcpp	0.0
yr_R_METSOX2tex	0.0
yf_R_METSOX2tex	0.0
yf_R_METt2r	0.0
yf_R_METt3	0.0
yr_R_METtex	0.0
yf_R_METtex	0.0
yf_R_MEVK1	0.0
yf_R_MEVK1_1	0.0
yf_R_MEVK2	0.0
yf_R_MEVK3	0.0
yf_R_MEVK4	0.0
yr_R_MEVRt	0.0
yf_R_MEVRt	0.0
yf_R_MG2abc	0.0
yr_R_MG2t3_2pp	0.0
yf_R_MG2tpp	0.0
yf_R_MG2uabcpp	0.0
yr_R_MGCH	0.0
yf_R_MGCH	1.0
yf_R_MGt2pp	0.0
yf_R_MI1PP_1	0.0
yf_R_MI1PS	0.0
yf_R_MI3PP	0.0
yf_R_MI3PP_1	0.0
yr_R_MI3PS	0.0
yf_R_MI3PS	0.0
yr_R_MICITDr	0.0
yf_R_MICITDr	0.0
yf_R_MINOHPtexi	0.0
yf_R_MLG	0.0
yf_R_MLTG3	0.0
yf_R_MLTG4	0.0
yf_R_MLTG5	0.0
yf_R_MLTG6	0.0
yr_R_MLTP1	0.0
yf_R_MLTP1	0.0
yr_R_MLTP2	0.0
yf_R_MLTP2	0.0
yr_R_MLTP3	0.0
yf_R_MLTP3	0.0
yf_R_MMCD	1.0
yr_R_MMETtex	0.0
yf_R_MMETtex	1.0
yf_R_MMTSAO	0.0
yf_R_MN2tipp	0.0
yf_R_MN2tpp	0.0
yr_R_MNL1P_Et	0.0
yf_R_MNL1P_Et	0.0
yf_R_MNLDH2	0.0
yr_R_MNLDHr	0.0
yf_R_MNLDHr	0.0
yr_R_MNLtex	0.0
yf_R_MNLtex	1.0
yf_R_MNNH	0.0
yf_R_MNabc_1	0.0
yf_R_MNabc_rev	0.0
yf_R_MNt2pp	0.0
yf_R_MOBDabc_rev	1.0
yf_R_MOTH1	0.0
yf_R_MOTH2	0.0
yf_R_MOTH3	0.0
yf_R_MOTH4	0.0
yf_R_MOTS1	0.0
yf_R_MOTS2	0.0
yf_R_MOTS3	0.0
yf_R_MOTS4	0.0
yf_R_MOX	0.0
yf_R_MPL	0.0
yf_R_MRF	0.0
yr_R_MSADC	0.0
yf_R_MSADC	0.0
yf_R_MSHS	0.0
yr_R_MSULR	1.0
yf_R_MSULR	0.0
yr_R_MS_1	0.0
yf_R_MS_1	0.0
yr_R_MTAM_1	1.0
yf_R_MTAM_1	0.0
yf_R_MTAP	0.0
yf_R_MTHFR	0.0
yf_R_MTHFR2	0.0
yf_R_MTHFR3_1	0.0
yr_R_MTI	0.0
yf_R_MTI	0.0
yf_R_MTOLDOX	0.0
yf_R_MUCCY_kt	0.0
yr_R_MUCLI	0.0
yf_R_MUCLI	0.0
yf_R_MVNOR	0.0
yf_R_MXMO	0.0
yf_R_MXYLt5	0.0
yf_R_MXYLt6	0.0
yr_R_M_XYLtpp	0.0
yf_R_M_XYLtpp	0.0
yr_R_M_Xylt1	0.0
yf_R_M_Xylt1	0.0
yr_R_Mn2t	0.0
yf_R_N2OR	0.0
yr_R_N2Otex	0.0
yf_R_N2Otex	0.0
yr_R_N2trpp	0.0
yf_R_N2trpp	0.0
yf_R_NACGS	0.0
yf_R_NACHY	0.0
yf_R_NACODA	0.0
yf_R_NACt1pp	0.0
yr_R_NACtex	0.0
yf_R_NACtex	0.0
yf_R_NACtpp	0.0
yf_R_NADH16pp	0.0
yf_R_NADH17pp	0.0
yf_R_NADH18pp	0.0
yf_R_NADH6	0.0
yf_R_NADHNQR	0.0
yf_R_NADHXD	0.0
yr_R_NADHXE	0.0
yf_R_NADHXE	0.0
yf_R_NADN	1.0
yf_R_NADPC	0.0
yf_R_NADPHQR	0.0
yf_R_NADPHQR4	0.0
yf_R_NADPHXD	0.0
yr_R_NADPHXE	0.0
yf_R_NADPHXE	0.0
yf_R_NADPPPS	0.0
yf_R_NADS1_1	0.0
yf_R_NAKt2pp	0.0
yf_R_NAKtr	0.0
yf_R_NAMNPP	0.0
yr_R_NARK	0.0
yf_R_NARK	0.0
yf_R_NAR_syn	0.0
yr_R_NAR_syn_2	0.0
yf_R_NAt	0.0
yf_R_NAt3_1p5pp	0.0
yf_R_NAt3_2pp	0.0
yf_R_NAt6	0.0
yr_R_NCAMUP	0.0
yf_R_NCAMUP	0.0
yf_R_NCBMPTSabcpp	0.0
yr_R_NCBMPTStex	0.0
yf_R_NCBMPTStex	0.0
yf_R_NDH_1	0.0
yf_R_NDP8	0.0
yr_R_NDPK10	0.0
yf_R_NDPK10	0.0
yf_R_NFLGLNH	0.0
yf_R_NFMLDF	0.0
yf_R_NFORGLUAH	0.0
yf_R_NFORGLUAH2	0.0
yr_R_NH4OHDs	0.0
yf_R_NH4OHDs	0.0
yf_R_NH4t3pp	0.0
yf_R_NH4t4	0.0
yf_R_NH4t4pp	0.0
yf_R_NH4ti	0.0
yf_R_NHFRBO	0.0
yf_R_NI2tpp	0.0
yf_R_NITR	0.0
yr_R_NIt5	0.0
yf_R_NIt5	0.0
yf_R_NMNHYD	0.0
yf_R_NMNPtpp	0.0
yf_R_NMNR	0.0
yf_R_NMNS	0.0
yf_R_NMNTP	0.0
yf_R_NMNt7pp	0.0
yr_R_NMNtex	0.0
yf_R_NMNtex	0.0
yf_R_NMTHDA	0.0
yf_R_NO	0.0
yf_R_NO2t2r	0.0
yf_R_NO2t2rpp	0.0
yf_R_NO2t3	0.0
yf_R_NO3R1	0.0
yf_R_NO3R1bpp	0.0
yf_R_NO3R1pp	0.0
yf_R_NO3R2	0.0
yf_R_NO3R2bpp	0.0
yf_R_NO3R2pp	0.0
yf_R_NO3R3pp	0.0
yr_R_NO3t	1.0
yf_R_NO3t	0.0
yf_R_NO3t2	0.0
yf_R_NO3t2pp	0.0
yf_R_NO3t3	0.0
yf_R_NO3t7	0.0
yf_R_NO3t7pp	0.0
yf_R_NONAtexi	0.0
yf_R_NORZpp	0.0
yf_R_NOVBCNtpp	0.0
yr_R_NOt	0.0
yf_R_NOt	0.0
yr_R_NOtex	0.0
yf_R_NOtex	0.0
yf_R_NP1	0.0
yr_R_NP1_1	0.0
yf_R_NP1_1	0.0
yf_R_NPHSa	0.0
yf_R_NPHSb	0.0
yf_R_NT5C	0.0
yf_R_NTD10pp	0.0
yf_R_NTD11	0.0
yf_R_NTD11pp	0.0
yf_R_NTD12pp	0.0
yf_R_NTD1_1	0.0
yf_R_NTD1pp	0.0
yf_R_NTD2pp	0.0
yf_R_NTD3pp	0.0
yf_R_NTD4pp	0.0
yf_R_NTD5pp	0.0
yf_R_NTD6pp	0.0
yf_R_NTD7pp	0.0
yf_R_NTD8pp	0.0
yf_R_NTD9pp	0.0
yf_R_NTP3pp	0.0
yf_R_NTP7	0.0
yf_R_NTPTP1	0.0
yf_R_NTPTP2	0.0
yf_R_NTR3B	0.0
yf_R_NTRARz	0.0
yf_R_NTRIR2x	0.0
yf_R_NTRIR2y	0.0
yf_R_NTRIR3pp	0.0
yf_R_NTRIR4pp	0.0
yf_R_NTRIRx	0.0
yf_R_NTRIRy	0.0
yr_R_O2Stex	0.0
yf_R_O2Stex	0.0
yr_R_O2t	0.0
yf_R_O2t	0.0
yf_R_OAADC	0.0
yr_R_OAAtex	0.0
yf_R_OAAtex	0.0
yf_R_OAKGB	0.0
yf_R_OARGDC	0.0
yf_R_OARGabcpp	0.0
yr_R_OARGtex	0.0
yf_R_OARGtex	0.0
yf_R_OBFOX	0.0
yf_R_OBTFL	0.0
yf_R_OCAALD	0.0
yf_R_OCBT2i	0.0
yr_R_OCBT_2	0.0
yf_R_OCBT_2	0.0
yf_R_OCDCAt2	0.0
yf_R_OCDCAt2pp	0.0
yf_R_OCDCAtexi	0.0
yr_R_OCDCEAt	0.0
yf_R_OCDCEAt	0.0
yf_R_OCDCEAt2pp	0.0
yf_R_OCDCEAtexi	0.0
yf_R_OCDOR	0.0
yr_R_OCOAT2r	0.0
yf_R_OCOAT2r	1.0
yf_R_OCOAT4	0.0
yr_R_OCTAtex	0.0
yf_R_OCTAtex	1.0
yf_R_OCTDPS	1.0
yf_R_OCTSCOAt	0.0
yf_R_ODH2E	0.0
yf_R_OGDE1	0.0
yf_R_OHEDH	0.0
yf_R_OIVD2E	0.0
yr_R_OMAIS	0.0
yf_R_OMAIS	0.0
yf_R_OOR3r	0.0
yf_R_OP4ENH	0.0
yf_R_OP4ENH2	0.0
yf_R_OPAH	0.0
yf_R_OPHBDC	0.0
yf_R_OPHHX	0.0
yf_R_OPHHX3	0.0
yf_R_OPHHXy	0.0
yf_R_OPP	0.0
yf_R_ORN5O	0.0
yr_R_ORNCD	0.0
yf_R_ORNCD	0.0
yf_R_ORNCD_1	0.0
yf_R_ORNCD_2	0.0
yf_R_ORNDC	0.0
yf_R_ORNR	0.0
yr_R_ORNTAC	0.0
yf_R_ORNTAC	0.0
yf_R_ORNabc	0.0
yr_R_ORNt	0.0
yf_R_ORNt	0.0
yf_R_ORNt2	0.0
yf_R_ORNt2r	0.0
yr_R_ORNtex	0.0
yf_R_ORNtex	0.0
yf_R_OROATP	0.0
yr_R_OROTtex	0.0
yf_R_OROTtex	0.0
yf_R_OSUCCL	0.0
yr_R_OXACOAL	0.0
yf_R_OXACOAL	0.0
yf_R_OXAMTC	0.0
yf_R_OXAt	0.0
yr_R_OXAt_1	0.0
yf_R_OXAt_1	0.0
yr_R_OXAtpp	1.0
yf_R_OXCDC	0.0
yf_R_OXCOAHDH	1.0
yr_R_OXFOt4pp	0.0
yf_R_OXFOt4pp	0.0
yf_R_OXGDC2	0.0
yf_R_OXOADLR	0.0
yr_R_P3PCL	0.0
yf_R_P3PCL	0.0
yf_R_P52O	1.0
yr_R_P5CN	0.0
yf_R_P5CN	0.0
yf_R_P5CR2	0.0
yf_R_P5CR_1	0.0
yf_R_P9DH	0.0
yf_R_PABB	0.0
yr_R_PACALDt	1.0
yf_R_PACALDt	0.0
yf_R_PACALDt2rpp	0.0
yr_R_PACALDtex	0.0
yf_R_PACALDtex	0.0
yf_R_PACALtabcpp	0.0
yf_R_PACL	0.0
yf_R_PACOAT	0.0
yr_R_PACPT_1	0.0
yf_R_PACPT_1	0.0
yr_R_PACt1	0.0
yf_R_PACt1	0.0
yf_R_PACt2r	0.0
yr_R_PACt3	0.0
yf_R_PACt3	0.0
yf_R_PAI2I	0.0
yf_R_PAI2T	0.0
yf_R_PALAt2	0.0
yf_R_PALDH	0.0
yr_R_PALDO2	0.0
yf_R_PALDO2	0.0
yf_R_PALDP	0.0
yf_R_PALGSKT	0.0
yf_R_PANTS_1	0.0
yf_R_PAP	1.0
yf_R_PAPA120	0.0
yf_R_PAPA120pp	0.0
yf_R_PAPA140	0.0
yf_R_PAPA140pp	0.0
yf_R_PAPA141	0.0
yf_R_PAPA141pp	4.7235518449425135e-23
yf_R_PAPA160	0.0
yf_R_PAPA160pp	0.0
yf_R_PAPA161	0.0
yf_R_PAPA161pp	0.0
yf_R_PAPA180	0.0
yf_R_PAPA180pp	0.0
yf_R_PAPA181	0.0
yf_R_PAPA181pp	0.0
yf_R_PAPSR2	0.0
yr_R_PAPSSH	0.0
yf_R_PAPSSH	0.0
yf_R_PAP_BS	1.0
yf_R_PAP_LLA	0.0
yf_R_PBAL	0.0
yf_R_PC2DHG	0.0
yf_R_PCADYOX	0.0
yf_R_PCMEH3pp	0.0
yr_R_PCNO	0.0
yf_R_PCNO	0.0
yf_R_PDBL_3	0.0
yf_R_PDBL_4	0.0
yr_R_PDC	0.0
yf_R_PDC	0.0
yf_R_PDH2	0.0
yf_R_PDHa	0.0
yf_R_PDIMAS	0.0
yf_R_PDX5PO2	0.0
yf_R_PDX5POi	0.0
yf_R_PDX5PSa	0.0
yf_R_PDX5PSb	0.0
yr_R_PDX5PSc	0.0
yf_R_PDX5PSc	0.0
yr_R_PDYXPT_c	0.0
yf_R_PDYXPT_c	0.0
yf_R_PEAL2tabc	0.0
yf_R_PEALtabc	0.0
yr_R_PEALtex	0.0
yf_R_PEALtex	0.0
yf_R_PEAMNO	0.0
yf_R_PEAMNO2pp	0.0
yf_R_PEAMNOpp	0.0
yr_R_PEAMNtex	0.0
yf_R_PEAMNtex	0.0
yf_R_PEAOpp	0.0
yr_R_PEAt	0.0
yf_R_PEAt	0.0
yf_R_PEAtabcpp	0.0
yr_R_PENGt1	0.0
yf_R_PENGt1	0.0
yr_R_PENTSOtex	0.0
yf_R_PENTSOtex	0.0
yf_R_PEPC	0.0
yf_R_PEPCK_re	0.0
yf_R_PEPt6	0.0
yf_R_PEPt6pp	0.0
yr_R_PEPtex	0.0
yf_R_PEPtex	0.0
yr_R_PERD	0.0
yf_R_PERD	1.0
yf_R_PFK_3	0.0
yf_R_PFK_4	1e-06
yf_R_PFK_adp	0.0
yr_R_PFK_ppi	0.0
yf_R_PFL	0.0
yf_R_PFOR	0.0
yr_R_PGCM	0.0
yf_R_PGCM	0.0
yr_R_PGI1c	0.0
yf_R_PGI1c	1.0
yr_R_PGLCNDH	0.0
yf_R_PGLCNDH	0.0
yf_R_PGPP120	0.0
yf_R_PGPP120pp	0.0
yf_R_PGPP140	0.0
yf_R_PGPP140pp	0.0
yf_R_PGPP141	0.0
yf_R_PGPP141pp	0.0
yf_R_PGPP160	0.0
yf_R_PGPP160pp	0.0
yf_R_PGPP161	0.0
yf_R_PGPP161pp	0.0
yf_R_PGPP180	0.0
yf_R_PGPP180pp	0.0
yf_R_PGPP181	0.0
yf_R_PGPP181pp	1.0
yf_R_PGSA120	0.0
yf_R_PGSA140	0.0
yf_R_PGSA141	0.0
yf_R_PGSA160	0.0
yf_R_PGSA161	0.0
yf_R_PGSA180	0.0
yf_R_PGSA181	1.0
yf_R_PHACA	0.0
yf_R_PHCD	0.0
yr_R_PHCHGS	0.0
yf_R_PHCHGS	0.0
yr_R_PHDCATA	0.0
yf_R_PHDCATA	0.0
yr_R_PHDCAt	0.0
yf_R_PHDCAt	0.0
yf_R_PHEDCAtexi	0.0
yf_R_PHEHPAtexi	0.0
yf_R_PHEHXAtexi	0.0
yf_R_PHEME2abcpp	0.0
yf_R_PHEMEabcpp	0.0
yf_R_PHEMEtiex	0.0
yf_R_PHEMEtonex	0.0
yf_R_PHENOLt2pp	0.0
yf_R_PHENONAtexi	0.0
yf_R_PHEOCTAtexi	0.0
yf_R_PHEOR	0.0
yr_R_PHEPC	0.0
yf_R_PHEPC	0.0
yr_R_PHEPS	0.0
yf_R_PHEPS	0.0
yf_R_PHEPTtexi	0.0
yr_R_PHER	0.0
yf_R_PHER	0.0
yf_R_PHET	0.0
yf_R_PHETHPTOX3	0.0
yr_R_PHEtec	0.0
yf_R_PHEtec	0.0
yr_R_PHEtex	0.0
yf_R_PHEtex	0.0
yf_R_PHEtipp	0.0
yr_R_PHHL	0.0
yf_R_PHHL	1.0
yf_R_PHNACH	0.0
yr_R_PHNO	0.0
yf_R_PHNO	0.0
yf_R_PHPYROX	0.0
yr_R_PHPYRtex	0.0
yf_R_PHPYRtex	0.0
yf_R_PHPYRtpp	0.0
yr_R_PHTHAT	0.0
yf_R_PHTHAT	0.0
yf_R_PHTHDLS	0.0
yf_R_PHTHDLS2	0.0
yf_R_PHTHS	0.0
yf_R_PHTHS2	0.0
yf_R_PHYCBOXL	0.0
yf_R_PHYTSpp	0.0
yf_R_PIBT	0.0
yr_R_PICH	0.0
yf_R_PICH	0.0
yf_R_PIMEtr	0.0
yf_R_PIt	0.0
yf_R_PIt2rpp	1.0
yf_R_PIt7ipp	0.0
yf_R_PItpp	0.0
yf_R_PIuabcpp	0.0
yf_R_PKETF	0.0
yf_R_PKETX	0.0
yf_R_PLCD	1.0
yf_R_PLIPA1A120pp	0.0
yf_R_PLIPA1A141pp	0.0
yf_R_PLIPA1A160pp	0.0
yf_R_PLIPA1A161pp	0.0
yf_R_PLIPA1A180pp	0.0
yf_R_PLIPA1A181pp	0.0
yf_R_PLIPA1E120pp	0.0
yf_R_PLIPA1E140pp	0.0
yf_R_PLIPA1E141pp	0.0
yf_R_PLIPA1E160	0.0
yf_R_PLIPA1E160pp	1.0
yf_R_PLIPA1E161pp	1.0
yf_R_PLIPA1E180	0.0
yf_R_PLIPA1E180pp	1e-06
yf_R_PLIPA1E181d11pp	0.0
yf_R_PLIPA1E181pp	1.0
yf_R_PLIPA1G120pp	0.0
yf_R_PLIPA1G140pp	0.0
yf_R_PLIPA1G141pp	0.0
yf_R_PLIPA1G160pp	1.0
yf_R_PLIPA1G161pp	1.0
yf_R_PLIPA1G180pp	1.0
yf_R_PLIPA1G181d11pp	0.0
yf_R_PLIPA1G181pp	1.0
yf_R_PLIPA2A120pp	0.0
yf_R_PLIPA2A141pp	-4.809163809812784e-22
yf_R_PLIPA2A160pp	1.0
yf_R_PLIPA2A161pp	1.0
yf_R_PLIPA2A180pp	0.0
yf_R_PLIPA2A181pp	0.0
yf_R_PLIPA2E120pp	0.0
yf_R_PLIPA2E141pp	0.0
yf_R_PLIPA2E160pp	0.0
yf_R_PLIPA2E161pp	0.0
yf_R_PLIPA2E180pp	1.0
yf_R_PLIPA2E181d11pp	0.0
yf_R_PLIPA2E181pp	0.0
yf_R_PLIPA2G120pp	0.0
yf_R_PLIPA2G141pp	0.0
yf_R_PLIPA2G160pp	0.0
yf_R_PLIPA2G161pp	0.0
yf_R_PLIPA2G180pp	0.0
yf_R_PLIPA2G181d11pp	0.0
yf_R_PLIPA2G181pp	0.0
yf_R_PLPS	0.0
yf_R_PMEVK	0.0
yf_R_PNCDC	0.0
yr_R_PNCDC_1	0.0
yf_R_PNCDC_1	0.0
yr_R_PNP_1	0.0
yf_R_PNP_1	0.0
yf_R_PNTOt2	0.0
yr_R_PNTOte	0.0
yf_R_PNTOte	0.0
yr_R_PNTOtex	0.0
yf_R_PNTOtex	1.0
yf_R_POR_syn	1.0
yf_R_POX	0.0
yf_R_POX3	0.0
yf_R_PPA2	0.0
yr_R_PPALtex	0.0
yf_R_PPALtex	0.0
yr_R_PPALtpp	0.0
yf_R_PPALtpp	0.0
yf_R_PPANA	0.0
yr_R_PPAP_Et	0.0
yf_R_PPAP_Et	0.0
yf_R_PPATabc	0.0
yf_R_PPA_1pp	0.0
yf_R_PPAt6	0.0
yf_R_PPAtr	0.0
yf_R_PPCSCT	0.0
yf_R_PPDD	1.0
yf_R_PPDIMAS	0.0
yf_R_PPDK	0.0
yf_R_PPDOy	0.0
yf_R_PPGPPDP	0.0
yf_R_PPGPPDPE	0.0
yf_R_PPIabc	0.0
yr_R_PPItex	0.0
yr_R_PPItex_1	0.0
yf_R_PPItex_1	0.0
yf_R_PPIuabcpp	0.0
yf_R_PPK	0.0
yf_R_PPK2	0.0
yf_R_PPK50_B	0.0
yr_R_PPK50r	0.0
yf_R_PPK50r	0.0
yf_R_PPM2_2	0.0
yf_R_PPNCL2	0.0
yf_R_PPNCL2_1	0.0
yf_R_PPNCL3	0.0
yf_R_PPND2	0.0
yr_R_PPNDH2	0.0
yf_R_PPNDH2	0.0
yf_R_PPOHt2pp	0.0
yf_R_PPPGO2	0.0
yf_R_PPPGO3	0.0
yf_R_PPPGO4	0.0
yr_R_PPPM	0.0
yf_R_PPPM	0.0
yf_R_PPPNDO	0.0
yr_R_PPPNtex	0.0
yf_R_PPPNtex	0.0
yf_R_PPRDNDH	1.0
yr_R_PPRGL	0.0
yf_R_PPRGL	0.0
yf_R_PPS	0.0
yf_R_PPTGS_BS	1.0
yf_R_PPTHpp	0.0
yf_R_PPTT	0.0
yr_R_PPTtex	0.0
yf_R_PPTtex	0.0
yf_R_PPYRDC	0.0
yr_R_PQQH2tpp	0.0
yf_R_PQQH2tpp	0.0
yr_R_PQQtpp	0.0
yf_R_PQQtpp	0.0
yf_R_PRAIS	0.0
yf_R_PRAMPC	0.0
yf_R_PRATPP_1	0.0
yf_R_PRCOA1	0.0
yf_R_PRDX	0.0
yf_R_PREN	0.0
yf_R_PREPHACPH	0.0
yf_R_PREPPACPH	0.0
yr_R_PREPTTA	0.0
yf_R_PREPTTA	0.0
yf_R_PRFGCL	0.0
yf_R_PRO1y	0.0
yf_R_PROD2	0.0
yf_R_PROD3	0.0
yr_R_PROGLYtex	0.0
yf_R_PROGLYtex	1.0
yr_R_PROR	0.0
yf_R_PROR	0.0
yf_R_PROabcpp	0.0
yf_R_PROt3	0.0
yr_R_PROtex	0.0
yf_R_PROtex	1.0
yf_R_PSCLYSt2pp	0.0
yr_R_PSCLYStex	0.0
yf_R_PSCLYStex	0.0
yr_R_PSCVT_1	0.0
yf_R_PSCVT_1	0.0
yf_R_PSD120	0.0
yf_R_PSD141	0.0
yf_R_PSD160	0.0
yf_R_PSD161	1.0
yf_R_PSD180	1.0
yf_R_PSD181	0.0
yr_R_PSER_Dt6	0.0
yf_R_PSER_Dt6	0.0
yf_R_PSER_Lt6	0.0
yr_R_PSERtex	0.0
yf_R_PSERtex	0.0
yf_R_PSP_1	0.0
yf_R_PSP_L_1	0.0
yf_R_PSP_Lpp	0.0
yr_R_PSTA	0.0
yf_R_PSTA	0.0
yf_R_PSUDS	1.0
yr_R_PSURItex	0.0
yf_R_PSURItex	0.0
yf_R_PSURItpp	0.0
yf_R_PTAILE	0.0
yf_R_PTALEU	0.0
yf_R_PTAVAL	0.0
yf_R_PTHRpp	0.0
yf_R_PTOLDOX	0.0
yr_R_PTRCORNt7	0.0
yf_R_PTRCORNt7	0.0
yr_R_PTRCORNt7pp	0.0
yf_R_PTRCORNt7pp	0.0
yf_R_PTRCt2pp	0.0
yr_R_PTRCtex	0.0
yf_R_PTRCtex	0.0
yf_R_PTSLAtexi	0.0
yr_R_PUNP1_1	0.0
yf_R_PUNP1_1	0.0
yr_R_PUNP2_1	0.0
yf_R_PUNP2_1	0.0
yf_R_PUNP3_1	0.0
yr_R_PUNP4_1	0.0
yf_R_PUNP4_1	0.0
yr_R_PUNP5_1	0.0
yf_R_PUNP5_1	0.0
yr_R_PUNP6_1	0.0
yf_R_PUNP6_1	0.0
yr_R_PUNP7_1	0.0
yf_R_PUNP7_1	0.0
yf_R_PUTA3	0.0
yf_R_PXMO	0.0
yf_R_PXYLt5	0.0
yf_R_PXYLt6	0.0
yf_R_PY5CCR	0.0
yf_R_PY5CCR2	0.0
yf_R_PY5CDHE	0.0
yf_R_PYAM5PO	0.0
yf_R_PYDAMK	0.0
yr_R_PYDAMtex	0.0
yf_R_PYDAMtex	0.0
yf_R_PYDAMtpp	0.0
yf_R_PYDXK	0.0
yf_R_PYDXNK	0.0
yf_R_PYDXNO	0.0
yr_R_PYDXNtex	0.0
yf_R_PYDXNtex	0.0
yf_R_PYDXNtpp	0.0
yr_R_PYDXNtr	0.0
yf_R_PYDXNtr	0.0
yr_R_PYDXO	0.0
yf_R_PYDXOR	0.0
yr_R_PYDXS	0.0
yf_R_PYDXS	0.0
yr_R_PYDXtex	0.0
yf_R_PYDXtex	0.0
yf_R_PYDXtpp	0.0
yf_R_PYK2	0.0
yf_R_PYK3	0.0
yf_R_PYK4	0.0
yf_R_PYK5	0.0
yf_R_PYK6	0.0
yf_R_PYOA	0.0
yf_R_PYOVDM1	0.0
yf_R_PYOVDM2	0.0
yf_R_PYRDC	0.0
yf_R_PYRDOX	0.0
yf_R_PYROX	0.0
yf_R_PYROX_1	0.0
yf_R_PYRZAM	0.0
yf_R_PYRt2	0.0
yf_R_P_XYLtpp	0.0
yr_R_P_Xylt1	0.0
yf_R_P_Xylt1	0.0
yf_R_QMO2	1.0
yf_R_QMO3	0.0
yr_R_QSDH	0.0
yf_R_QSDH	0.0
yr_R_QUIDH	0.0
yf_R_QUIDH	0.0
yr_R_QUIDHy	0.0
yf_R_QUIDHy	0.0
yr_R_QUIN2tex	0.0
yf_R_QUIN2tex	0.0
yr_R_QUIN2tpp	0.0
yf_R_QUIN2tpp	0.0
yf_R_QUINDH	0.0
yf_R_QUINDHyi	0.0
yr_R_QUIN_Et	0.0
yf_R_QUIN_Et	0.0
yf_R_QUINtpp	0.0
yf_R_R15BPK	0.0
yr_R_R1PI	0.0
yf_R_R1PI	0.0
yf_R_R1PK	0.0
yf_R_R5PPpp	0.0
yr_R_R5Ptex	0.0
yf_R_R5Ptex	0.0
yf_R_RAFFINt2	0.0
yr_R_RAFFtex	0.0
yf_R_RAFFtex	0.0
yf_R_RAFHpp	0.0
yf_R_RBFK_1	0.0
yf_R_RBK2	0.0
yf_R_RBK_Dr	0.0
yf_R_RBK_Dr_1	0.0
yf_R_RBK_L1	0.0
yr_R_RBP4E	0.0
yf_R_RBP4E	0.0
yr_R_RBTDG	0.0
yf_R_RBTDG	0.0
yr_R_RECOAH11	0.0
yf_R_RECOAH11	0.0
yr_R_RECOAH17	0.0
yf_R_RECOAH17	0.0
yr_R_RECOAH20	0.0
yf_R_RECOAH20	0.0
yr_R_RECOAH21	0.0
yf_R_RECOAH21	0.0
yr_R_RECOAH22	0.0
yf_R_RECOAH22	0.0
yr_R_RECOAH23	0.0
yf_R_RECOAH23	0.0
yr_R_RECOAH24	0.0
yf_R_RECOAH24	0.0
yr_R_RECOAH25	0.0
yf_R_RECOAH25	0.0
yr_R_RECOAH26	0.0
yf_R_RECOAH26	0.0
yr_R_RECOAH4	0.0
yf_R_RECOAH4	0.0
yr_R_RECOAH5	0.0
yf_R_RECOAH5	0.0
yr_R_RECOAH6	0.0
yf_R_RECOAH6	0.0
yr_R_RECOAH7	0.0
yf_R_RECOAH7	0.0
yr_R_RHA100tex	0.0
yf_R_RHA100tex	0.0
yr_R_RHA100tpp	0.0
yf_R_RHA100tpp	0.0
yr_R_RHA101tex	0.0
yf_R_RHA101tex	0.0
yr_R_RHA101tpp	0.0
yf_R_RHA101tpp	0.0
yr_R_RHA120tex	0.0
yf_R_RHA120tex	0.0
yr_R_RHA120tpp	0.0
yf_R_RHA120tpp	0.0
yr_R_RHA121d6tex	0.0
yf_R_RHA121d6tex	0.0
yr_R_RHA121d6tpp	0.0
yf_R_RHA121d6tpp	0.0
yr_R_RHA121tex	0.0
yf_R_RHA121tex	0.0
yr_R_RHA121tpp	0.0
yf_R_RHA121tpp	0.0
yr_R_RHA140tex	0.0
yf_R_RHA140tex	0.0
yr_R_RHA140tpp	0.0
yf_R_RHA140tpp	0.0
yr_R_RHA141d5tex	0.0
yf_R_RHA141d5tex	0.0
yr_R_RHA141d5tpp	0.0
yf_R_RHA141d5tpp	0.0
yr_R_RHA141tex	0.0
yf_R_RHA141tex	0.0
yr_R_RHA141tpp	0.0
yf_R_RHA141tpp	0.0
yr_R_RHA142tex	0.0
yf_R_RHA142tex	0.0
yr_R_RHA142tpp	0.0
yf_R_RHA142tpp	0.0
yr_R_RHA160tex	0.0
yf_R_RHA160tex	0.0
yr_R_RHA160tpp	0.0
yf_R_RHA160tpp	0.0
yr_R_RHA40tex	1.0
yf_R_RHA40tex	0.0
yr_R_RHA40tpp	0.0
yf_R_RHA40tpp	0.0
yr_R_RHA50tex	0.0
yf_R_RHA50tex	0.0
yr_R_RHA50tpp	0.0
yf_R_RHA50tpp	0.0
yr_R_RHA60tex	0.0
yf_R_RHA60tex	0.0
yr_R_RHA60tpp	0.0
yf_R_RHA60tpp	0.0
yr_R_RHA70tex	0.0
yf_R_RHA70tex	0.0
yr_R_RHA70tpp	0.0
yf_R_RHA70tpp	0.0
yr_R_RHA80tex	0.0
yf_R_RHA80tex	0.0
yr_R_RHA80tpp	0.0
yf_R_RHA80tpp	0.0
yr_R_RHA90tex	0.0
yf_R_RHA90tex	0.0
yr_R_RHA90tpp	0.0
yf_R_RHA90tpp	0.0
yf_R_RHACOAE100	0.0
yf_R_RHACOAE120	0.0
yf_R_RHACOAE121	0.0
yf_R_RHACOAE121d6	0.0
yf_R_RHACOAE140	0.0
yf_R_RHACOAE141	0.0
yf_R_RHACOAE141d5	0.0
yf_R_RHACOAE142	0.0
yf_R_RHACOAE160	0.0
yf_R_RHACOAE50	0.0
yf_R_RHACOAE60	0.0
yf_R_RHACOAE70	0.0
yf_R_RHACOAE80	0.0
yf_R_RHACOAE90	0.0
yf_R_RHACOAEP100	0.0
yf_R_RHACOAEP101	0.0
yf_R_RHACOAEP40	0.0
yf_R_RHACOAEP50	0.0
yf_R_RHACOAEP60	0.0
yf_R_RHACOAEP70	0.0
yf_R_RHACOAEP80	0.0
yf_R_RHACOAEP90	0.0
yf_R_RHACOAET40	0.0
yf_R_RHACOAET60	0.0
yr_R_RHACOAR100	0.0
yf_R_RHACOAR100	0.0
yr_R_RHACOAR101	0.0
yf_R_RHACOAR101	0.0
yr_R_RHACOAR120	0.0
yf_R_RHACOAR120	0.0
yr_R_RHACOAR121d5	0.0
yf_R_RHACOAR121d5	0.0
yr_R_RHACOAR121d6	0.0
yf_R_RHACOAR121d6	0.0
yr_R_RHACOAR140	0.0
yf_R_RHACOAR140	0.0
yr_R_RHACOAR141d5	0.0
yf_R_RHACOAR141d5	0.0
yr_R_RHACOAR141d7	0.0
yf_R_RHACOAR141d7	0.0
yr_R_RHACOAR142	0.0
yf_R_RHACOAR142	0.0
yr_R_RHACOAR60	0.0
yf_R_RHACOAR60	0.0
yr_R_RHACOAR70	0.0
yf_R_RHACOAR70	0.0
yr_R_RHACOAR80	0.0
yf_R_RHACOAR80	1e-06
yr_R_RHACOAR90	0.0
yf_R_RHACOAR90	0.0
yr_R_RHACOARP100	0.0
yf_R_RHACOARP100	0.0
yr_R_RHACOARP40	0.0
yf_R_RHACOARP40	0.0
yr_R_RHACOARP50	0.0
yf_R_RHACOARP50	0.0
yr_R_RHACOARP60	0.0
yf_R_RHACOARP60	0.0
yr_R_RHACOARP70	0.0
yf_R_RHACOARP70	0.0
yr_R_RHACOARP80	0.0
yf_R_RHACOARP80	0.0
yr_R_RHACOARP90	0.0
yf_R_RHACOARP90	0.0
yr_R_RHACOART60	0.0
yf_R_RHACOART60	0.0
yr_R_RHAP100tex	0.0
yf_R_RHAP100tex	0.0
yr_R_RHAP100tpp	0.0
yf_R_RHAP100tpp	0.0
yr_R_RHAP40tex	0.0
yf_R_RHAP40tex	0.0
yr_R_RHAP40tpp	0.0
yf_R_RHAP40tpp	0.0
yr_R_RHAP50tex	0.0
yf_R_RHAP50tex	0.0
yr_R_RHAP50tpp	0.0
yf_R_RHAP50tpp	0.0
yr_R_RHAP60tex	0.0
yf_R_RHAP60tex	0.0
yr_R_RHAP60tpp	0.0
yf_R_RHAP60tpp	0.0
yr_R_RHAP70tex	0.0
yf_R_RHAP70tex	0.0
yr_R_RHAP70tpp	0.0
yf_R_RHAP70tpp	0.0
yr_R_RHAP80tex	0.0
yf_R_RHAP80tex	0.0
yr_R_RHAP80tpp	0.0
yf_R_RHAP80tpp	0.0
yr_R_RHAP90tex	0.0
yf_R_RHAP90tex	0.0
yr_R_RHAP90tpp	0.0
yf_R_RHAP90tpp	0.0
yr_R_RHAT40tex	0.0
yf_R_RHAT40tex	0.0
yr_R_RHAT40tpp	0.0
yf_R_RHAT40tpp	0.0
yr_R_RHAT60tex	0.0
yf_R_RHAT60tex	0.0
yr_R_RHAT60tpp	0.0
yf_R_RHAT60tpp	0.0
yf_R_RHCYS	0.0
yr_R_RIBt	0.0
yf_R_RIBt	0.0
yf_R_RIBt2	0.0
yr_R_RIBtex	0.0
yf_R_RIBtex	1.0
yr_R_RMI	0.0
yf_R_RMI	0.0
yf_R_RMK	0.0
yr_R_RMN_Et	0.0
yf_R_RMN_Et	0.0
yf_R_RMNt	0.0
yr_R_RMNtex	0.0
yf_R_RMNtex	0.0
yf_R_RMNtpp	0.0
yr_R_RMPA	0.0
yf_R_RMPA	0.0
yf_R_RNAMtex	0.0
yf_R_RNAMtpp	0.0
yf_R_RNDR1b	0.0
yf_R_RNDR2b	0.0
yf_R_RNDR3b	0.0
yf_R_RNDR4b	0.0
yf_R_RNTR1c	0.0
yf_R_RNTR2_2	0.0
yf_R_RNTR2c	0.0
yf_R_RNTR3_2	0.0
yf_R_RNTR3c	0.0
yf_R_RNTR4_2	0.0
yf_R_RNTR4c	0.0
yf_R_RU5PP	0.0
yf_R_Rbtt2	0.0
yf_R_SADH	0.0
yf_R_SADT2	0.0
yf_R_SALADC2	0.0
yf_R_SALCHS1H	0.0
yf_R_SALCHS2FER1	0.0
yf_R_SALCHS2FER2	0.0
yf_R_SALCHS2FER3	0.0
yf_R_SALCHS2FEabcpp	0.0
yf_R_SALCHS2FEtonex	0.0
yf_R_SALCHS2H	0.0
yf_R_SALCHS2tex	0.0
yf_R_SALCHS4FEHpp	0.0
yf_R_SALCHS4FER1	0.0
yf_R_SALCHS4FER2	0.0
yf_R_SALCHS4FER3	0.0
yf_R_SALCHS4FEabcpp	0.0
yf_R_SALCHS4FEtonex	0.0
yf_R_SALCHS4Hpp	0.0
yf_R_SALCHS4abcpp	0.0
yf_R_SALCHS4tex	0.0
yr_R_SALCHSXtex	0.0
yf_R_SALCHSXtex	0.0
yr_R_SALCHSXtpp	0.0
yf_R_SALCHSXtpp	0.0
yf_R_SALCOD	0.0
yr_R_SALCt	0.0
yf_R_SALCt	0.0
yf_R_SALSYN	0.0
yf_R_SAMU3	0.0
yf_R_SBP	0.0
yf_R_SBTD_D2	0.0
yr_R_SBTPD	0.0
yf_R_SBTPD	1.0
yr_R_SBTtex	0.0
yf_R_SBTtex	0.0
yf_R_SCYSSL	1.0
yf_R_SEAHCYSHYD	0.0
yr_R_SEAHCYSHYD_1	0.0
yf_R_SEAHCYSHYD_1	0.0
yf_R_SELADT	0.0
yf_R_SELCYSLY3	0.0
yf_R_SELR	0.0
yr_R_SELTt	0.0
yf_R_SELTt	0.0
yr_R_SELt	0.0
yf_R_SELt	0.0
yr_R_SELtex	0.0
yf_R_SELtex	0.0
yf_R_SEPHCHCS	0.0
yr_R_SERASr	0.0
yf_R_SERASr	0.0
yf_R_SERDA	0.0
yf_R_SERD_D	0.0
yr_R_SERR	0.0
yf_R_SERR	0.0
yf_R_SER_AL	0.0
yf_R_SERabcpp	0.0
yf_R_SERt2rpp	0.0
yf_R_SERt4pp	0.0
yr_R_SERtex	0.0
yf_R_SERtex	0.0
yf_R_SFGTHi	0.0
yf_R_SGDS	0.0
yf_R_SGSAD	0.0
yf_R_SHCHCS2	0.0
yf_R_SHCHD2	0.0
yf_R_SHCHF	0.0
yf_R_SHEME2abcpp	0.0
yf_R_SHEMEtonex	0.0
yf_R_SHKK_1	0.0
yr_R_SIRA2	0.0
yf_R_SKDH_1	0.0
yf_R_SKMt2	0.0
yf_R_SKMt2pp	0.0
yr_R_SKMtex	0.0
yf_R_SKMtex	0.0
yr_R_SLNTtex	0.0
yf_R_SLNTtex	0.0
yf_R_SO3R	0.0
yf_R_SO4t2pp	0.0
yf_R_SO4t4pp_1	0.0
yr_R_SORD_D	0.0
yf_R_SORD_D	0.0
yf_R_SOTA	0.0
yf_R_SPMDt2pp	0.0
yf_R_SPMDt3pp	0.0
yr_R_SPMDtex	0.0
yf_R_SPMDtex	0.0
yf_R_SPODM_1	0.0
yf_R_SPODMpp	0.0
yf_R_SPS	0.0
yr_R_SPT_syn	0.0
yf_R_SPT_syn	0.0
yf_R_SR3	0.0
yf_R_SR5	0.0
yr_R_SRB_Lt	0.0
yf_R_SRB_Lt	0.0
yr_R_SSAH	0.0
yf_R_SSAH	0.0
yf_R_STAS	0.0
yf_R_STFRNBt	0.0
yf_R_STFRNS	0.0
yf_R_STPT1	0.0
yf_R_STPT2	0.0
yr_R_SUCASPtpp	0.0
yf_R_SUCASPtpp	9.998512434661321e-19
yf_R_SUCBZL_1	0.0
yf_R_SUCCabc	0.0
yr_R_SUCCt	0.0
yf_R_SUCCt	0.0
yr_R_SUCCt1pp	0.0
yf_R_SUCCt1pp	0.0
yf_R_SUCCt2_3pp	0.0
yf_R_SUCCt2r	0.0
yf_R_SUCCt3pp	0.0
yr_R_SUCCtex	0.0
yf_R_SUCCtex	0.0
yf_R_SUCCtpp	0.0
yf_R_SUCDi	0.0
yr_R_SUCFUMt	0.0
yf_R_SUCFUMt	0.0
yr_R_SUCFUMtpp	0.0
yf_R_SUCFUMtpp	0.0
yr_R_SUCMALt	0.0
yf_R_SUCMALt	0.0
yr_R_SUCMALtpp	0.0
yf_R_SUCMALtpp	0.0
yr_R_SUCOAACTr	0.0
yf_R_SUCOAACTr	0.0
yf_R_SUCRabc	0.0
yf_R_SUCRabcpp_syn	0.0
yr_R_SUCRtex	0.0
yf_R_SUCRtex	0.0
yr_R_SUCTARTtpp	0.0
yf_R_SUCTARTtpp	0.0
yf_R_SUCtpp	0.0
yf_R_SULFDH	0.0
yf_R_SULR2pp	0.0
yr_R_SULR_1	0.0
yf_R_SULR_1	0.0
yf_R_SULR_syn	0.0
yf_R_T2ECR	0.0
yr_R_T4HCINNMtex	0.0
yf_R_T4HCINNMtex	0.0
yr_R_T4HCINNMtpp	0.0
yf_R_T4HCINNMtpp	0.0
yf_R_T6PGD	0.0
yf_R_T6PK	0.0
yf_R_TAG1PK	0.0
yf_R_TAGLIPA160ex	0.0
yf_R_TAGLIPA180ex	0.0
yf_R_TAGLIPA181d9ex	0.0
yf_R_TAGLIPA182d9d12	0.0
yf_R_TAGabc	0.999999
yf_R_TAGptspp	0.0
yr_R_TAGtex	0.0
yf_R_TAGtex	0.0
yf_R_TARTD	0.0
yr_R_TARTRDtex	0.0
yf_R_TARTRDtex	0.0
yr_R_TARTRDtpp	0.0
yf_R_TARTRDtpp	0.0
yr_R_TARTR_D_Et	0.0
yf_R_TARTR_D_Et	0.0
yr_R_TARTR_L_Et	0.0
yf_R_TARTR_L_Et	0.0
yr_R_TARTRt7	0.0
yf_R_TARTRt7	1e-06
yr_R_TARTRt7pp	0.0
yf_R_TARTRt7pp	0.999999999999
yr_R_TARTRtex	0.0
yf_R_TARTRtex	0.0
yr_R_TARTRtpp	9.999990000000001e-07
yf_R_TARTRtpp	-9.999990000000001e-07
yf_R_TARTt2_3pp	0.0
yf_R_TAUDO	0.0
yf_R_TCBO	0.0
yf_R_TCBt2ex	0.0
yf_R_TCBt2pp	0.0
yr_R_TCYNTtex	0.0
yf_R_TCYNTtex	0.0
yr_R_TDACPT	0.0
yf_R_TDACPT	0.0
yf_R_TETDHpp1	0.0
yf_R_TETDHpp2	0.0
yf_R_TETDHpp3	0.0
yr_R_TETtex	0.0
yf_R_TETtex	0.0
yr_R_TGBPA	0.0
yf_R_TGBPA	1.0
yf_R_TGTpts	0.0
yf_R_THD2	0.0
yf_R_THD2pp	0.0
yf_R_THFAT	0.0
yf_R_THFOR1	0.0
yf_R_THFOR2	0.0
yf_R_THIH	0.0
yf_R_THMDP	0.0
yf_R_THMDt2pp	0.0
yf_R_THMDt4	0.0
yr_R_THMDtex	0.0
yf_R_THMDtex	0.0
yf_R_THMP	1.0
yf_R_THMt2	0.0
yf_R_THMt6	0.0
yr_R_THMtex	0.0
yf_R_THMtex	0.0
yr_R_THMtrbc	0.0
yf_R_THMtrbc	0.0
yf_R_THRD_L_1	0.0
yf_R_THRPDC	0.0
yr_R_THRPtex	0.0
yf_R_THRPtex	0.0
yf_R_THRt2rpp	0.0
yf_R_THRt4pp	0.0
yr_R_THRtex	0.0
yf_R_THRtex	0.0
yr_R_THYMt	0.0
yf_R_THYMt	0.0
yf_R_THYMt3pp	0.0
yf_R_THYMt4pp	0.0
yr_R_THYMtex	0.0
yf_R_THYMtex	0.0
yf_R_THZPSN2	0.0
yf_R_THZSN	0.0
yf_R_THZSN_1	0.0
yr_R_TMAMt	0.0
yf_R_TMAMt	0.0
yf_R_TMAOR1pp	0.0
yf_R_TMAOR2pp	0.0
yr_R_TMAOtex	0.0
yf_R_TMAOtex	0.0
yr_R_TMAtex	0.0
yf_R_TMAtex	0.0
yf_R_TMDK1_1	0.0
yf_R_TMDK2	0.0
yf_R_TMDPK	0.0
yf_R_TMDS3	0.0
yf_R_TMDSf	0.0
yf_R_TMK	0.0
yf_R_TMPK	0.0
yf_R_TNTtex	1.0
yf_R_TNTtpp	1.0
yf_R_TOLt2pp	0.0
yf_R_TOLt5	0.0
yf_R_TOLt6	0.0
yf_R_TOLtpp	0.0
yf_R_TPHAP	0.0
yf_R_TRE6PP	0.0
yf_R_TRE6PS	0.0
yr_R_TRE6P_Et	0.0
yf_R_TRE6P_Et	0.0
yf_R_TREH	0.0
yf_R_TREHpp	0.0
yf_R_TREP	0.0
yf_R_TREt2	0.0
yr_R_TREtex	0.0
yf_R_TREtex	0.0
yf_R_TRNFE	0.0
yr_R_TRPAS2	0.0
yf_R_TRPAS2	0.0
yr_R_TRPS2_1	0.0
yf_R_TRPS2_1	0.0
yf_R_TRPS3_1	0.0
yr_R_TRPTA	0.0
yf_R_TRPTA	0.0
yr_R_TRPtex	0.0
yf_R_TRPtex	0.0
yf_R_TRPtipp	0.0
yf_R_TRSARyr	0.0
yf_R_TRYPTAOX	0.0
yf_R_TSULDHpp1	0.0
yf_R_TSULDHpp2	0.0
yf_R_TSULDHpp3	0.0
yr_R_TSULR3e	0.0
yf_R_TTDCAt2	0.0
yf_R_TTDCAt2pp	0.0
yf_R_TTDCAtexi	1.0
yf_R_TTDCEAtexi	1.0
yf_R_TTONR1pp	0.0
yf_R_TTONR2pp	0.0
yf_R_TTONtex	0.0
yf_R_TTRCYCt2pp	0.0
yf_R_TTRCYCt5	0.0
yr_R_TTRCYCtex	0.0
yf_R_TTRCYCtex	0.0
yf_R_TTRCYCtpp	0.0
yr_R_TYMtex	0.0
yf_R_TYMtex	0.0
yf_R_TYROXDApp	0.0
yf_R_TYRPpp	0.0
yr_R_TYRPtex	0.0
yf_R_TYRPtex	0.0
yf_R_TYRTAi	0.0
yr_R_TYRt	0.0
yf_R_TYRt	0.0
yr_R_TYRtex	0.0
yf_R_TYRtex	0.0
yf_R_TYRtipp	0.0
yf_R_UACCpts	0.0
yf_R_UACGALPpp	0.0
yf_R_UACGAMPpp	0.0
yr_R_UACGAMtex	0.0
yf_R_UACGAMtex	0.0
yr_R_UAG4Ei	0.0
yf_R_UAG4Ei	0.0
yf_R_UAGCVT_1	0.0
yf_R_UAGDP_1	0.0
yf_R_UAGHD	0.0
yf_R_UAGPT2	1.0
yf_R_UCPP	0.0
yf_R_UDCTPP	0.0
yr_R_UDPACGALtex	0.0
yf_R_UDPACGALtex	0.0
yr_R_UDPACGLP	0.0
yf_R_UDPACGLP	0.0
yf_R_UDPGALPpp	0.0
yr_R_UDPGALtex	0.0
yf_R_UDPGALtex	0.0
yr_R_UDPGLCURtex	0.0
yf_R_UDPGLCURtex	0.0
yf_R_UDPGPpp	0.0
yr_R_UDPGtex	0.0
yf_R_UDPGtex	0.0
yf_R_UDUPP	0.0
yf_R_UGCIAMH	0.0
yf_R_UGLCURPpp	0.0
yr_R_UGLT	0.0
yf_R_UGLT	0.0
yf_R_UGLYCH	1.0
yf_R_UHBZ1t_pp	0.0
yf_R_UI45AH	0.0
yf_R_UI45DC	0.0
yf_R_UM3PL	1.0
yf_R_UM4PL	0.0
yf_R_UMPt6	0.0
yr_R_UMPtex	0.0
yf_R_UMPtex	0.0
yf_R_UNK2	0.0
yf_R_UNK3	0.0
yf_R_UPP3MT_3	0.0
yf_R_UPPN	0.0
yf_R_URACPAH	0.0
yr_R_URATEtex	0.0
yf_R_URATEtex	0.0
yf_R_URATEtpp	0.0
yr_R_URAt	0.0
yf_R_URAt	0.0
yr_R_URAtex	0.0
yf_R_URAtex	0.0
yf_R_URAtpp	0.0
yf_R_URDGLYCD	0.0
yf_R_UREA2t2pp	0.0
yr_R_UREAt	0.0
yf_R_UREAt	0.0
yf_R_UREAt_2	0.0
yr_R_UREAtex	0.0
yf_R_UREAtex	0.0
yr_R_UREAtpp	0.0
yf_R_UREAtpp	0.0
yf_R_URIC	1.0
yf_R_URIK1_1	0.0
yf_R_URIK2_1	0.0
yf_R_URIK3_1	0.0
yf_R_URIt2pp	1.0
yr_R_URItex	0.0
yf_R_URItex	0.0
yf_R_URO_c	0.0
yf_R_UT6PT	0.0
yf_R_UTCY	0.0
yf_R_UTUP	0.0
yf_R_UUPP	0.0
yf_R_VACCtex	0.0
yr_R_VACOAI	0.0
yf_R_VACOAI	0.0
yr_R_VACOAI_2	0.0
yf_R_VACOAI_2	0.0
yf_R_VANKpp	0.0
yr_R_VANLNtex	0.0
yf_R_VANLNtex	0.0
yr_R_VANLTtex	0.0
yf_R_VANLTtex	0.0
yr_R_VCACT	0.0
yf_R_VCACT	0.0
yr_R_VCOAD	0.0
yf_R_VCOAD	0.0
yf_R_VNDH	0.0
yf_R_VNDH_3	0.0
yf_R_VNLNpp	0.0
yf_R_VNTDM	0.0
yf_R_VOR2bE	0.0
yr_R_X00002	0.0
yf_R_X5PL3E	0.0
yf_R_XAH	0.0
yf_R_XAND	0.0
yf_R_XANt3	0.0
yr_R_XANtex	0.0
yf_R_XANtex	0.0
yr_R_XANtpp	0.0
yf_R_XANtpp	0.0
yf_R_XMO	0.0
yr_R_XMPtex	0.0
yf_R_XMPtex	0.0
yf_R_XTSNt2	0.0
yf_R_XTSNt2rpp	0.0
yr_R_XTSNtex	0.0
yf_R_XTSNtex	0.0
yf_R_XYL3abc	0.0
yf_R_XYLBabc	0.0
yf_R_XYLK2	0.0
yr_R_XYLOS1	0.0
yf_R_XYLOS1	0.0
yr_R_XYLOS2	0.0
yf_R_XYLOS2	0.0
yr_R_XYLOS3	0.0
yf_R_XYLOS3	0.0
yf_R_XYLUt2pp	0.0
yr_R_XYLUtex	0.0
yf_R_XYLUtex	0.0
yf_R_XYLe	0.0
yr_R_XYLt	0.0
yf_R_XYLt	0.0
yf_R_XYLt2pp	0.0
yr_R_XYLtex	0.0
yf_R_XYLtex	1.0
yf_R_ZN2tpp	0.0
yr_R_araphe1	0.0
yf_R_araphe1	0.0
yr_R_araphe2	0.0
yf_R_araphe2	0.0
yr_R_araphe3	0.0
yf_R_araphe3	0.0
yr_R_aratry1	0.0
yf_R_aratry1	0.0
yr_R_aratry2	0.0
yf_R_aratry2	0.0
yr_R_aratyr1	0.0
yf_R_aratyr1	0.0
yr_R_aratyr2	0.0
yf_R_aratyr2	0.0
yr_R_aratyr3	0.0
yf_R_aratyr3	0.0
yr_R_aratyr4	0.0
yf_R_aratyr4	0.0
yf_R_ilvg	0.0
yf_R_r0191	0.0
yf_R_r0280	0.0
yr_R_r0817	0.0
yf_R_r0817	0.0
yf_R_r1143	0.0
yr_R_r2535	0.0
yf_R_r2535	0.0
yf_R_unkFol	0.0
yf_R_sink_2ohph_c	0.0
yf_R_sink_4crsol_c	0.0
yf_R_sink_4hba_c	0.0
yf_R_sink_5drib_c	0.0
yf_R_sink_aacald_c	0.0
yf_R_sink_amob_c	0.0
yf_R_sink_hemeO_c	1.0
yf_R_sink_hmfurn_c	0.0
yf_R_sink_lipopb_c	1.0
yf_R_sink_mobd_c	-4.235164736271502e-22
yf_R_sink_mththf_c	0.0
yf_R_sink_oxam_c	0.0
yf_R_sink_sheme_c	1.0
